date,station_code,station_name,sector,latitude,longitude,pm25,pm10,no2,so2,co,o3,aqi,aqi_category,month,day_of_week,data_status,source_year,source_domain,generation_method,source_record_id
2024-01-01 00:00:00,IND_HR_GGN_01,Vikas Sadan,Sector 11,28.4554,77.0329,245.6,477.2,81.8,17.9,1.7,35.3,396.0,Very Poor,1.0,Monday,observed,2024,air_quality,,
2024-01-02 00:00:00,IND_HR_GGN_01,Vikas Sadan,Sector 11,28.4554,77.0329,272.7,396.6,134.3,9.9,2.49,10.0,415.0,Severe,1.0,Tuesday,observed,2024,air_quality,,
2024-01-03 00:00:00,IND_HR_GGN_01,Vikas Sadan,Sector 11,28.4554,77.0329,250.0,433.0,72.0,6.9,3.49,30.3,400.0,Very Poor,1.0,Wednesday,observed,2024,air_quality,,
2024-01-04 00:00:00,IND_HR_GGN_01,Vikas Sadan,Sector 11,28.4554,77.0329,317.0,590.5,50.0,14.5,3.06,28.5,444.0,Severe,1.0,Thursday,observed,2024,air_quality,,
2024-01-05 00:00:00,IND_HR_GGN_01,Vikas Sadan,Sector 11,28.4554,77.0329,255.5,380.0,38.5,10.2,5.34,27.3,403.0,Severe,1.0,Friday,observed,2024,air_quality,,
2024-01-06 00:00:00,IND_HR_GGN_01,Vikas Sadan,Sector 11,28.4554,77.0329,275.2,542.9,74.3,11.5,0.95,22.9,416.0,Severe,1.0,Saturday,observed,2024,air_quality,,
2024-01-07 00:00:00,IND_HR_GGN_01,Vikas Sadan,Sector 11,28.4554,77.0329,275.2,411.1,135.0,19.6,3.25,10.0,416.0,Severe,1.0,Sunday,observed,2024,air_quality,,
2024-01-08 00:00:00,IND_HR_GGN_01,Vikas Sadan,Sector 11,28.4554,77.0329,205.3,333.4,52.7,16.1,4.12,51.9,365.0,Very Poor,1.0,Monday,observed,2024,air_quality,,
2024-01-09 00:00:00,IND_HR_GGN_01,Vikas Sadan,Sector 11,28.4554,77.0329,334.1,595.3,86.7,5.9,3.99,57.3,456.0,Severe,1.0,Tuesday,observed,2024,air_quality,,
2024-01-10 00:00:00,IND_HR_GGN_01,Vikas Sadan,Sector 11,28.4554,77.0329,217.1,405.9,88.6,19.7,3.7,37.7,374.0,Very Poor,1.0,Wednesday,observed,2024,air_quality,,
2024-01-11 00:00:00,IND_HR_GGN_01,Vikas Sadan,Sector 11,28.4554,77.0329,223.0,370.1,127.2,4.0,2.8,36.1,379.0,Very Poor,1.0,Thursday,observed,2024,air_quality,,
2024-01-12 00:00:00,IND_HR_GGN_01,Vikas Sadan,Sector 11,28.4554,77.0329,280.8,478.0,84.0,14.6,4.53,52.1,420.0,Severe,1.0,Friday,observed,2024,air_quality,,
2024-01-13 00:00:00,IND_HR_GGN_01,Vikas Sadan,Sector 11,28.4554,77.0329,310.8,475.7,130.8,13.5,2.39,55.8,440.0,Severe,1.0,Saturday,observed,2024,air_quality,,
2024-01-14 00:00:00,IND_HR_GGN_01,Vikas Sadan,Sector 11,28.4554,77.0329,201.3,328.2,60.7,13.4,3.11,21.3,362.0,Very Poor,1.0,Sunday,observed,2024,air_quality,,
2024-01-15 00:00:00,IND_HR_GGN_01,Vikas Sadan,Sector 11,28.4554,77.0329,216.7,438.7,84.8,15.3,3.01,43.9,374.0,Very Poor,1.0,Monday,observed,2024,air_quality,,
2024-01-16 00:00:00,IND_HR_GGN_01,Vikas Sadan,Sector 11,28.4554,77.0329,77.3,136.8,44.9,7.4,1.27,36.0,157.0,Moderate,1.0,Tuesday,observed,2024,air_quality,,
2024-01-17 00:00:00,IND_HR_GGN_01,Vikas Sadan,Sector 11,28.4554,77.0329,108.1,162.9,44.3,4.4,0.96,21.2,260.0,Poor,1.0,Wednesday,observed,2024,air_quality,,
2024-01-18 00:00:00,IND_HR_GGN_01,Vikas Sadan,Sector 11,28.4554,77.0329,291.3,525.8,59.1,9.5,3.43,52.0,427.0,Severe,1.0,Thursday,observed,2024,air_quality,,
2024-01-19 00:00:00,IND_HR_GGN_01,Vikas Sadan,Sector 11,28.4554,77.0329,207.6,391.8,71.8,11.8,2.0,28.4,367.0,Very Poor,1.0,Friday,observed,2024,air_quality,,
2024-01-20 00:00:00,IND_HR_GGN_01,Vikas Sadan,Sector 11,28.4554,77.0329,299.9,533.0,117.9,14.7,2.45,56.5,433.0,Severe,1.0,Saturday,observed,2024,air_quality,,
2024-01-21 00:00:00,IND_HR_GGN_01,Vikas Sadan,Sector 11,28.4554,77.0329,250.2,413.9,110.8,13.2,3.39,45.4,400.0,Severe,1.0,Sunday,observed,2024,air_quality,,
2024-01-22 00:00:00,IND_HR_GGN_01,Vikas Sadan,Sector 11,28.4554,77.0329,382.6,674.3,133.1,27.0,2.96,33.6,488.0,Severe,1.0,Monday,observed,2024,air_quality,,
2024-01-23 00:00:00,IND_HR_GGN_01,Vikas Sadan,Sector 11,28.4554,77.0329,184.5,314.4,60.5,16.6,0.69,50.1,349.0,Very Poor,1.0,Tuesday,observed,2024,air_quality,,
2024-01-24 00:00:00,IND_HR_GGN_01,Vikas Sadan,Sector 11,28.4554,77.0329,373.8,675.7,146.7,17.5,2.48,50.9,482.0,Severe,1.0,Wednesday,observed,2024,air_quality,,
2024-01-25 00:00:00,IND_HR_GGN_01,Vikas Sadan,Sector 11,28.4554,77.0329,262.4,483.8,128.0,17.0,3.38,31.8,408.0,Severe,1.0,Thursday,observed,2024,air_quality,,
2024-01-26 00:00:00,IND_HR_GGN_01,Vikas Sadan,Sector 11,28.4554,77.0329,302.1,524.5,94.3,6.2,4.12,37.3,434.0,Severe,1.0,Friday,observed,2024,air_quality,,
2024-01-27 00:00:00,IND_HR_GGN_01,Vikas Sadan,Sector 11,28.4554,77.0329,257.0,494.5,84.8,11.1,1.26,32.8,404.0,Severe,1.0,Saturday,observed,2024,air_quality,,
2024-01-28 00:00:00,IND_HR_GGN_01,Vikas Sadan,Sector 11,28.4554,77.0329,270.9,441.2,95.8,9.3,4.08,51.3,413.0,Severe,1.0,Sunday,observed,2024,air_quality,,
2024-01-29 00:00:00,IND_HR_GGN_01,Vikas Sadan,Sector 11,28.4554,77.0329,304.9,588.3,149.9,13.2,5.3,15.4,436.0,Severe,1.0,Monday,observed,2024,air_quality,,
2024-01-30 00:00:00,IND_HR_GGN_01,Vikas Sadan,Sector 11,28.4554,77.0329,275.4,411.5,109.6,13.4,1.67,26.7,416.0,Severe,1.0,Tuesday,observed,2024,air_quality,,
2024-01-31 00:00:00,IND_HR_GGN_01,Vikas Sadan,Sector 11,28.4554,77.0329,200.0,322.7,82.2,12.7,3.2,57.3,361.0,Very Poor,1.0,Wednesday,observed,2024,air_quality,,
2024-02-01 00:00:00,IND_HR_GGN_01,Vikas Sadan,Sector 11,28.4554,77.0329,254.5,430.6,99.6,12.7,3.27,38.4,403.0,Severe,2.0,Thursday,observed,2024,air_quality,,
2024-02-02 00:00:00,IND_HR_GGN_01,Vikas Sadan,Sector 11,28.4554,77.0329,250.8,401.0,124.5,13.6,4.23,22.7,400.0,Severe,2.0,Friday,observed,2024,air_quality,,
2024-02-03 00:00:00,IND_HR_GGN_01,Vikas Sadan,Sector 11,28.4554,77.0329,226.2,343.5,117.0,6.0,3.36,27.7,381.0,Very Poor,2.0,Saturday,observed,2024,air_quality,,
2024-02-04 00:00:00,IND_HR_GGN_01,Vikas Sadan,Sector 11,28.4554,77.0329,271.5,408.9,130.7,9.1,4.63,43.8,414.0,Severe,2.0,Sunday,observed,2024,air_quality,,
2024-02-05 00:00:00,IND_HR_GGN_01,Vikas Sadan,Sector 11,28.4554,77.0329,270.1,393.7,100.9,15.3,3.45,40.5,413.0,Severe,2.0,Monday,observed,2024,air_quality,,
2024-02-06 00:00:00,IND_HR_GGN_01,Vikas Sadan,Sector 11,28.4554,77.0329,301.0,619.3,164.1,10.3,4.58,51.0,434.0,Severe,2.0,Tuesday,observed,2024,air_quality,,
2024-02-07 00:00:00,IND_HR_GGN_01,Vikas Sadan,Sector 11,28.4554,77.0329,316.8,627.5,122.0,15.7,5.17,42.5,444.0,Severe,2.0,Wednesday,observed,2024,air_quality,,
2024-02-08 00:00:00,IND_HR_GGN_01,Vikas Sadan,Sector 11,28.4554,77.0329,181.0,318.8,58.2,5.0,2.22,59.3,346.0,Very Poor,2.0,Thursday,observed,2024,air_quality,,
2024-02-09 00:00:00,IND_HR_GGN_01,Vikas Sadan,Sector 11,28.4554,77.0329,250.0,458.1,154.8,21.9,2.37,59.2,400.0,Very Poor,2.0,Friday,observed,2024,air_quality,,
2024-02-10 00:00:00,IND_HR_GGN_01,Vikas Sadan,Sector 11,28.4554,77.0329,283.5,403.8,103.4,20.3,3.65,63.8,422.0,Severe,2.0,Saturday,observed,2024,air_quality,,
2024-02-11 00:00:00,IND_HR_GGN_01,Vikas Sadan,Sector 11,28.4554,77.0329,330.7,608.3,122.4,12.9,2.88,54.6,453.0,Severe,2.0,Sunday,observed,2024,air_quality,,
2024-02-12 00:00:00,IND_HR_GGN_01,Vikas Sadan,Sector 11,28.4554,77.0329,264.5,543.0,86.2,17.4,0.2,25.5,409.0,Severe,2.0,Monday,observed,2024,air_quality,,
2024-02-13 00:00:00,IND_HR_GGN_01,Vikas Sadan,Sector 11,28.4554,77.0329,219.8,334.4,86.1,15.8,1.43,14.4,376.0,Very Poor,2.0,Tuesday,observed,2024,air_quality,,
2024-02-14 00:00:00,IND_HR_GGN_01,Vikas Sadan,Sector 11,28.4554,77.0329,206.5,353.3,114.3,10.1,1.2,52.8,366.0,Very Poor,2.0,Wednesday,observed,2024,air_quality,,
2024-02-15 00:00:00,IND_HR_GGN_01,Vikas Sadan,Sector 11,28.4554,77.0329,63.7,100.2,43.8,11.6,0.67,41.1,112.0,Moderate,2.0,Thursday,observed,2024,air_quality,,
2024-02-16 00:00:00,IND_HR_GGN_01,Vikas Sadan,Sector 11,28.4554,77.0329,34.4,60.7,17.9,19.7,0.78,42.3,57.0,Satisfactory,2.0,Friday,observed,2024,air_quality,,
2024-02-17 00:00:00,IND_HR_GGN_01,Vikas Sadan,Sector 11,28.4554,77.0329,64.3,127.9,36.5,19.6,0.88,36.3,114.0,Moderate,2.0,Saturday,observed,2024,air_quality,,
2024-02-18 00:00:00,IND_HR_GGN_01,Vikas Sadan,Sector 11,28.4554,77.0329,72.4,120.4,30.2,24.7,1.09,42.0,141.0,Moderate,2.0,Sunday,observed,2024,air_quality,,
2024-02-19 00:00:00,IND_HR_GGN_01,Vikas Sadan,Sector 11,28.4554,77.0329,108.6,206.8,62.2,8.0,0.59,57.3,262.0,Poor,2.0,Monday,observed,2024,air_quality,,
2024-02-20 00:00:00,IND_HR_GGN_01,Vikas Sadan,Sector 11,28.4554,77.0329,46.2,67.8,36.2,4.7,1.62,54.2,77.0,Satisfactory,2.0,Tuesday,observed,2024,air_quality,,
2024-02-21 00:00:00,IND_HR_GGN_01,Vikas Sadan,Sector 11,28.4554,77.0329,64.2,100.0,47.4,14.4,1.04,33.9,114.0,Moderate,2.0,Wednesday,observed,2024,air_quality,,
2024-02-22 00:00:00,IND_HR_GGN_01,Vikas Sadan,Sector 11,28.4554,77.0329,84.0,121.0,63.9,14.3,1.36,38.7,180.0,Moderate,2.0,Thursday,observed,2024,air_quality,,
2024-02-23 00:00:00,IND_HR_GGN_01,Vikas Sadan,Sector 11,28.4554,77.0329,65.3,105.1,32.0,7.6,0.86,38.0,117.0,Moderate,2.0,Friday,observed,2024,air_quality,,
2024-02-24 00:00:00,IND_HR_GGN_01,Vikas Sadan,Sector 11,28.4554,77.0329,52.5,74.1,58.5,12.1,1.09,47.6,87.0,Satisfactory,2.0,Saturday,observed,2024,air_quality,,
2024-02-25 00:00:00,IND_HR_GGN_01,Vikas Sadan,Sector 11,28.4554,77.0329,74.7,121.4,31.5,4.1,1.37,50.8,149.0,Moderate,2.0,Sunday,observed,2024,air_quality,,
2024-02-26 00:00:00,IND_HR_GGN_01,Vikas Sadan,Sector 11,28.4554,77.0329,54.5,77.8,55.7,17.2,0.97,36.6,90.0,Satisfactory,2.0,Monday,observed,2024,air_quality,,
2024-02-27 00:00:00,IND_HR_GGN_01,Vikas Sadan,Sector 11,28.4554,77.0329,67.4,115.3,27.6,5.4,0.61,52.5,124.0,Moderate,2.0,Tuesday,observed,2024,air_quality,,
2024-02-28 00:00:00,IND_HR_GGN_01,Vikas Sadan,Sector 11,28.4554,77.0329,83.8,137.0,8.5,11.1,0.65,46.7,179.0,Moderate,2.0,Wednesday,observed,2024,air_quality,,
2024-02-29 00:00:00,IND_HR_GGN_01,Vikas Sadan,Sector 11,28.4554,77.0329,84.0,152.3,56.2,14.9,1.55,91.2,180.0,Moderate,2.0,Thursday,observed,2024,air_quality,,
2024-03-01 00:00:00,IND_HR_GGN_01,Vikas Sadan,Sector 11,28.4554,77.0329,92.7,160.1,77.6,13.3,0.91,31.5,209.0,Poor,3.0,Friday,observed,2024,air_quality,,
2024-03-02 00:00:00,IND_HR_GGN_01,Vikas Sadan,Sector 11,28.4554,77.0329,68.0,120.2,58.9,19.8,1.0,75.4,126.0,Moderate,3.0,Saturday,observed,2024,air_quality,,
2024-03-03 00:00:00,IND_HR_GGN_01,Vikas Sadan,Sector 11,28.4554,77.0329,73.4,103.8,27.5,17.6,1.27,51.0,144.0,Moderate,3.0,Sunday,observed,2024,air_quality,,
2024-03-04 00:00:00,IND_HR_GGN_01,Vikas Sadan,Sector 11,28.4554,77.0329,60.4,115.9,35.8,16.0,0.33,42.1,101.0,Moderate,3.0,Monday,observed,2024,air_quality,,
2024-03-05 00:00:00,IND_HR_GGN_01,Vikas Sadan,Sector 11,28.4554,77.0329,69.9,120.0,45.1,4.0,0.31,25.1,133.0,Moderate,3.0,Tuesday,observed,2024,air_quality,,
2024-03-06 00:00:00,IND_HR_GGN_01,Vikas Sadan,Sector 11,28.4554,77.0329,73.5,145.1,30.4,15.5,0.87,30.2,145.0,Moderate,3.0,Wednesday,observed,2024,air_quality,,
2024-03-07 00:00:00,IND_HR_GGN_01,Vikas Sadan,Sector 11,28.4554,77.0329,46.4,97.1,49.9,18.7,0.26,57.1,77.0,Satisfactory,3.0,Thursday,observed,2024,air_quality,,
2024-03-08 00:00:00,IND_HR_GGN_01,Vikas Sadan,Sector 11,28.4554,77.0329,64.4,127.7,67.4,21.4,1.17,47.0,114.0,Moderate,3.0,Friday,observed,2024,air_quality,,
2024-03-09 00:00:00,IND_HR_GGN_01,Vikas Sadan,Sector 11,28.4554,77.0329,79.9,134.3,59.9,12.3,0.95,30.6,166.0,Moderate,3.0,Saturday,observed,2024,air_quality,,
2024-03-10 00:00:00,IND_HR_GGN_01,Vikas Sadan,Sector 11,28.4554,77.0329,89.0,132.7,52.8,11.5,1.9,63.6,196.0,Moderate,3.0,Sunday,observed,2024,air_quality,,
2024-03-11 00:00:00,IND_HR_GGN_01,Vikas Sadan,Sector 11,28.4554,77.0329,84.9,161.1,43.2,6.8,1.4,61.1,183.0,Moderate,3.0,Monday,observed,2024,air_quality,,
2024-03-12 00:00:00,IND_HR_GGN_01,Vikas Sadan,Sector 11,28.4554,77.0329,107.0,209.9,65.8,15.7,1.81,48.7,256.0,Poor,3.0,Tuesday,observed,2024,air_quality,,
2024-03-13 00:00:00,IND_HR_GGN_01,Vikas Sadan,Sector 11,28.4554,77.0329,50.4,88.9,38.6,22.5,1.36,42.8,84.0,Satisfactory,3.0,Wednesday,observed,2024,air_quality,,
2024-03-14 00:00:00,IND_HR_GGN_01,Vikas Sadan,Sector 11,28.4554,77.0329,96.9,140.1,39.0,7.5,0.71,10.0,223.0,Poor,3.0,Thursday,observed,2024,air_quality,,
2024-03-15 00:00:00,IND_HR_GGN_01,Vikas Sadan,Sector 11,28.4554,77.0329,51.4,97.7,47.2,15.2,0.78,21.6,85.0,Satisfactory,3.0,Friday,observed,2024,air_quality,,
2024-03-16 00:00:00,IND_HR_GGN_01,Vikas Sadan,Sector 11,28.4554,77.0329,56.2,85.2,36.5,20.1,0.59,34.6,93.0,Satisfactory,3.0,Saturday,observed,2024,air_quality,,
2024-03-17 00:00:00,IND_HR_GGN_01,Vikas Sadan,Sector 11,28.4554,77.0329,60.5,113.3,29.5,15.1,0.9,36.1,101.0,Moderate,3.0,Sunday,observed,2024,air_quality,,
2024-03-18 00:00:00,IND_HR_GGN_01,Vikas Sadan,Sector 11,28.4554,77.0329,90.9,152.9,52.6,16.6,1.14,41.3,203.0,Poor,3.0,Monday,observed,2024,air_quality,,
2024-03-19 00:00:00,IND_HR_GGN_01,Vikas Sadan,Sector 11,28.4554,77.0329,59.9,94.5,23.7,5.2,0.2,73.8,99.0,Satisfactory,3.0,Tuesday,observed,2024,air_quality,,
2024-03-20 00:00:00,IND_HR_GGN_01,Vikas Sadan,Sector 11,28.4554,77.0329,47.7,98.3,33.2,12.5,1.45,43.2,79.0,Satisfactory,3.0,Wednesday,observed,2024,air_quality,,
2024-03-21 00:00:00,IND_HR_GGN_01,Vikas Sadan,Sector 11,28.4554,77.0329,76.6,111.4,48.4,14.3,1.43,32.0,155.0,Moderate,3.0,Thursday,observed,2024,air_quality,,
2024-03-22 00:00:00,IND_HR_GGN_01,Vikas Sadan,Sector 11,28.4554,77.0329,69.7,101.7,25.5,19.8,0.76,40.2,132.0,Moderate,3.0,Friday,observed,2024,air_quality,,
2024-03-23 00:00:00,IND_HR_GGN_01,Vikas Sadan,Sector 11,28.4554,77.0329,68.3,125.7,36.6,11.4,1.33,21.6,127.0,Moderate,3.0,Saturday,observed,2024,air_quality,,
2024-03-24 00:00:00,IND_HR_GGN_01,Vikas Sadan,Sector 11,28.4554,77.0329,73.6,117.0,45.7,10.7,1.32,43.4,145.0,Moderate,3.0,Sunday,observed,2024,air_quality,,
2024-03-25 00:00:00,IND_HR_GGN_01,Vikas Sadan,Sector 11,28.4554,77.0329,66.4,102.7,24.0,11.4,0.92,51.9,121.0,Moderate,3.0,Monday,observed,2024,air_quality,,
2024-03-26 00:00:00,IND_HR_GGN_01,Vikas Sadan,Sector 11,28.4554,77.0329,44.4,64.8,32.5,19.5,0.82,61.1,74.0,Satisfactory,3.0,Tuesday,observed,2024,air_quality,,
2024-03-27 00:00:00,IND_HR_GGN_01,Vikas Sadan,Sector 11,28.4554,77.0329,61.6,87.6,34.5,12.2,1.34,38.5,105.0,Moderate,3.0,Wednesday,observed,2024,air_quality,,
2024-03-28 00:00:00,IND_HR_GGN_01,Vikas Sadan,Sector 11,28.4554,77.0329,98.8,200.4,25.6,7.3,0.56,38.0,229.0,Poor,3.0,Thursday,observed,2024,air_quality,,
2024-03-29 00:00:00,IND_HR_GGN_01,Vikas Sadan,Sector 11,28.4554,77.0329,60.7,116.7,46.8,17.7,1.0,42.6,102.0,Moderate,3.0,Friday,observed,2024,air_quality,,
2024-03-30 00:00:00,IND_HR_GGN_01,Vikas Sadan,Sector 11,28.4554,77.0329,72.8,107.4,54.4,15.5,0.59,32.7,142.0,Moderate,3.0,Saturday,observed,2024,air_quality,,
2024-03-31 00:00:00,IND_HR_GGN_01,Vikas Sadan,Sector 11,28.4554,77.0329,82.5,123.7,44.3,16.5,1.96,43.8,175.0,Moderate,3.0,Sunday,observed,2024,air_quality,,
2024-04-01 00:00:00,IND_HR_GGN_01,Vikas Sadan,Sector 11,28.4554,77.0329,80.8,144.4,25.8,15.8,1.67,35.8,169.0,Moderate,4.0,Monday,observed,2024,air_quality,,
2024-04-02 00:00:00,IND_HR_GGN_01,Vikas Sadan,Sector 11,28.4554,77.0329,113.9,188.8,37.6,12.3,2.17,33.9,279.0,Poor,4.0,Tuesday,observed,2024,air_quality,,
2024-04-03 00:00:00,IND_HR_GGN_01,Vikas Sadan,Sector 11,28.4554,77.0329,106.6,199.9,73.5,11.0,1.45,45.5,255.0,Poor,4.0,Wednesday,observed,2024,air_quality,,
2024-04-04 00:00:00,IND_HR_GGN_01,Vikas Sadan,Sector 11,28.4554,77.0329,113.6,196.1,78.0,6.7,2.81,50.0,278.0,Poor,4.0,Thursday,observed,2024,air_quality,,
2024-04-05 00:00:00,IND_HR_GGN_01,Vikas Sadan,Sector 11,28.4554,77.0329,103.1,152.8,62.0,14.4,1.15,35.3,243.0,Poor,4.0,Friday,observed,2024,air_quality,,
2024-04-06 00:00:00,IND_HR_GGN_01,Vikas Sadan,Sector 11,28.4554,77.0329,67.0,134.9,43.9,15.6,1.43,62.3,123.0,Moderate,4.0,Saturday,observed,2024,air_quality,,
2024-04-07 00:00:00,IND_HR_GGN_01,Vikas Sadan,Sector 11,28.4554,77.0329,100.1,173.0,46.3,4.0,1.87,43.5,233.0,Poor,4.0,Sunday,observed,2024,air_quality,,
2024-04-08 00:00:00,IND_HR_GGN_01,Vikas Sadan,Sector 11,28.4554,77.0329,71.8,148.7,61.6,16.1,0.44,18.5,139.0,Moderate,4.0,Monday,observed,2024,air_quality,,
2024-04-09 00:00:00,IND_HR_GGN_01,Vikas Sadan,Sector 11,28.4554,77.0329,94.1,155.9,60.3,14.8,2.17,55.6,213.0,Poor,4.0,Tuesday,observed,2024,air_quality,,
2024-04-10 00:00:00,IND_HR_GGN_01,Vikas Sadan,Sector 11,28.4554,77.0329,91.7,181.4,50.7,14.7,0.69,61.1,205.0,Poor,4.0,Wednesday,observed,2024,air_quality,,
2024-04-11 00:00:00,IND_HR_GGN_01,Vikas Sadan,Sector 11,28.4554,77.0329,78.3,159.3,50.4,9.0,1.49,57.5,161.0,Moderate,4.0,Thursday,observed,2024,air_quality,,
2024-04-12 00:00:00,IND_HR_GGN_01,Vikas Sadan,Sector 11,28.4554,77.0329,73.0,144.3,49.0,19.6,1.25,36.1,143.0,Moderate,4.0,Friday,observed,2024,air_quality,,
2024-04-13 00:00:00,IND_HR_GGN_01,Vikas Sadan,Sector 11,28.4554,77.0329,113.3,171.1,64.4,14.9,1.54,55.9,277.0,Poor,4.0,Saturday,observed,2024,air_quality,,
2024-04-14 00:00:00,IND_HR_GGN_01,Vikas Sadan,Sector 11,28.4554,77.0329,74.1,117.2,42.7,4.3,0.47,20.9,147.0,Moderate,4.0,Sunday,observed,2024,air_quality,,
2024-04-15 00:00:00,IND_HR_GGN_01,Vikas Sadan,Sector 11,28.4554,77.0329,127.8,180.5,59.9,10.7,1.69,47.6,306.0,Very Poor,4.0,Monday,observed,2024,air_quality,,
2024-04-16 00:00:00,IND_HR_GGN_01,Vikas Sadan,Sector 11,28.4554,77.0329,81.4,127.3,56.4,10.5,1.86,53.9,171.0,Moderate,4.0,Tuesday,observed,2024,air_quality,,
2024-04-17 00:00:00,IND_HR_GGN_01,Vikas Sadan,Sector 11,28.4554,77.0329,77.3,151.8,41.6,12.4,0.66,27.8,157.0,Moderate,4.0,Wednesday,observed,2024,air_quality,,
2024-04-18 00:00:00,IND_HR_GGN_01,Vikas Sadan,Sector 11,28.4554,77.0329,72.4,131.9,41.5,7.9,1.5,47.5,141.0,Moderate,4.0,Thursday,observed,2024,air_quality,,
2024-04-19 00:00:00,IND_HR_GGN_01,Vikas Sadan,Sector 11,28.4554,77.0329,61.2,101.4,27.6,4.1,0.98,31.1,104.0,Moderate,4.0,Friday,observed,2024,air_quality,,
2024-04-20 00:00:00,IND_HR_GGN_01,Vikas Sadan,Sector 11,28.4554,77.0329,63.9,124.3,50.2,11.6,1.31,17.2,113.0,Moderate,4.0,Saturday,observed,2024,air_quality,,
2024-04-21 00:00:00,IND_HR_GGN_01,Vikas Sadan,Sector 11,28.4554,77.0329,80.8,164.2,45.2,15.1,1.22,10.0,169.0,Moderate,4.0,Sunday,observed,2024,air_quality,,
2024-04-22 00:00:00,IND_HR_GGN_01,Vikas Sadan,Sector 11,28.4554,77.0329,89.5,149.9,32.2,5.6,1.37,57.0,198.0,Moderate,4.0,Monday,observed,2024,air_quality,,
2024-04-23 00:00:00,IND_HR_GGN_01,Vikas Sadan,Sector 11,28.4554,77.0329,74.9,156.8,59.1,10.1,0.88,51.0,149.0,Moderate,4.0,Tuesday,observed,2024,air_quality,,
2024-04-24 00:00:00,IND_HR_GGN_01,Vikas Sadan,Sector 11,28.4554,77.0329,111.8,187.3,15.5,19.6,2.03,32.6,272.0,Poor,4.0,Wednesday,observed,2024,air_quality,,
2024-04-25 00:00:00,IND_HR_GGN_01,Vikas Sadan,Sector 11,28.4554,77.0329,97.3,167.2,77.9,16.4,0.72,45.2,224.0,Poor,4.0,Thursday,observed,2024,air_quality,,
2024-04-26 00:00:00,IND_HR_GGN_01,Vikas Sadan,Sector 11,28.4554,77.0329,109.9,192.8,36.3,8.7,0.2,24.7,266.0,Poor,4.0,Friday,observed,2024,air_quality,,
2024-04-27 00:00:00,IND_HR_GGN_01,Vikas Sadan,Sector 11,28.4554,77.0329,82.3,131.2,51.9,18.3,1.49,65.4,174.0,Moderate,4.0,Saturday,observed,2024,air_quality,,
2024-04-28 00:00:00,IND_HR_GGN_01,Vikas Sadan,Sector 11,28.4554,77.0329,95.6,196.4,48.2,16.6,1.93,27.1,218.0,Poor,4.0,Sunday,observed,2024,air_quality,,
2024-04-29 00:00:00,IND_HR_GGN_01,Vikas Sadan,Sector 11,28.4554,77.0329,70.0,109.2,65.4,8.2,1.92,47.5,133.0,Moderate,4.0,Monday,observed,2024,air_quality,,
2024-04-30 00:00:00,IND_HR_GGN_01,Vikas Sadan,Sector 11,28.4554,77.0329,75.7,142.9,60.2,11.8,1.11,29.2,152.0,Moderate,4.0,Tuesday,observed,2024,air_quality,,
2024-05-01 00:00:00,IND_HR_GGN_01,Vikas Sadan,Sector 11,28.4554,77.0329,88.8,141.0,32.0,11.5,1.16,40.1,196.0,Moderate,5.0,Wednesday,observed,2024,air_quality,,
2024-05-02 00:00:00,IND_HR_GGN_01,Vikas Sadan,Sector 11,28.4554,77.0329,123.9,237.3,70.6,13.1,2.24,21.9,303.0,Very Poor,5.0,Thursday,observed,2024,air_quality,,
2024-05-03 00:00:00,IND_HR_GGN_01,Vikas Sadan,Sector 11,28.4554,77.0329,85.7,168.1,58.2,13.1,1.58,53.7,185.0,Moderate,5.0,Friday,observed,2024,air_quality,,
2024-05-04 00:00:00,IND_HR_GGN_01,Vikas Sadan,Sector 11,28.4554,77.0329,103.8,145.6,32.7,16.8,1.87,52.5,246.0,Poor,5.0,Saturday,observed,2024,air_quality,,
2024-05-05 00:00:00,IND_HR_GGN_01,Vikas Sadan,Sector 11,28.4554,77.0329,170.9,288.2,52.8,15.7,2.57,47.3,339.0,Very Poor,5.0,Sunday,observed,2024,air_quality,,
2024-05-06 00:00:00,IND_HR_GGN_01,Vikas Sadan,Sector 11,28.4554,77.0329,111.7,167.3,57.5,14.6,2.17,81.7,272.0,Poor,5.0,Monday,observed,2024,air_quality,,
2024-05-07 00:00:00,IND_HR_GGN_01,Vikas Sadan,Sector 11,28.4554,77.0329,49.5,97.1,52.3,12.9,0.98,50.6,82.0,Satisfactory,5.0,Tuesday,observed,2024,air_quality,,
2024-05-08 00:00:00,IND_HR_GGN_01,Vikas Sadan,Sector 11,28.4554,77.0329,109.6,180.2,56.3,13.8,1.04,29.9,265.0,Poor,5.0,Wednesday,observed,2024,air_quality,,
2024-05-09 00:00:00,IND_HR_GGN_01,Vikas Sadan,Sector 11,28.4554,77.0329,74.4,153.8,37.7,20.0,0.74,54.2,148.0,Moderate,5.0,Thursday,observed,2024,air_quality,,
2024-05-10 00:00:00,IND_HR_GGN_01,Vikas Sadan,Sector 11,28.4554,77.0329,76.0,118.8,33.1,24.1,1.42,55.5,153.0,Moderate,5.0,Friday,observed,2024,air_quality,,
2024-05-11 00:00:00,IND_HR_GGN_01,Vikas Sadan,Sector 11,28.4554,77.0329,95.2,183.5,60.7,13.7,1.4,57.6,217.0,Poor,5.0,Saturday,observed,2024,air_quality,,
2024-05-12 00:00:00,IND_HR_GGN_01,Vikas Sadan,Sector 11,28.4554,77.0329,79.8,136.6,61.0,4.0,0.68,40.6,166.0,Moderate,5.0,Sunday,observed,2024,air_quality,,
2024-05-13 00:00:00,IND_HR_GGN_01,Vikas Sadan,Sector 11,28.4554,77.0329,132.7,229.5,67.0,18.2,1.59,53.0,309.0,Very Poor,5.0,Monday,observed,2024,air_quality,,
2024-05-14 00:00:00,IND_HR_GGN_01,Vikas Sadan,Sector 11,28.4554,77.0329,101.6,157.2,47.3,17.5,2.32,45.6,238.0,Poor,5.0,Tuesday,observed,2024,air_quality,,
2024-05-15 00:00:00,IND_HR_GGN_01,Vikas Sadan,Sector 11,28.4554,77.0329,76.3,127.8,39.4,22.3,0.98,50.6,154.0,Moderate,5.0,Wednesday,observed,2024,air_quality,,
2024-05-16 00:00:00,IND_HR_GGN_01,Vikas Sadan,Sector 11,28.4554,77.0329,86.3,151.2,50.6,18.4,0.33,35.0,187.0,Moderate,5.0,Thursday,observed,2024,air_quality,,
2024-05-17 00:00:00,IND_HR_GGN_01,Vikas Sadan,Sector 11,28.4554,77.0329,92.7,156.6,37.4,19.5,1.4,11.0,209.0,Poor,5.0,Friday,observed,2024,air_quality,,
2024-05-18 00:00:00,IND_HR_GGN_01,Vikas Sadan,Sector 11,28.4554,77.0329,89.9,180.8,35.6,19.5,0.99,28.7,199.0,Moderate,5.0,Saturday,observed,2024,air_quality,,
2024-05-19 00:00:00,IND_HR_GGN_01,Vikas Sadan,Sector 11,28.4554,77.0329,126.0,248.8,66.1,13.0,0.83,39.7,304.0,Very Poor,5.0,Sunday,observed,2024,air_quality,,
2024-05-20 00:00:00,IND_HR_GGN_01,Vikas Sadan,Sector 11,28.4554,77.0329,88.6,155.7,47.5,10.8,0.83,31.0,195.0,Moderate,5.0,Monday,observed,2024,air_quality,,
2024-05-21 00:00:00,IND_HR_GGN_01,Vikas Sadan,Sector 11,28.4554,77.0329,86.7,126.0,44.0,16.9,1.29,49.5,189.0,Moderate,5.0,Tuesday,observed,2024,air_quality,,
2024-05-22 00:00:00,IND_HR_GGN_01,Vikas Sadan,Sector 11,28.4554,77.0329,111.0,212.5,68.4,18.7,1.12,37.7,270.0,Poor,5.0,Wednesday,observed,2024,air_quality,,
2024-05-23 00:00:00,IND_HR_GGN_01,Vikas Sadan,Sector 11,28.4554,77.0329,106.2,150.8,47.2,11.6,2.09,35.9,254.0,Poor,5.0,Thursday,observed,2024,air_quality,,
2024-05-24 00:00:00,IND_HR_GGN_01,Vikas Sadan,Sector 11,28.4554,77.0329,66.3,125.5,31.9,11.3,1.26,47.6,121.0,Moderate,5.0,Friday,observed,2024,air_quality,,
2024-05-25 00:00:00,IND_HR_GGN_01,Vikas Sadan,Sector 11,28.4554,77.0329,118.3,228.1,103.7,15.6,1.44,42.2,294.0,Poor,5.0,Saturday,observed,2024,air_quality,,
2024-05-26 00:00:00,IND_HR_GGN_01,Vikas Sadan,Sector 11,28.4554,77.0329,114.8,205.7,50.0,12.5,2.17,22.0,282.0,Poor,5.0,Sunday,observed,2024,air_quality,,
2024-05-27 00:00:00,IND_HR_GGN_01,Vikas Sadan,Sector 11,28.4554,77.0329,48.7,93.0,27.6,15.4,0.93,69.7,81.0,Satisfactory,5.0,Monday,observed,2024,air_quality,,
2024-05-28 00:00:00,IND_HR_GGN_01,Vikas Sadan,Sector 11,28.4554,77.0329,88.2,178.1,48.7,18.5,1.63,37.6,194.0,Moderate,5.0,Tuesday,observed,2024,air_quality,,
2024-05-29 00:00:00,IND_HR_GGN_01,Vikas Sadan,Sector 11,28.4554,77.0329,121.1,246.6,46.9,18.3,2.32,59.8,300.0,Very Poor,5.0,Wednesday,observed,2024,air_quality,,
2024-05-30 00:00:00,IND_HR_GGN_01,Vikas Sadan,Sector 11,28.4554,77.0329,116.8,168.7,60.8,25.1,1.0,58.5,289.0,Poor,5.0,Thursday,observed,2024,air_quality,,
2024-05-31 00:00:00,IND_HR_GGN_01,Vikas Sadan,Sector 11,28.4554,77.0329,97.2,170.4,70.7,13.9,0.93,28.2,224.0,Poor,5.0,Friday,observed,2024,air_quality,,
2024-06-01 00:00:00,IND_HR_GGN_01,Vikas Sadan,Sector 11,28.4554,77.0329,108.5,220.4,65.9,17.0,0.22,49.1,261.0,Poor,6.0,Saturday,observed,2024,air_quality,,
2024-06-02 00:00:00,IND_HR_GGN_01,Vikas Sadan,Sector 11,28.4554,77.0329,67.3,100.7,51.1,6.4,2.21,43.6,124.0,Moderate,6.0,Sunday,observed,2024,air_quality,,
2024-06-03 00:00:00,IND_HR_GGN_01,Vikas Sadan,Sector 11,28.4554,77.0329,68.6,122.3,47.9,16.6,1.31,33.4,128.0,Moderate,6.0,Monday,observed,2024,air_quality,,
2024-06-04 00:00:00,IND_HR_GGN_01,Vikas Sadan,Sector 11,28.4554,77.0329,81.6,170.9,59.4,16.7,0.83,15.7,172.0,Moderate,6.0,Tuesday,observed,2024,air_quality,,
2024-06-05 00:00:00,IND_HR_GGN_01,Vikas Sadan,Sector 11,28.4554,77.0329,68.2,109.1,61.9,12.6,0.99,52.3,127.0,Moderate,6.0,Wednesday,observed,2024,air_quality,,
2024-06-06 00:00:00,IND_HR_GGN_01,Vikas Sadan,Sector 11,28.4554,77.0329,130.2,191.4,73.2,19.5,2.0,45.1,307.0,Very Poor,6.0,Thursday,observed,2024,air_quality,,
2024-06-07 00:00:00,IND_HR_GGN_01,Vikas Sadan,Sector 11,28.4554,77.0329,161.1,288.7,51.9,19.2,1.85,47.4,331.0,Very Poor,6.0,Friday,observed,2024,air_quality,,
2024-06-08 00:00:00,IND_HR_GGN_01,Vikas Sadan,Sector 11,28.4554,77.0329,109.4,181.8,45.3,10.2,1.43,35.8,264.0,Poor,6.0,Saturday,observed,2024,air_quality,,
2024-06-09 00:00:00,IND_HR_GGN_01,Vikas Sadan,Sector 11,28.4554,77.0329,98.0,172.5,58.0,9.3,0.75,50.4,226.0,Poor,6.0,Sunday,observed,2024,air_quality,,
2024-06-10 00:00:00,IND_HR_GGN_01,Vikas Sadan,Sector 11,28.4554,77.0329,115.0,229.4,66.1,6.1,0.46,49.1,283.0,Poor,6.0,Monday,observed,2024,air_quality,,
2024-06-11 00:00:00,IND_HR_GGN_01,Vikas Sadan,Sector 11,28.4554,77.0329,85.0,162.9,36.5,24.7,1.14,43.4,183.0,Moderate,6.0,Tuesday,observed,2024,air_quality,,
2024-06-12 00:00:00,IND_HR_GGN_01,Vikas Sadan,Sector 11,28.4554,77.0329,125.4,250.5,89.1,22.8,1.71,46.9,304.0,Very Poor,6.0,Wednesday,observed,2024,air_quality,,
2024-06-13 00:00:00,IND_HR_GGN_01,Vikas Sadan,Sector 11,28.4554,77.0329,98.7,176.8,46.5,15.1,0.94,41.0,229.0,Poor,6.0,Thursday,observed,2024,air_quality,,
2024-06-14 00:00:00,IND_HR_GGN_01,Vikas Sadan,Sector 11,28.4554,77.0329,100.2,165.0,35.3,12.5,0.2,35.4,234.0,Poor,6.0,Friday,observed,2024,air_quality,,
2024-06-15 00:00:00,IND_HR_GGN_01,Vikas Sadan,Sector 11,28.4554,77.0329,72.4,145.0,43.8,19.8,1.46,55.1,141.0,Moderate,6.0,Saturday,observed,2024,air_quality,,
2024-06-16 00:00:00,IND_HR_GGN_01,Vikas Sadan,Sector 11,28.4554,77.0329,102.9,202.0,45.2,19.1,2.72,55.1,243.0,Poor,6.0,Sunday,observed,2024,air_quality,,
2024-06-17 00:00:00,IND_HR_GGN_01,Vikas Sadan,Sector 11,28.4554,77.0329,184.0,357.8,48.6,17.0,3.21,10.0,349.0,Very Poor,6.0,Monday,observed,2024,air_quality,,
2024-06-18 00:00:00,IND_HR_GGN_01,Vikas Sadan,Sector 11,28.4554,77.0329,60.9,90.6,35.0,12.2,0.7,68.5,103.0,Moderate,6.0,Tuesday,observed,2024,air_quality,,
2024-06-19 00:00:00,IND_HR_GGN_01,Vikas Sadan,Sector 11,28.4554,77.0329,56.8,118.7,44.2,20.2,0.86,15.4,94.0,Satisfactory,6.0,Wednesday,observed,2024,air_quality,,
2024-06-20 00:00:00,IND_HR_GGN_01,Vikas Sadan,Sector 11,28.4554,77.0329,77.4,109.6,29.9,17.0,0.72,32.7,158.0,Moderate,6.0,Thursday,observed,2024,air_quality,,
2024-06-21 00:00:00,IND_HR_GGN_01,Vikas Sadan,Sector 11,28.4554,77.0329,42.8,84.8,43.4,8.6,0.96,35.9,71.0,Satisfactory,6.0,Friday,observed,2024,air_quality,,
2024-06-22 00:00:00,IND_HR_GGN_01,Vikas Sadan,Sector 11,28.4554,77.0329,48.4,75.7,26.6,19.5,0.92,18.1,80.0,Satisfactory,6.0,Saturday,observed,2024,air_quality,,
2024-06-23 00:00:00,IND_HR_GGN_01,Vikas Sadan,Sector 11,28.4554,77.0329,62.8,106.4,37.8,17.4,0.45,61.0,109.0,Moderate,6.0,Sunday,observed,2024,air_quality,,
2024-06-24 00:00:00,IND_HR_GGN_01,Vikas Sadan,Sector 11,28.4554,77.0329,87.9,159.9,54.2,14.6,1.53,58.4,193.0,Moderate,6.0,Monday,observed,2024,air_quality,,
2024-06-25 00:00:00,IND_HR_GGN_01,Vikas Sadan,Sector 11,28.4554,77.0329,82.5,116.1,35.2,10.5,0.99,32.3,175.0,Moderate,6.0,Tuesday,observed,2024,air_quality,,
2024-06-26 00:00:00,IND_HR_GGN_01,Vikas Sadan,Sector 11,28.4554,77.0329,94.9,183.8,27.2,21.2,1.64,36.3,216.0,Poor,6.0,Wednesday,observed,2024,air_quality,,
2024-06-27 00:00:00,IND_HR_GGN_01,Vikas Sadan,Sector 11,28.4554,77.0329,51.5,102.1,47.6,9.9,0.47,34.6,85.0,Satisfactory,6.0,Thursday,observed,2024,air_quality,,
2024-06-28 00:00:00,IND_HR_GGN_01,Vikas Sadan,Sector 11,28.4554,77.0329,53.8,79.5,33.1,22.5,0.94,32.0,89.0,Satisfactory,6.0,Friday,observed,2024,air_quality,,
2024-06-29 00:00:00,IND_HR_GGN_01,Vikas Sadan,Sector 11,28.4554,77.0329,54.6,94.3,34.5,16.2,0.9,43.3,91.0,Satisfactory,6.0,Saturday,observed,2024,air_quality,,
2024-06-30 00:00:00,IND_HR_GGN_01,Vikas Sadan,Sector 11,28.4554,77.0329,41.2,76.4,29.3,14.7,0.74,33.8,68.0,Satisfactory,6.0,Sunday,observed,2024,air_quality,,
2024-07-01 00:00:00,IND_HR_GGN_01,Vikas Sadan,Sector 11,28.4554,77.0329,46.2,75.4,42.0,8.5,0.54,67.3,77.0,Satisfactory,7.0,Monday,observed,2024,air_quality,,
2024-07-02 00:00:00,IND_HR_GGN_01,Vikas Sadan,Sector 11,28.4554,77.0329,56.8,94.4,54.2,17.7,1.33,54.0,94.0,Satisfactory,7.0,Tuesday,observed,2024,air_quality,,
2024-07-03 00:00:00,IND_HR_GGN_01,Vikas Sadan,Sector 11,28.4554,77.0329,60.1,110.4,43.7,18.4,0.77,44.3,100.0,Moderate,7.0,Wednesday,observed,2024,air_quality,,
2024-07-04 00:00:00,IND_HR_GGN_01,Vikas Sadan,Sector 11,28.4554,77.0329,39.2,77.5,32.8,21.9,0.2,38.3,65.0,Satisfactory,7.0,Thursday,observed,2024,air_quality,,
2024-07-05 00:00:00,IND_HR_GGN_01,Vikas Sadan,Sector 11,28.4554,77.0329,25.5,43.5,41.4,20.4,0.49,42.8,42.0,Good,7.0,Friday,observed,2024,air_quality,,
2024-07-06 00:00:00,IND_HR_GGN_01,Vikas Sadan,Sector 11,28.4554,77.0329,33.1,66.9,29.5,15.8,0.59,45.7,55.0,Satisfactory,7.0,Saturday,observed,2024,air_quality,,
2024-07-07 00:00:00,IND_HR_GGN_01,Vikas Sadan,Sector 11,28.4554,77.0329,20.0,38.3,29.6,11.1,0.56,15.3,33.0,Good,7.0,Sunday,observed,2024,air_quality,,
2024-07-08 00:00:00,IND_HR_GGN_01,Vikas Sadan,Sector 11,28.4554,77.0329,56.1,97.8,27.6,16.7,0.82,57.4,93.0,Satisfactory,7.0,Monday,observed,2024,air_quality,,
2024-07-09 00:00:00,IND_HR_GGN_01,Vikas Sadan,Sector 11,28.4554,77.0329,39.3,71.6,44.2,18.2,0.4,50.2,65.0,Satisfactory,7.0,Tuesday,observed,2024,air_quality,,
2024-07-10 00:00:00,IND_HR_GGN_01,Vikas Sadan,Sector 11,28.4554,77.0329,19.3,30.2,45.8,11.8,0.64,63.5,32.0,Good,7.0,Wednesday,observed,2024,air_quality,,
2024-07-11 00:00:00,IND_HR_GGN_01,Vikas Sadan,Sector 11,28.4554,77.0329,56.6,91.3,27.4,13.1,1.01,39.1,94.0,Satisfactory,7.0,Thursday,observed,2024,air_quality,,
2024-07-12 00:00:00,IND_HR_GGN_01,Vikas Sadan,Sector 11,28.4554,77.0329,23.8,48.4,30.2,11.9,0.61,39.4,39.0,Good,7.0,Friday,observed,2024,air_quality,,
2024-07-13 00:00:00,IND_HR_GGN_01,Vikas Sadan,Sector 11,28.4554,77.0329,56.8,100.7,29.7,15.1,1.32,47.5,94.0,Satisfactory,7.0,Saturday,observed,2024,air_quality,,
2024-07-14 00:00:00,IND_HR_GGN_01,Vikas Sadan,Sector 11,28.4554,77.0329,50.9,106.5,20.4,16.0,1.05,14.7,84.0,Satisfactory,7.0,Sunday,observed,2024,air_quality,,
2024-07-15 00:00:00,IND_HR_GGN_01,Vikas Sadan,Sector 11,28.4554,77.0329,12.0,20.9,19.5,16.2,0.47,21.4,20.0,Good,7.0,Monday,observed,2024,air_quality,,
2024-07-16 00:00:00,IND_HR_GGN_01,Vikas Sadan,Sector 11,28.4554,77.0329,27.7,45.2,18.1,10.3,0.26,10.0,46.0,Good,7.0,Tuesday,observed,2024,air_quality,,
2024-07-17 00:00:00,IND_HR_GGN_01,Vikas Sadan,Sector 11,28.4554,77.0329,46.3,91.1,23.9,9.1,0.61,42.1,77.0,Satisfactory,7.0,Wednesday,observed,2024,air_quality,,
2024-07-18 00:00:00,IND_HR_GGN_01,Vikas Sadan,Sector 11,28.4554,77.0329,38.7,67.6,32.1,13.5,0.52,18.9,64.0,Satisfactory,7.0,Thursday,observed,2024,air_quality,,
2024-07-19 00:00:00,IND_HR_GGN_01,Vikas Sadan,Sector 11,28.4554,77.0329,29.5,49.0,29.2,7.3,1.12,18.7,49.0,Good,7.0,Friday,observed,2024,air_quality,,
2024-07-20 00:00:00,IND_HR_GGN_01,Vikas Sadan,Sector 11,28.4554,77.0329,55.8,99.5,14.8,7.8,1.25,23.0,93.0,Satisfactory,7.0,Saturday,observed,2024,air_quality,,
2024-07-21 00:00:00,IND_HR_GGN_01,Vikas Sadan,Sector 11,28.4554,77.0329,43.5,64.7,34.4,20.4,1.02,39.3,72.0,Satisfactory,7.0,Sunday,observed,2024,air_quality,,
2024-07-22 00:00:00,IND_HR_GGN_01,Vikas Sadan,Sector 11,28.4554,77.0329,49.3,75.7,51.0,13.6,0.33,23.9,82.0,Satisfactory,7.0,Monday,observed,2024,air_quality,,
2024-07-23 00:00:00,IND_HR_GGN_01,Vikas Sadan,Sector 11,28.4554,77.0329,57.5,83.1,53.0,17.6,0.89,51.8,95.0,Satisfactory,7.0,Tuesday,observed,2024,air_quality,,
2024-07-24 00:00:00,IND_HR_GGN_01,Vikas Sadan,Sector 11,28.4554,77.0329,39.9,75.8,32.9,14.6,0.54,11.5,66.0,Satisfactory,7.0,Wednesday,observed,2024,air_quality,,
2024-07-25 00:00:00,IND_HR_GGN_01,Vikas Sadan,Sector 11,28.4554,77.0329,35.5,51.9,52.3,13.2,0.8,76.4,59.0,Satisfactory,7.0,Thursday,observed,2024,air_quality,,
2024-07-26 00:00:00,IND_HR_GGN_01,Vikas Sadan,Sector 11,28.4554,77.0329,16.9,27.6,14.4,19.4,0.26,56.1,28.0,Good,7.0,Friday,observed,2024,air_quality,,
2024-07-27 00:00:00,IND_HR_GGN_01,Vikas Sadan,Sector 11,28.4554,77.0329,29.2,48.7,21.4,23.8,0.2,41.8,48.0,Good,7.0,Saturday,observed,2024,air_quality,,
2024-07-28 00:00:00,IND_HR_GGN_01,Vikas Sadan,Sector 11,28.4554,77.0329,24.2,40.4,30.1,23.0,0.49,68.7,40.0,Good,7.0,Sunday,observed,2024,air_quality,,
2024-07-29 00:00:00,IND_HR_GGN_01,Vikas Sadan,Sector 11,28.4554,77.0329,24.1,36.7,29.8,11.7,1.11,37.0,40.0,Good,7.0,Monday,observed,2024,air_quality,,
2024-07-30 00:00:00,IND_HR_GGN_01,Vikas Sadan,Sector 11,28.4554,77.0329,38.9,65.2,35.1,18.5,1.44,59.0,64.0,Satisfactory,7.0,Tuesday,observed,2024,air_quality,,
2024-07-31 00:00:00,IND_HR_GGN_01,Vikas Sadan,Sector 11,28.4554,77.0329,39.2,75.1,31.8,14.8,0.88,27.5,65.0,Satisfactory,7.0,Wednesday,observed,2024,air_quality,,
2024-08-01 00:00:00,IND_HR_GGN_01,Vikas Sadan,Sector 11,28.4554,77.0329,55.9,81.9,42.0,11.1,1.98,37.0,93.0,Satisfactory,8.0,Thursday,observed,2024,air_quality,,
2024-08-02 00:00:00,IND_HR_GGN_01,Vikas Sadan,Sector 11,28.4554,77.0329,41.2,67.7,33.1,8.2,0.88,54.4,68.0,Satisfactory,8.0,Friday,observed,2024,air_quality,,
2024-08-03 00:00:00,IND_HR_GGN_01,Vikas Sadan,Sector 11,28.4554,77.0329,31.8,54.6,34.4,15.5,0.76,42.3,53.0,Satisfactory,8.0,Saturday,observed,2024,air_quality,,
2024-08-04 00:00:00,IND_HR_GGN_01,Vikas Sadan,Sector 11,28.4554,77.0329,40.6,56.9,29.9,12.2,0.52,48.9,67.0,Satisfactory,8.0,Sunday,observed,2024,air_quality,,
2024-08-05 00:00:00,IND_HR_GGN_01,Vikas Sadan,Sector 11,28.4554,77.0329,35.8,50.9,39.4,11.7,0.49,58.6,59.0,Satisfactory,8.0,Monday,observed,2024,air_quality,,
2024-08-06 00:00:00,IND_HR_GGN_01,Vikas Sadan,Sector 11,28.4554,77.0329,48.0,74.4,34.0,14.4,0.87,26.8,80.0,Satisfactory,8.0,Tuesday,observed,2024,air_quality,,
2024-08-07 00:00:00,IND_HR_GGN_01,Vikas Sadan,Sector 11,28.4554,77.0329,43.1,73.5,38.2,13.4,0.2,46.2,71.0,Satisfactory,8.0,Wednesday,observed,2024,air_quality,,
2024-08-08 00:00:00,IND_HR_GGN_01,Vikas Sadan,Sector 11,28.4554,77.0329,50.5,81.4,63.4,17.6,0.77,48.4,84.0,Satisfactory,8.0,Thursday,observed,2024,air_quality,,
2024-08-09 00:00:00,IND_HR_GGN_01,Vikas Sadan,Sector 11,28.4554,77.0329,46.8,67.0,37.8,11.2,0.45,56.5,78.0,Satisfactory,8.0,Friday,observed,2024,air_quality,,
2024-08-10 00:00:00,IND_HR_GGN_01,Vikas Sadan,Sector 11,28.4554,77.0329,42.7,65.7,43.0,11.3,0.64,31.3,71.0,Satisfactory,8.0,Saturday,observed,2024,air_quality,,
2024-08-11 00:00:00,IND_HR_GGN_01,Vikas Sadan,Sector 11,28.4554,77.0329,27.4,54.2,35.7,4.0,0.49,48.4,45.0,Good,8.0,Sunday,observed,2024,air_quality,,
2024-08-12 00:00:00,IND_HR_GGN_01,Vikas Sadan,Sector 11,28.4554,77.0329,26.5,53.5,20.0,19.8,0.65,72.7,44.0,Good,8.0,Monday,observed,2024,air_quality,,
2024-08-13 00:00:00,IND_HR_GGN_01,Vikas Sadan,Sector 11,28.4554,77.0329,35.1,55.0,44.9,12.5,0.55,22.2,58.0,Satisfactory,8.0,Tuesday,observed,2024,air_quality,,
2024-08-14 00:00:00,IND_HR_GGN_01,Vikas Sadan,Sector 11,28.4554,77.0329,39.8,56.8,12.8,10.6,0.35,10.0,66.0,Satisfactory,8.0,Wednesday,observed,2024,air_quality,,
2024-08-15 00:00:00,IND_HR_GGN_01,Vikas Sadan,Sector 11,28.4554,77.0329,46.1,86.5,27.4,19.2,1.05,45.6,76.0,Satisfactory,8.0,Thursday,observed,2024,air_quality,,
2024-08-16 00:00:00,IND_HR_GGN_01,Vikas Sadan,Sector 11,28.4554,77.0329,15.3,25.6,21.3,23.9,0.67,57.2,25.0,Good,8.0,Friday,observed,2024,air_quality,,
2024-08-17 00:00:00,IND_HR_GGN_01,Vikas Sadan,Sector 11,28.4554,77.0329,45.6,90.5,42.2,13.1,0.83,42.6,76.0,Satisfactory,8.0,Saturday,observed,2024,air_quality,,
2024-08-18 00:00:00,IND_HR_GGN_01,Vikas Sadan,Sector 11,28.4554,77.0329,38.8,59.3,47.9,13.4,0.8,20.9,64.0,Satisfactory,8.0,Sunday,observed,2024,air_quality,,
2024-08-19 00:00:00,IND_HR_GGN_01,Vikas Sadan,Sector 11,28.4554,77.0329,31.0,54.9,19.6,6.2,0.62,50.0,51.0,Satisfactory,8.0,Monday,observed,2024,air_quality,,
2024-08-20 00:00:00,IND_HR_GGN_01,Vikas Sadan,Sector 11,28.4554,77.0329,40.5,82.6,13.8,9.3,0.54,50.8,67.0,Satisfactory,8.0,Tuesday,observed,2024,air_quality,,
2024-08-21 00:00:00,IND_HR_GGN_01,Vikas Sadan,Sector 11,28.4554,77.0329,44.5,80.4,35.3,10.4,0.82,47.4,74.0,Satisfactory,8.0,Wednesday,observed,2024,air_quality,,
2024-08-22 00:00:00,IND_HR_GGN_01,Vikas Sadan,Sector 11,28.4554,77.0329,47.7,70.7,49.8,11.5,0.7,33.7,79.0,Satisfactory,8.0,Thursday,observed,2024,air_quality,,
2024-08-23 00:00:00,IND_HR_GGN_01,Vikas Sadan,Sector 11,28.4554,77.0329,22.2,37.0,30.4,14.2,0.67,58.3,37.0,Good,8.0,Friday,observed,2024,air_quality,,
2024-08-24 00:00:00,IND_HR_GGN_01,Vikas Sadan,Sector 11,28.4554,77.0329,52.6,81.4,34.2,12.4,0.82,37.4,87.0,Satisfactory,8.0,Saturday,observed,2024,air_quality,,
2024-08-25 00:00:00,IND_HR_GGN_01,Vikas Sadan,Sector 11,28.4554,77.0329,40.2,73.5,57.3,18.2,0.91,25.2,67.0,Satisfactory,8.0,Sunday,observed,2024,air_quality,,
2024-08-26 00:00:00,IND_HR_GGN_01,Vikas Sadan,Sector 11,28.4554,77.0329,31.2,50.4,49.5,8.0,0.92,38.8,52.0,Satisfactory,8.0,Monday,observed,2024,air_quality,,
2024-08-27 00:00:00,IND_HR_GGN_01,Vikas Sadan,Sector 11,28.4554,77.0329,21.4,33.7,25.5,21.5,0.53,38.4,35.0,Good,8.0,Tuesday,observed,2024,air_quality,,
2024-08-28 00:00:00,IND_HR_GGN_01,Vikas Sadan,Sector 11,28.4554,77.0329,40.1,56.2,30.8,16.4,0.83,62.7,66.0,Satisfactory,8.0,Wednesday,observed,2024,air_quality,,
2024-08-29 00:00:00,IND_HR_GGN_01,Vikas Sadan,Sector 11,28.4554,77.0329,23.2,43.4,26.8,13.2,0.92,67.3,38.0,Good,8.0,Thursday,observed,2024,air_quality,,
2024-08-30 00:00:00,IND_HR_GGN_01,Vikas Sadan,Sector 11,28.4554,77.0329,32.6,57.1,27.9,17.2,0.71,51.3,54.0,Satisfactory,8.0,Friday,observed,2024,air_quality,,
2024-08-31 00:00:00,IND_HR_GGN_01,Vikas Sadan,Sector 11,28.4554,77.0329,50.2,80.6,48.6,19.3,0.71,49.5,83.0,Satisfactory,8.0,Saturday,observed,2024,air_quality,,
2024-09-01 00:00:00,IND_HR_GGN_01,Vikas Sadan,Sector 11,28.4554,77.0329,54.6,90.5,18.3,10.2,0.98,41.5,91.0,Satisfactory,9.0,Sunday,observed,2024,air_quality,,
2024-09-02 00:00:00,IND_HR_GGN_01,Vikas Sadan,Sector 11,28.4554,77.0329,54.6,88.7,24.7,9.8,0.88,53.6,91.0,Satisfactory,9.0,Monday,observed,2024,air_quality,,
2024-09-03 00:00:00,IND_HR_GGN_01,Vikas Sadan,Sector 11,28.4554,77.0329,51.7,85.0,50.8,14.4,1.29,40.5,86.0,Satisfactory,9.0,Tuesday,observed,2024,air_quality,,
2024-09-04 00:00:00,IND_HR_GGN_01,Vikas Sadan,Sector 11,28.4554,77.0329,45.7,65.4,45.9,14.8,1.0,31.2,76.0,Satisfactory,9.0,Wednesday,observed,2024,air_quality,,
2024-09-05 00:00:00,IND_HR_GGN_01,Vikas Sadan,Sector 11,28.4554,77.0329,37.9,57.4,20.4,16.5,0.65,18.6,63.0,Satisfactory,9.0,Thursday,observed,2024,air_quality,,
2024-09-06 00:00:00,IND_HR_GGN_01,Vikas Sadan,Sector 11,28.4554,77.0329,44.1,77.2,46.1,12.9,1.06,35.3,73.0,Satisfactory,9.0,Friday,observed,2024,air_quality,,
2024-09-07 00:00:00,IND_HR_GGN_01,Vikas Sadan,Sector 11,28.4554,77.0329,60.3,115.3,39.7,7.0,0.42,31.5,100.0,Moderate,9.0,Saturday,observed,2024,air_quality,,
2024-09-08 00:00:00,IND_HR_GGN_01,Vikas Sadan,Sector 11,28.4554,77.0329,47.9,83.7,63.7,8.7,0.93,18.5,79.0,Satisfactory,9.0,Sunday,observed,2024,air_quality,,
2024-09-09 00:00:00,IND_HR_GGN_01,Vikas Sadan,Sector 11,28.4554,77.0329,23.1,44.8,27.3,16.5,0.7,32.2,38.0,Good,9.0,Monday,observed,2024,air_quality,,
2024-09-10 00:00:00,IND_HR_GGN_01,Vikas Sadan,Sector 11,28.4554,77.0329,35.6,71.2,27.2,16.9,0.2,33.3,59.0,Satisfactory,9.0,Tuesday,observed,2024,air_quality,,
2024-09-11 00:00:00,IND_HR_GGN_01,Vikas Sadan,Sector 11,28.4554,77.0329,31.4,53.3,19.7,7.8,0.5,60.0,52.0,Satisfactory,9.0,Wednesday,observed,2024,air_quality,,
2024-09-12 00:00:00,IND_HR_GGN_01,Vikas Sadan,Sector 11,28.4554,77.0329,28.2,49.9,36.3,12.6,1.05,44.3,47.0,Good,9.0,Thursday,observed,2024,air_quality,,
2024-09-13 00:00:00,IND_HR_GGN_01,Vikas Sadan,Sector 11,28.4554,77.0329,33.5,58.5,15.0,19.6,0.2,55.0,55.0,Satisfactory,9.0,Friday,observed,2024,air_quality,,
2024-09-14 00:00:00,IND_HR_GGN_01,Vikas Sadan,Sector 11,28.4554,77.0329,31.6,61.2,50.1,16.7,0.98,45.1,52.0,Satisfactory,9.0,Saturday,observed,2024,air_quality,,
2024-09-15 00:00:00,IND_HR_GGN_01,Vikas Sadan,Sector 11,28.4554,77.0329,36.3,58.6,62.6,24.1,0.42,39.0,60.0,Satisfactory,9.0,Sunday,observed,2024,air_quality,,
2024-09-16 00:00:00,IND_HR_GGN_01,Vikas Sadan,Sector 11,28.4554,77.0329,21.8,44.3,23.5,7.5,0.81,60.1,36.0,Good,9.0,Monday,observed,2024,air_quality,,
2024-09-17 00:00:00,IND_HR_GGN_01,Vikas Sadan,Sector 11,28.4554,77.0329,77.5,159.2,45.2,16.6,1.58,48.9,158.0,Moderate,9.0,Tuesday,observed,2024,air_quality,,
2024-09-18 00:00:00,IND_HR_GGN_01,Vikas Sadan,Sector 11,28.4554,77.0329,82.7,150.0,43.8,20.3,1.2,47.3,175.0,Moderate,9.0,Wednesday,observed,2024,air_quality,,
2024-09-19 00:00:00,IND_HR_GGN_01,Vikas Sadan,Sector 11,28.4554,77.0329,85.7,121.5,66.3,15.8,1.59,43.2,185.0,Moderate,9.0,Thursday,observed,2024,air_quality,,
2024-09-20 00:00:00,IND_HR_GGN_01,Vikas Sadan,Sector 11,28.4554,77.0329,74.8,125.9,58.2,14.8,0.87,55.9,149.0,Moderate,9.0,Friday,observed,2024,air_quality,,
2024-09-21 00:00:00,IND_HR_GGN_01,Vikas Sadan,Sector 11,28.4554,77.0329,50.7,99.3,35.0,13.8,0.92,59.5,84.0,Satisfactory,9.0,Saturday,observed,2024,air_quality,,
2024-09-22 00:00:00,IND_HR_GGN_01,Vikas Sadan,Sector 11,28.4554,77.0329,93.1,174.3,27.9,16.0,0.77,56.3,210.0,Poor,9.0,Sunday,observed,2024,air_quality,,
2024-09-23 00:00:00,IND_HR_GGN_01,Vikas Sadan,Sector 11,28.4554,77.0329,61.6,126.8,37.5,17.5,0.99,40.4,105.0,Moderate,9.0,Monday,observed,2024,air_quality,,
2024-09-24 00:00:00,IND_HR_GGN_01,Vikas Sadan,Sector 11,28.4554,77.0329,53.0,78.2,31.9,10.9,0.63,51.9,88.0,Satisfactory,9.0,Tuesday,observed,2024,air_quality,,
2024-09-25 00:00:00,IND_HR_GGN_01,Vikas Sadan,Sector 11,28.4554,77.0329,85.7,149.6,60.5,14.5,0.48,20.0,185.0,Moderate,9.0,Wednesday,observed,2024,air_quality,,
2024-09-26 00:00:00,IND_HR_GGN_01,Vikas Sadan,Sector 11,28.4554,77.0329,85.5,153.1,59.2,8.0,0.84,48.9,185.0,Moderate,9.0,Thursday,observed,2024,air_quality,,
2024-09-27 00:00:00,IND_HR_GGN_01,Vikas Sadan,Sector 11,28.4554,77.0329,60.7,118.0,39.5,17.4,0.82,29.4,102.0,Moderate,9.0,Friday,observed,2024,air_quality,,
2024-09-28 00:00:00,IND_HR_GGN_01,Vikas Sadan,Sector 11,28.4554,77.0329,97.3,152.0,73.0,11.2,0.88,31.1,224.0,Poor,9.0,Saturday,observed,2024,air_quality,,
2024-09-29 00:00:00,IND_HR_GGN_01,Vikas Sadan,Sector 11,28.4554,77.0329,87.8,166.1,44.5,18.9,0.74,32.6,192.0,Moderate,9.0,Sunday,observed,2024,air_quality,,
2024-09-30 00:00:00,IND_HR_GGN_01,Vikas Sadan,Sector 11,28.4554,77.0329,80.6,114.0,20.6,17.7,1.18,39.3,168.0,Moderate,9.0,Monday,observed,2024,air_quality,,
2024-10-01 00:00:00,IND_HR_GGN_01,Vikas Sadan,Sector 11,28.4554,77.0329,105.7,215.6,54.6,21.5,2.23,40.5,252.0,Poor,10.0,Tuesday,observed,2024,air_quality,,
2024-10-02 00:00:00,IND_HR_GGN_01,Vikas Sadan,Sector 11,28.4554,77.0329,61.6,115.3,51.9,18.8,1.13,35.7,105.0,Moderate,10.0,Wednesday,observed,2024,air_quality,,
2024-10-03 00:00:00,IND_HR_GGN_01,Vikas Sadan,Sector 11,28.4554,77.0329,85.4,172.2,23.1,23.7,2.02,29.7,184.0,Moderate,10.0,Thursday,observed,2024,air_quality,,
2024-10-04 00:00:00,IND_HR_GGN_01,Vikas Sadan,Sector 11,28.4554,77.0329,77.1,109.4,42.5,6.8,1.32,47.0,157.0,Moderate,10.0,Friday,observed,2024,air_quality,,
2024-10-05 00:00:00,IND_HR_GGN_01,Vikas Sadan,Sector 11,28.4554,77.0329,112.4,236.0,49.3,18.4,0.26,46.9,274.0,Poor,10.0,Saturday,observed,2024,air_quality,,
2024-10-06 00:00:00,IND_HR_GGN_01,Vikas Sadan,Sector 11,28.4554,77.0329,63.1,93.4,62.3,16.8,0.88,42.2,110.0,Moderate,10.0,Sunday,observed,2024,air_quality,,
2024-10-07 00:00:00,IND_HR_GGN_01,Vikas Sadan,Sector 11,28.4554,77.0329,56.2,110.0,41.0,18.4,0.69,65.2,93.0,Satisfactory,10.0,Monday,observed,2024,air_quality,,
2024-10-08 00:00:00,IND_HR_GGN_01,Vikas Sadan,Sector 11,28.4554,77.0329,84.4,124.6,38.3,12.7,1.04,22.3,181.0,Moderate,10.0,Tuesday,observed,2024,air_quality,,
2024-10-09 00:00:00,IND_HR_GGN_01,Vikas Sadan,Sector 11,28.4554,77.0329,65.7,133.6,46.3,13.1,1.15,14.8,119.0,Moderate,10.0,Wednesday,observed,2024,air_quality,,
2024-10-10 00:00:00,IND_HR_GGN_01,Vikas Sadan,Sector 11,28.4554,77.0329,63.6,91.2,28.9,11.6,0.82,32.3,112.0,Moderate,10.0,Thursday,observed,2024,air_quality,,
2024-10-11 00:00:00,IND_HR_GGN_01,Vikas Sadan,Sector 11,28.4554,77.0329,83.0,162.2,71.4,14.3,1.64,40.2,176.0,Moderate,10.0,Friday,observed,2024,air_quality,,
2024-10-12 00:00:00,IND_HR_GGN_01,Vikas Sadan,Sector 11,28.4554,77.0329,90.9,137.7,37.8,4.0,0.61,26.3,203.0,Poor,10.0,Saturday,observed,2024,air_quality,,
2024-10-13 00:00:00,IND_HR_GGN_01,Vikas Sadan,Sector 11,28.4554,77.0329,112.3,203.5,69.1,10.9,1.64,39.3,274.0,Poor,10.0,Sunday,observed,2024,air_quality,,
2024-10-14 00:00:00,IND_HR_GGN_01,Vikas Sadan,Sector 11,28.4554,77.0329,57.8,81.8,40.8,16.8,1.1,29.5,96.0,Satisfactory,10.0,Monday,observed,2024,air_quality,,
2024-10-15 00:00:00,IND_HR_GGN_01,Vikas Sadan,Sector 11,28.4554,77.0329,58.6,121.2,27.5,16.4,1.29,40.3,97.0,Satisfactory,10.0,Tuesday,observed,2024,air_quality,,
2024-10-16 00:00:00,IND_HR_GGN_01,Vikas Sadan,Sector 11,28.4554,77.0329,182.6,274.9,118.9,9.3,3.06,73.9,348.0,Very Poor,10.0,Wednesday,observed,2024,air_quality,,
2024-10-17 00:00:00,IND_HR_GGN_01,Vikas Sadan,Sector 11,28.4554,77.0329,321.0,574.2,149.3,9.0,0.61,63.8,447.0,Severe,10.0,Thursday,observed,2024,air_quality,,
2024-10-18 00:00:00,IND_HR_GGN_01,Vikas Sadan,Sector 11,28.4554,77.0329,244.3,402.3,84.1,14.3,4.52,42.5,395.0,Very Poor,10.0,Friday,observed,2024,air_quality,,
2024-10-19 00:00:00,IND_HR_GGN_01,Vikas Sadan,Sector 11,28.4554,77.0329,254.6,452.3,83.8,11.1,2.66,22.8,403.0,Severe,10.0,Saturday,observed,2024,air_quality,,
2024-10-20 00:00:00,IND_HR_GGN_01,Vikas Sadan,Sector 11,28.4554,77.0329,301.2,442.0,141.1,4.0,2.28,13.4,434.0,Severe,10.0,Sunday,observed,2024,air_quality,,
2024-10-21 00:00:00,IND_HR_GGN_01,Vikas Sadan,Sector 11,28.4554,77.0329,223.1,386.6,158.8,16.1,3.18,39.6,379.0,Very Poor,10.0,Monday,observed,2024,air_quality,,
2024-10-22 00:00:00,IND_HR_GGN_01,Vikas Sadan,Sector 11,28.4554,77.0329,290.7,570.0,99.4,12.3,0.2,41.7,427.0,Severe,10.0,Tuesday,observed,2024,air_quality,,
2024-10-23 00:00:00,IND_HR_GGN_01,Vikas Sadan,Sector 11,28.4554,77.0329,309.6,580.7,97.2,14.6,3.89,22.9,439.0,Severe,10.0,Wednesday,observed,2024,air_quality,,
2024-10-24 00:00:00,IND_HR_GGN_01,Vikas Sadan,Sector 11,28.4554,77.0329,277.6,525.6,175.4,11.4,3.74,54.1,418.0,Severe,10.0,Thursday,observed,2024,air_quality,,
2024-10-25 00:00:00,IND_HR_GGN_01,Vikas Sadan,Sector 11,28.4554,77.0329,353.1,523.4,111.3,6.8,3.32,49.2,468.0,Severe,10.0,Friday,observed,2024,air_quality,,
2024-10-26 00:00:00,IND_HR_GGN_01,Vikas Sadan,Sector 11,28.4554,77.0329,282.5,588.5,79.5,4.0,2.24,48.8,421.0,Severe,10.0,Saturday,observed,2024,air_quality,,
2024-10-27 00:00:00,IND_HR_GGN_01,Vikas Sadan,Sector 11,28.4554,77.0329,251.7,491.1,88.0,26.5,1.07,64.8,401.0,Severe,10.0,Sunday,observed,2024,air_quality,,
2024-10-28 00:00:00,IND_HR_GGN_01,Vikas Sadan,Sector 11,28.4554,77.0329,269.9,477.6,64.1,14.8,3.67,38.3,413.0,Severe,10.0,Monday,observed,2024,air_quality,,
2024-10-29 00:00:00,IND_HR_GGN_01,Vikas Sadan,Sector 11,28.4554,77.0329,260.1,502.7,137.1,12.0,1.23,11.7,406.0,Severe,10.0,Tuesday,observed,2024,air_quality,,
2024-10-30 00:00:00,IND_HR_GGN_01,Vikas Sadan,Sector 11,28.4554,77.0329,187.1,392.0,98.3,10.0,1.9,55.7,351.0,Very Poor,10.0,Wednesday,observed,2024,air_quality,,
2024-10-31 00:00:00,IND_HR_GGN_01,Vikas Sadan,Sector 11,28.4554,77.0329,420.4,768.5,145.2,14.7,2.79,39.7,500.0,Severe,10.0,Thursday,observed,2024,air_quality,,
2024-11-01 00:00:00,IND_HR_GGN_01,Vikas Sadan,Sector 11,28.4554,77.0329,561.3,1014.4,182.5,9.4,6.62,10.0,500.0,Severe,11.0,Friday,observed,2024,air_quality,,
2024-11-02 00:00:00,IND_HR_GGN_01,Vikas Sadan,Sector 11,28.4554,77.0329,363.4,719.9,143.3,6.4,0.2,30.8,475.0,Severe,11.0,Saturday,observed,2024,air_quality,,
2024-11-03 00:00:00,IND_HR_GGN_01,Vikas Sadan,Sector 11,28.4554,77.0329,426.0,763.2,133.8,10.3,3.91,39.7,500.0,Severe,11.0,Sunday,observed,2024,air_quality,,
2024-11-04 00:00:00,IND_HR_GGN_01,Vikas Sadan,Sector 11,28.4554,77.0329,574.3,992.2,266.7,7.0,8.97,38.9,500.0,Severe,11.0,Monday,observed,2024,air_quality,,
2024-11-05 00:00:00,IND_HR_GGN_01,Vikas Sadan,Sector 11,28.4554,77.0329,434.8,783.8,159.9,6.2,3.7,51.7,500.0,Severe,11.0,Tuesday,observed,2024,air_quality,,
2024-11-06 00:00:00,IND_HR_GGN_01,Vikas Sadan,Sector 11,28.4554,77.0329,572.1,908.9,181.2,15.7,4.56,44.2,500.0,Severe,11.0,Wednesday,observed,2024,air_quality,,
2024-11-07 00:00:00,IND_HR_GGN_01,Vikas Sadan,Sector 11,28.4554,77.0329,396.8,794.6,145.7,15.3,4.99,59.8,497.0,Severe,11.0,Thursday,observed,2024,air_quality,,
2024-11-08 00:00:00,IND_HR_GGN_01,Vikas Sadan,Sector 11,28.4554,77.0329,333.2,624.7,77.5,10.8,2.25,45.3,455.0,Severe,11.0,Friday,observed,2024,air_quality,,
2024-11-09 00:00:00,IND_HR_GGN_01,Vikas Sadan,Sector 11,28.4554,77.0329,423.2,708.8,176.3,6.2,5.37,29.1,500.0,Severe,11.0,Saturday,observed,2024,air_quality,,
2024-11-10 00:00:00,IND_HR_GGN_01,Vikas Sadan,Sector 11,28.4554,77.0329,480.7,696.6,121.3,4.0,4.17,22.4,500.0,Severe,11.0,Sunday,observed,2024,air_quality,,
2024-11-11 00:00:00,IND_HR_GGN_01,Vikas Sadan,Sector 11,28.4554,77.0329,177.1,327.2,65.7,21.3,3.39,56.2,343.0,Very Poor,11.0,Monday,observed,2024,air_quality,,
2024-11-12 00:00:00,IND_HR_GGN_01,Vikas Sadan,Sector 11,28.4554,77.0329,192.4,332.6,29.0,15.7,1.51,29.6,355.0,Very Poor,11.0,Tuesday,observed,2024,air_quality,,
2024-11-13 00:00:00,IND_HR_GGN_01,Vikas Sadan,Sector 11,28.4554,77.0329,223.3,326.9,126.8,13.6,2.09,68.5,379.0,Very Poor,11.0,Wednesday,observed,2024,air_quality,,
2024-11-14 00:00:00,IND_HR_GGN_01,Vikas Sadan,Sector 11,28.4554,77.0329,216.1,389.5,67.4,19.4,3.44,46.5,373.0,Very Poor,11.0,Thursday,observed,2024,air_quality,,
2024-11-15 00:00:00,IND_HR_GGN_01,Vikas Sadan,Sector 11,28.4554,77.0329,261.6,497.3,89.1,10.7,4.03,18.3,407.0,Severe,11.0,Friday,observed,2024,air_quality,,
2024-11-16 00:00:00,IND_HR_GGN_01,Vikas Sadan,Sector 11,28.4554,77.0329,227.1,367.0,89.1,16.4,3.06,49.4,382.0,Very Poor,11.0,Saturday,observed,2024,air_quality,,
2024-11-17 00:00:00,IND_HR_GGN_01,Vikas Sadan,Sector 11,28.4554,77.0329,262.1,521.2,100.4,4.2,2.76,40.9,408.0,Severe,11.0,Sunday,observed,2024,air_quality,,
2024-11-18 00:00:00,IND_HR_GGN_01,Vikas Sadan,Sector 11,28.4554,77.0329,210.2,347.3,77.5,20.0,1.09,40.0,369.0,Very Poor,11.0,Monday,observed,2024,air_quality,,
2024-11-19 00:00:00,IND_HR_GGN_01,Vikas Sadan,Sector 11,28.4554,77.0329,244.2,485.9,114.8,12.4,2.55,61.1,395.0,Very Poor,11.0,Tuesday,observed,2024,air_quality,,
2024-11-20 00:00:00,IND_HR_GGN_01,Vikas Sadan,Sector 11,28.4554,77.0329,336.7,575.6,102.7,5.5,3.02,31.3,457.0,Severe,11.0,Wednesday,observed,2024,air_quality,,
2024-11-21 00:00:00,IND_HR_GGN_01,Vikas Sadan,Sector 11,28.4554,77.0329,190.7,372.6,78.7,17.9,2.3,14.5,354.0,Very Poor,11.0,Thursday,observed,2024,air_quality,,
2024-11-22 00:00:00,IND_HR_GGN_01,Vikas Sadan,Sector 11,28.4554,77.0329,284.3,468.1,73.1,11.4,3.12,23.4,422.0,Severe,11.0,Friday,observed,2024,air_quality,,
2024-11-23 00:00:00,IND_HR_GGN_01,Vikas Sadan,Sector 11,28.4554,77.0329,228.6,354.7,84.0,5.6,2.8,51.9,383.0,Very Poor,11.0,Saturday,observed,2024,air_quality,,
2024-11-24 00:00:00,IND_HR_GGN_01,Vikas Sadan,Sector 11,28.4554,77.0329,181.3,341.3,72.8,6.0,2.86,59.0,347.0,Very Poor,11.0,Sunday,observed,2024,air_quality,,
2024-11-25 00:00:00,IND_HR_GGN_01,Vikas Sadan,Sector 11,28.4554,77.0329,241.8,460.9,77.3,11.6,2.19,19.3,393.0,Very Poor,11.0,Monday,observed,2024,air_quality,,
2024-11-26 00:00:00,IND_HR_GGN_01,Vikas Sadan,Sector 11,28.4554,77.0329,296.8,482.8,168.8,14.8,4.69,41.9,431.0,Severe,11.0,Tuesday,observed,2024,air_quality,,
2024-11-27 00:00:00,IND_HR_GGN_01,Vikas Sadan,Sector 11,28.4554,77.0329,266.6,474.7,88.8,11.2,4.24,63.0,411.0,Severe,11.0,Wednesday,observed,2024,air_quality,,
2024-11-28 00:00:00,IND_HR_GGN_01,Vikas Sadan,Sector 11,28.4554,77.0329,248.2,492.0,131.2,11.8,1.84,69.2,398.0,Very Poor,11.0,Thursday,observed,2024,air_quality,,
2024-11-29 00:00:00,IND_HR_GGN_01,Vikas Sadan,Sector 11,28.4554,77.0329,172.0,353.5,52.8,15.3,1.39,28.4,340.0,Very Poor,11.0,Friday,observed,2024,air_quality,,
2024-11-30 00:00:00,IND_HR_GGN_01,Vikas Sadan,Sector 11,28.4554,77.0329,282.7,425.5,98.6,17.9,4.23,50.7,421.0,Severe,11.0,Saturday,observed,2024,air_quality,,
2024-12-01 00:00:00,IND_HR_GGN_01,Vikas Sadan,Sector 11,28.4554,77.0329,289.6,509.7,126.9,22.1,1.69,10.0,426.0,Severe,12.0,Sunday,observed,2024,air_quality,,
2024-12-02 00:00:00,IND_HR_GGN_01,Vikas Sadan,Sector 11,28.4554,77.0329,226.3,371.9,93.3,7.9,5.39,50.9,381.0,Very Poor,12.0,Monday,observed,2024,air_quality,,
2024-12-03 00:00:00,IND_HR_GGN_01,Vikas Sadan,Sector 11,28.4554,77.0329,221.0,321.7,99.5,7.1,3.89,56.4,377.0,Very Poor,12.0,Tuesday,observed,2024,air_quality,,
2024-12-04 00:00:00,IND_HR_GGN_01,Vikas Sadan,Sector 11,28.4554,77.0329,226.8,372.3,107.8,24.9,1.69,22.8,382.0,Very Poor,12.0,Wednesday,observed,2024,air_quality,,
2024-12-05 00:00:00,IND_HR_GGN_01,Vikas Sadan,Sector 11,28.4554,77.0329,243.4,474.3,108.3,20.0,3.71,71.8,394.0,Very Poor,12.0,Thursday,observed,2024,air_quality,,
2024-12-06 00:00:00,IND_HR_GGN_01,Vikas Sadan,Sector 11,28.4554,77.0329,158.9,240.5,95.5,8.9,1.12,46.6,329.0,Very Poor,12.0,Friday,observed,2024,air_quality,,
2024-12-07 00:00:00,IND_HR_GGN_01,Vikas Sadan,Sector 11,28.4554,77.0329,274.6,435.8,94.6,21.2,3.53,53.2,416.0,Severe,12.0,Saturday,observed,2024,air_quality,,
2024-12-08 00:00:00,IND_HR_GGN_01,Vikas Sadan,Sector 11,28.4554,77.0329,147.9,253.7,64.1,22.0,2.73,45.6,321.0,Very Poor,12.0,Sunday,observed,2024,air_quality,,
2024-12-09 00:00:00,IND_HR_GGN_01,Vikas Sadan,Sector 11,28.4554,77.0329,265.8,457.9,162.5,17.7,1.14,47.9,410.0,Severe,12.0,Monday,observed,2024,air_quality,,
2024-12-10 00:00:00,IND_HR_GGN_01,Vikas Sadan,Sector 11,28.4554,77.0329,271.1,537.0,129.0,13.1,4.45,40.5,414.0,Severe,12.0,Tuesday,observed,2024,air_quality,,
2024-12-11 00:00:00,IND_HR_GGN_01,Vikas Sadan,Sector 11,28.4554,77.0329,252.2,515.9,86.6,15.1,2.73,26.4,401.0,Severe,12.0,Wednesday,observed,2024,air_quality,,
2024-12-12 00:00:00,IND_HR_GGN_01,Vikas Sadan,Sector 11,28.4554,77.0329,249.0,387.9,92.0,4.6,3.7,39.0,399.0,Very Poor,12.0,Thursday,observed,2024,air_quality,,
2024-12-13 00:00:00,IND_HR_GGN_01,Vikas Sadan,Sector 11,28.4554,77.0329,268.6,500.0,118.9,16.2,1.4,39.5,412.0,Severe,12.0,Friday,observed,2024,air_quality,,
2024-12-14 00:00:00,IND_HR_GGN_01,Vikas Sadan,Sector 11,28.4554,77.0329,191.4,329.8,102.0,16.5,2.06,40.6,354.0,Very Poor,12.0,Saturday,observed,2024,air_quality,,
2024-12-15 00:00:00,IND_HR_GGN_01,Vikas Sadan,Sector 11,28.4554,77.0329,165.3,235.2,70.1,8.4,2.09,50.1,334.0,Very Poor,12.0,Sunday,observed,2024,air_quality,,
2024-12-16 00:00:00,IND_HR_GGN_01,Vikas Sadan,Sector 11,28.4554,77.0329,114.6,178.8,33.5,15.9,1.67,57.2,282.0,Poor,12.0,Monday,observed,2024,air_quality,,
2024-12-17 00:00:00,IND_HR_GGN_01,Vikas Sadan,Sector 11,28.4554,77.0329,264.8,410.6,195.2,19.4,2.13,46.5,409.0,Severe,12.0,Tuesday,observed,2024,air_quality,,
2024-12-18 00:00:00,IND_HR_GGN_01,Vikas Sadan,Sector 11,28.4554,77.0329,232.1,371.5,94.0,4.7,1.65,37.8,386.0,Very Poor,12.0,Wednesday,observed,2024,air_quality,,
2024-12-19 00:00:00,IND_HR_GGN_01,Vikas Sadan,Sector 11,28.4554,77.0329,180.8,309.4,87.3,16.7,1.81,54.3,346.0,Very Poor,12.0,Thursday,observed,2024,air_quality,,
2024-12-20 00:00:00,IND_HR_GGN_01,Vikas Sadan,Sector 11,28.4554,77.0329,235.1,382.8,101.7,7.7,5.08,57.6,388.0,Very Poor,12.0,Friday,observed,2024,air_quality,,
2024-12-21 00:00:00,IND_HR_GGN_01,Vikas Sadan,Sector 11,28.4554,77.0329,196.1,307.1,51.7,15.0,2.79,30.3,358.0,Very Poor,12.0,Saturday,observed,2024,air_quality,,
2024-12-22 00:00:00,IND_HR_GGN_01,Vikas Sadan,Sector 11,28.4554,77.0329,284.0,529.1,83.6,20.0,3.85,28.5,422.0,Severe,12.0,Sunday,observed,2024,air_quality,,
2024-12-23 00:00:00,IND_HR_GGN_01,Vikas Sadan,Sector 11,28.4554,77.0329,319.7,488.4,188.2,17.7,1.49,58.3,446.0,Severe,12.0,Monday,observed,2024,air_quality,,
2024-12-24 00:00:00,IND_HR_GGN_01,Vikas Sadan,Sector 11,28.4554,77.0329,363.0,703.4,107.3,18.1,3.31,34.5,475.0,Severe,12.0,Tuesday,observed,2024,air_quality,,
2024-12-25 00:00:00,IND_HR_GGN_01,Vikas Sadan,Sector 11,28.4554,77.0329,257.5,385.2,98.2,12.8,3.31,28.3,405.0,Severe,12.0,Wednesday,observed,2024,air_quality,,
2024-12-26 00:00:00,IND_HR_GGN_01,Vikas Sadan,Sector 11,28.4554,77.0329,233.8,344.2,84.8,10.5,1.1,43.8,387.0,Very Poor,12.0,Thursday,observed,2024,air_quality,,
2024-12-27 00:00:00,IND_HR_GGN_01,Vikas Sadan,Sector 11,28.4554,77.0329,259.3,523.7,121.9,15.1,4.38,57.0,406.0,Severe,12.0,Friday,observed,2024,air_quality,,
2024-12-28 00:00:00,IND_HR_GGN_01,Vikas Sadan,Sector 11,28.4554,77.0329,283.9,456.3,107.5,13.3,4.41,33.7,422.0,Severe,12.0,Saturday,observed,2024,air_quality,,
2024-12-29 00:00:00,IND_HR_GGN_01,Vikas Sadan,Sector 11,28.4554,77.0329,228.9,405.9,104.0,4.0,2.71,12.7,383.0,Very Poor,12.0,Sunday,observed,2024,air_quality,,
2024-12-30 00:00:00,IND_HR_GGN_01,Vikas Sadan,Sector 11,28.4554,77.0329,268.7,476.2,89.8,14.9,2.46,10.0,412.0,Severe,12.0,Monday,observed,2024,air_quality,,
2024-12-31 00:00:00,IND_HR_GGN_01,Vikas Sadan,Sector 11,28.4554,77.0329,255.1,512.5,81.7,12.5,3.73,65.6,403.0,Severe,12.0,Tuesday,observed,2024,air_quality,,
2024-01-01 00:00:00,IND_HR_GGN_02,Sector 51 IMD,Sector 51,28.4283,77.0722,281.2,443.5,32.7,16.4,2.14,38.3,420.0,Severe,1.0,Monday,observed,2024,air_quality,,
2024-01-02 00:00:00,IND_HR_GGN_02,Sector 51 IMD,Sector 51,28.4283,77.0722,201.1,323.9,74.7,10.2,0.54,45.5,362.0,Very Poor,1.0,Tuesday,observed,2024,air_quality,,
2024-01-03 00:00:00,IND_HR_GGN_02,Sector 51 IMD,Sector 51,28.4283,77.0722,302.5,629.8,158.6,15.9,4.11,53.5,435.0,Severe,1.0,Wednesday,observed,2024,air_quality,,
2024-01-04 00:00:00,IND_HR_GGN_02,Sector 51 IMD,Sector 51,28.4283,77.0722,216.8,389.6,136.0,16.3,1.25,64.5,374.0,Very Poor,1.0,Thursday,observed,2024,air_quality,,
2024-01-05 00:00:00,IND_HR_GGN_02,Sector 51 IMD,Sector 51,28.4283,77.0722,267.6,543.7,115.6,10.1,2.23,34.9,411.0,Severe,1.0,Friday,observed,2024,air_quality,,
2024-01-06 00:00:00,IND_HR_GGN_02,Sector 51 IMD,Sector 51,28.4283,77.0722,270.0,478.5,109.5,20.2,5.11,38.9,413.0,Severe,1.0,Saturday,observed,2024,air_quality,,
2024-01-07 00:00:00,IND_HR_GGN_02,Sector 51 IMD,Sector 51,28.4283,77.0722,147.1,230.2,49.8,22.8,3.27,42.2,320.0,Very Poor,1.0,Sunday,observed,2024,air_quality,,
2024-01-08 00:00:00,IND_HR_GGN_02,Sector 51 IMD,Sector 51,28.4283,77.0722,246.9,501.6,89.0,13.0,5.9,16.6,397.0,Very Poor,1.0,Monday,observed,2024,air_quality,,
2024-01-09 00:00:00,IND_HR_GGN_02,Sector 51 IMD,Sector 51,28.4283,77.0722,271.0,552.5,87.0,11.8,2.93,45.1,414.0,Severe,1.0,Tuesday,observed,2024,air_quality,,
2024-01-10 00:00:00,IND_HR_GGN_02,Sector 51 IMD,Sector 51,28.4283,77.0722,284.7,474.7,124.7,18.2,2.14,18.3,423.0,Severe,1.0,Wednesday,observed,2024,air_quality,,
2024-01-11 00:00:00,IND_HR_GGN_02,Sector 51 IMD,Sector 51,28.4283,77.0722,296.4,599.8,127.8,15.3,1.87,39.2,430.0,Severe,1.0,Thursday,observed,2024,air_quality,,
2024-01-12 00:00:00,IND_HR_GGN_02,Sector 51 IMD,Sector 51,28.4283,77.0722,273.5,498.9,128.0,9.9,6.32,52.5,415.0,Severe,1.0,Friday,observed,2024,air_quality,,
2024-01-13 00:00:00,IND_HR_GGN_02,Sector 51 IMD,Sector 51,28.4283,77.0722,185.5,353.0,98.1,10.4,1.58,52.5,350.0,Very Poor,1.0,Saturday,observed,2024,air_quality,,
2024-01-14 00:00:00,IND_HR_GGN_02,Sector 51 IMD,Sector 51,28.4283,77.0722,237.7,343.2,60.7,18.4,4.11,38.6,390.0,Very Poor,1.0,Sunday,observed,2024,air_quality,,
2024-01-15 00:00:00,IND_HR_GGN_02,Sector 51 IMD,Sector 51,28.4283,77.0722,324.4,598.8,121.4,16.8,4.4,46.1,449.0,Severe,1.0,Monday,observed,2024,air_quality,,
2024-01-16 00:00:00,IND_HR_GGN_02,Sector 51 IMD,Sector 51,28.4283,77.0722,168.2,255.1,28.4,15.3,2.65,45.9,337.0,Very Poor,1.0,Tuesday,observed,2024,air_quality,,
2024-01-17 00:00:00,IND_HR_GGN_02,Sector 51 IMD,Sector 51,28.4283,77.0722,193.1,314.7,72.9,12.3,4.15,70.6,356.0,Very Poor,1.0,Wednesday,observed,2024,air_quality,,
2024-01-18 00:00:00,IND_HR_GGN_02,Sector 51 IMD,Sector 51,28.4283,77.0722,227.0,463.3,112.4,6.8,2.73,54.0,382.0,Very Poor,1.0,Thursday,observed,2024,air_quality,,
2024-01-19 00:00:00,IND_HR_GGN_02,Sector 51 IMD,Sector 51,28.4283,77.0722,255.6,443.4,94.9,18.1,4.46,60.9,403.0,Severe,1.0,Friday,observed,2024,air_quality,,
2024-01-20 00:00:00,IND_HR_GGN_02,Sector 51 IMD,Sector 51,28.4283,77.0722,289.9,517.4,64.6,14.4,0.41,13.5,426.0,Severe,1.0,Saturday,observed,2024,air_quality,,
2024-01-21 00:00:00,IND_HR_GGN_02,Sector 51 IMD,Sector 51,28.4283,77.0722,215.2,446.1,88.9,15.9,3.46,43.8,373.0,Very Poor,1.0,Sunday,observed,2024,air_quality,,
2024-01-22 00:00:00,IND_HR_GGN_02,Sector 51 IMD,Sector 51,28.4283,77.0722,265.0,375.6,97.4,4.0,3.83,44.2,410.0,Severe,1.0,Monday,observed,2024,air_quality,,
2024-01-23 00:00:00,IND_HR_GGN_02,Sector 51 IMD,Sector 51,28.4283,77.0722,250.2,414.7,89.2,8.8,3.75,34.4,400.0,Severe,1.0,Tuesday,observed,2024,air_quality,,
2024-01-24 00:00:00,IND_HR_GGN_02,Sector 51 IMD,Sector 51,28.4283,77.0722,243.4,391.6,121.0,8.2,3.47,23.6,394.0,Very Poor,1.0,Wednesday,observed,2024,air_quality,,
2024-01-25 00:00:00,IND_HR_GGN_02,Sector 51 IMD,Sector 51,28.4283,77.0722,261.1,421.2,133.8,8.5,3.65,37.2,407.0,Severe,1.0,Thursday,observed,2024,air_quality,,
2024-01-26 00:00:00,IND_HR_GGN_02,Sector 51 IMD,Sector 51,28.4283,77.0722,176.2,290.1,56.0,10.4,0.85,35.0,343.0,Very Poor,1.0,Friday,observed,2024,air_quality,,
2024-01-27 00:00:00,IND_HR_GGN_02,Sector 51 IMD,Sector 51,28.4283,77.0722,225.1,433.0,58.3,11.0,2.28,29.5,380.0,Very Poor,1.0,Saturday,observed,2024,air_quality,,
2024-01-28 00:00:00,IND_HR_GGN_02,Sector 51 IMD,Sector 51,28.4283,77.0722,192.8,326.9,99.2,14.4,2.87,10.0,356.0,Very Poor,1.0,Sunday,observed,2024,air_quality,,
2024-01-29 00:00:00,IND_HR_GGN_02,Sector 51 IMD,Sector 51,28.4283,77.0722,311.3,557.2,127.1,10.1,2.95,16.4,440.0,Severe,1.0,Monday,observed,2024,air_quality,,
2024-01-30 00:00:00,IND_HR_GGN_02,Sector 51 IMD,Sector 51,28.4283,77.0722,278.4,392.4,163.1,12.0,2.91,58.5,418.0,Severe,1.0,Tuesday,observed,2024,air_quality,,
2024-01-31 00:00:00,IND_HR_GGN_02,Sector 51 IMD,Sector 51,28.4283,77.0722,260.4,487.1,29.6,16.2,4.01,69.3,406.0,Severe,1.0,Wednesday,observed,2024,air_quality,,
2024-02-01 00:00:00,IND_HR_GGN_02,Sector 51 IMD,Sector 51,28.4283,77.0722,184.8,354.4,117.7,15.1,1.85,43.9,349.0,Very Poor,2.0,Thursday,observed,2024,air_quality,,
2024-02-02 00:00:00,IND_HR_GGN_02,Sector 51 IMD,Sector 51,28.4283,77.0722,360.3,570.8,87.6,14.3,2.96,15.4,473.0,Severe,2.0,Friday,observed,2024,air_quality,,
2024-02-03 00:00:00,IND_HR_GGN_02,Sector 51 IMD,Sector 51,28.4283,77.0722,208.3,314.7,99.8,22.0,3.42,51.1,367.0,Very Poor,2.0,Saturday,observed,2024,air_quality,,
2024-02-04 00:00:00,IND_HR_GGN_02,Sector 51 IMD,Sector 51,28.4283,77.0722,276.8,516.3,103.4,16.5,5.22,67.1,417.0,Severe,2.0,Sunday,observed,2024,air_quality,,
2024-02-05 00:00:00,IND_HR_GGN_02,Sector 51 IMD,Sector 51,28.4283,77.0722,266.0,452.6,65.1,21.0,3.25,10.3,410.0,Severe,2.0,Monday,observed,2024,air_quality,,
2024-02-06 00:00:00,IND_HR_GGN_02,Sector 51 IMD,Sector 51,28.4283,77.0722,305.0,492.8,68.6,8.2,2.41,39.2,436.0,Severe,2.0,Tuesday,observed,2024,air_quality,,
2024-02-07 00:00:00,IND_HR_GGN_02,Sector 51 IMD,Sector 51,28.4283,77.0722,318.9,549.6,190.1,11.3,3.63,66.9,445.0,Severe,2.0,Wednesday,observed,2024,air_quality,,
2024-02-08 00:00:00,IND_HR_GGN_02,Sector 51 IMD,Sector 51,28.4283,77.0722,301.3,514.4,154.9,20.6,4.15,55.6,434.0,Severe,2.0,Thursday,observed,2024,air_quality,,
2024-02-09 00:00:00,IND_HR_GGN_02,Sector 51 IMD,Sector 51,28.4283,77.0722,284.0,493.9,161.3,4.0,2.05,52.9,422.0,Severe,2.0,Friday,observed,2024,air_quality,,
2024-02-10 00:00:00,IND_HR_GGN_02,Sector 51 IMD,Sector 51,28.4283,77.0722,280.0,574.4,78.2,14.8,3.62,50.5,420.0,Severe,2.0,Saturday,observed,2024,air_quality,,
2024-02-11 00:00:00,IND_HR_GGN_02,Sector 51 IMD,Sector 51,28.4283,77.0722,305.9,529.3,92.1,12.5,4.09,52.2,437.0,Severe,2.0,Sunday,observed,2024,air_quality,,
2024-02-12 00:00:00,IND_HR_GGN_02,Sector 51 IMD,Sector 51,28.4283,77.0722,313.8,442.5,178.9,16.5,3.66,22.6,442.0,Severe,2.0,Monday,observed,2024,air_quality,,
2024-02-13 00:00:00,IND_HR_GGN_02,Sector 51 IMD,Sector 51,28.4283,77.0722,323.8,575.7,79.3,10.7,3.88,44.5,449.0,Severe,2.0,Tuesday,observed,2024,air_quality,,
2024-02-14 00:00:00,IND_HR_GGN_02,Sector 51 IMD,Sector 51,28.4283,77.0722,203.2,310.3,134.5,13.9,2.03,47.0,364.0,Very Poor,2.0,Wednesday,observed,2024,air_quality,,
2024-02-15 00:00:00,IND_HR_GGN_02,Sector 51 IMD,Sector 51,28.4283,77.0722,62.1,116.5,58.2,14.3,0.5,39.1,107.0,Moderate,2.0,Thursday,observed,2024,air_quality,,
2024-02-16 00:00:00,IND_HR_GGN_02,Sector 51 IMD,Sector 51,28.4283,77.0722,102.2,202.0,34.5,17.7,1.58,26.7,240.0,Poor,2.0,Friday,observed,2024,air_quality,,
2024-02-17 00:00:00,IND_HR_GGN_02,Sector 51 IMD,Sector 51,28.4283,77.0722,75.3,138.9,31.4,23.6,1.11,47.2,151.0,Moderate,2.0,Saturday,observed,2024,air_quality,,
2024-02-18 00:00:00,IND_HR_GGN_02,Sector 51 IMD,Sector 51,28.4283,77.0722,82.2,147.3,48.3,5.0,0.52,33.2,174.0,Moderate,2.0,Sunday,observed,2024,air_quality,,
2024-02-19 00:00:00,IND_HR_GGN_02,Sector 51 IMD,Sector 51,28.4283,77.0722,68.7,125.3,43.5,13.2,0.98,32.6,129.0,Moderate,2.0,Monday,observed,2024,air_quality,,
2024-02-20 00:00:00,IND_HR_GGN_02,Sector 51 IMD,Sector 51,28.4283,77.0722,78.5,161.4,43.8,10.9,0.66,10.0,161.0,Moderate,2.0,Tuesday,observed,2024,air_quality,,
2024-02-21 00:00:00,IND_HR_GGN_02,Sector 51 IMD,Sector 51,28.4283,77.0722,53.6,87.2,59.5,17.0,1.46,26.9,89.0,Satisfactory,2.0,Wednesday,observed,2024,air_quality,,
2024-02-22 00:00:00,IND_HR_GGN_02,Sector 51 IMD,Sector 51,28.4283,77.0722,76.1,110.2,78.9,15.1,1.47,46.8,153.0,Moderate,2.0,Thursday,observed,2024,air_quality,,
2024-02-23 00:00:00,IND_HR_GGN_02,Sector 51 IMD,Sector 51,28.4283,77.0722,70.8,138.5,47.5,18.8,1.3,35.0,136.0,Moderate,2.0,Friday,observed,2024,air_quality,,
2024-02-24 00:00:00,IND_HR_GGN_02,Sector 51 IMD,Sector 51,28.4283,77.0722,96.2,152.4,22.4,16.4,1.01,38.8,220.0,Poor,2.0,Saturday,observed,2024,air_quality,,
2024-02-25 00:00:00,IND_HR_GGN_02,Sector 51 IMD,Sector 51,28.4283,77.0722,78.7,139.9,50.4,18.0,0.95,30.1,162.0,Moderate,2.0,Sunday,observed,2024,air_quality,,
2024-02-26 00:00:00,IND_HR_GGN_02,Sector 51 IMD,Sector 51,28.4283,77.0722,70.9,113.9,59.3,9.2,0.84,27.2,136.0,Moderate,2.0,Monday,observed,2024,air_quality,,
2024-02-27 00:00:00,IND_HR_GGN_02,Sector 51 IMD,Sector 51,28.4283,77.0722,67.7,115.2,65.2,12.1,0.56,55.7,125.0,Moderate,2.0,Tuesday,observed,2024,air_quality,,
2024-02-28 00:00:00,IND_HR_GGN_02,Sector 51 IMD,Sector 51,28.4283,77.0722,67.8,116.0,34.8,15.5,1.45,50.8,126.0,Moderate,2.0,Wednesday,observed,2024,air_quality,,
2024-02-29 00:00:00,IND_HR_GGN_02,Sector 51 IMD,Sector 51,28.4283,77.0722,71.6,145.6,62.5,20.4,1.21,31.7,138.0,Moderate,2.0,Thursday,observed,2024,air_quality,,
2024-03-01 00:00:00,IND_HR_GGN_02,Sector 51 IMD,Sector 51,28.4283,77.0722,64.4,124.2,59.5,19.6,0.78,19.4,114.0,Moderate,3.0,Friday,observed,2024,air_quality,,
2024-03-02 00:00:00,IND_HR_GGN_02,Sector 51 IMD,Sector 51,28.4283,77.0722,73.5,113.4,43.2,16.4,0.71,65.5,145.0,Moderate,3.0,Saturday,observed,2024,air_quality,,
2024-03-03 00:00:00,IND_HR_GGN_02,Sector 51 IMD,Sector 51,28.4283,77.0722,89.0,165.3,49.3,6.3,0.96,30.4,196.0,Moderate,3.0,Sunday,observed,2024,air_quality,,
2024-03-04 00:00:00,IND_HR_GGN_02,Sector 51 IMD,Sector 51,28.4283,77.0722,96.5,145.2,17.8,18.0,2.46,34.7,221.0,Poor,3.0,Monday,observed,2024,air_quality,,
2024-03-05 00:00:00,IND_HR_GGN_02,Sector 51 IMD,Sector 51,28.4283,77.0722,93.8,150.0,43.9,16.7,0.89,51.7,212.0,Poor,3.0,Tuesday,observed,2024,air_quality,,
2024-03-06 00:00:00,IND_HR_GGN_02,Sector 51 IMD,Sector 51,28.4283,77.0722,76.1,108.3,66.3,13.4,0.61,36.1,153.0,Moderate,3.0,Wednesday,observed,2024,air_quality,,
2024-03-07 00:00:00,IND_HR_GGN_02,Sector 51 IMD,Sector 51,28.4283,77.0722,65.5,126.1,30.1,8.2,1.26,18.9,118.0,Moderate,3.0,Thursday,observed,2024,air_quality,,
2024-03-08 00:00:00,IND_HR_GGN_02,Sector 51 IMD,Sector 51,28.4283,77.0722,82.7,134.9,37.0,17.1,1.14,22.5,175.0,Moderate,3.0,Friday,observed,2024,air_quality,,
2024-03-09 00:00:00,IND_HR_GGN_02,Sector 51 IMD,Sector 51,28.4283,77.0722,72.8,109.3,68.2,9.4,1.32,36.5,142.0,Moderate,3.0,Saturday,observed,2024,air_quality,,
2024-03-10 00:00:00,IND_HR_GGN_02,Sector 51 IMD,Sector 51,28.4283,77.0722,88.5,154.4,46.2,17.6,1.49,60.9,195.0,Moderate,3.0,Sunday,observed,2024,air_quality,,
2024-03-11 00:00:00,IND_HR_GGN_02,Sector 51 IMD,Sector 51,28.4283,77.0722,79.0,131.5,63.4,11.2,1.54,26.6,163.0,Moderate,3.0,Monday,observed,2024,air_quality,,
2024-03-12 00:00:00,IND_HR_GGN_02,Sector 51 IMD,Sector 51,28.4283,77.0722,81.2,167.2,37.3,4.0,0.59,70.3,170.0,Moderate,3.0,Tuesday,observed,2024,air_quality,,
2024-03-13 00:00:00,IND_HR_GGN_02,Sector 51 IMD,Sector 51,28.4283,77.0722,83.5,137.9,47.6,13.8,1.69,10.0,178.0,Moderate,3.0,Wednesday,observed,2024,air_quality,,
2024-03-14 00:00:00,IND_HR_GGN_02,Sector 51 IMD,Sector 51,28.4283,77.0722,57.3,100.5,51.9,12.6,0.29,22.4,95.0,Satisfactory,3.0,Thursday,observed,2024,air_quality,,
2024-03-15 00:00:00,IND_HR_GGN_02,Sector 51 IMD,Sector 51,28.4283,77.0722,48.3,87.2,33.3,18.4,0.54,47.3,80.0,Satisfactory,3.0,Friday,observed,2024,air_quality,,
2024-03-16 00:00:00,IND_HR_GGN_02,Sector 51 IMD,Sector 51,28.4283,77.0722,112.9,170.5,69.1,14.9,1.67,21.9,276.0,Poor,3.0,Saturday,observed,2024,air_quality,,
2024-03-17 00:00:00,IND_HR_GGN_02,Sector 51 IMD,Sector 51,28.4283,77.0722,79.5,159.5,31.1,18.2,2.14,10.0,165.0,Moderate,3.0,Sunday,observed,2024,air_quality,,
2024-03-18 00:00:00,IND_HR_GGN_02,Sector 51 IMD,Sector 51,28.4283,77.0722,60.3,115.5,39.5,18.0,0.61,43.8,100.0,Moderate,3.0,Monday,observed,2024,air_quality,,
2024-03-19 00:00:00,IND_HR_GGN_02,Sector 51 IMD,Sector 51,28.4283,77.0722,98.9,187.4,43.4,8.3,1.62,24.0,229.0,Poor,3.0,Tuesday,observed,2024,air_quality,,
2024-03-20 00:00:00,IND_HR_GGN_02,Sector 51 IMD,Sector 51,28.4283,77.0722,91.7,164.4,42.6,18.2,1.14,48.6,205.0,Poor,3.0,Wednesday,observed,2024,air_quality,,
2024-03-21 00:00:00,IND_HR_GGN_02,Sector 51 IMD,Sector 51,28.4283,77.0722,85.3,162.9,24.8,20.7,2.15,26.4,184.0,Moderate,3.0,Thursday,observed,2024,air_quality,,
2024-03-22 00:00:00,IND_HR_GGN_02,Sector 51 IMD,Sector 51,28.4283,77.0722,84.8,174.4,42.1,16.1,0.92,37.7,182.0,Moderate,3.0,Friday,observed,2024,air_quality,,
2024-03-23 00:00:00,IND_HR_GGN_02,Sector 51 IMD,Sector 51,28.4283,77.0722,60.5,87.4,65.7,7.6,1.1,78.8,101.0,Moderate,3.0,Saturday,observed,2024,air_quality,,
2024-03-24 00:00:00,IND_HR_GGN_02,Sector 51 IMD,Sector 51,28.4283,77.0722,78.0,156.1,56.2,14.8,0.32,46.2,160.0,Moderate,3.0,Sunday,observed,2024,air_quality,,
2024-03-25 00:00:00,IND_HR_GGN_02,Sector 51 IMD,Sector 51,28.4283,77.0722,51.4,96.6,39.9,11.9,0.69,28.6,85.0,Satisfactory,3.0,Monday,observed,2024,air_quality,,
2024-03-26 00:00:00,IND_HR_GGN_02,Sector 51 IMD,Sector 51,28.4283,77.0722,62.8,111.3,47.9,8.2,1.12,53.4,109.0,Moderate,3.0,Tuesday,observed,2024,air_quality,,
2024-03-27 00:00:00,IND_HR_GGN_02,Sector 51 IMD,Sector 51,28.4283,77.0722,47.1,81.1,47.0,16.1,1.23,53.3,78.0,Satisfactory,3.0,Wednesday,observed,2024,air_quality,,
2024-03-28 00:00:00,IND_HR_GGN_02,Sector 51 IMD,Sector 51,28.4283,77.0722,34.0,61.8,22.1,11.2,1.56,35.1,56.0,Satisfactory,3.0,Thursday,observed,2024,air_quality,,
2024-03-29 00:00:00,IND_HR_GGN_02,Sector 51 IMD,Sector 51,28.4283,77.0722,85.4,160.3,54.7,15.3,1.22,52.9,184.0,Moderate,3.0,Friday,observed,2024,air_quality,,
2024-03-30 00:00:00,IND_HR_GGN_02,Sector 51 IMD,Sector 51,28.4283,77.0722,109.1,208.7,8.0,8.8,0.83,38.8,263.0,Poor,3.0,Saturday,observed,2024,air_quality,,
2024-03-31 00:00:00,IND_HR_GGN_02,Sector 51 IMD,Sector 51,28.4283,77.0722,123.1,214.9,79.2,14.9,1.48,37.2,302.0,Very Poor,3.0,Sunday,observed,2024,air_quality,,
2024-04-01 00:00:00,IND_HR_GGN_02,Sector 51 IMD,Sector 51,28.4283,77.0722,63.7,101.6,67.2,16.2,0.96,42.9,112.0,Moderate,4.0,Monday,observed,2024,air_quality,,
2024-04-02 00:00:00,IND_HR_GGN_02,Sector 51 IMD,Sector 51,28.4283,77.0722,97.0,136.7,69.7,13.3,1.19,29.7,223.0,Poor,4.0,Tuesday,observed,2024,air_quality,,
2024-04-03 00:00:00,IND_HR_GGN_02,Sector 51 IMD,Sector 51,28.4283,77.0722,63.3,120.9,24.4,12.8,1.49,37.7,110.0,Moderate,4.0,Wednesday,observed,2024,air_quality,,
2024-04-04 00:00:00,IND_HR_GGN_02,Sector 51 IMD,Sector 51,28.4283,77.0722,128.6,242.6,52.8,13.5,1.57,28.8,306.0,Very Poor,4.0,Thursday,observed,2024,air_quality,,
2024-04-05 00:00:00,IND_HR_GGN_02,Sector 51 IMD,Sector 51,28.4283,77.0722,77.2,135.3,12.3,11.8,1.28,26.5,157.0,Moderate,4.0,Friday,observed,2024,air_quality,,
2024-04-06 00:00:00,IND_HR_GGN_02,Sector 51 IMD,Sector 51,28.4283,77.0722,90.6,182.5,51.1,13.2,2.18,34.2,201.0,Poor,4.0,Saturday,observed,2024,air_quality,,
2024-04-07 00:00:00,IND_HR_GGN_02,Sector 51 IMD,Sector 51,28.4283,77.0722,95.9,149.5,63.5,18.3,1.68,19.3,219.0,Poor,4.0,Sunday,observed,2024,air_quality,,
2024-04-08 00:00:00,IND_HR_GGN_02,Sector 51 IMD,Sector 51,28.4283,77.0722,143.0,265.7,64.7,8.6,2.43,44.5,317.0,Very Poor,4.0,Monday,observed,2024,air_quality,,
2024-04-09 00:00:00,IND_HR_GGN_02,Sector 51 IMD,Sector 51,28.4283,77.0722,137.6,244.3,74.4,13.0,1.52,59.7,313.0,Very Poor,4.0,Tuesday,observed,2024,air_quality,,
2024-04-10 00:00:00,IND_HR_GGN_02,Sector 51 IMD,Sector 51,28.4283,77.0722,69.8,100.9,30.4,14.6,0.46,11.6,132.0,Moderate,4.0,Wednesday,observed,2024,air_quality,,
2024-04-11 00:00:00,IND_HR_GGN_02,Sector 51 IMD,Sector 51,28.4283,77.0722,153.6,223.8,59.9,18.1,0.84,44.4,325.0,Very Poor,4.0,Thursday,observed,2024,air_quality,,
2024-04-12 00:00:00,IND_HR_GGN_02,Sector 51 IMD,Sector 51,28.4283,77.0722,119.9,242.0,58.1,19.1,1.32,41.1,299.0,Poor,4.0,Friday,observed,2024,air_quality,,
2024-04-13 00:00:00,IND_HR_GGN_02,Sector 51 IMD,Sector 51,28.4283,77.0722,97.6,191.2,73.8,12.3,1.41,42.3,225.0,Poor,4.0,Saturday,observed,2024,air_quality,,
2024-04-14 00:00:00,IND_HR_GGN_02,Sector 51 IMD,Sector 51,28.4283,77.0722,116.4,191.8,70.0,18.6,1.4,52.4,288.0,Poor,4.0,Sunday,observed,2024,air_quality,,
2024-04-15 00:00:00,IND_HR_GGN_02,Sector 51 IMD,Sector 51,28.4283,77.0722,117.0,200.5,21.2,20.4,2.19,38.5,290.0,Poor,4.0,Monday,observed,2024,air_quality,,
2024-04-16 00:00:00,IND_HR_GGN_02,Sector 51 IMD,Sector 51,28.4283,77.0722,131.4,211.1,89.2,18.0,1.44,36.9,308.0,Very Poor,4.0,Tuesday,observed,2024,air_quality,,
2024-04-17 00:00:00,IND_HR_GGN_02,Sector 51 IMD,Sector 51,28.4283,77.0722,80.1,154.2,34.5,26.4,1.93,38.6,167.0,Moderate,4.0,Wednesday,observed,2024,air_quality,,
2024-04-18 00:00:00,IND_HR_GGN_02,Sector 51 IMD,Sector 51,28.4283,77.0722,138.9,201.0,71.0,23.5,2.6,60.8,314.0,Very Poor,4.0,Thursday,observed,2024,air_quality,,
2024-04-19 00:00:00,IND_HR_GGN_02,Sector 51 IMD,Sector 51,28.4283,77.0722,92.0,129.9,35.8,22.4,1.28,45.4,206.0,Poor,4.0,Friday,observed,2024,air_quality,,
2024-04-20 00:00:00,IND_HR_GGN_02,Sector 51 IMD,Sector 51,28.4283,77.0722,96.3,178.5,59.6,14.7,0.87,61.4,221.0,Poor,4.0,Saturday,observed,2024,air_quality,,
2024-04-21 00:00:00,IND_HR_GGN_02,Sector 51 IMD,Sector 51,28.4283,77.0722,126.0,225.3,52.3,13.3,2.18,35.0,304.0,Very Poor,4.0,Sunday,observed,2024,air_quality,,
2024-04-22 00:00:00,IND_HR_GGN_02,Sector 51 IMD,Sector 51,28.4283,77.0722,120.7,208.4,50.3,22.3,3.31,49.1,300.0,Very Poor,4.0,Monday,observed,2024,air_quality,,
2024-04-23 00:00:00,IND_HR_GGN_02,Sector 51 IMD,Sector 51,28.4283,77.0722,90.9,128.4,45.5,5.8,1.01,64.5,203.0,Poor,4.0,Tuesday,observed,2024,air_quality,,
2024-04-24 00:00:00,IND_HR_GGN_02,Sector 51 IMD,Sector 51,28.4283,77.0722,128.3,224.9,80.8,24.2,1.55,31.8,306.0,Very Poor,4.0,Wednesday,observed,2024,air_quality,,
2024-04-25 00:00:00,IND_HR_GGN_02,Sector 51 IMD,Sector 51,28.4283,77.0722,113.3,184.4,43.1,17.7,0.77,31.4,277.0,Poor,4.0,Thursday,observed,2024,air_quality,,
2024-04-26 00:00:00,IND_HR_GGN_02,Sector 51 IMD,Sector 51,28.4283,77.0722,115.2,172.5,66.2,14.5,2.62,49.1,284.0,Poor,4.0,Friday,observed,2024,air_quality,,
2024-04-27 00:00:00,IND_HR_GGN_02,Sector 51 IMD,Sector 51,28.4283,77.0722,79.3,163.6,48.8,15.3,0.56,25.0,164.0,Moderate,4.0,Saturday,observed,2024,air_quality,,
2024-04-28 00:00:00,IND_HR_GGN_02,Sector 51 IMD,Sector 51,28.4283,77.0722,139.0,242.7,79.0,17.4,1.88,31.0,314.0,Very Poor,4.0,Sunday,observed,2024,air_quality,,
2024-04-29 00:00:00,IND_HR_GGN_02,Sector 51 IMD,Sector 51,28.4283,77.0722,153.5,274.6,58.4,14.9,1.66,35.1,325.0,Very Poor,4.0,Monday,observed,2024,air_quality,,
2024-04-30 00:00:00,IND_HR_GGN_02,Sector 51 IMD,Sector 51,28.4283,77.0722,118.2,171.1,68.3,20.0,1.73,63.6,294.0,Poor,4.0,Tuesday,observed,2024,air_quality,,
2024-05-01 00:00:00,IND_HR_GGN_02,Sector 51 IMD,Sector 51,28.4283,77.0722,118.4,230.4,56.6,18.2,1.43,33.5,294.0,Poor,5.0,Wednesday,observed,2024,air_quality,,
2024-05-02 00:00:00,IND_HR_GGN_02,Sector 51 IMD,Sector 51,28.4283,77.0722,92.2,152.1,76.7,16.4,2.07,75.8,207.0,Poor,5.0,Thursday,observed,2024,air_quality,,
2024-05-03 00:00:00,IND_HR_GGN_02,Sector 51 IMD,Sector 51,28.4283,77.0722,156.1,274.6,60.7,18.5,2.01,45.7,327.0,Very Poor,5.0,Friday,observed,2024,air_quality,,
2024-05-04 00:00:00,IND_HR_GGN_02,Sector 51 IMD,Sector 51,28.4283,77.0722,134.2,202.6,65.1,16.2,1.92,52.1,310.0,Very Poor,5.0,Saturday,observed,2024,air_quality,,
2024-05-05 00:00:00,IND_HR_GGN_02,Sector 51 IMD,Sector 51,28.4283,77.0722,85.5,162.4,53.1,16.5,0.84,35.9,185.0,Moderate,5.0,Sunday,observed,2024,air_quality,,
2024-05-06 00:00:00,IND_HR_GGN_02,Sector 51 IMD,Sector 51,28.4283,77.0722,115.4,228.1,67.6,13.9,1.26,58.2,284.0,Poor,5.0,Monday,observed,2024,air_quality,,
2024-05-07 00:00:00,IND_HR_GGN_02,Sector 51 IMD,Sector 51,28.4283,77.0722,127.2,251.6,8.0,14.5,1.1,11.9,305.0,Very Poor,5.0,Tuesday,observed,2024,air_quality,,
2024-05-08 00:00:00,IND_HR_GGN_02,Sector 51 IMD,Sector 51,28.4283,77.0722,82.0,134.8,45.0,15.3,0.94,10.0,173.0,Moderate,5.0,Wednesday,observed,2024,air_quality,,
2024-05-09 00:00:00,IND_HR_GGN_02,Sector 51 IMD,Sector 51,28.4283,77.0722,108.8,199.6,86.1,21.8,1.01,17.8,262.0,Poor,5.0,Thursday,observed,2024,air_quality,,
2024-05-10 00:00:00,IND_HR_GGN_02,Sector 51 IMD,Sector 51,28.4283,77.0722,99.4,196.0,62.6,20.6,0.53,43.8,231.0,Poor,5.0,Friday,observed,2024,air_quality,,
2024-05-11 00:00:00,IND_HR_GGN_02,Sector 51 IMD,Sector 51,28.4283,77.0722,133.0,241.6,55.7,21.0,1.48,41.2,310.0,Very Poor,5.0,Saturday,observed,2024,air_quality,,
2024-05-12 00:00:00,IND_HR_GGN_02,Sector 51 IMD,Sector 51,28.4283,77.0722,86.9,139.1,47.5,24.5,0.2,41.8,189.0,Moderate,5.0,Sunday,observed,2024,air_quality,,
2024-05-13 00:00:00,IND_HR_GGN_02,Sector 51 IMD,Sector 51,28.4283,77.0722,87.0,145.4,38.9,8.4,1.88,29.5,190.0,Moderate,5.0,Monday,observed,2024,air_quality,,
2024-05-14 00:00:00,IND_HR_GGN_02,Sector 51 IMD,Sector 51,28.4283,77.0722,54.7,114.5,35.7,11.3,1.44,10.5,91.0,Satisfactory,5.0,Tuesday,observed,2024,air_quality,,
2024-05-15 00:00:00,IND_HR_GGN_02,Sector 51 IMD,Sector 51,28.4283,77.0722,137.8,259.6,36.1,16.9,2.03,36.9,313.0,Very Poor,5.0,Wednesday,observed,2024,air_quality,,
2024-05-16 00:00:00,IND_HR_GGN_02,Sector 51 IMD,Sector 51,28.4283,77.0722,143.5,296.0,56.8,14.9,2.64,36.9,318.0,Very Poor,5.0,Thursday,observed,2024,air_quality,,
2024-05-17 00:00:00,IND_HR_GGN_02,Sector 51 IMD,Sector 51,28.4283,77.0722,90.4,141.8,49.0,13.1,0.85,58.7,201.0,Poor,5.0,Friday,observed,2024,air_quality,,
2024-05-18 00:00:00,IND_HR_GGN_02,Sector 51 IMD,Sector 51,28.4283,77.0722,139.6,265.7,35.5,10.4,1.72,41.0,315.0,Very Poor,5.0,Saturday,observed,2024,air_quality,,
2024-05-19 00:00:00,IND_HR_GGN_02,Sector 51 IMD,Sector 51,28.4283,77.0722,89.8,167.6,65.0,11.6,0.68,26.4,199.0,Moderate,5.0,Sunday,observed,2024,air_quality,,
2024-05-20 00:00:00,IND_HR_GGN_02,Sector 51 IMD,Sector 51,28.4283,77.0722,127.9,191.0,34.4,13.9,2.07,21.7,306.0,Very Poor,5.0,Monday,observed,2024,air_quality,,
2024-05-21 00:00:00,IND_HR_GGN_02,Sector 51 IMD,Sector 51,28.4283,77.0722,75.7,114.1,45.8,15.0,1.24,66.7,152.0,Moderate,5.0,Tuesday,observed,2024,air_quality,,
2024-05-22 00:00:00,IND_HR_GGN_02,Sector 51 IMD,Sector 51,28.4283,77.0722,89.6,151.0,40.7,16.6,0.95,35.1,198.0,Moderate,5.0,Wednesday,observed,2024,air_quality,,
2024-05-23 00:00:00,IND_HR_GGN_02,Sector 51 IMD,Sector 51,28.4283,77.0722,87.1,153.4,59.7,17.9,1.81,45.5,190.0,Moderate,5.0,Thursday,observed,2024,air_quality,,
2024-05-24 00:00:00,IND_HR_GGN_02,Sector 51 IMD,Sector 51,28.4283,77.0722,125.1,237.0,34.2,10.9,1.06,42.9,303.0,Very Poor,5.0,Friday,observed,2024,air_quality,,
2024-05-25 00:00:00,IND_HR_GGN_02,Sector 51 IMD,Sector 51,28.4283,77.0722,120.3,232.6,78.9,23.4,2.65,63.5,300.0,Very Poor,5.0,Saturday,observed,2024,air_quality,,
2024-05-26 00:00:00,IND_HR_GGN_02,Sector 51 IMD,Sector 51,28.4283,77.0722,117.5,183.0,67.6,23.5,3.54,36.0,291.0,Poor,5.0,Sunday,observed,2024,air_quality,,
2024-05-27 00:00:00,IND_HR_GGN_02,Sector 51 IMD,Sector 51,28.4283,77.0722,111.0,192.8,58.4,15.0,2.21,42.2,270.0,Poor,5.0,Monday,observed,2024,air_quality,,
2024-05-28 00:00:00,IND_HR_GGN_02,Sector 51 IMD,Sector 51,28.4283,77.0722,125.8,194.2,65.4,15.7,2.37,36.7,304.0,Very Poor,5.0,Tuesday,observed,2024,air_quality,,
2024-05-29 00:00:00,IND_HR_GGN_02,Sector 51 IMD,Sector 51,28.4283,77.0722,77.9,152.2,67.5,12.6,0.98,58.5,159.0,Moderate,5.0,Wednesday,observed,2024,air_quality,,
2024-05-30 00:00:00,IND_HR_GGN_02,Sector 51 IMD,Sector 51,28.4283,77.0722,107.0,159.5,81.1,16.0,1.86,63.9,256.0,Poor,5.0,Thursday,observed,2024,air_quality,,
2024-05-31 00:00:00,IND_HR_GGN_02,Sector 51 IMD,Sector 51,28.4283,77.0722,103.7,209.1,65.4,21.1,1.81,21.8,245.0,Poor,5.0,Friday,observed,2024,air_quality,,
2024-06-01 00:00:00,IND_HR_GGN_02,Sector 51 IMD,Sector 51,28.4283,77.0722,100.8,148.8,36.1,21.5,2.27,48.9,236.0,Poor,6.0,Saturday,observed,2024,air_quality,,
2024-06-02 00:00:00,IND_HR_GGN_02,Sector 51 IMD,Sector 51,28.4283,77.0722,105.9,171.6,79.4,11.8,2.26,28.6,253.0,Poor,6.0,Sunday,observed,2024,air_quality,,
2024-06-03 00:00:00,IND_HR_GGN_02,Sector 51 IMD,Sector 51,28.4283,77.0722,126.5,209.2,51.7,20.8,1.79,64.2,305.0,Very Poor,6.0,Monday,observed,2024,air_quality,,
2024-06-04 00:00:00,IND_HR_GGN_02,Sector 51 IMD,Sector 51,28.4283,77.0722,156.2,306.8,74.8,11.6,3.41,56.2,327.0,Very Poor,6.0,Tuesday,observed,2024,air_quality,,
2024-06-05 00:00:00,IND_HR_GGN_02,Sector 51 IMD,Sector 51,28.4283,77.0722,91.8,162.0,29.2,18.3,1.06,52.6,206.0,Poor,6.0,Wednesday,observed,2024,air_quality,,
2024-06-06 00:00:00,IND_HR_GGN_02,Sector 51 IMD,Sector 51,28.4283,77.0722,97.3,141.6,49.3,12.1,1.62,37.2,224.0,Poor,6.0,Thursday,observed,2024,air_quality,,
2024-06-07 00:00:00,IND_HR_GGN_02,Sector 51 IMD,Sector 51,28.4283,77.0722,82.7,157.1,28.5,8.6,0.98,41.8,175.0,Moderate,6.0,Friday,observed,2024,air_quality,,
2024-06-08 00:00:00,IND_HR_GGN_02,Sector 51 IMD,Sector 51,28.4283,77.0722,112.3,220.1,56.1,15.0,1.13,62.6,274.0,Poor,6.0,Saturday,observed,2024,air_quality,,
2024-06-09 00:00:00,IND_HR_GGN_02,Sector 51 IMD,Sector 51,28.4283,77.0722,100.3,147.3,64.3,10.7,1.42,61.0,234.0,Poor,6.0,Sunday,observed,2024,air_quality,,
2024-06-10 00:00:00,IND_HR_GGN_02,Sector 51 IMD,Sector 51,28.4283,77.0722,92.4,182.3,48.5,7.6,1.1,38.9,208.0,Poor,6.0,Monday,observed,2024,air_quality,,
2024-06-11 00:00:00,IND_HR_GGN_02,Sector 51 IMD,Sector 51,28.4283,77.0722,142.9,260.9,67.2,20.6,1.78,38.6,317.0,Very Poor,6.0,Tuesday,observed,2024,air_quality,,
2024-06-12 00:00:00,IND_HR_GGN_02,Sector 51 IMD,Sector 51,28.4283,77.0722,119.6,232.8,63.4,9.8,1.03,29.0,298.0,Poor,6.0,Wednesday,observed,2024,air_quality,,
2024-06-13 00:00:00,IND_HR_GGN_02,Sector 51 IMD,Sector 51,28.4283,77.0722,96.3,180.0,54.1,16.6,1.5,94.3,221.0,Poor,6.0,Thursday,observed,2024,air_quality,,
2024-06-14 00:00:00,IND_HR_GGN_02,Sector 51 IMD,Sector 51,28.4283,77.0722,148.9,291.3,82.0,19.4,2.65,33.5,322.0,Very Poor,6.0,Friday,observed,2024,air_quality,,
2024-06-15 00:00:00,IND_HR_GGN_02,Sector 51 IMD,Sector 51,28.4283,77.0722,159.0,291.3,95.0,18.9,2.66,45.8,330.0,Very Poor,6.0,Saturday,observed,2024,air_quality,,
2024-06-16 00:00:00,IND_HR_GGN_02,Sector 51 IMD,Sector 51,28.4283,77.0722,84.9,121.0,57.4,14.1,1.14,72.7,183.0,Moderate,6.0,Sunday,observed,2024,air_quality,,
2024-06-17 00:00:00,IND_HR_GGN_02,Sector 51 IMD,Sector 51,28.4283,77.0722,110.3,219.5,59.3,13.0,1.74,55.0,267.0,Poor,6.0,Monday,observed,2024,air_quality,,
2024-06-18 00:00:00,IND_HR_GGN_02,Sector 51 IMD,Sector 51,28.4283,77.0722,89.0,173.1,45.0,12.5,0.49,73.2,196.0,Moderate,6.0,Tuesday,observed,2024,air_quality,,
2024-06-19 00:00:00,IND_HR_GGN_02,Sector 51 IMD,Sector 51,28.4283,77.0722,83.4,145.2,61.3,16.9,0.69,59.1,178.0,Moderate,6.0,Wednesday,observed,2024,air_quality,,
2024-06-20 00:00:00,IND_HR_GGN_02,Sector 51 IMD,Sector 51,28.4283,77.0722,79.4,137.0,60.0,11.0,2.44,34.5,164.0,Moderate,6.0,Thursday,observed,2024,air_quality,,
2024-06-21 00:00:00,IND_HR_GGN_02,Sector 51 IMD,Sector 51,28.4283,77.0722,106.9,207.8,41.0,18.7,0.55,32.6,256.0,Poor,6.0,Friday,observed,2024,air_quality,,
2024-06-22 00:00:00,IND_HR_GGN_02,Sector 51 IMD,Sector 51,28.4283,77.0722,65.4,125.9,35.6,8.5,1.07,10.0,118.0,Moderate,6.0,Saturday,observed,2024,air_quality,,
2024-06-23 00:00:00,IND_HR_GGN_02,Sector 51 IMD,Sector 51,28.4283,77.0722,76.9,118.5,26.9,15.3,1.47,44.2,156.0,Moderate,6.0,Sunday,observed,2024,air_quality,,
2024-06-24 00:00:00,IND_HR_GGN_02,Sector 51 IMD,Sector 51,28.4283,77.0722,57.6,108.6,35.7,16.1,1.29,26.4,96.0,Satisfactory,6.0,Monday,observed,2024,air_quality,,
2024-06-25 00:00:00,IND_HR_GGN_02,Sector 51 IMD,Sector 51,28.4283,77.0722,38.2,67.9,25.4,16.7,0.2,67.5,63.0,Satisfactory,6.0,Tuesday,observed,2024,air_quality,,
2024-06-26 00:00:00,IND_HR_GGN_02,Sector 51 IMD,Sector 51,28.4283,77.0722,87.3,164.4,26.9,17.7,1.44,47.0,191.0,Moderate,6.0,Wednesday,observed,2024,air_quality,,
2024-06-27 00:00:00,IND_HR_GGN_02,Sector 51 IMD,Sector 51,28.4283,77.0722,67.7,133.8,55.5,9.0,1.15,30.3,125.0,Moderate,6.0,Thursday,observed,2024,air_quality,,
2024-06-28 00:00:00,IND_HR_GGN_02,Sector 51 IMD,Sector 51,28.4283,77.0722,54.3,93.2,39.2,17.5,0.86,22.1,90.0,Satisfactory,6.0,Friday,observed,2024,air_quality,,
2024-06-29 00:00:00,IND_HR_GGN_02,Sector 51 IMD,Sector 51,28.4283,77.0722,37.8,60.2,25.1,15.9,0.97,46.2,63.0,Satisfactory,6.0,Saturday,observed,2024,air_quality,,
2024-06-30 00:00:00,IND_HR_GGN_02,Sector 51 IMD,Sector 51,28.4283,77.0722,47.3,86.4,37.4,21.5,0.29,29.8,78.0,Satisfactory,6.0,Sunday,observed,2024,air_quality,,
2024-07-01 00:00:00,IND_HR_GGN_02,Sector 51 IMD,Sector 51,28.4283,77.0722,55.0,91.3,30.1,24.8,1.05,42.3,91.0,Satisfactory,7.0,Monday,observed,2024,air_quality,,
2024-07-02 00:00:00,IND_HR_GGN_02,Sector 51 IMD,Sector 51,28.4283,77.0722,40.2,82.2,30.4,10.3,0.55,31.8,67.0,Satisfactory,7.0,Tuesday,observed,2024,air_quality,,
2024-07-03 00:00:00,IND_HR_GGN_02,Sector 51 IMD,Sector 51,28.4283,77.0722,35.8,64.2,44.4,16.5,0.69,30.5,59.0,Satisfactory,7.0,Wednesday,observed,2024,air_quality,,
2024-07-04 00:00:00,IND_HR_GGN_02,Sector 51 IMD,Sector 51,28.4283,77.0722,47.5,68.9,45.0,15.2,0.46,37.5,79.0,Satisfactory,7.0,Thursday,observed,2024,air_quality,,
2024-07-05 00:00:00,IND_HR_GGN_02,Sector 51 IMD,Sector 51,28.4283,77.0722,31.2,47.1,40.4,19.9,0.28,39.5,52.0,Satisfactory,7.0,Friday,observed,2024,air_quality,,
2024-07-06 00:00:00,IND_HR_GGN_02,Sector 51 IMD,Sector 51,28.4283,77.0722,47.4,94.9,24.8,10.2,0.59,23.6,79.0,Satisfactory,7.0,Saturday,observed,2024,air_quality,,
2024-07-07 00:00:00,IND_HR_GGN_02,Sector 51 IMD,Sector 51,28.4283,77.0722,33.3,68.7,29.1,12.9,1.14,79.7,55.0,Satisfactory,7.0,Sunday,observed,2024,air_quality,,
2024-07-08 00:00:00,IND_HR_GGN_02,Sector 51 IMD,Sector 51,28.4283,77.0722,42.9,69.8,36.4,7.0,0.39,63.2,71.0,Satisfactory,7.0,Monday,observed,2024,air_quality,,
2024-07-09 00:00:00,IND_HR_GGN_02,Sector 51 IMD,Sector 51,28.4283,77.0722,60.1,106.4,27.6,4.4,1.15,62.6,100.0,Moderate,7.0,Tuesday,observed,2024,air_quality,,
2024-07-10 00:00:00,IND_HR_GGN_02,Sector 51 IMD,Sector 51,28.4283,77.0722,25.4,51.8,39.1,14.5,0.5,46.7,42.0,Good,7.0,Wednesday,observed,2024,air_quality,,
2024-07-11 00:00:00,IND_HR_GGN_02,Sector 51 IMD,Sector 51,28.4283,77.0722,41.8,67.9,29.4,13.8,0.66,46.5,69.0,Satisfactory,7.0,Thursday,observed,2024,air_quality,,
2024-07-12 00:00:00,IND_HR_GGN_02,Sector 51 IMD,Sector 51,28.4283,77.0722,40.8,83.3,34.5,8.4,0.55,55.2,68.0,Satisfactory,7.0,Friday,observed,2024,air_quality,,
2024-07-13 00:00:00,IND_HR_GGN_02,Sector 51 IMD,Sector 51,28.4283,77.0722,23.8,45.4,23.3,10.2,0.42,12.5,39.0,Good,7.0,Saturday,observed,2024,air_quality,,
2024-07-14 00:00:00,IND_HR_GGN_02,Sector 51 IMD,Sector 51,28.4283,77.0722,51.0,97.2,42.0,13.4,0.33,46.8,85.0,Satisfactory,7.0,Sunday,observed,2024,air_quality,,
2024-07-15 00:00:00,IND_HR_GGN_02,Sector 51 IMD,Sector 51,28.4283,77.0722,34.0,67.3,32.6,14.1,0.81,45.3,56.0,Satisfactory,7.0,Monday,observed,2024,air_quality,,
2024-07-16 00:00:00,IND_HR_GGN_02,Sector 51 IMD,Sector 51,28.4283,77.0722,32.7,55.9,26.8,17.9,1.04,34.2,54.0,Satisfactory,7.0,Tuesday,observed,2024,air_quality,,
2024-07-17 00:00:00,IND_HR_GGN_02,Sector 51 IMD,Sector 51,28.4283,77.0722,35.9,56.6,32.7,20.3,0.43,59.6,59.0,Satisfactory,7.0,Wednesday,observed,2024,air_quality,,
2024-07-18 00:00:00,IND_HR_GGN_02,Sector 51 IMD,Sector 51,28.4283,77.0722,42.9,77.4,45.5,5.5,0.76,40.5,71.0,Satisfactory,7.0,Thursday,observed,2024,air_quality,,
2024-07-19 00:00:00,IND_HR_GGN_02,Sector 51 IMD,Sector 51,28.4283,77.0722,29.1,42.8,22.9,24.8,0.2,10.0,48.0,Good,7.0,Friday,observed,2024,air_quality,,
2024-07-20 00:00:00,IND_HR_GGN_02,Sector 51 IMD,Sector 51,28.4283,77.0722,31.1,55.1,35.5,14.2,1.05,49.9,51.0,Satisfactory,7.0,Saturday,observed,2024,air_quality,,
2024-07-21 00:00:00,IND_HR_GGN_02,Sector 51 IMD,Sector 51,28.4283,77.0722,41.0,83.1,45.5,4.7,0.69,40.4,68.0,Satisfactory,7.0,Sunday,observed,2024,air_quality,,
2024-07-22 00:00:00,IND_HR_GGN_02,Sector 51 IMD,Sector 51,28.4283,77.0722,19.7,37.6,28.7,16.8,0.84,44.5,32.0,Good,7.0,Monday,observed,2024,air_quality,,
2024-07-23 00:00:00,IND_HR_GGN_02,Sector 51 IMD,Sector 51,28.4283,77.0722,32.9,63.3,35.4,9.2,0.2,10.2,54.0,Satisfactory,7.0,Tuesday,observed,2024,air_quality,,
2024-07-24 00:00:00,IND_HR_GGN_02,Sector 51 IMD,Sector 51,28.4283,77.0722,46.9,96.0,27.4,11.2,1.25,52.7,78.0,Satisfactory,7.0,Wednesday,observed,2024,air_quality,,
2024-07-25 00:00:00,IND_HR_GGN_02,Sector 51 IMD,Sector 51,28.4283,77.0722,48.3,70.2,28.6,18.6,0.77,38.0,80.0,Satisfactory,7.0,Thursday,observed,2024,air_quality,,
2024-07-26 00:00:00,IND_HR_GGN_02,Sector 51 IMD,Sector 51,28.4283,77.0722,26.3,54.2,48.8,19.3,0.51,71.0,43.0,Good,7.0,Friday,observed,2024,air_quality,,
2024-07-27 00:00:00,IND_HR_GGN_02,Sector 51 IMD,Sector 51,28.4283,77.0722,43.9,66.6,32.2,14.9,0.68,72.6,73.0,Satisfactory,7.0,Saturday,observed,2024,air_quality,,
2024-07-28 00:00:00,IND_HR_GGN_02,Sector 51 IMD,Sector 51,28.4283,77.0722,37.0,74.0,17.3,12.5,0.64,77.9,61.0,Satisfactory,7.0,Sunday,observed,2024,air_quality,,
2024-07-29 00:00:00,IND_HR_GGN_02,Sector 51 IMD,Sector 51,28.4283,77.0722,46.5,78.8,33.9,13.4,1.54,54.8,77.0,Satisfactory,7.0,Monday,observed,2024,air_quality,,
2024-07-30 00:00:00,IND_HR_GGN_02,Sector 51 IMD,Sector 51,28.4283,77.0722,38.0,65.2,36.4,20.2,1.0,47.9,63.0,Satisfactory,7.0,Tuesday,observed,2024,air_quality,,
2024-07-31 00:00:00,IND_HR_GGN_02,Sector 51 IMD,Sector 51,28.4283,77.0722,42.5,60.8,35.9,11.3,0.92,42.0,70.0,Satisfactory,7.0,Wednesday,observed,2024,air_quality,,
2024-08-01 00:00:00,IND_HR_GGN_02,Sector 51 IMD,Sector 51,28.4283,77.0722,48.0,84.2,18.1,24.3,1.0,38.6,80.0,Satisfactory,8.0,Thursday,observed,2024,air_quality,,
2024-08-02 00:00:00,IND_HR_GGN_02,Sector 51 IMD,Sector 51,28.4283,77.0722,38.7,77.0,27.5,10.5,0.65,76.8,64.0,Satisfactory,8.0,Friday,observed,2024,air_quality,,
2024-08-03 00:00:00,IND_HR_GGN_02,Sector 51 IMD,Sector 51,28.4283,77.0722,37.3,63.1,62.6,8.3,0.72,43.1,62.0,Satisfactory,8.0,Saturday,observed,2024,air_quality,,
2024-08-04 00:00:00,IND_HR_GGN_02,Sector 51 IMD,Sector 51,28.4283,77.0722,44.4,71.1,43.0,15.8,0.46,22.9,74.0,Satisfactory,8.0,Sunday,observed,2024,air_quality,,
2024-08-05 00:00:00,IND_HR_GGN_02,Sector 51 IMD,Sector 51,28.4283,77.0722,19.4,38.2,25.6,10.8,0.58,42.1,32.0,Good,8.0,Monday,observed,2024,air_quality,,
2024-08-06 00:00:00,IND_HR_GGN_02,Sector 51 IMD,Sector 51,28.4283,77.0722,51.7,93.5,11.3,7.3,0.92,20.6,86.0,Satisfactory,8.0,Tuesday,observed,2024,air_quality,,
2024-08-07 00:00:00,IND_HR_GGN_02,Sector 51 IMD,Sector 51,28.4283,77.0722,55.9,100.3,42.1,14.8,1.45,14.0,93.0,Satisfactory,8.0,Wednesday,observed,2024,air_quality,,
2024-08-08 00:00:00,IND_HR_GGN_02,Sector 51 IMD,Sector 51,28.4283,77.0722,12.0,16.8,30.0,13.3,0.59,45.8,20.0,Good,8.0,Thursday,observed,2024,air_quality,,
2024-08-09 00:00:00,IND_HR_GGN_02,Sector 51 IMD,Sector 51,28.4283,77.0722,37.9,54.0,18.8,19.4,0.95,36.7,63.0,Satisfactory,8.0,Friday,observed,2024,air_quality,,
2024-08-10 00:00:00,IND_HR_GGN_02,Sector 51 IMD,Sector 51,28.4283,77.0722,41.1,64.7,48.0,17.7,0.56,17.0,68.0,Satisfactory,8.0,Saturday,observed,2024,air_quality,,
2024-08-11 00:00:00,IND_HR_GGN_02,Sector 51 IMD,Sector 51,28.4283,77.0722,62.4,99.4,51.7,8.6,1.31,36.3,108.0,Moderate,8.0,Sunday,observed,2024,air_quality,,
2024-08-12 00:00:00,IND_HR_GGN_02,Sector 51 IMD,Sector 51,28.4283,77.0722,62.0,124.6,24.1,14.9,1.19,51.8,106.0,Moderate,8.0,Monday,observed,2024,air_quality,,
2024-08-13 00:00:00,IND_HR_GGN_02,Sector 51 IMD,Sector 51,28.4283,77.0722,39.2,71.4,12.7,17.6,0.92,10.0,65.0,Satisfactory,8.0,Tuesday,observed,2024,air_quality,,
2024-08-14 00:00:00,IND_HR_GGN_02,Sector 51 IMD,Sector 51,28.4283,77.0722,45.0,69.2,47.3,24.9,0.66,13.6,75.0,Satisfactory,8.0,Wednesday,observed,2024,air_quality,,
2024-08-15 00:00:00,IND_HR_GGN_02,Sector 51 IMD,Sector 51,28.4283,77.0722,48.2,83.7,52.8,18.5,0.42,30.6,80.0,Satisfactory,8.0,Thursday,observed,2024,air_quality,,
2024-08-16 00:00:00,IND_HR_GGN_02,Sector 51 IMD,Sector 51,28.4283,77.0722,67.3,105.5,36.0,8.9,1.12,47.3,124.0,Moderate,8.0,Friday,observed,2024,air_quality,,
2024-08-17 00:00:00,IND_HR_GGN_02,Sector 51 IMD,Sector 51,28.4283,77.0722,62.2,94.5,10.1,11.1,1.65,39.2,107.0,Moderate,8.0,Saturday,observed,2024,air_quality,,
2024-08-18 00:00:00,IND_HR_GGN_02,Sector 51 IMD,Sector 51,28.4283,77.0722,63.9,89.9,47.1,19.7,0.92,43.6,113.0,Moderate,8.0,Sunday,observed,2024,air_quality,,
2024-08-19 00:00:00,IND_HR_GGN_02,Sector 51 IMD,Sector 51,28.4283,77.0722,39.0,76.0,52.6,16.1,0.92,40.8,65.0,Satisfactory,8.0,Monday,observed,2024,air_quality,,
2024-08-20 00:00:00,IND_HR_GGN_02,Sector 51 IMD,Sector 51,28.4283,77.0722,27.8,45.1,35.9,14.0,0.59,64.8,46.0,Good,8.0,Tuesday,observed,2024,air_quality,,
2024-08-21 00:00:00,IND_HR_GGN_02,Sector 51 IMD,Sector 51,28.4283,77.0722,43.7,79.9,22.6,18.9,0.29,46.8,72.0,Satisfactory,8.0,Wednesday,observed,2024,air_quality,,
2024-08-22 00:00:00,IND_HR_GGN_02,Sector 51 IMD,Sector 51,28.4283,77.0722,27.1,55.0,45.7,13.2,0.71,35.3,45.0,Good,8.0,Thursday,observed,2024,air_quality,,
2024-08-23 00:00:00,IND_HR_GGN_02,Sector 51 IMD,Sector 51,28.4283,77.0722,34.8,56.3,41.2,21.5,1.16,41.7,57.0,Satisfactory,8.0,Friday,observed,2024,air_quality,,
2024-08-24 00:00:00,IND_HR_GGN_02,Sector 51 IMD,Sector 51,28.4283,77.0722,38.2,70.5,28.1,16.7,0.97,48.3,63.0,Satisfactory,8.0,Saturday,observed,2024,air_quality,,
2024-08-25 00:00:00,IND_HR_GGN_02,Sector 51 IMD,Sector 51,28.4283,77.0722,36.4,72.6,23.0,7.0,0.49,32.4,60.0,Satisfactory,8.0,Sunday,observed,2024,air_quality,,
2024-08-26 00:00:00,IND_HR_GGN_02,Sector 51 IMD,Sector 51,28.4283,77.0722,58.0,109.9,41.8,8.8,1.6,55.6,96.0,Satisfactory,8.0,Monday,observed,2024,air_quality,,
2024-08-27 00:00:00,IND_HR_GGN_02,Sector 51 IMD,Sector 51,28.4283,77.0722,41.0,72.7,30.2,15.0,1.49,52.2,68.0,Satisfactory,8.0,Tuesday,observed,2024,air_quality,,
2024-08-28 00:00:00,IND_HR_GGN_02,Sector 51 IMD,Sector 51,28.4283,77.0722,42.1,76.3,37.2,15.3,0.91,56.0,70.0,Satisfactory,8.0,Wednesday,observed,2024,air_quality,,
2024-08-29 00:00:00,IND_HR_GGN_02,Sector 51 IMD,Sector 51,28.4283,77.0722,28.3,56.2,31.3,25.4,0.73,62.2,47.0,Good,8.0,Thursday,observed,2024,air_quality,,
2024-08-30 00:00:00,IND_HR_GGN_02,Sector 51 IMD,Sector 51,28.4283,77.0722,54.4,101.1,45.9,17.4,0.84,63.6,90.0,Satisfactory,8.0,Friday,observed,2024,air_quality,,
2024-08-31 00:00:00,IND_HR_GGN_02,Sector 51 IMD,Sector 51,28.4283,77.0722,40.9,63.3,28.7,16.2,0.99,29.6,68.0,Satisfactory,8.0,Saturday,observed,2024,air_quality,,
2024-09-01 00:00:00,IND_HR_GGN_02,Sector 51 IMD,Sector 51,28.4283,77.0722,51.2,94.4,17.4,15.1,0.95,63.4,85.0,Satisfactory,9.0,Sunday,observed,2024,air_quality,,
2024-09-02 00:00:00,IND_HR_GGN_02,Sector 51 IMD,Sector 51,28.4283,77.0722,30.6,47.7,22.3,9.2,0.5,65.3,51.0,Satisfactory,9.0,Monday,observed,2024,air_quality,,
2024-09-03 00:00:00,IND_HR_GGN_02,Sector 51 IMD,Sector 51,28.4283,77.0722,25.7,53.2,23.9,9.1,0.33,10.0,42.0,Good,9.0,Tuesday,observed,2024,air_quality,,
2024-09-04 00:00:00,IND_HR_GGN_02,Sector 51 IMD,Sector 51,28.4283,77.0722,29.4,52.7,26.8,6.4,0.2,44.3,49.0,Good,9.0,Wednesday,observed,2024,air_quality,,
2024-09-05 00:00:00,IND_HR_GGN_02,Sector 51 IMD,Sector 51,28.4283,77.0722,50.8,84.9,32.4,6.2,0.42,33.6,84.0,Satisfactory,9.0,Thursday,observed,2024,air_quality,,
2024-09-06 00:00:00,IND_HR_GGN_02,Sector 51 IMD,Sector 51,28.4283,77.0722,25.9,46.5,24.1,5.9,0.44,53.4,43.0,Good,9.0,Friday,observed,2024,air_quality,,
2024-09-07 00:00:00,IND_HR_GGN_02,Sector 51 IMD,Sector 51,28.4283,77.0722,53.8,112.8,49.0,11.7,0.91,22.8,89.0,Satisfactory,9.0,Saturday,observed,2024,air_quality,,
2024-09-08 00:00:00,IND_HR_GGN_02,Sector 51 IMD,Sector 51,28.4283,77.0722,45.4,64.7,45.2,17.2,1.45,30.7,75.0,Satisfactory,9.0,Sunday,observed,2024,air_quality,,
2024-09-09 00:00:00,IND_HR_GGN_02,Sector 51 IMD,Sector 51,28.4283,77.0722,35.3,59.1,26.7,15.4,0.35,48.8,58.0,Satisfactory,9.0,Monday,observed,2024,air_quality,,
2024-09-10 00:00:00,IND_HR_GGN_02,Sector 51 IMD,Sector 51,28.4283,77.0722,35.2,65.7,25.7,13.7,0.4,18.5,58.0,Satisfactory,9.0,Tuesday,observed,2024,air_quality,,
2024-09-11 00:00:00,IND_HR_GGN_02,Sector 51 IMD,Sector 51,28.4283,77.0722,13.4,27.6,36.5,14.7,0.36,38.2,22.0,Good,9.0,Wednesday,observed,2024,air_quality,,
2024-09-12 00:00:00,IND_HR_GGN_02,Sector 51 IMD,Sector 51,28.4283,77.0722,40.4,82.9,25.9,15.0,0.62,73.1,67.0,Satisfactory,9.0,Thursday,observed,2024,air_quality,,
2024-09-13 00:00:00,IND_HR_GGN_02,Sector 51 IMD,Sector 51,28.4283,77.0722,49.2,76.3,28.3,10.6,0.72,32.5,82.0,Satisfactory,9.0,Friday,observed,2024,air_quality,,
2024-09-14 00:00:00,IND_HR_GGN_02,Sector 51 IMD,Sector 51,28.4283,77.0722,47.0,96.1,37.2,12.8,0.78,41.9,78.0,Satisfactory,9.0,Saturday,observed,2024,air_quality,,
2024-09-15 00:00:00,IND_HR_GGN_02,Sector 51 IMD,Sector 51,28.4283,77.0722,40.8,85.1,45.6,14.5,1.44,27.4,68.0,Satisfactory,9.0,Sunday,observed,2024,air_quality,,
2024-09-16 00:00:00,IND_HR_GGN_02,Sector 51 IMD,Sector 51,28.4283,77.0722,18.7,36.2,29.8,13.2,0.43,42.1,31.0,Good,9.0,Monday,observed,2024,air_quality,,
2024-09-17 00:00:00,IND_HR_GGN_02,Sector 51 IMD,Sector 51,28.4283,77.0722,98.7,143.5,48.0,13.1,0.91,33.7,229.0,Poor,9.0,Tuesday,observed,2024,air_quality,,
2024-09-18 00:00:00,IND_HR_GGN_02,Sector 51 IMD,Sector 51,28.4283,77.0722,96.0,143.5,71.6,5.0,1.05,55.7,220.0,Poor,9.0,Wednesday,observed,2024,air_quality,,
2024-09-19 00:00:00,IND_HR_GGN_02,Sector 51 IMD,Sector 51,28.4283,77.0722,40.7,82.6,32.6,18.4,0.9,10.0,67.0,Satisfactory,9.0,Thursday,observed,2024,air_quality,,
2024-09-20 00:00:00,IND_HR_GGN_02,Sector 51 IMD,Sector 51,28.4283,77.0722,62.7,113.2,40.8,7.5,1.89,52.5,109.0,Moderate,9.0,Friday,observed,2024,air_quality,,
2024-09-21 00:00:00,IND_HR_GGN_02,Sector 51 IMD,Sector 51,28.4283,77.0722,74.5,135.6,35.7,16.6,0.8,32.5,148.0,Moderate,9.0,Saturday,observed,2024,air_quality,,
2024-09-22 00:00:00,IND_HR_GGN_02,Sector 51 IMD,Sector 51,28.4283,77.0722,54.9,108.0,22.4,20.8,0.6,32.4,91.0,Satisfactory,9.0,Sunday,observed,2024,air_quality,,
2024-09-23 00:00:00,IND_HR_GGN_02,Sector 51 IMD,Sector 51,28.4283,77.0722,68.0,109.3,50.0,11.2,0.58,48.9,126.0,Moderate,9.0,Monday,observed,2024,air_quality,,
2024-09-24 00:00:00,IND_HR_GGN_02,Sector 51 IMD,Sector 51,28.4283,77.0722,50.1,77.1,42.1,22.5,1.21,61.4,83.0,Satisfactory,9.0,Tuesday,observed,2024,air_quality,,
2024-09-25 00:00:00,IND_HR_GGN_02,Sector 51 IMD,Sector 51,28.4283,77.0722,63.0,125.1,44.2,17.6,1.28,29.1,110.0,Moderate,9.0,Wednesday,observed,2024,air_quality,,
2024-09-26 00:00:00,IND_HR_GGN_02,Sector 51 IMD,Sector 51,28.4283,77.0722,73.2,134.7,38.4,14.5,1.4,69.2,144.0,Moderate,9.0,Thursday,observed,2024,air_quality,,
2024-09-27 00:00:00,IND_HR_GGN_02,Sector 51 IMD,Sector 51,28.4283,77.0722,79.7,148.5,49.4,24.3,1.6,75.5,165.0,Moderate,9.0,Friday,observed,2024,air_quality,,
2024-09-28 00:00:00,IND_HR_GGN_02,Sector 51 IMD,Sector 51,28.4283,77.0722,78.7,122.4,78.7,9.4,1.88,44.7,162.0,Moderate,9.0,Saturday,observed,2024,air_quality,,
2024-09-29 00:00:00,IND_HR_GGN_02,Sector 51 IMD,Sector 51,28.4283,77.0722,50.9,97.0,25.9,16.2,0.72,36.4,84.0,Satisfactory,9.0,Sunday,observed,2024,air_quality,,
2024-09-30 00:00:00,IND_HR_GGN_02,Sector 51 IMD,Sector 51,28.4283,77.0722,73.3,129.5,39.4,17.5,1.86,31.6,144.0,Moderate,9.0,Monday,observed,2024,air_quality,,
2024-10-01 00:00:00,IND_HR_GGN_02,Sector 51 IMD,Sector 51,28.4283,77.0722,113.5,196.2,62.4,16.9,1.85,43.8,278.0,Poor,10.0,Tuesday,observed,2024,air_quality,,
2024-10-02 00:00:00,IND_HR_GGN_02,Sector 51 IMD,Sector 51,28.4283,77.0722,56.5,81.0,59.9,17.5,0.86,33.9,94.0,Satisfactory,10.0,Wednesday,observed,2024,air_quality,,
2024-10-03 00:00:00,IND_HR_GGN_02,Sector 51 IMD,Sector 51,28.4283,77.0722,99.8,152.7,56.4,20.5,0.34,48.8,232.0,Poor,10.0,Thursday,observed,2024,air_quality,,
2024-10-04 00:00:00,IND_HR_GGN_02,Sector 51 IMD,Sector 51,28.4283,77.0722,93.6,180.2,57.0,6.1,1.94,45.3,211.0,Poor,10.0,Friday,observed,2024,air_quality,,
2024-10-05 00:00:00,IND_HR_GGN_02,Sector 51 IMD,Sector 51,28.4283,77.0722,99.2,200.7,65.0,7.8,1.25,51.7,230.0,Poor,10.0,Saturday,observed,2024,air_quality,,
2024-10-06 00:00:00,IND_HR_GGN_02,Sector 51 IMD,Sector 51,28.4283,77.0722,74.5,127.1,52.3,10.9,1.47,25.4,148.0,Moderate,10.0,Sunday,observed,2024,air_quality,,
2024-10-07 00:00:00,IND_HR_GGN_02,Sector 51 IMD,Sector 51,28.4283,77.0722,98.0,177.9,55.1,14.8,2.3,34.2,226.0,Poor,10.0,Monday,observed,2024,air_quality,,
2024-10-08 00:00:00,IND_HR_GGN_02,Sector 51 IMD,Sector 51,28.4283,77.0722,37.5,66.2,39.3,12.5,0.47,40.6,62.0,Satisfactory,10.0,Tuesday,observed,2024,air_quality,,
2024-10-09 00:00:00,IND_HR_GGN_02,Sector 51 IMD,Sector 51,28.4283,77.0722,61.3,104.8,45.7,13.3,0.51,33.2,104.0,Moderate,10.0,Wednesday,observed,2024,air_quality,,
2024-10-10 00:00:00,IND_HR_GGN_02,Sector 51 IMD,Sector 51,28.4283,77.0722,86.7,171.4,44.3,8.0,1.81,38.4,189.0,Moderate,10.0,Thursday,observed,2024,air_quality,,
2024-10-11 00:00:00,IND_HR_GGN_02,Sector 51 IMD,Sector 51,28.4283,77.0722,82.4,124.1,45.0,17.4,2.04,29.4,174.0,Moderate,10.0,Friday,observed,2024,air_quality,,
2024-10-12 00:00:00,IND_HR_GGN_02,Sector 51 IMD,Sector 51,28.4283,77.0722,96.1,199.1,47.1,8.5,0.98,42.2,220.0,Poor,10.0,Saturday,observed,2024,air_quality,,
2024-10-13 00:00:00,IND_HR_GGN_02,Sector 51 IMD,Sector 51,28.4283,77.0722,64.6,122.4,48.3,23.1,1.76,39.2,115.0,Moderate,10.0,Sunday,observed,2024,air_quality,,
2024-10-14 00:00:00,IND_HR_GGN_02,Sector 51 IMD,Sector 51,28.4283,77.0722,61.6,102.8,27.3,13.5,0.43,35.7,105.0,Moderate,10.0,Monday,observed,2024,air_quality,,
2024-10-15 00:00:00,IND_HR_GGN_02,Sector 51 IMD,Sector 51,28.4283,77.0722,61.2,90.5,39.6,12.4,0.55,47.7,104.0,Moderate,10.0,Tuesday,observed,2024,air_quality,,
2024-10-16 00:00:00,IND_HR_GGN_02,Sector 51 IMD,Sector 51,28.4283,77.0722,331.7,674.0,167.8,12.9,2.52,44.8,454.0,Severe,10.0,Wednesday,observed,2024,air_quality,,
2024-10-17 00:00:00,IND_HR_GGN_02,Sector 51 IMD,Sector 51,28.4283,77.0722,276.4,432.1,116.1,17.5,5.53,41.6,417.0,Severe,10.0,Thursday,observed,2024,air_quality,,
2024-10-18 00:00:00,IND_HR_GGN_02,Sector 51 IMD,Sector 51,28.4283,77.0722,222.4,323.1,74.5,20.9,3.2,52.3,378.0,Very Poor,10.0,Friday,observed,2024,air_quality,,
2024-10-19 00:00:00,IND_HR_GGN_02,Sector 51 IMD,Sector 51,28.4283,77.0722,328.5,610.0,26.0,10.1,3.81,24.1,452.0,Severe,10.0,Saturday,observed,2024,air_quality,,
2024-10-20 00:00:00,IND_HR_GGN_02,Sector 51 IMD,Sector 51,28.4283,77.0722,260.8,498.6,76.5,16.1,0.2,48.8,407.0,Severe,10.0,Sunday,observed,2024,air_quality,,
2024-10-21 00:00:00,IND_HR_GGN_02,Sector 51 IMD,Sector 51,28.4283,77.0722,318.9,474.9,39.5,17.4,4.41,23.5,445.0,Severe,10.0,Monday,observed,2024,air_quality,,
2024-10-22 00:00:00,IND_HR_GGN_02,Sector 51 IMD,Sector 51,28.4283,77.0722,338.6,613.1,101.8,12.6,2.55,30.8,459.0,Severe,10.0,Tuesday,observed,2024,air_quality,,
2024-10-23 00:00:00,IND_HR_GGN_02,Sector 51 IMD,Sector 51,28.4283,77.0722,238.6,467.7,136.0,6.3,2.88,58.3,391.0,Very Poor,10.0,Wednesday,observed,2024,air_quality,,
2024-10-24 00:00:00,IND_HR_GGN_02,Sector 51 IMD,Sector 51,28.4283,77.0722,308.7,526.3,90.9,18.5,3.65,10.0,439.0,Severe,10.0,Thursday,observed,2024,air_quality,,
2024-10-25 00:00:00,IND_HR_GGN_02,Sector 51 IMD,Sector 51,28.4283,77.0722,256.5,489.7,104.2,18.0,2.72,23.0,404.0,Severe,10.0,Friday,observed,2024,air_quality,,
2024-10-26 00:00:00,IND_HR_GGN_02,Sector 51 IMD,Sector 51,28.4283,77.0722,169.7,258.4,58.5,15.9,0.64,31.7,338.0,Very Poor,10.0,Saturday,observed,2024,air_quality,,
2024-10-27 00:00:00,IND_HR_GGN_02,Sector 51 IMD,Sector 51,28.4283,77.0722,230.1,341.0,87.0,17.0,1.47,26.7,384.0,Very Poor,10.0,Sunday,observed,2024,air_quality,,
2024-10-28 00:00:00,IND_HR_GGN_02,Sector 51 IMD,Sector 51,28.4283,77.0722,262.6,507.0,14.4,9.4,1.67,22.7,408.0,Severe,10.0,Monday,observed,2024,air_quality,,
2024-10-29 00:00:00,IND_HR_GGN_02,Sector 51 IMD,Sector 51,28.4283,77.0722,284.4,492.4,82.2,10.9,4.08,57.0,422.0,Severe,10.0,Tuesday,observed,2024,air_quality,,
2024-10-30 00:00:00,IND_HR_GGN_02,Sector 51 IMD,Sector 51,28.4283,77.0722,235.8,355.6,49.4,14.6,2.03,22.8,389.0,Very Poor,10.0,Wednesday,observed,2024,air_quality,,
2024-10-31 00:00:00,IND_HR_GGN_02,Sector 51 IMD,Sector 51,28.4283,77.0722,398.2,747.0,162.1,12.7,3.25,30.4,498.0,Severe,10.0,Thursday,observed,2024,air_quality,,
2024-11-01 00:00:00,IND_HR_GGN_02,Sector 51 IMD,Sector 51,28.4283,77.0722,440.9,786.8,209.0,19.5,3.01,69.7,500.0,Severe,11.0,Friday,observed,2024,air_quality,,
2024-11-02 00:00:00,IND_HR_GGN_02,Sector 51 IMD,Sector 51,28.4283,77.0722,496.8,757.5,154.9,16.2,5.53,19.9,500.0,Severe,11.0,Saturday,observed,2024,air_quality,,
2024-11-03 00:00:00,IND_HR_GGN_02,Sector 51 IMD,Sector 51,28.4283,77.0722,518.7,918.6,205.9,15.6,4.99,45.4,500.0,Severe,11.0,Sunday,observed,2024,air_quality,,
2024-11-04 00:00:00,IND_HR_GGN_02,Sector 51 IMD,Sector 51,28.4283,77.0722,494.9,981.1,105.1,17.9,10.25,50.7,500.0,Severe,11.0,Monday,observed,2024,air_quality,,
2024-11-05 00:00:00,IND_HR_GGN_02,Sector 51 IMD,Sector 51,28.4283,77.0722,358.0,547.1,112.7,17.4,2.76,72.2,472.0,Severe,11.0,Tuesday,observed,2024,air_quality,,
2024-11-06 00:00:00,IND_HR_GGN_02,Sector 51 IMD,Sector 51,28.4283,77.0722,372.2,583.6,83.3,8.6,5.37,72.9,481.0,Severe,11.0,Wednesday,observed,2024,air_quality,,
2024-11-07 00:00:00,IND_HR_GGN_02,Sector 51 IMD,Sector 51,28.4283,77.0722,589.4,1161.8,177.8,18.6,5.71,23.8,500.0,Severe,11.0,Thursday,observed,2024,air_quality,,
2024-11-08 00:00:00,IND_HR_GGN_02,Sector 51 IMD,Sector 51,28.4283,77.0722,561.3,1059.3,246.5,13.3,11.4,18.1,500.0,Severe,11.0,Friday,observed,2024,air_quality,,
2024-11-09 00:00:00,IND_HR_GGN_02,Sector 51 IMD,Sector 51,28.4283,77.0722,466.7,730.2,89.3,11.7,2.91,55.4,500.0,Severe,11.0,Saturday,observed,2024,air_quality,,
2024-11-10 00:00:00,IND_HR_GGN_02,Sector 51 IMD,Sector 51,28.4283,77.0722,526.1,939.5,199.4,15.6,3.65,47.5,500.0,Severe,11.0,Sunday,observed,2024,air_quality,,
2024-11-11 00:00:00,IND_HR_GGN_02,Sector 51 IMD,Sector 51,28.4283,77.0722,236.1,441.4,69.5,12.8,0.82,46.2,389.0,Very Poor,11.0,Monday,observed,2024,air_quality,,
2024-11-12 00:00:00,IND_HR_GGN_02,Sector 51 IMD,Sector 51,28.4283,77.0722,296.5,543.5,116.0,13.6,3.98,28.6,431.0,Severe,11.0,Tuesday,observed,2024,air_quality,,
2024-11-13 00:00:00,IND_HR_GGN_02,Sector 51 IMD,Sector 51,28.4283,77.0722,294.1,483.6,115.9,20.6,1.67,39.7,429.0,Severe,11.0,Wednesday,observed,2024,air_quality,,
2024-11-14 00:00:00,IND_HR_GGN_02,Sector 51 IMD,Sector 51,28.4283,77.0722,193.0,272.3,114.6,16.2,1.68,26.2,356.0,Very Poor,11.0,Thursday,observed,2024,air_quality,,
2024-11-15 00:00:00,IND_HR_GGN_02,Sector 51 IMD,Sector 51,28.4283,77.0722,280.8,504.0,74.5,21.2,3.51,53.7,420.0,Severe,11.0,Friday,observed,2024,air_quality,,
2024-11-16 00:00:00,IND_HR_GGN_02,Sector 51 IMD,Sector 51,28.4283,77.0722,280.2,478.9,93.1,13.7,5.91,36.1,420.0,Severe,11.0,Saturday,observed,2024,air_quality,,
2024-11-17 00:00:00,IND_HR_GGN_02,Sector 51 IMD,Sector 51,28.4283,77.0722,293.7,596.8,97.2,7.8,4.55,50.9,429.0,Severe,11.0,Sunday,observed,2024,air_quality,,
2024-11-18 00:00:00,IND_HR_GGN_02,Sector 51 IMD,Sector 51,28.4283,77.0722,194.5,400.4,110.3,15.3,4.09,53.1,357.0,Very Poor,11.0,Monday,observed,2024,air_quality,,
2024-11-19 00:00:00,IND_HR_GGN_02,Sector 51 IMD,Sector 51,28.4283,77.0722,367.3,704.3,202.4,18.1,3.68,48.7,478.0,Severe,11.0,Tuesday,observed,2024,air_quality,,
2024-11-20 00:00:00,IND_HR_GGN_02,Sector 51 IMD,Sector 51,28.4283,77.0722,301.0,578.0,154.4,12.5,3.83,35.3,434.0,Severe,11.0,Wednesday,observed,2024,air_quality,,
2024-11-21 00:00:00,IND_HR_GGN_02,Sector 51 IMD,Sector 51,28.4283,77.0722,391.0,818.7,107.1,7.1,1.99,32.5,494.0,Severe,11.0,Thursday,observed,2024,air_quality,,
2024-11-22 00:00:00,IND_HR_GGN_02,Sector 51 IMD,Sector 51,28.4283,77.0722,243.2,369.1,121.9,14.2,2.22,49.7,394.0,Very Poor,11.0,Friday,observed,2024,air_quality,,
2024-11-23 00:00:00,IND_HR_GGN_02,Sector 51 IMD,Sector 51,28.4283,77.0722,328.1,583.2,128.7,18.3,3.11,32.3,452.0,Severe,11.0,Saturday,observed,2024,air_quality,,
2024-11-24 00:00:00,IND_HR_GGN_02,Sector 51 IMD,Sector 51,28.4283,77.0722,405.3,787.1,173.1,19.3,5.17,50.2,500.0,Severe,11.0,Sunday,observed,2024,air_quality,,
2024-11-25 00:00:00,IND_HR_GGN_02,Sector 51 IMD,Sector 51,28.4283,77.0722,271.9,547.7,112.3,15.6,2.72,40.9,414.0,Severe,11.0,Monday,observed,2024,air_quality,,
2024-11-26 00:00:00,IND_HR_GGN_02,Sector 51 IMD,Sector 51,28.4283,77.0722,348.3,550.4,120.3,22.1,4.32,51.0,465.0,Severe,11.0,Tuesday,observed,2024,air_quality,,
2024-11-27 00:00:00,IND_HR_GGN_02,Sector 51 IMD,Sector 51,28.4283,77.0722,241.4,382.7,77.3,20.5,1.37,45.4,393.0,Very Poor,11.0,Wednesday,observed,2024,air_quality,,
2024-11-28 00:00:00,IND_HR_GGN_02,Sector 51 IMD,Sector 51,28.4283,77.0722,313.0,602.9,125.2,4.1,6.27,42.6,442.0,Severe,11.0,Thursday,observed,2024,air_quality,,
2024-11-29 00:00:00,IND_HR_GGN_02,Sector 51 IMD,Sector 51,28.4283,77.0722,149.4,234.7,72.0,19.7,1.45,35.0,322.0,Very Poor,11.0,Friday,observed,2024,air_quality,,
2024-11-30 00:00:00,IND_HR_GGN_02,Sector 51 IMD,Sector 51,28.4283,77.0722,369.2,744.4,149.8,16.8,4.48,45.4,479.0,Severe,11.0,Saturday,observed,2024,air_quality,,
2024-12-01 00:00:00,IND_HR_GGN_02,Sector 51 IMD,Sector 51,28.4283,77.0722,271.8,430.9,152.4,10.7,4.42,31.2,414.0,Severe,12.0,Sunday,observed,2024,air_quality,,
2024-12-02 00:00:00,IND_HR_GGN_02,Sector 51 IMD,Sector 51,28.4283,77.0722,235.0,432.2,74.1,7.3,3.76,52.6,388.0,Very Poor,12.0,Monday,observed,2024,air_quality,,
2024-12-03 00:00:00,IND_HR_GGN_02,Sector 51 IMD,Sector 51,28.4283,77.0722,312.3,449.9,99.0,13.8,3.82,50.7,441.0,Severe,12.0,Tuesday,observed,2024,air_quality,,
2024-12-04 00:00:00,IND_HR_GGN_02,Sector 51 IMD,Sector 51,28.4283,77.0722,251.6,375.6,56.9,7.2,4.24,38.0,401.0,Severe,12.0,Wednesday,observed,2024,air_quality,,
2024-12-05 00:00:00,IND_HR_GGN_02,Sector 51 IMD,Sector 51,28.4283,77.0722,279.9,586.2,143.0,16.3,4.33,45.7,419.0,Severe,12.0,Thursday,observed,2024,air_quality,,
2024-12-06 00:00:00,IND_HR_GGN_02,Sector 51 IMD,Sector 51,28.4283,77.0722,187.6,290.7,104.9,8.3,3.01,45.6,352.0,Very Poor,12.0,Friday,observed,2024,air_quality,,
2024-12-07 00:00:00,IND_HR_GGN_02,Sector 51 IMD,Sector 51,28.4283,77.0722,239.0,487.9,59.0,10.3,3.22,64.0,391.0,Very Poor,12.0,Saturday,observed,2024,air_quality,,
2024-12-08 00:00:00,IND_HR_GGN_02,Sector 51 IMD,Sector 51,28.4283,77.0722,229.1,427.4,118.3,21.9,1.93,19.4,383.0,Very Poor,12.0,Sunday,observed,2024,air_quality,,
2024-12-09 00:00:00,IND_HR_GGN_02,Sector 51 IMD,Sector 51,28.4283,77.0722,286.6,594.4,94.9,10.5,1.99,46.0,424.0,Severe,12.0,Monday,observed,2024,air_quality,,
2024-12-10 00:00:00,IND_HR_GGN_02,Sector 51 IMD,Sector 51,28.4283,77.0722,366.0,539.3,139.5,17.4,3.86,11.3,477.0,Severe,12.0,Tuesday,observed,2024,air_quality,,
2024-12-11 00:00:00,IND_HR_GGN_02,Sector 51 IMD,Sector 51,28.4283,77.0722,453.9,793.5,160.3,4.0,7.32,48.7,500.0,Severe,12.0,Wednesday,observed,2024,air_quality,,
2024-12-12 00:00:00,IND_HR_GGN_02,Sector 51 IMD,Sector 51,28.4283,77.0722,214.3,418.9,95.1,13.7,2.64,39.6,372.0,Very Poor,12.0,Thursday,observed,2024,air_quality,,
2024-12-13 00:00:00,IND_HR_GGN_02,Sector 51 IMD,Sector 51,28.4283,77.0722,329.8,687.3,156.0,13.2,4.21,21.4,453.0,Severe,12.0,Friday,observed,2024,air_quality,,
2024-12-14 00:00:00,IND_HR_GGN_02,Sector 51 IMD,Sector 51,28.4283,77.0722,168.6,257.4,78.1,13.7,2.58,41.8,337.0,Very Poor,12.0,Saturday,observed,2024,air_quality,,
2024-12-15 00:00:00,IND_HR_GGN_02,Sector 51 IMD,Sector 51,28.4283,77.0722,351.8,546.1,148.3,19.4,3.89,29.7,467.0,Severe,12.0,Sunday,observed,2024,air_quality,,
2024-12-16 00:00:00,IND_HR_GGN_02,Sector 51 IMD,Sector 51,28.4283,77.0722,305.3,498.9,152.9,9.2,3.65,42.5,436.0,Severe,12.0,Monday,observed,2024,air_quality,,
2024-12-17 00:00:00,IND_HR_GGN_02,Sector 51 IMD,Sector 51,28.4283,77.0722,288.6,471.1,76.5,5.8,2.81,70.1,425.0,Severe,12.0,Tuesday,observed,2024,air_quality,,
2024-12-18 00:00:00,IND_HR_GGN_02,Sector 51 IMD,Sector 51,28.4283,77.0722,296.8,544.4,102.4,12.6,5.09,51.2,431.0,Severe,12.0,Wednesday,observed,2024,air_quality,,
2024-12-19 00:00:00,IND_HR_GGN_02,Sector 51 IMD,Sector 51,28.4283,77.0722,332.0,638.2,196.3,18.1,2.3,69.6,454.0,Severe,12.0,Thursday,observed,2024,air_quality,,
2024-12-20 00:00:00,IND_HR_GGN_02,Sector 51 IMD,Sector 51,28.4283,77.0722,215.5,343.1,72.1,16.8,3.84,31.7,373.0,Very Poor,12.0,Friday,observed,2024,air_quality,,
2024-12-21 00:00:00,IND_HR_GGN_02,Sector 51 IMD,Sector 51,28.4283,77.0722,183.2,281.5,71.2,21.1,0.37,55.0,348.0,Very Poor,12.0,Saturday,observed,2024,air_quality,,
2024-12-22 00:00:00,IND_HR_GGN_02,Sector 51 IMD,Sector 51,28.4283,77.0722,252.1,353.6,143.7,11.0,2.53,54.9,401.0,Severe,12.0,Sunday,observed,2024,air_quality,,
2024-12-23 00:00:00,IND_HR_GGN_02,Sector 51 IMD,Sector 51,28.4283,77.0722,309.3,476.7,179.1,8.4,4.62,49.0,439.0,Severe,12.0,Monday,observed,2024,air_quality,,
2024-12-24 00:00:00,IND_HR_GGN_02,Sector 51 IMD,Sector 51,28.4283,77.0722,282.7,490.5,77.1,13.6,1.56,26.2,421.0,Severe,12.0,Tuesday,observed,2024,air_quality,,
2024-12-25 00:00:00,IND_HR_GGN_02,Sector 51 IMD,Sector 51,28.4283,77.0722,233.9,423.6,139.7,23.0,2.71,35.4,387.0,Very Poor,12.0,Wednesday,observed,2024,air_quality,,
2024-12-26 00:00:00,IND_HR_GGN_02,Sector 51 IMD,Sector 51,28.4283,77.0722,360.0,538.0,84.1,12.5,3.21,41.3,473.0,Severe,12.0,Thursday,observed,2024,air_quality,,
2024-12-27 00:00:00,IND_HR_GGN_02,Sector 51 IMD,Sector 51,28.4283,77.0722,309.4,495.5,105.9,8.2,4.1,66.4,439.0,Severe,12.0,Friday,observed,2024,air_quality,,
2024-12-28 00:00:00,IND_HR_GGN_02,Sector 51 IMD,Sector 51,28.4283,77.0722,342.0,569.4,117.6,23.3,3.89,63.1,461.0,Severe,12.0,Saturday,observed,2024,air_quality,,
2024-12-29 00:00:00,IND_HR_GGN_02,Sector 51 IMD,Sector 51,28.4283,77.0722,267.3,386.4,111.2,18.0,3.75,48.4,411.0,Severe,12.0,Sunday,observed,2024,air_quality,,
2024-12-30 00:00:00,IND_HR_GGN_02,Sector 51 IMD,Sector 51,28.4283,77.0722,219.2,448.2,102.5,6.4,3.51,30.1,376.0,Very Poor,12.0,Monday,observed,2024,air_quality,,
2024-12-31 00:00:00,IND_HR_GGN_02,Sector 51 IMD,Sector 51,28.4283,77.0722,173.4,246.3,117.4,14.0,2.69,34.9,341.0,Very Poor,12.0,Tuesday,observed,2024,air_quality,,
2024-01-01 00:00:00,IND_HR_GGN_03,Teri Gram,Gwal Pahari,28.4288,77.1511,257.0,512.6,85.1,11.0,2.15,37.9,404.0,Severe,1.0,Monday,observed,2024,air_quality,,
2024-01-02 00:00:00,IND_HR_GGN_03,Teri Gram,Gwal Pahari,28.4288,77.1511,173.7,257.1,8.5,7.3,1.82,42.4,341.0,Very Poor,1.0,Tuesday,observed,2024,air_quality,,
2024-01-03 00:00:00,IND_HR_GGN_03,Teri Gram,Gwal Pahari,28.4288,77.1511,249.5,515.6,59.0,7.7,1.38,28.2,399.0,Very Poor,1.0,Wednesday,observed,2024,air_quality,,
2024-01-04 00:00:00,IND_HR_GGN_03,Teri Gram,Gwal Pahari,28.4288,77.1511,174.1,278.8,96.1,12.3,2.66,10.0,341.0,Very Poor,1.0,Thursday,observed,2024,air_quality,,
2024-01-05 00:00:00,IND_HR_GGN_03,Teri Gram,Gwal Pahari,28.4288,77.1511,315.7,461.4,80.6,14.4,2.29,39.9,443.0,Severe,1.0,Friday,observed,2024,air_quality,,
2024-01-06 00:00:00,IND_HR_GGN_03,Teri Gram,Gwal Pahari,28.4288,77.1511,179.8,330.8,79.1,16.9,3.7,30.6,346.0,Very Poor,1.0,Saturday,observed,2024,air_quality,,
2024-01-07 00:00:00,IND_HR_GGN_03,Teri Gram,Gwal Pahari,28.4288,77.1511,201.9,284.3,113.6,10.6,1.52,47.4,363.0,Very Poor,1.0,Sunday,observed,2024,air_quality,,
2024-01-08 00:00:00,IND_HR_GGN_03,Teri Gram,Gwal Pahari,28.4288,77.1511,233.9,354.8,143.6,17.4,3.28,52.4,387.0,Very Poor,1.0,Monday,observed,2024,air_quality,,
2024-01-09 00:00:00,IND_HR_GGN_03,Teri Gram,Gwal Pahari,28.4288,77.1511,149.8,249.4,56.0,18.8,2.79,90.9,322.0,Very Poor,1.0,Tuesday,observed,2024,air_quality,,
2024-01-10 00:00:00,IND_HR_GGN_03,Teri Gram,Gwal Pahari,28.4288,77.1511,191.0,380.3,72.9,16.0,2.89,24.2,354.0,Very Poor,1.0,Wednesday,observed,2024,air_quality,,
2024-01-11 00:00:00,IND_HR_GGN_03,Teri Gram,Gwal Pahari,28.4288,77.1511,130.6,262.3,48.0,11.8,1.34,49.9,308.0,Very Poor,1.0,Thursday,observed,2024,air_quality,,
2024-01-12 00:00:00,IND_HR_GGN_03,Teri Gram,Gwal Pahari,28.4288,77.1511,212.2,379.6,108.2,17.6,4.11,18.0,370.0,Very Poor,1.0,Friday,observed,2024,air_quality,,
2024-01-13 00:00:00,IND_HR_GGN_03,Teri Gram,Gwal Pahari,28.4288,77.1511,209.4,414.7,83.5,5.7,3.01,33.2,368.0,Very Poor,1.0,Saturday,observed,2024,air_quality,,
2024-01-14 00:00:00,IND_HR_GGN_03,Teri Gram,Gwal Pahari,28.4288,77.1511,166.1,281.6,52.9,16.3,2.75,27.8,335.0,Very Poor,1.0,Sunday,observed,2024,air_quality,,
2024-01-15 00:00:00,IND_HR_GGN_03,Teri Gram,Gwal Pahari,28.4288,77.1511,232.5,462.3,96.7,19.5,4.16,35.0,386.0,Very Poor,1.0,Monday,observed,2024,air_quality,,
2024-01-16 00:00:00,IND_HR_GGN_03,Teri Gram,Gwal Pahari,28.4288,77.1511,219.8,447.3,104.5,21.4,3.73,34.8,376.0,Very Poor,1.0,Tuesday,observed,2024,air_quality,,
2024-01-17 00:00:00,IND_HR_GGN_03,Teri Gram,Gwal Pahari,28.4288,77.1511,320.4,595.4,179.9,16.2,3.3,51.7,446.0,Severe,1.0,Wednesday,observed,2024,air_quality,,
2024-01-18 00:00:00,IND_HR_GGN_03,Teri Gram,Gwal Pahari,28.4288,77.1511,194.1,343.3,79.7,16.0,1.64,53.6,357.0,Very Poor,1.0,Thursday,observed,2024,air_quality,,
2024-01-19 00:00:00,IND_HR_GGN_03,Teri Gram,Gwal Pahari,28.4288,77.1511,242.5,432.3,158.5,16.5,4.64,47.6,394.0,Very Poor,1.0,Friday,observed,2024,air_quality,,
2024-01-20 00:00:00,IND_HR_GGN_03,Teri Gram,Gwal Pahari,28.4288,77.1511,207.7,306.8,110.2,12.4,1.47,17.3,367.0,Very Poor,1.0,Saturday,observed,2024,air_quality,,
2024-01-21 00:00:00,IND_HR_GGN_03,Teri Gram,Gwal Pahari,28.4288,77.1511,203.1,348.7,73.4,11.3,1.85,25.2,363.0,Very Poor,1.0,Sunday,observed,2024,air_quality,,
2024-01-22 00:00:00,IND_HR_GGN_03,Teri Gram,Gwal Pahari,28.4288,77.1511,153.0,236.1,54.6,7.4,2.64,51.1,325.0,Very Poor,1.0,Monday,observed,2024,air_quality,,
2024-01-23 00:00:00,IND_HR_GGN_03,Teri Gram,Gwal Pahari,28.4288,77.1511,139.2,262.8,48.8,7.7,1.39,37.9,314.0,Very Poor,1.0,Tuesday,observed,2024,air_quality,,
2024-01-24 00:00:00,IND_HR_GGN_03,Teri Gram,Gwal Pahari,28.4288,77.1511,233.0,433.1,26.2,15.4,2.64,55.8,386.0,Very Poor,1.0,Wednesday,observed,2024,air_quality,,
2024-01-25 00:00:00,IND_HR_GGN_03,Teri Gram,Gwal Pahari,28.4288,77.1511,216.0,440.9,72.0,17.9,0.63,35.2,373.0,Very Poor,1.0,Thursday,observed,2024,air_quality,,
2024-01-26 00:00:00,IND_HR_GGN_03,Teri Gram,Gwal Pahari,28.4288,77.1511,115.5,183.0,56.8,5.0,1.13,47.2,285.0,Poor,1.0,Friday,observed,2024,air_quality,,
2024-01-27 00:00:00,IND_HR_GGN_03,Teri Gram,Gwal Pahari,28.4288,77.1511,232.0,452.1,121.6,6.5,1.56,61.2,386.0,Very Poor,1.0,Saturday,observed,2024,air_quality,,
2024-01-28 00:00:00,IND_HR_GGN_03,Teri Gram,Gwal Pahari,28.4288,77.1511,238.4,383.2,135.1,20.9,4.65,15.3,391.0,Very Poor,1.0,Sunday,observed,2024,air_quality,,
2024-01-29 00:00:00,IND_HR_GGN_03,Teri Gram,Gwal Pahari,28.4288,77.1511,206.2,352.8,95.1,9.5,2.31,59.4,366.0,Very Poor,1.0,Monday,observed,2024,air_quality,,
2024-01-30 00:00:00,IND_HR_GGN_03,Teri Gram,Gwal Pahari,28.4288,77.1511,227.7,368.7,77.0,10.4,2.81,36.9,382.0,Very Poor,1.0,Tuesday,observed,2024,air_quality,,
2024-01-31 00:00:00,IND_HR_GGN_03,Teri Gram,Gwal Pahari,28.4288,77.1511,279.5,474.1,105.9,17.7,3.18,37.3,419.0,Severe,1.0,Wednesday,observed,2024,air_quality,,
2024-02-01 00:00:00,IND_HR_GGN_03,Teri Gram,Gwal Pahari,28.4288,77.1511,238.4,447.1,102.0,16.9,3.5,53.0,391.0,Very Poor,2.0,Thursday,observed,2024,air_quality,,
2024-02-02 00:00:00,IND_HR_GGN_03,Teri Gram,Gwal Pahari,28.4288,77.1511,162.3,299.7,59.5,12.2,2.71,55.5,332.0,Very Poor,2.0,Friday,observed,2024,air_quality,,
2024-02-03 00:00:00,IND_HR_GGN_03,Teri Gram,Gwal Pahari,28.4288,77.1511,182.3,330.0,61.0,14.2,2.07,37.8,347.0,Very Poor,2.0,Saturday,observed,2024,air_quality,,
2024-02-04 00:00:00,IND_HR_GGN_03,Teri Gram,Gwal Pahari,28.4288,77.1511,157.8,256.3,73.8,9.4,1.6,40.0,329.0,Very Poor,2.0,Sunday,observed,2024,air_quality,,
2024-02-05 00:00:00,IND_HR_GGN_03,Teri Gram,Gwal Pahari,28.4288,77.1511,294.1,438.6,65.7,5.6,4.3,54.9,429.0,Severe,2.0,Monday,observed,2024,air_quality,,
2024-02-06 00:00:00,IND_HR_GGN_03,Teri Gram,Gwal Pahari,28.4288,77.1511,176.0,304.0,102.8,11.7,1.88,51.5,343.0,Very Poor,2.0,Tuesday,observed,2024,air_quality,,
2024-02-07 00:00:00,IND_HR_GGN_03,Teri Gram,Gwal Pahari,28.4288,77.1511,206.5,392.5,67.7,22.5,3.23,48.3,366.0,Very Poor,2.0,Wednesday,observed,2024,air_quality,,
2024-02-08 00:00:00,IND_HR_GGN_03,Teri Gram,Gwal Pahari,28.4288,77.1511,209.4,420.1,81.6,8.6,0.41,10.0,368.0,Very Poor,2.0,Thursday,observed,2024,air_quality,,
2024-02-09 00:00:00,IND_HR_GGN_03,Teri Gram,Gwal Pahari,28.4288,77.1511,195.4,357.6,93.9,15.6,2.76,31.8,358.0,Very Poor,2.0,Friday,observed,2024,air_quality,,
2024-02-10 00:00:00,IND_HR_GGN_03,Teri Gram,Gwal Pahari,28.4288,77.1511,158.7,256.7,83.5,7.8,1.33,26.4,329.0,Very Poor,2.0,Saturday,observed,2024,air_quality,,
2024-02-11 00:00:00,IND_HR_GGN_03,Teri Gram,Gwal Pahari,28.4288,77.1511,211.2,327.1,101.6,8.1,2.11,25.6,370.0,Very Poor,2.0,Sunday,observed,2024,air_quality,,
2024-02-12 00:00:00,IND_HR_GGN_03,Teri Gram,Gwal Pahari,28.4288,77.1511,174.7,269.2,75.6,13.9,1.96,29.2,342.0,Very Poor,2.0,Monday,observed,2024,air_quality,,
2024-02-13 00:00:00,IND_HR_GGN_03,Teri Gram,Gwal Pahari,28.4288,77.1511,164.4,345.1,86.3,4.0,1.1,59.3,334.0,Very Poor,2.0,Tuesday,observed,2024,air_quality,,
2024-02-14 00:00:00,IND_HR_GGN_03,Teri Gram,Gwal Pahari,28.4288,77.1511,231.1,376.3,87.0,8.7,4.12,30.6,385.0,Very Poor,2.0,Wednesday,observed,2024,air_quality,,
2024-02-15 00:00:00,IND_HR_GGN_03,Teri Gram,Gwal Pahari,28.4288,77.1511,51.7,88.3,33.5,6.9,1.18,39.5,86.0,Satisfactory,2.0,Thursday,observed,2024,air_quality,,
2024-02-16 00:00:00,IND_HR_GGN_03,Teri Gram,Gwal Pahari,28.4288,77.1511,44.5,92.3,28.4,17.1,1.26,16.0,74.0,Satisfactory,2.0,Friday,observed,2024,air_quality,,
2024-02-17 00:00:00,IND_HR_GGN_03,Teri Gram,Gwal Pahari,28.4288,77.1511,49.1,84.5,43.2,16.1,0.48,51.6,81.0,Satisfactory,2.0,Saturday,observed,2024,air_quality,,
2024-02-18 00:00:00,IND_HR_GGN_03,Teri Gram,Gwal Pahari,28.4288,77.1511,67.0,128.1,46.9,12.3,1.44,34.4,123.0,Moderate,2.0,Sunday,observed,2024,air_quality,,
2024-02-19 00:00:00,IND_HR_GGN_03,Teri Gram,Gwal Pahari,28.4288,77.1511,57.0,102.8,19.2,7.0,0.95,49.8,95.0,Satisfactory,2.0,Monday,observed,2024,air_quality,,
2024-02-20 00:00:00,IND_HR_GGN_03,Teri Gram,Gwal Pahari,28.4288,77.1511,45.9,66.9,53.7,4.0,0.65,36.4,76.0,Satisfactory,2.0,Tuesday,observed,2024,air_quality,,
2024-02-21 00:00:00,IND_HR_GGN_03,Teri Gram,Gwal Pahari,28.4288,77.1511,26.9,40.3,29.4,13.3,0.25,30.8,44.0,Good,2.0,Wednesday,observed,2024,air_quality,,
2024-02-22 00:00:00,IND_HR_GGN_03,Teri Gram,Gwal Pahari,28.4288,77.1511,76.4,120.8,42.6,19.1,1.32,51.8,154.0,Moderate,2.0,Thursday,observed,2024,air_quality,,
2024-02-23 00:00:00,IND_HR_GGN_03,Teri Gram,Gwal Pahari,28.4288,77.1511,89.5,139.0,56.1,12.6,0.56,47.0,198.0,Moderate,2.0,Friday,observed,2024,air_quality,,
2024-02-24 00:00:00,IND_HR_GGN_03,Teri Gram,Gwal Pahari,28.4288,77.1511,52.6,108.2,33.4,9.3,1.23,57.9,87.0,Satisfactory,2.0,Saturday,observed,2024,air_quality,,
2024-02-25 00:00:00,IND_HR_GGN_03,Teri Gram,Gwal Pahari,28.4288,77.1511,62.2,89.5,28.3,5.2,1.39,59.7,107.0,Moderate,2.0,Sunday,observed,2024,air_quality,,
2024-02-26 00:00:00,IND_HR_GGN_03,Teri Gram,Gwal Pahari,28.4288,77.1511,69.7,136.2,55.5,15.0,0.91,80.3,132.0,Moderate,2.0,Monday,observed,2024,air_quality,,
2024-02-27 00:00:00,IND_HR_GGN_03,Teri Gram,Gwal Pahari,28.4288,77.1511,46.1,67.9,44.4,8.0,0.85,16.1,76.0,Satisfactory,2.0,Tuesday,observed,2024,air_quality,,
2024-02-28 00:00:00,IND_HR_GGN_03,Teri Gram,Gwal Pahari,28.4288,77.1511,77.8,127.8,39.5,15.2,0.81,19.0,159.0,Moderate,2.0,Wednesday,observed,2024,air_quality,,
2024-02-29 00:00:00,IND_HR_GGN_03,Teri Gram,Gwal Pahari,28.4288,77.1511,73.6,111.0,23.2,15.8,1.18,39.3,145.0,Moderate,2.0,Thursday,observed,2024,air_quality,,
2024-03-01 00:00:00,IND_HR_GGN_03,Teri Gram,Gwal Pahari,28.4288,77.1511,68.5,134.1,19.5,13.8,0.68,55.0,128.0,Moderate,3.0,Friday,observed,2024,air_quality,,
2024-03-02 00:00:00,IND_HR_GGN_03,Teri Gram,Gwal Pahari,28.4288,77.1511,64.5,103.3,33.7,17.5,0.85,48.1,115.0,Moderate,3.0,Saturday,observed,2024,air_quality,,
2024-03-03 00:00:00,IND_HR_GGN_03,Teri Gram,Gwal Pahari,28.4288,77.1511,51.5,86.0,36.3,18.7,0.34,11.3,85.0,Satisfactory,3.0,Sunday,observed,2024,air_quality,,
2024-03-04 00:00:00,IND_HR_GGN_03,Teri Gram,Gwal Pahari,28.4288,77.1511,45.0,90.8,43.4,6.5,0.42,58.1,75.0,Satisfactory,3.0,Monday,observed,2024,air_quality,,
2024-03-05 00:00:00,IND_HR_GGN_03,Teri Gram,Gwal Pahari,28.4288,77.1511,74.2,136.8,59.2,6.0,0.25,34.8,147.0,Moderate,3.0,Tuesday,observed,2024,air_quality,,
2024-03-06 00:00:00,IND_HR_GGN_03,Teri Gram,Gwal Pahari,28.4288,77.1511,53.2,111.6,48.5,19.3,1.39,47.4,88.0,Satisfactory,3.0,Wednesday,observed,2024,air_quality,,
2024-03-07 00:00:00,IND_HR_GGN_03,Teri Gram,Gwal Pahari,28.4288,77.1511,43.1,65.0,30.4,15.8,0.67,10.0,71.0,Satisfactory,3.0,Thursday,observed,2024,air_quality,,
2024-03-08 00:00:00,IND_HR_GGN_03,Teri Gram,Gwal Pahari,28.4288,77.1511,67.3,129.5,58.2,10.0,0.7,39.2,124.0,Moderate,3.0,Friday,observed,2024,air_quality,,
2024-03-09 00:00:00,IND_HR_GGN_03,Teri Gram,Gwal Pahari,28.4288,77.1511,58.8,116.5,32.5,13.1,0.43,63.6,98.0,Satisfactory,3.0,Saturday,observed,2024,air_quality,,
2024-03-10 00:00:00,IND_HR_GGN_03,Teri Gram,Gwal Pahari,28.4288,77.1511,36.1,68.5,27.7,12.6,0.69,44.0,60.0,Satisfactory,3.0,Sunday,observed,2024,air_quality,,
2024-03-11 00:00:00,IND_HR_GGN_03,Teri Gram,Gwal Pahari,28.4288,77.1511,51.9,83.2,40.4,7.8,0.75,39.1,86.0,Satisfactory,3.0,Monday,observed,2024,air_quality,,
2024-03-12 00:00:00,IND_HR_GGN_03,Teri Gram,Gwal Pahari,28.4288,77.1511,68.4,136.6,34.4,14.5,1.51,60.9,128.0,Moderate,3.0,Tuesday,observed,2024,air_quality,,
2024-03-13 00:00:00,IND_HR_GGN_03,Teri Gram,Gwal Pahari,28.4288,77.1511,75.2,108.1,46.2,13.8,2.08,51.2,150.0,Moderate,3.0,Wednesday,observed,2024,air_quality,,
2024-03-14 00:00:00,IND_HR_GGN_03,Teri Gram,Gwal Pahari,28.4288,77.1511,70.6,131.5,47.0,13.9,1.41,55.5,135.0,Moderate,3.0,Thursday,observed,2024,air_quality,,
2024-03-15 00:00:00,IND_HR_GGN_03,Teri Gram,Gwal Pahari,28.4288,77.1511,81.0,144.7,56.3,12.6,0.81,34.1,170.0,Moderate,3.0,Friday,observed,2024,air_quality,,
2024-03-16 00:00:00,IND_HR_GGN_03,Teri Gram,Gwal Pahari,28.4288,77.1511,65.5,103.8,65.5,12.0,1.3,39.3,118.0,Moderate,3.0,Saturday,observed,2024,air_quality,,
2024-03-17 00:00:00,IND_HR_GGN_03,Teri Gram,Gwal Pahari,28.4288,77.1511,70.7,109.5,36.9,27.9,1.48,24.8,135.0,Moderate,3.0,Sunday,observed,2024,air_quality,,
2024-03-18 00:00:00,IND_HR_GGN_03,Teri Gram,Gwal Pahari,28.4288,77.1511,35.5,58.8,19.7,16.9,1.36,32.0,59.0,Satisfactory,3.0,Monday,observed,2024,air_quality,,
2024-03-19 00:00:00,IND_HR_GGN_03,Teri Gram,Gwal Pahari,28.4288,77.1511,66.5,112.9,59.1,16.7,1.41,37.6,121.0,Moderate,3.0,Tuesday,observed,2024,air_quality,,
2024-03-20 00:00:00,IND_HR_GGN_03,Teri Gram,Gwal Pahari,28.4288,77.1511,69.7,107.3,63.4,18.8,1.27,50.4,132.0,Moderate,3.0,Wednesday,observed,2024,air_quality,,
2024-03-21 00:00:00,IND_HR_GGN_03,Teri Gram,Gwal Pahari,28.4288,77.1511,84.3,160.2,64.2,17.1,0.52,55.3,181.0,Moderate,3.0,Thursday,observed,2024,air_quality,,
2024-03-22 00:00:00,IND_HR_GGN_03,Teri Gram,Gwal Pahari,28.4288,77.1511,61.3,101.5,66.3,20.0,0.6,24.5,104.0,Moderate,3.0,Friday,observed,2024,air_quality,,
2024-03-23 00:00:00,IND_HR_GGN_03,Teri Gram,Gwal Pahari,28.4288,77.1511,64.7,97.0,44.6,11.6,1.42,34.3,115.0,Moderate,3.0,Saturday,observed,2024,air_quality,,
2024-03-24 00:00:00,IND_HR_GGN_03,Teri Gram,Gwal Pahari,28.4288,77.1511,70.2,119.9,25.6,25.0,1.56,31.1,134.0,Moderate,3.0,Sunday,observed,2024,air_quality,,
2024-03-25 00:00:00,IND_HR_GGN_03,Teri Gram,Gwal Pahari,28.4288,77.1511,58.4,105.0,24.1,11.8,1.06,49.8,97.0,Satisfactory,3.0,Monday,observed,2024,air_quality,,
2024-03-26 00:00:00,IND_HR_GGN_03,Teri Gram,Gwal Pahari,28.4288,77.1511,64.4,133.6,18.6,16.2,1.81,27.4,114.0,Moderate,3.0,Tuesday,observed,2024,air_quality,,
2024-03-27 00:00:00,IND_HR_GGN_03,Teri Gram,Gwal Pahari,28.4288,77.1511,40.3,77.6,26.8,12.5,0.38,52.1,67.0,Satisfactory,3.0,Wednesday,observed,2024,air_quality,,
2024-03-28 00:00:00,IND_HR_GGN_03,Teri Gram,Gwal Pahari,28.4288,77.1511,40.1,68.4,46.2,15.2,0.7,32.1,66.0,Satisfactory,3.0,Thursday,observed,2024,air_quality,,
2024-03-29 00:00:00,IND_HR_GGN_03,Teri Gram,Gwal Pahari,28.4288,77.1511,63.3,104.9,59.8,14.9,0.92,12.9,110.0,Moderate,3.0,Friday,observed,2024,air_quality,,
2024-03-30 00:00:00,IND_HR_GGN_03,Teri Gram,Gwal Pahari,28.4288,77.1511,84.8,140.4,47.9,5.9,1.56,34.3,182.0,Moderate,3.0,Saturday,observed,2024,air_quality,,
2024-03-31 00:00:00,IND_HR_GGN_03,Teri Gram,Gwal Pahari,28.4288,77.1511,75.5,135.1,42.3,22.9,1.1,58.4,151.0,Moderate,3.0,Sunday,observed,2024,air_quality,,
2024-04-01 00:00:00,IND_HR_GGN_03,Teri Gram,Gwal Pahari,28.4288,77.1511,54.3,85.3,29.5,16.0,0.2,30.8,90.0,Satisfactory,4.0,Monday,observed,2024,air_quality,,
2024-04-02 00:00:00,IND_HR_GGN_03,Teri Gram,Gwal Pahari,28.4288,77.1511,71.4,132.2,33.7,14.4,1.08,58.5,138.0,Moderate,4.0,Tuesday,observed,2024,air_quality,,
2024-04-03 00:00:00,IND_HR_GGN_03,Teri Gram,Gwal Pahari,28.4288,77.1511,104.8,154.9,42.7,27.1,0.58,32.4,249.0,Poor,4.0,Wednesday,observed,2024,air_quality,,
2024-04-04 00:00:00,IND_HR_GGN_03,Teri Gram,Gwal Pahari,28.4288,77.1511,107.8,215.4,72.3,17.7,2.2,20.5,259.0,Poor,4.0,Thursday,observed,2024,air_quality,,
2024-04-05 00:00:00,IND_HR_GGN_03,Teri Gram,Gwal Pahari,28.4288,77.1511,82.3,154.6,63.3,16.1,0.97,49.0,174.0,Moderate,4.0,Friday,observed,2024,air_quality,,
2024-04-06 00:00:00,IND_HR_GGN_03,Teri Gram,Gwal Pahari,28.4288,77.1511,86.9,164.9,55.1,19.9,0.86,47.4,189.0,Moderate,4.0,Saturday,observed,2024,air_quality,,
2024-04-07 00:00:00,IND_HR_GGN_03,Teri Gram,Gwal Pahari,28.4288,77.1511,106.6,205.2,41.2,13.4,0.67,65.9,255.0,Poor,4.0,Sunday,observed,2024,air_quality,,
2024-04-08 00:00:00,IND_HR_GGN_03,Teri Gram,Gwal Pahari,28.4288,77.1511,108.9,188.2,39.3,14.5,1.51,10.0,263.0,Poor,4.0,Monday,observed,2024,air_quality,,
2024-04-09 00:00:00,IND_HR_GGN_03,Teri Gram,Gwal Pahari,28.4288,77.1511,62.9,130.8,24.0,5.9,1.24,23.0,109.0,Moderate,4.0,Tuesday,observed,2024,air_quality,,
2024-04-10 00:00:00,IND_HR_GGN_03,Teri Gram,Gwal Pahari,28.4288,77.1511,103.0,190.2,60.4,18.7,1.72,22.5,243.0,Poor,4.0,Wednesday,observed,2024,air_quality,,
2024-04-11 00:00:00,IND_HR_GGN_03,Teri Gram,Gwal Pahari,28.4288,77.1511,104.8,183.8,63.1,15.7,0.2,62.8,249.0,Poor,4.0,Thursday,observed,2024,air_quality,,
2024-04-12 00:00:00,IND_HR_GGN_03,Teri Gram,Gwal Pahari,28.4288,77.1511,84.7,130.7,42.1,19.1,0.8,61.3,182.0,Moderate,4.0,Friday,observed,2024,air_quality,,
2024-04-13 00:00:00,IND_HR_GGN_03,Teri Gram,Gwal Pahari,28.4288,77.1511,100.3,179.6,63.1,21.4,1.85,59.9,234.0,Poor,4.0,Saturday,observed,2024,air_quality,,
2024-04-14 00:00:00,IND_HR_GGN_03,Teri Gram,Gwal Pahari,28.4288,77.1511,100.4,200.3,41.5,10.7,1.61,51.7,234.0,Poor,4.0,Sunday,observed,2024,air_quality,,
2024-04-15 00:00:00,IND_HR_GGN_03,Teri Gram,Gwal Pahari,28.4288,77.1511,81.1,162.1,39.8,13.5,1.68,39.1,170.0,Moderate,4.0,Monday,observed,2024,air_quality,,
2024-04-16 00:00:00,IND_HR_GGN_03,Teri Gram,Gwal Pahari,28.4288,77.1511,105.0,150.9,35.5,24.1,1.8,41.8,250.0,Poor,4.0,Tuesday,observed,2024,air_quality,,
2024-04-17 00:00:00,IND_HR_GGN_03,Teri Gram,Gwal Pahari,28.4288,77.1511,110.8,159.7,52.2,26.8,1.09,36.5,269.0,Poor,4.0,Wednesday,observed,2024,air_quality,,
2024-04-18 00:00:00,IND_HR_GGN_03,Teri Gram,Gwal Pahari,28.4288,77.1511,66.6,127.7,39.3,13.0,1.36,35.1,121.0,Moderate,4.0,Thursday,observed,2024,air_quality,,
2024-04-19 00:00:00,IND_HR_GGN_03,Teri Gram,Gwal Pahari,28.4288,77.1511,96.8,157.4,63.0,22.3,1.72,50.7,222.0,Poor,4.0,Friday,observed,2024,air_quality,,
2024-04-20 00:00:00,IND_HR_GGN_03,Teri Gram,Gwal Pahari,28.4288,77.1511,32.1,51.2,45.8,10.0,0.69,56.4,53.0,Satisfactory,4.0,Saturday,observed,2024,air_quality,,
2024-04-21 00:00:00,IND_HR_GGN_03,Teri Gram,Gwal Pahari,28.4288,77.1511,16.1,32.9,26.9,16.4,0.24,51.2,26.0,Good,4.0,Sunday,observed,2024,air_quality,,
2024-04-22 00:00:00,IND_HR_GGN_03,Teri Gram,Gwal Pahari,28.4288,77.1511,75.4,114.5,34.0,22.9,0.67,49.2,151.0,Moderate,4.0,Monday,observed,2024,air_quality,,
2024-04-23 00:00:00,IND_HR_GGN_03,Teri Gram,Gwal Pahari,28.4288,77.1511,62.1,129.1,38.1,10.4,0.92,42.8,107.0,Moderate,4.0,Tuesday,observed,2024,air_quality,,
2024-04-24 00:00:00,IND_HR_GGN_03,Teri Gram,Gwal Pahari,28.4288,77.1511,75.6,138.4,34.6,14.2,0.57,19.7,152.0,Moderate,4.0,Wednesday,observed,2024,air_quality,,
2024-04-25 00:00:00,IND_HR_GGN_03,Teri Gram,Gwal Pahari,28.4288,77.1511,66.6,120.0,64.7,19.0,0.62,26.3,121.0,Moderate,4.0,Thursday,observed,2024,air_quality,,
2024-04-26 00:00:00,IND_HR_GGN_03,Teri Gram,Gwal Pahari,28.4288,77.1511,89.1,169.5,59.1,17.2,1.23,39.6,197.0,Moderate,4.0,Friday,observed,2024,air_quality,,
2024-04-27 00:00:00,IND_HR_GGN_03,Teri Gram,Gwal Pahari,28.4288,77.1511,75.5,108.7,33.3,11.3,1.2,20.4,151.0,Moderate,4.0,Saturday,observed,2024,air_quality,,
2024-04-28 00:00:00,IND_HR_GGN_03,Teri Gram,Gwal Pahari,28.4288,77.1511,93.3,142.3,70.4,7.1,2.25,54.3,211.0,Poor,4.0,Sunday,observed,2024,air_quality,,
2024-04-29 00:00:00,IND_HR_GGN_03,Teri Gram,Gwal Pahari,28.4288,77.1511,47.5,86.0,30.1,16.3,0.23,45.2,79.0,Satisfactory,4.0,Monday,observed,2024,air_quality,,
2024-04-30 00:00:00,IND_HR_GGN_03,Teri Gram,Gwal Pahari,28.4288,77.1511,108.1,214.8,71.5,15.5,1.45,54.4,260.0,Poor,4.0,Tuesday,observed,2024,air_quality,,
2024-05-01 00:00:00,IND_HR_GGN_03,Teri Gram,Gwal Pahari,28.4288,77.1511,77.4,146.6,66.4,9.1,0.67,57.3,158.0,Moderate,5.0,Wednesday,observed,2024,air_quality,,
2024-05-02 00:00:00,IND_HR_GGN_03,Teri Gram,Gwal Pahari,28.4288,77.1511,75.6,151.3,50.2,5.0,2.12,36.3,152.0,Moderate,5.0,Thursday,observed,2024,air_quality,,
2024-05-03 00:00:00,IND_HR_GGN_03,Teri Gram,Gwal Pahari,28.4288,77.1511,79.1,163.2,41.8,19.5,1.55,40.2,163.0,Moderate,5.0,Friday,observed,2024,air_quality,,
2024-05-04 00:00:00,IND_HR_GGN_03,Teri Gram,Gwal Pahari,28.4288,77.1511,94.1,163.0,33.4,11.6,1.45,44.9,213.0,Poor,5.0,Saturday,observed,2024,air_quality,,
2024-05-05 00:00:00,IND_HR_GGN_03,Teri Gram,Gwal Pahari,28.4288,77.1511,96.8,157.7,25.2,14.6,0.68,71.6,222.0,Poor,5.0,Sunday,observed,2024,air_quality,,
2024-05-06 00:00:00,IND_HR_GGN_03,Teri Gram,Gwal Pahari,28.4288,77.1511,84.8,178.1,27.8,19.5,1.25,50.9,182.0,Moderate,5.0,Monday,observed,2024,air_quality,,
2024-05-07 00:00:00,IND_HR_GGN_03,Teri Gram,Gwal Pahari,28.4288,77.1511,52.6,90.3,54.4,17.4,0.84,36.3,87.0,Satisfactory,5.0,Tuesday,observed,2024,air_quality,,
2024-05-08 00:00:00,IND_HR_GGN_03,Teri Gram,Gwal Pahari,28.4288,77.1511,77.6,136.7,40.7,13.1,1.03,44.4,158.0,Moderate,5.0,Wednesday,observed,2024,air_quality,,
2024-05-09 00:00:00,IND_HR_GGN_03,Teri Gram,Gwal Pahari,28.4288,77.1511,99.8,175.5,40.1,12.3,2.07,44.6,232.0,Poor,5.0,Thursday,observed,2024,air_quality,,
2024-05-10 00:00:00,IND_HR_GGN_03,Teri Gram,Gwal Pahari,28.4288,77.1511,109.2,159.6,99.3,7.2,1.86,44.8,264.0,Poor,5.0,Friday,observed,2024,air_quality,,
2024-05-11 00:00:00,IND_HR_GGN_03,Teri Gram,Gwal Pahari,28.4288,77.1511,89.3,172.0,30.8,14.3,1.77,51.4,197.0,Moderate,5.0,Saturday,observed,2024,air_quality,,
2024-05-12 00:00:00,IND_HR_GGN_03,Teri Gram,Gwal Pahari,28.4288,77.1511,69.5,141.3,40.1,12.2,1.03,59.4,131.0,Moderate,5.0,Sunday,observed,2024,air_quality,,
2024-05-13 00:00:00,IND_HR_GGN_03,Teri Gram,Gwal Pahari,28.4288,77.1511,90.5,155.7,33.5,8.7,1.04,32.9,201.0,Poor,5.0,Monday,observed,2024,air_quality,,
2024-05-14 00:00:00,IND_HR_GGN_03,Teri Gram,Gwal Pahari,28.4288,77.1511,97.4,183.8,83.8,27.2,1.64,62.7,224.0,Poor,5.0,Tuesday,observed,2024,air_quality,,
2024-05-15 00:00:00,IND_HR_GGN_03,Teri Gram,Gwal Pahari,28.4288,77.1511,71.1,126.6,36.3,13.0,1.16,42.7,137.0,Moderate,5.0,Wednesday,observed,2024,air_quality,,
2024-05-16 00:00:00,IND_HR_GGN_03,Teri Gram,Gwal Pahari,28.4288,77.1511,60.0,91.9,25.1,13.1,1.38,65.4,100.0,Satisfactory,5.0,Thursday,observed,2024,air_quality,,
2024-05-17 00:00:00,IND_HR_GGN_03,Teri Gram,Gwal Pahari,28.4288,77.1511,86.6,132.7,68.7,14.2,1.18,18.5,188.0,Moderate,5.0,Friday,observed,2024,air_quality,,
2024-05-18 00:00:00,IND_HR_GGN_03,Teri Gram,Gwal Pahari,28.4288,77.1511,74.0,116.6,38.3,10.3,1.34,62.0,146.0,Moderate,5.0,Saturday,observed,2024,air_quality,,
2024-05-19 00:00:00,IND_HR_GGN_03,Teri Gram,Gwal Pahari,28.4288,77.1511,81.1,143.1,51.4,15.8,0.54,21.4,170.0,Moderate,5.0,Sunday,observed,2024,air_quality,,
2024-05-20 00:00:00,IND_HR_GGN_03,Teri Gram,Gwal Pahari,28.4288,77.1511,90.8,132.7,32.8,11.8,3.07,48.7,202.0,Poor,5.0,Monday,observed,2024,air_quality,,
2024-05-21 00:00:00,IND_HR_GGN_03,Teri Gram,Gwal Pahari,28.4288,77.1511,113.0,211.6,84.4,17.8,0.94,10.0,276.0,Poor,5.0,Tuesday,observed,2024,air_quality,,
2024-05-22 00:00:00,IND_HR_GGN_03,Teri Gram,Gwal Pahari,28.4288,77.1511,102.9,190.7,110.5,14.8,1.75,10.0,243.0,Poor,5.0,Wednesday,observed,2024,air_quality,,
2024-05-23 00:00:00,IND_HR_GGN_03,Teri Gram,Gwal Pahari,28.4288,77.1511,102.2,146.9,17.5,21.8,0.77,24.6,240.0,Poor,5.0,Thursday,observed,2024,air_quality,,
2024-05-24 00:00:00,IND_HR_GGN_03,Teri Gram,Gwal Pahari,28.4288,77.1511,120.8,179.5,43.3,9.4,2.83,21.7,300.0,Very Poor,5.0,Friday,observed,2024,air_quality,,
2024-05-25 00:00:00,IND_HR_GGN_03,Teri Gram,Gwal Pahari,28.4288,77.1511,63.3,100.8,69.8,6.2,1.33,51.6,110.0,Moderate,5.0,Saturday,observed,2024,air_quality,,
2024-05-26 00:00:00,IND_HR_GGN_03,Teri Gram,Gwal Pahari,28.4288,77.1511,59.6,116.2,32.5,13.3,1.27,10.0,99.0,Satisfactory,5.0,Sunday,observed,2024,air_quality,,
2024-05-27 00:00:00,IND_HR_GGN_03,Teri Gram,Gwal Pahari,28.4288,77.1511,87.2,165.4,60.1,17.3,0.78,63.3,190.0,Moderate,5.0,Monday,observed,2024,air_quality,,
2024-05-28 00:00:00,IND_HR_GGN_03,Teri Gram,Gwal Pahari,28.4288,77.1511,80.9,125.5,25.4,14.4,1.57,33.6,169.0,Moderate,5.0,Tuesday,observed,2024,air_quality,,
2024-05-29 00:00:00,IND_HR_GGN_03,Teri Gram,Gwal Pahari,28.4288,77.1511,104.5,151.3,69.3,13.7,2.44,10.0,248.0,Poor,5.0,Wednesday,observed,2024,air_quality,,
2024-05-30 00:00:00,IND_HR_GGN_03,Teri Gram,Gwal Pahari,28.4288,77.1511,57.7,115.2,45.4,11.7,0.38,54.0,96.0,Satisfactory,5.0,Thursday,observed,2024,air_quality,,
2024-05-31 00:00:00,IND_HR_GGN_03,Teri Gram,Gwal Pahari,28.4288,77.1511,54.6,81.0,35.7,17.3,1.54,16.9,91.0,Satisfactory,5.0,Friday,observed,2024,air_quality,,
2024-06-01 00:00:00,IND_HR_GGN_03,Teri Gram,Gwal Pahari,28.4288,77.1511,89.1,139.4,42.5,19.8,1.5,54.0,197.0,Moderate,6.0,Saturday,observed,2024,air_quality,,
2024-06-02 00:00:00,IND_HR_GGN_03,Teri Gram,Gwal Pahari,28.4288,77.1511,108.7,222.6,39.6,15.2,0.57,31.7,262.0,Poor,6.0,Sunday,observed,2024,air_quality,,
2024-06-03 00:00:00,IND_HR_GGN_03,Teri Gram,Gwal Pahari,28.4288,77.1511,84.6,142.5,32.2,22.8,1.18,20.1,182.0,Moderate,6.0,Monday,observed,2024,air_quality,,
2024-06-04 00:00:00,IND_HR_GGN_03,Teri Gram,Gwal Pahari,28.4288,77.1511,110.1,188.6,26.0,18.0,0.9,43.3,267.0,Poor,6.0,Tuesday,observed,2024,air_quality,,
2024-06-05 00:00:00,IND_HR_GGN_03,Teri Gram,Gwal Pahari,28.4288,77.1511,60.1,97.2,56.6,9.1,0.81,29.2,100.0,Moderate,6.0,Wednesday,observed,2024,air_quality,,
2024-06-06 00:00:00,IND_HR_GGN_03,Teri Gram,Gwal Pahari,28.4288,77.1511,87.6,150.6,32.5,14.7,1.08,28.7,192.0,Moderate,6.0,Thursday,observed,2024,air_quality,,
2024-06-07 00:00:00,IND_HR_GGN_03,Teri Gram,Gwal Pahari,28.4288,77.1511,66.7,95.6,45.6,8.2,0.2,50.3,122.0,Moderate,6.0,Friday,observed,2024,air_quality,,
2024-06-08 00:00:00,IND_HR_GGN_03,Teri Gram,Gwal Pahari,28.4288,77.1511,75.3,136.8,29.5,20.3,2.09,42.7,151.0,Moderate,6.0,Saturday,observed,2024,air_quality,,
2024-06-09 00:00:00,IND_HR_GGN_03,Teri Gram,Gwal Pahari,28.4288,77.1511,108.7,188.2,39.3,11.2,1.99,74.5,262.0,Poor,6.0,Sunday,observed,2024,air_quality,,
2024-06-10 00:00:00,IND_HR_GGN_03,Teri Gram,Gwal Pahari,28.4288,77.1511,113.5,177.4,59.6,18.8,2.49,23.7,278.0,Poor,6.0,Monday,observed,2024,air_quality,,
2024-06-11 00:00:00,IND_HR_GGN_03,Teri Gram,Gwal Pahari,28.4288,77.1511,66.9,120.0,41.9,17.1,1.42,52.1,123.0,Moderate,6.0,Tuesday,observed,2024,air_quality,,
2024-06-12 00:00:00,IND_HR_GGN_03,Teri Gram,Gwal Pahari,28.4288,77.1511,73.0,151.1,32.7,9.4,1.15,49.4,143.0,Moderate,6.0,Wednesday,observed,2024,air_quality,,
2024-06-13 00:00:00,IND_HR_GGN_03,Teri Gram,Gwal Pahari,28.4288,77.1511,62.7,114.5,41.8,8.4,1.43,43.3,109.0,Moderate,6.0,Thursday,observed,2024,air_quality,,
2024-06-14 00:00:00,IND_HR_GGN_03,Teri Gram,Gwal Pahari,28.4288,77.1511,53.5,96.5,46.0,11.8,1.41,53.7,89.0,Satisfactory,6.0,Friday,observed,2024,air_quality,,
2024-06-15 00:00:00,IND_HR_GGN_03,Teri Gram,Gwal Pahari,28.4288,77.1511,95.7,151.6,45.6,20.0,1.41,61.5,219.0,Poor,6.0,Saturday,observed,2024,air_quality,,
2024-06-16 00:00:00,IND_HR_GGN_03,Teri Gram,Gwal Pahari,28.4288,77.1511,94.2,168.7,36.5,10.6,1.17,61.0,214.0,Poor,6.0,Sunday,observed,2024,air_quality,,
2024-06-17 00:00:00,IND_HR_GGN_03,Teri Gram,Gwal Pahari,28.4288,77.1511,99.9,184.0,40.9,4.3,1.91,62.4,233.0,Poor,6.0,Monday,observed,2024,air_quality,,
2024-06-18 00:00:00,IND_HR_GGN_03,Teri Gram,Gwal Pahari,28.4288,77.1511,65.2,91.5,52.2,9.8,0.47,48.8,117.0,Moderate,6.0,Tuesday,observed,2024,air_quality,,
2024-06-19 00:00:00,IND_HR_GGN_03,Teri Gram,Gwal Pahari,28.4288,77.1511,76.7,116.4,49.3,4.0,0.57,31.2,155.0,Moderate,6.0,Wednesday,observed,2024,air_quality,,
2024-06-20 00:00:00,IND_HR_GGN_03,Teri Gram,Gwal Pahari,28.4288,77.1511,67.5,127.0,22.5,17.5,1.01,50.6,125.0,Moderate,6.0,Thursday,observed,2024,air_quality,,
2024-06-21 00:00:00,IND_HR_GGN_03,Teri Gram,Gwal Pahari,28.4288,77.1511,64.3,111.4,42.3,12.9,1.07,63.2,114.0,Moderate,6.0,Friday,observed,2024,air_quality,,
2024-06-22 00:00:00,IND_HR_GGN_03,Teri Gram,Gwal Pahari,28.4288,77.1511,65.7,108.8,43.0,14.1,1.62,23.5,119.0,Moderate,6.0,Saturday,observed,2024,air_quality,,
2024-06-23 00:00:00,IND_HR_GGN_03,Teri Gram,Gwal Pahari,28.4288,77.1511,57.7,111.0,36.5,20.3,1.11,65.6,96.0,Satisfactory,6.0,Sunday,observed,2024,air_quality,,
2024-06-24 00:00:00,IND_HR_GGN_03,Teri Gram,Gwal Pahari,28.4288,77.1511,63.6,120.1,39.6,12.2,1.26,38.4,112.0,Moderate,6.0,Monday,observed,2024,air_quality,,
2024-06-25 00:00:00,IND_HR_GGN_03,Teri Gram,Gwal Pahari,28.4288,77.1511,70.1,98.6,35.8,11.3,1.29,52.4,133.0,Moderate,6.0,Tuesday,observed,2024,air_quality,,
2024-06-26 00:00:00,IND_HR_GGN_03,Teri Gram,Gwal Pahari,28.4288,77.1511,19.3,32.8,21.8,17.3,0.22,44.8,32.0,Good,6.0,Wednesday,observed,2024,air_quality,,
2024-06-27 00:00:00,IND_HR_GGN_03,Teri Gram,Gwal Pahari,28.4288,77.1511,52.2,91.9,42.6,17.2,0.36,36.6,87.0,Satisfactory,6.0,Thursday,observed,2024,air_quality,,
2024-06-28 00:00:00,IND_HR_GGN_03,Teri Gram,Gwal Pahari,28.4288,77.1511,18.7,26.4,33.3,4.4,0.85,47.4,31.0,Good,6.0,Friday,observed,2024,air_quality,,
2024-06-29 00:00:00,IND_HR_GGN_03,Teri Gram,Gwal Pahari,28.4288,77.1511,38.6,71.5,27.3,19.6,0.78,35.7,64.0,Satisfactory,6.0,Saturday,observed,2024,air_quality,,
2024-06-30 00:00:00,IND_HR_GGN_03,Teri Gram,Gwal Pahari,28.4288,77.1511,33.8,65.6,16.5,14.4,0.67,69.4,56.0,Satisfactory,6.0,Sunday,observed,2024,air_quality,,
2024-07-01 00:00:00,IND_HR_GGN_03,Teri Gram,Gwal Pahari,28.4288,77.1511,17.7,25.3,26.8,6.4,0.62,47.1,29.0,Good,7.0,Monday,observed,2024,air_quality,,
2024-07-02 00:00:00,IND_HR_GGN_03,Teri Gram,Gwal Pahari,28.4288,77.1511,12.0,23.6,8.0,12.0,0.2,79.9,20.0,Good,7.0,Tuesday,observed,2024,air_quality,,
2024-07-03 00:00:00,IND_HR_GGN_03,Teri Gram,Gwal Pahari,28.4288,77.1511,36.2,67.2,27.3,23.4,0.86,38.4,60.0,Satisfactory,7.0,Wednesday,observed,2024,air_quality,,
2024-07-04 00:00:00,IND_HR_GGN_03,Teri Gram,Gwal Pahari,28.4288,77.1511,12.0,22.2,26.9,11.9,0.48,27.0,20.0,Good,7.0,Thursday,observed,2024,air_quality,,
2024-07-05 00:00:00,IND_HR_GGN_03,Teri Gram,Gwal Pahari,28.4288,77.1511,39.5,62.5,28.9,27.3,0.39,62.9,65.0,Satisfactory,7.0,Friday,observed,2024,air_quality,,
2024-07-06 00:00:00,IND_HR_GGN_03,Teri Gram,Gwal Pahari,28.4288,77.1511,13.9,20.1,30.3,6.7,0.57,37.0,23.0,Good,7.0,Saturday,observed,2024,air_quality,,
2024-07-07 00:00:00,IND_HR_GGN_03,Teri Gram,Gwal Pahari,28.4288,77.1511,46.2,72.8,26.0,15.3,0.72,67.0,77.0,Satisfactory,7.0,Sunday,observed,2024,air_quality,,
2024-07-08 00:00:00,IND_HR_GGN_03,Teri Gram,Gwal Pahari,28.4288,77.1511,26.5,44.2,33.1,8.3,0.42,57.5,44.0,Good,7.0,Monday,observed,2024,air_quality,,
2024-07-09 00:00:00,IND_HR_GGN_03,Teri Gram,Gwal Pahari,28.4288,77.1511,47.1,84.7,26.4,18.2,0.54,36.3,78.0,Satisfactory,7.0,Tuesday,observed,2024,air_quality,,
2024-07-10 00:00:00,IND_HR_GGN_03,Teri Gram,Gwal Pahari,28.4288,77.1511,36.8,73.8,35.0,24.1,0.96,42.1,61.0,Satisfactory,7.0,Wednesday,observed,2024,air_quality,,
2024-07-11 00:00:00,IND_HR_GGN_03,Teri Gram,Gwal Pahari,28.4288,77.1511,32.2,64.7,25.8,14.0,0.4,54.6,53.0,Satisfactory,7.0,Thursday,observed,2024,air_quality,,
2024-07-12 00:00:00,IND_HR_GGN_03,Teri Gram,Gwal Pahari,28.4288,77.1511,27.8,48.6,20.2,16.8,0.82,25.3,46.0,Good,7.0,Friday,observed,2024,air_quality,,
2024-07-13 00:00:00,IND_HR_GGN_03,Teri Gram,Gwal Pahari,28.4288,77.1511,13.8,24.9,35.8,14.8,0.7,40.9,23.0,Good,7.0,Saturday,observed,2024,air_quality,,
2024-07-14 00:00:00,IND_HR_GGN_03,Teri Gram,Gwal Pahari,28.4288,77.1511,33.6,54.2,29.5,15.6,1.1,36.8,56.0,Satisfactory,7.0,Sunday,observed,2024,air_quality,,
2024-07-15 00:00:00,IND_HR_GGN_03,Teri Gram,Gwal Pahari,28.4288,77.1511,34.4,65.1,37.1,16.7,1.25,53.2,57.0,Satisfactory,7.0,Monday,observed,2024,air_quality,,
2024-07-16 00:00:00,IND_HR_GGN_03,Teri Gram,Gwal Pahari,28.4288,77.1511,23.8,37.8,23.8,12.1,0.69,49.7,39.0,Good,7.0,Tuesday,observed,2024,air_quality,,
2024-07-17 00:00:00,IND_HR_GGN_03,Teri Gram,Gwal Pahari,28.4288,77.1511,27.4,52.8,27.6,22.5,0.78,70.1,45.0,Good,7.0,Wednesday,observed,2024,air_quality,,
2024-07-18 00:00:00,IND_HR_GGN_03,Teri Gram,Gwal Pahari,28.4288,77.1511,31.1,53.4,24.6,12.4,0.45,43.2,51.0,Satisfactory,7.0,Thursday,observed,2024,air_quality,,
2024-07-19 00:00:00,IND_HR_GGN_03,Teri Gram,Gwal Pahari,28.4288,77.1511,30.7,62.6,40.2,21.0,0.44,24.4,51.0,Satisfactory,7.0,Friday,observed,2024,air_quality,,
2024-07-20 00:00:00,IND_HR_GGN_03,Teri Gram,Gwal Pahari,28.4288,77.1511,39.4,79.7,37.2,17.6,1.32,48.3,65.0,Satisfactory,7.0,Saturday,observed,2024,air_quality,,
2024-07-21 00:00:00,IND_HR_GGN_03,Teri Gram,Gwal Pahari,28.4288,77.1511,50.3,74.1,31.9,19.2,0.83,32.4,83.0,Satisfactory,7.0,Sunday,observed,2024,air_quality,,
2024-07-22 00:00:00,IND_HR_GGN_03,Teri Gram,Gwal Pahari,28.4288,77.1511,19.6,36.2,36.1,8.5,0.61,31.8,32.0,Good,7.0,Monday,observed,2024,air_quality,,
2024-07-23 00:00:00,IND_HR_GGN_03,Teri Gram,Gwal Pahari,28.4288,77.1511,28.0,47.5,24.9,16.4,0.93,48.6,46.0,Good,7.0,Tuesday,observed,2024,air_quality,,
2024-07-24 00:00:00,IND_HR_GGN_03,Teri Gram,Gwal Pahari,28.4288,77.1511,30.9,60.3,39.9,10.7,0.2,73.5,51.0,Satisfactory,7.0,Wednesday,observed,2024,air_quality,,
2024-07-25 00:00:00,IND_HR_GGN_03,Teri Gram,Gwal Pahari,28.4288,77.1511,35.3,66.0,38.5,20.4,0.82,52.4,58.0,Satisfactory,7.0,Thursday,observed,2024,air_quality,,
2024-07-26 00:00:00,IND_HR_GGN_03,Teri Gram,Gwal Pahari,28.4288,77.1511,30.6,58.7,33.1,16.0,0.92,57.5,51.0,Satisfactory,7.0,Friday,observed,2024,air_quality,,
2024-07-27 00:00:00,IND_HR_GGN_03,Teri Gram,Gwal Pahari,28.4288,77.1511,23.9,33.8,38.6,9.3,0.53,24.9,39.0,Good,7.0,Saturday,observed,2024,air_quality,,
2024-07-28 00:00:00,IND_HR_GGN_03,Teri Gram,Gwal Pahari,28.4288,77.1511,25.6,43.3,52.6,14.8,0.42,14.7,42.0,Good,7.0,Sunday,observed,2024,air_quality,,
2024-07-29 00:00:00,IND_HR_GGN_03,Teri Gram,Gwal Pahari,28.4288,77.1511,21.8,44.1,48.7,12.6,0.99,56.0,36.0,Good,7.0,Monday,observed,2024,air_quality,,
2024-07-30 00:00:00,IND_HR_GGN_03,Teri Gram,Gwal Pahari,28.4288,77.1511,38.6,61.3,32.4,20.6,1.13,37.0,64.0,Satisfactory,7.0,Tuesday,observed,2024,air_quality,,
2024-07-31 00:00:00,IND_HR_GGN_03,Teri Gram,Gwal Pahari,28.4288,77.1511,42.6,71.2,33.8,16.7,0.71,34.0,71.0,Satisfactory,7.0,Wednesday,observed,2024,air_quality,,
2024-08-01 00:00:00,IND_HR_GGN_03,Teri Gram,Gwal Pahari,28.4288,77.1511,19.7,37.9,36.5,25.3,0.61,31.4,32.0,Good,8.0,Thursday,observed,2024,air_quality,,
2024-08-02 00:00:00,IND_HR_GGN_03,Teri Gram,Gwal Pahari,28.4288,77.1511,24.5,35.4,34.9,18.2,0.81,33.9,40.0,Good,8.0,Friday,observed,2024,air_quality,,
2024-08-03 00:00:00,IND_HR_GGN_03,Teri Gram,Gwal Pahari,28.4288,77.1511,27.9,53.0,32.5,12.5,0.2,73.2,46.0,Good,8.0,Saturday,observed,2024,air_quality,,
2024-08-04 00:00:00,IND_HR_GGN_03,Teri Gram,Gwal Pahari,28.4288,77.1511,15.9,26.1,29.1,11.3,0.54,46.2,26.0,Good,8.0,Sunday,observed,2024,air_quality,,
2024-08-05 00:00:00,IND_HR_GGN_03,Teri Gram,Gwal Pahari,28.4288,77.1511,17.1,31.4,28.9,21.7,0.85,47.1,28.0,Good,8.0,Monday,observed,2024,air_quality,,
2024-08-06 00:00:00,IND_HR_GGN_03,Teri Gram,Gwal Pahari,28.4288,77.1511,35.7,69.6,21.6,9.4,0.91,31.3,59.0,Satisfactory,8.0,Tuesday,observed,2024,air_quality,,
2024-08-07 00:00:00,IND_HR_GGN_03,Teri Gram,Gwal Pahari,28.4288,77.1511,19.3,28.9,39.6,12.2,0.8,36.2,32.0,Good,8.0,Wednesday,observed,2024,air_quality,,
2024-08-08 00:00:00,IND_HR_GGN_03,Teri Gram,Gwal Pahari,28.4288,77.1511,26.5,54.2,27.2,9.5,0.31,70.0,44.0,Good,8.0,Thursday,observed,2024,air_quality,,
2024-08-09 00:00:00,IND_HR_GGN_03,Teri Gram,Gwal Pahari,28.4288,77.1511,44.1,92.6,34.6,4.0,0.6,14.2,73.0,Satisfactory,8.0,Friday,observed,2024,air_quality,,
2024-08-10 00:00:00,IND_HR_GGN_03,Teri Gram,Gwal Pahari,28.4288,77.1511,17.1,29.6,23.7,4.0,0.51,45.1,28.0,Good,8.0,Saturday,observed,2024,air_quality,,
2024-08-11 00:00:00,IND_HR_GGN_03,Teri Gram,Gwal Pahari,28.4288,77.1511,27.8,53.2,51.7,7.8,0.61,48.0,46.0,Good,8.0,Sunday,observed,2024,air_quality,,
2024-08-12 00:00:00,IND_HR_GGN_03,Teri Gram,Gwal Pahari,28.4288,77.1511,37.9,67.0,15.4,8.6,0.65,67.7,63.0,Satisfactory,8.0,Monday,observed,2024,air_quality,,
2024-08-13 00:00:00,IND_HR_GGN_03,Teri Gram,Gwal Pahari,28.4288,77.1511,27.3,53.7,24.2,17.7,0.74,35.1,45.0,Good,8.0,Tuesday,observed,2024,air_quality,,
2024-08-14 00:00:00,IND_HR_GGN_03,Teri Gram,Gwal Pahari,28.4288,77.1511,23.7,36.7,45.2,20.2,0.97,57.1,39.0,Good,8.0,Wednesday,observed,2024,air_quality,,
2024-08-15 00:00:00,IND_HR_GGN_03,Teri Gram,Gwal Pahari,28.4288,77.1511,21.0,39.7,28.5,12.1,0.52,33.5,35.0,Good,8.0,Thursday,observed,2024,air_quality,,
2024-08-16 00:00:00,IND_HR_GGN_03,Teri Gram,Gwal Pahari,28.4288,77.1511,21.3,36.3,29.9,19.6,0.24,40.0,35.0,Good,8.0,Friday,observed,2024,air_quality,,
2024-08-17 00:00:00,IND_HR_GGN_03,Teri Gram,Gwal Pahari,28.4288,77.1511,24.1,43.2,38.9,6.7,0.2,43.7,40.0,Good,8.0,Saturday,observed,2024,air_quality,,
2024-08-18 00:00:00,IND_HR_GGN_03,Teri Gram,Gwal Pahari,28.4288,77.1511,34.3,48.2,41.5,21.4,0.72,30.4,57.0,Satisfactory,8.0,Sunday,observed,2024,air_quality,,
2024-08-19 00:00:00,IND_HR_GGN_03,Teri Gram,Gwal Pahari,28.4288,77.1511,24.3,44.9,40.6,11.8,0.6,20.6,40.0,Good,8.0,Monday,observed,2024,air_quality,,
2024-08-20 00:00:00,IND_HR_GGN_03,Teri Gram,Gwal Pahari,28.4288,77.1511,31.4,48.3,18.2,16.5,0.73,18.5,52.0,Satisfactory,8.0,Tuesday,observed,2024,air_quality,,
2024-08-21 00:00:00,IND_HR_GGN_03,Teri Gram,Gwal Pahari,28.4288,77.1511,25.6,43.2,27.6,12.5,0.61,10.0,42.0,Good,8.0,Wednesday,observed,2024,air_quality,,
2024-08-22 00:00:00,IND_HR_GGN_03,Teri Gram,Gwal Pahari,28.4288,77.1511,29.2,47.3,17.9,12.0,0.67,68.7,48.0,Good,8.0,Thursday,observed,2024,air_quality,,
2024-08-23 00:00:00,IND_HR_GGN_03,Teri Gram,Gwal Pahari,28.4288,77.1511,21.3,29.8,36.5,14.1,0.7,70.6,35.0,Good,8.0,Friday,observed,2024,air_quality,,
2024-08-24 00:00:00,IND_HR_GGN_03,Teri Gram,Gwal Pahari,28.4288,77.1511,23.7,39.8,24.7,19.0,0.77,32.2,39.0,Good,8.0,Saturday,observed,2024,air_quality,,
2024-08-25 00:00:00,IND_HR_GGN_03,Teri Gram,Gwal Pahari,28.4288,77.1511,29.7,46.0,32.6,12.4,0.95,40.8,49.0,Good,8.0,Sunday,observed,2024,air_quality,,
2024-08-26 00:00:00,IND_HR_GGN_03,Teri Gram,Gwal Pahari,28.4288,77.1511,12.0,24.0,22.7,6.6,0.73,38.7,20.0,Good,8.0,Monday,observed,2024,air_quality,,
2024-08-27 00:00:00,IND_HR_GGN_03,Teri Gram,Gwal Pahari,28.4288,77.1511,40.8,76.9,42.1,8.9,0.85,47.9,68.0,Satisfactory,8.0,Tuesday,observed,2024,air_quality,,
2024-08-28 00:00:00,IND_HR_GGN_03,Teri Gram,Gwal Pahari,28.4288,77.1511,41.4,78.3,27.3,19.2,1.26,10.0,69.0,Satisfactory,8.0,Wednesday,observed,2024,air_quality,,
2024-08-29 00:00:00,IND_HR_GGN_03,Teri Gram,Gwal Pahari,28.4288,77.1511,17.1,33.2,20.7,17.4,0.64,24.7,28.0,Good,8.0,Thursday,observed,2024,air_quality,,
2024-08-30 00:00:00,IND_HR_GGN_03,Teri Gram,Gwal Pahari,28.4288,77.1511,41.2,67.1,48.5,14.5,1.16,30.8,68.0,Satisfactory,8.0,Friday,observed,2024,air_quality,,
2024-08-31 00:00:00,IND_HR_GGN_03,Teri Gram,Gwal Pahari,28.4288,77.1511,19.0,36.6,17.1,8.7,0.7,49.9,31.0,Good,8.0,Saturday,observed,2024,air_quality,,
2024-09-01 00:00:00,IND_HR_GGN_03,Teri Gram,Gwal Pahari,28.4288,77.1511,35.6,69.7,12.3,12.2,0.8,59.7,59.0,Satisfactory,9.0,Sunday,observed,2024,air_quality,,
2024-09-02 00:00:00,IND_HR_GGN_03,Teri Gram,Gwal Pahari,28.4288,77.1511,28.9,60.2,32.6,6.8,0.24,41.5,48.0,Good,9.0,Monday,observed,2024,air_quality,,
2024-09-03 00:00:00,IND_HR_GGN_03,Teri Gram,Gwal Pahari,28.4288,77.1511,24.0,39.7,34.3,10.0,0.54,48.3,40.0,Good,9.0,Tuesday,observed,2024,air_quality,,
2024-09-04 00:00:00,IND_HR_GGN_03,Teri Gram,Gwal Pahari,28.4288,77.1511,57.5,96.2,38.7,13.6,1.25,44.1,95.0,Satisfactory,9.0,Wednesday,observed,2024,air_quality,,
2024-09-05 00:00:00,IND_HR_GGN_03,Teri Gram,Gwal Pahari,28.4288,77.1511,22.1,43.7,18.3,11.9,0.37,56.8,36.0,Good,9.0,Thursday,observed,2024,air_quality,,
2024-09-06 00:00:00,IND_HR_GGN_03,Teri Gram,Gwal Pahari,28.4288,77.1511,22.0,39.4,36.9,13.0,0.64,32.9,36.0,Good,9.0,Friday,observed,2024,air_quality,,
2024-09-07 00:00:00,IND_HR_GGN_03,Teri Gram,Gwal Pahari,28.4288,77.1511,37.6,70.0,28.9,12.5,1.04,69.3,62.0,Satisfactory,9.0,Saturday,observed,2024,air_quality,,
2024-09-08 00:00:00,IND_HR_GGN_03,Teri Gram,Gwal Pahari,28.4288,77.1511,25.1,43.5,29.1,12.0,0.36,52.4,41.0,Good,9.0,Sunday,observed,2024,air_quality,,
2024-09-09 00:00:00,IND_HR_GGN_03,Teri Gram,Gwal Pahari,28.4288,77.1511,31.1,54.7,32.4,13.1,0.92,29.1,51.0,Satisfactory,9.0,Monday,observed,2024,air_quality,,
2024-09-10 00:00:00,IND_HR_GGN_03,Teri Gram,Gwal Pahari,28.4288,77.1511,21.8,42.3,12.4,10.1,0.22,11.5,36.0,Good,9.0,Tuesday,observed,2024,air_quality,,
2024-09-11 00:00:00,IND_HR_GGN_03,Teri Gram,Gwal Pahari,28.4288,77.1511,14.4,24.1,16.8,13.6,0.52,39.3,24.0,Good,9.0,Wednesday,observed,2024,air_quality,,
2024-09-12 00:00:00,IND_HR_GGN_03,Teri Gram,Gwal Pahari,28.4288,77.1511,33.4,61.4,36.6,8.2,0.37,60.1,55.0,Satisfactory,9.0,Thursday,observed,2024,air_quality,,
2024-09-13 00:00:00,IND_HR_GGN_03,Teri Gram,Gwal Pahari,28.4288,77.1511,24.0,39.5,51.4,16.8,0.69,59.1,40.0,Good,9.0,Friday,observed,2024,air_quality,,
2024-09-14 00:00:00,IND_HR_GGN_03,Teri Gram,Gwal Pahari,28.4288,77.1511,45.2,79.6,25.7,4.0,0.93,32.3,75.0,Satisfactory,9.0,Saturday,observed,2024,air_quality,,
2024-09-15 00:00:00,IND_HR_GGN_03,Teri Gram,Gwal Pahari,28.4288,77.1511,26.7,41.1,57.2,19.2,0.47,43.3,44.0,Good,9.0,Sunday,observed,2024,air_quality,,
2024-09-16 00:00:00,IND_HR_GGN_03,Teri Gram,Gwal Pahari,28.4288,77.1511,37.4,77.9,43.0,15.1,0.33,37.4,62.0,Satisfactory,9.0,Monday,observed,2024,air_quality,,
2024-09-17 00:00:00,IND_HR_GGN_03,Teri Gram,Gwal Pahari,28.4288,77.1511,63.1,123.2,29.5,9.1,0.93,47.5,110.0,Moderate,9.0,Tuesday,observed,2024,air_quality,,
2024-09-18 00:00:00,IND_HR_GGN_03,Teri Gram,Gwal Pahari,28.4288,77.1511,37.2,54.1,55.1,10.3,0.3,23.3,62.0,Satisfactory,9.0,Wednesday,observed,2024,air_quality,,
2024-09-19 00:00:00,IND_HR_GGN_03,Teri Gram,Gwal Pahari,28.4288,77.1511,59.4,109.4,16.2,14.7,1.01,73.1,99.0,Satisfactory,9.0,Thursday,observed,2024,air_quality,,
2024-09-20 00:00:00,IND_HR_GGN_03,Teri Gram,Gwal Pahari,28.4288,77.1511,62.2,129.8,43.4,13.3,0.7,16.6,107.0,Moderate,9.0,Friday,observed,2024,air_quality,,
2024-09-21 00:00:00,IND_HR_GGN_03,Teri Gram,Gwal Pahari,28.4288,77.1511,59.6,121.9,38.6,9.8,1.18,26.4,99.0,Satisfactory,9.0,Saturday,observed,2024,air_quality,,
2024-09-22 00:00:00,IND_HR_GGN_03,Teri Gram,Gwal Pahari,28.4288,77.1511,70.3,118.5,48.9,15.4,1.73,23.1,134.0,Moderate,9.0,Sunday,observed,2024,air_quality,,
2024-09-23 00:00:00,IND_HR_GGN_03,Teri Gram,Gwal Pahari,28.4288,77.1511,57.6,112.5,39.4,17.9,0.92,47.1,96.0,Satisfactory,9.0,Monday,observed,2024,air_quality,,
2024-09-24 00:00:00,IND_HR_GGN_03,Teri Gram,Gwal Pahari,28.4288,77.1511,82.7,132.0,55.6,15.9,0.76,62.8,175.0,Moderate,9.0,Tuesday,observed,2024,air_quality,,
2024-09-25 00:00:00,IND_HR_GGN_03,Teri Gram,Gwal Pahari,28.4288,77.1511,60.2,86.2,23.7,15.0,1.51,51.8,100.0,Moderate,9.0,Wednesday,observed,2024,air_quality,,
2024-09-26 00:00:00,IND_HR_GGN_03,Teri Gram,Gwal Pahari,28.4288,77.1511,57.5,97.4,18.5,16.8,1.5,44.5,95.0,Satisfactory,9.0,Thursday,observed,2024,air_quality,,
2024-09-27 00:00:00,IND_HR_GGN_03,Teri Gram,Gwal Pahari,28.4288,77.1511,72.1,140.2,39.1,15.2,1.13,34.5,140.0,Moderate,9.0,Friday,observed,2024,air_quality,,
2024-09-28 00:00:00,IND_HR_GGN_03,Teri Gram,Gwal Pahari,28.4288,77.1511,60.5,113.4,30.2,13.3,0.43,35.6,101.0,Moderate,9.0,Saturday,observed,2024,air_quality,,
2024-09-29 00:00:00,IND_HR_GGN_03,Teri Gram,Gwal Pahari,28.4288,77.1511,53.6,83.5,33.7,15.0,1.41,54.2,89.0,Satisfactory,9.0,Sunday,observed,2024,air_quality,,
2024-09-30 00:00:00,IND_HR_GGN_03,Teri Gram,Gwal Pahari,28.4288,77.1511,54.4,92.5,31.2,14.9,0.2,39.4,90.0,Satisfactory,9.0,Monday,observed,2024,air_quality,,
2024-10-01 00:00:00,IND_HR_GGN_03,Teri Gram,Gwal Pahari,28.4288,77.1511,43.1,82.5,19.4,13.0,0.65,62.2,71.0,Satisfactory,10.0,Tuesday,observed,2024,air_quality,,
2024-10-02 00:00:00,IND_HR_GGN_03,Teri Gram,Gwal Pahari,28.4288,77.1511,30.7,49.2,21.9,7.8,0.78,40.3,51.0,Satisfactory,10.0,Wednesday,observed,2024,air_quality,,
2024-10-03 00:00:00,IND_HR_GGN_03,Teri Gram,Gwal Pahari,28.4288,77.1511,83.5,168.5,45.2,17.0,1.2,22.2,178.0,Moderate,10.0,Thursday,observed,2024,air_quality,,
2024-10-04 00:00:00,IND_HR_GGN_03,Teri Gram,Gwal Pahari,28.4288,77.1511,51.5,85.7,18.7,13.6,0.2,30.5,85.0,Satisfactory,10.0,Friday,observed,2024,air_quality,,
2024-10-05 00:00:00,IND_HR_GGN_03,Teri Gram,Gwal Pahari,28.4288,77.1511,51.4,97.5,44.1,17.9,1.21,40.7,85.0,Satisfactory,10.0,Saturday,observed,2024,air_quality,,
2024-10-06 00:00:00,IND_HR_GGN_03,Teri Gram,Gwal Pahari,28.4288,77.1511,75.0,134.5,36.5,13.8,1.19,23.2,150.0,Moderate,10.0,Sunday,observed,2024,air_quality,,
2024-10-07 00:00:00,IND_HR_GGN_03,Teri Gram,Gwal Pahari,28.4288,77.1511,55.1,83.3,35.8,19.2,1.43,52.5,91.0,Satisfactory,10.0,Monday,observed,2024,air_quality,,
2024-10-08 00:00:00,IND_HR_GGN_03,Teri Gram,Gwal Pahari,28.4288,77.1511,68.5,140.9,42.0,17.5,1.12,21.4,128.0,Moderate,10.0,Tuesday,observed,2024,air_quality,,
2024-10-09 00:00:00,IND_HR_GGN_03,Teri Gram,Gwal Pahari,28.4288,77.1511,62.1,124.3,59.7,11.9,2.15,68.2,107.0,Moderate,10.0,Wednesday,observed,2024,air_quality,,
2024-10-10 00:00:00,IND_HR_GGN_03,Teri Gram,Gwal Pahari,28.4288,77.1511,42.2,87.1,48.9,6.0,0.27,56.7,70.0,Satisfactory,10.0,Thursday,observed,2024,air_quality,,
2024-10-11 00:00:00,IND_HR_GGN_03,Teri Gram,Gwal Pahari,28.4288,77.1511,80.9,169.7,40.0,17.8,0.99,10.0,169.0,Moderate,10.0,Friday,observed,2024,air_quality,,
2024-10-12 00:00:00,IND_HR_GGN_03,Teri Gram,Gwal Pahari,28.4288,77.1511,74.2,155.3,49.9,19.6,0.2,61.4,147.0,Moderate,10.0,Saturday,observed,2024,air_quality,,
2024-10-13 00:00:00,IND_HR_GGN_03,Teri Gram,Gwal Pahari,28.4288,77.1511,91.4,133.7,68.3,19.8,0.48,34.0,204.0,Poor,10.0,Sunday,observed,2024,air_quality,,
2024-10-14 00:00:00,IND_HR_GGN_03,Teri Gram,Gwal Pahari,28.4288,77.1511,42.2,79.5,42.2,8.4,0.2,33.8,70.0,Satisfactory,10.0,Monday,observed,2024,air_quality,,
2024-10-15 00:00:00,IND_HR_GGN_03,Teri Gram,Gwal Pahari,28.4288,77.1511,75.8,119.7,51.6,18.3,1.1,10.0,152.0,Moderate,10.0,Tuesday,observed,2024,air_quality,,
2024-10-16 00:00:00,IND_HR_GGN_03,Teri Gram,Gwal Pahari,28.4288,77.1511,232.9,348.7,34.3,14.7,3.78,61.4,386.0,Very Poor,10.0,Wednesday,observed,2024,air_quality,,
2024-10-17 00:00:00,IND_HR_GGN_03,Teri Gram,Gwal Pahari,28.4288,77.1511,121.5,183.8,60.6,10.0,1.71,33.2,301.0,Very Poor,10.0,Thursday,observed,2024,air_quality,,
2024-10-18 00:00:00,IND_HR_GGN_03,Teri Gram,Gwal Pahari,28.4288,77.1511,206.0,312.2,74.2,18.1,1.52,30.3,366.0,Very Poor,10.0,Friday,observed,2024,air_quality,,
2024-10-19 00:00:00,IND_HR_GGN_03,Teri Gram,Gwal Pahari,28.4288,77.1511,180.1,299.0,66.8,11.4,1.81,53.4,346.0,Very Poor,10.0,Saturday,observed,2024,air_quality,,
2024-10-20 00:00:00,IND_HR_GGN_03,Teri Gram,Gwal Pahari,28.4288,77.1511,177.3,250.2,66.8,16.5,1.46,48.2,344.0,Very Poor,10.0,Sunday,observed,2024,air_quality,,
2024-10-21 00:00:00,IND_HR_GGN_03,Teri Gram,Gwal Pahari,28.4288,77.1511,224.3,360.5,115.2,18.2,2.93,39.2,380.0,Very Poor,10.0,Monday,observed,2024,air_quality,,
2024-10-22 00:00:00,IND_HR_GGN_03,Teri Gram,Gwal Pahari,28.4288,77.1511,158.3,286.2,39.9,14.7,1.54,65.9,329.0,Very Poor,10.0,Tuesday,observed,2024,air_quality,,
2024-10-23 00:00:00,IND_HR_GGN_03,Teri Gram,Gwal Pahari,28.4288,77.1511,276.5,416.3,107.2,17.4,5.38,77.0,417.0,Severe,10.0,Wednesday,observed,2024,air_quality,,
2024-10-24 00:00:00,IND_HR_GGN_03,Teri Gram,Gwal Pahari,28.4288,77.1511,234.6,427.3,94.0,21.9,2.61,30.0,388.0,Very Poor,10.0,Thursday,observed,2024,air_quality,,
2024-10-25 00:00:00,IND_HR_GGN_03,Teri Gram,Gwal Pahari,28.4288,77.1511,178.2,304.3,116.5,5.3,0.22,53.2,344.0,Very Poor,10.0,Friday,observed,2024,air_quality,,
2024-10-26 00:00:00,IND_HR_GGN_03,Teri Gram,Gwal Pahari,28.4288,77.1511,191.1,315.4,90.5,11.8,2.27,50.4,354.0,Very Poor,10.0,Saturday,observed,2024,air_quality,,
2024-10-27 00:00:00,IND_HR_GGN_03,Teri Gram,Gwal Pahari,28.4288,77.1511,189.4,315.0,102.3,21.7,3.44,40.3,353.0,Very Poor,10.0,Sunday,observed,2024,air_quality,,
2024-10-28 00:00:00,IND_HR_GGN_03,Teri Gram,Gwal Pahari,28.4288,77.1511,233.6,329.8,104.6,9.9,2.91,43.0,387.0,Very Poor,10.0,Monday,observed,2024,air_quality,,
2024-10-29 00:00:00,IND_HR_GGN_03,Teri Gram,Gwal Pahari,28.4288,77.1511,208.6,410.0,133.3,19.8,2.6,40.4,368.0,Very Poor,10.0,Tuesday,observed,2024,air_quality,,
2024-10-30 00:00:00,IND_HR_GGN_03,Teri Gram,Gwal Pahari,28.4288,77.1511,161.3,325.4,111.0,13.0,2.5,29.0,331.0,Very Poor,10.0,Wednesday,observed,2024,air_quality,,
2024-10-31 00:00:00,IND_HR_GGN_03,Teri Gram,Gwal Pahari,28.4288,77.1511,461.6,820.5,167.5,14.9,4.51,46.8,500.0,Severe,10.0,Thursday,observed,2024,air_quality,,
2024-11-01 00:00:00,IND_HR_GGN_03,Teri Gram,Gwal Pahari,28.4288,77.1511,381.9,765.4,109.4,17.1,1.87,43.6,487.0,Severe,11.0,Friday,observed,2024,air_quality,,
2024-11-02 00:00:00,IND_HR_GGN_03,Teri Gram,Gwal Pahari,28.4288,77.1511,477.7,771.1,227.7,18.1,3.02,22.8,500.0,Severe,11.0,Saturday,observed,2024,air_quality,,
2024-11-03 00:00:00,IND_HR_GGN_03,Teri Gram,Gwal Pahari,28.4288,77.1511,368.4,628.4,58.7,19.3,5.38,19.3,478.0,Severe,11.0,Sunday,observed,2024,air_quality,,
2024-11-04 00:00:00,IND_HR_GGN_03,Teri Gram,Gwal Pahari,28.4288,77.1511,446.6,814.2,96.3,18.0,6.58,35.7,500.0,Severe,11.0,Monday,observed,2024,air_quality,,
2024-11-05 00:00:00,IND_HR_GGN_03,Teri Gram,Gwal Pahari,28.4288,77.1511,454.3,835.7,182.8,6.8,4.87,47.7,500.0,Severe,11.0,Tuesday,observed,2024,air_quality,,
2024-11-06 00:00:00,IND_HR_GGN_03,Teri Gram,Gwal Pahari,28.4288,77.1511,370.8,654.3,147.7,5.2,4.46,65.5,480.0,Severe,11.0,Wednesday,observed,2024,air_quality,,
2024-11-07 00:00:00,IND_HR_GGN_03,Teri Gram,Gwal Pahari,28.4288,77.1511,378.4,621.8,97.1,15.0,4.19,27.0,485.0,Severe,11.0,Thursday,observed,2024,air_quality,,
2024-11-08 00:00:00,IND_HR_GGN_03,Teri Gram,Gwal Pahari,28.4288,77.1511,513.8,800.7,262.1,7.9,9.09,32.2,500.0,Severe,11.0,Friday,observed,2024,air_quality,,
2024-11-09 00:00:00,IND_HR_GGN_03,Teri Gram,Gwal Pahari,28.4288,77.1511,465.1,669.1,222.3,4.6,4.3,26.1,500.0,Severe,11.0,Saturday,observed,2024,air_quality,,
2024-11-10 00:00:00,IND_HR_GGN_03,Teri Gram,Gwal Pahari,28.4288,77.1511,357.9,740.4,132.5,16.1,2.9,42.6,471.0,Severe,11.0,Sunday,observed,2024,air_quality,,
2024-11-11 00:00:00,IND_HR_GGN_03,Teri Gram,Gwal Pahari,28.4288,77.1511,183.3,274.9,88.3,4.7,1.35,16.1,348.0,Very Poor,11.0,Monday,observed,2024,air_quality,,
2024-11-12 00:00:00,IND_HR_GGN_03,Teri Gram,Gwal Pahari,28.4288,77.1511,238.6,405.6,130.8,16.8,3.08,20.8,391.0,Very Poor,11.0,Tuesday,observed,2024,air_quality,,
2024-11-13 00:00:00,IND_HR_GGN_03,Teri Gram,Gwal Pahari,28.4288,77.1511,200.8,370.2,100.9,18.5,1.78,16.4,362.0,Very Poor,11.0,Wednesday,observed,2024,air_quality,,
2024-11-14 00:00:00,IND_HR_GGN_03,Teri Gram,Gwal Pahari,28.4288,77.1511,264.6,470.9,70.1,17.4,1.47,29.6,409.0,Severe,11.0,Thursday,observed,2024,air_quality,,
2024-11-15 00:00:00,IND_HR_GGN_03,Teri Gram,Gwal Pahari,28.4288,77.1511,197.1,350.2,68.9,18.4,1.93,35.0,359.0,Very Poor,11.0,Friday,observed,2024,air_quality,,
2024-11-16 00:00:00,IND_HR_GGN_03,Teri Gram,Gwal Pahari,28.4288,77.1511,158.4,275.9,55.9,9.4,1.97,52.6,329.0,Very Poor,11.0,Saturday,observed,2024,air_quality,,
2024-11-17 00:00:00,IND_HR_GGN_03,Teri Gram,Gwal Pahari,28.4288,77.1511,187.3,342.5,94.1,11.8,3.61,57.5,351.0,Very Poor,11.0,Sunday,observed,2024,air_quality,,
2024-11-18 00:00:00,IND_HR_GGN_03,Teri Gram,Gwal Pahari,28.4288,77.1511,218.2,327.0,117.2,11.6,2.88,17.8,375.0,Very Poor,11.0,Monday,observed,2024,air_quality,,
2024-11-19 00:00:00,IND_HR_GGN_03,Teri Gram,Gwal Pahari,28.4288,77.1511,285.3,532.8,83.9,17.1,3.36,48.0,423.0,Severe,11.0,Tuesday,observed,2024,air_quality,,
2024-11-20 00:00:00,IND_HR_GGN_03,Teri Gram,Gwal Pahari,28.4288,77.1511,188.4,328.3,48.4,18.5,2.38,38.5,352.0,Very Poor,11.0,Wednesday,observed,2024,air_quality,,
2024-11-21 00:00:00,IND_HR_GGN_03,Teri Gram,Gwal Pahari,28.4288,77.1511,177.1,253.8,42.0,20.7,3.08,25.6,343.0,Very Poor,11.0,Thursday,observed,2024,air_quality,,
2024-11-22 00:00:00,IND_HR_GGN_03,Teri Gram,Gwal Pahari,28.4288,77.1511,254.2,422.5,69.4,12.5,1.75,22.1,402.0,Severe,11.0,Friday,observed,2024,air_quality,,
2024-11-23 00:00:00,IND_HR_GGN_03,Teri Gram,Gwal Pahari,28.4288,77.1511,139.1,240.1,60.9,14.0,0.84,50.3,314.0,Very Poor,11.0,Saturday,observed,2024,air_quality,,
2024-11-24 00:00:00,IND_HR_GGN_03,Teri Gram,Gwal Pahari,28.4288,77.1511,261.6,446.1,74.4,13.4,2.23,40.0,407.0,Severe,11.0,Sunday,observed,2024,air_quality,,
2024-11-25 00:00:00,IND_HR_GGN_03,Teri Gram,Gwal Pahari,28.4288,77.1511,257.6,401.7,134.6,21.7,0.65,46.7,405.0,Severe,11.0,Monday,observed,2024,air_quality,,
2024-11-26 00:00:00,IND_HR_GGN_03,Teri Gram,Gwal Pahari,28.4288,77.1511,312.2,516.7,64.9,13.0,3.74,50.8,441.0,Severe,11.0,Tuesday,observed,2024,air_quality,,
2024-11-27 00:00:00,IND_HR_GGN_03,Teri Gram,Gwal Pahari,28.4288,77.1511,130.5,212.8,92.0,20.2,2.08,49.0,308.0,Very Poor,11.0,Wednesday,observed,2024,air_quality,,
2024-11-28 00:00:00,IND_HR_GGN_03,Teri Gram,Gwal Pahari,28.4288,77.1511,233.6,473.7,52.4,16.3,4.31,31.9,387.0,Very Poor,11.0,Thursday,observed,2024,air_quality,,
2024-11-29 00:00:00,IND_HR_GGN_03,Teri Gram,Gwal Pahari,28.4288,77.1511,201.6,323.7,108.5,14.1,3.89,37.4,362.0,Very Poor,11.0,Friday,observed,2024,air_quality,,
2024-11-30 00:00:00,IND_HR_GGN_03,Teri Gram,Gwal Pahari,28.4288,77.1511,208.1,292.7,29.8,12.8,2.49,15.4,367.0,Very Poor,11.0,Saturday,observed,2024,air_quality,,
2024-12-01 00:00:00,IND_HR_GGN_03,Teri Gram,Gwal Pahari,28.4288,77.1511,212.7,354.4,66.7,16.1,3.09,75.6,371.0,Very Poor,12.0,Sunday,observed,2024,air_quality,,
2024-12-02 00:00:00,IND_HR_GGN_03,Teri Gram,Gwal Pahari,28.4288,77.1511,189.4,360.0,80.6,12.7,3.09,53.1,353.0,Very Poor,12.0,Monday,observed,2024,air_quality,,
2024-12-03 00:00:00,IND_HR_GGN_03,Teri Gram,Gwal Pahari,28.4288,77.1511,172.1,259.5,55.4,13.9,1.92,27.7,340.0,Very Poor,12.0,Tuesday,observed,2024,air_quality,,
2024-12-04 00:00:00,IND_HR_GGN_03,Teri Gram,Gwal Pahari,28.4288,77.1511,107.5,215.8,65.6,19.0,2.81,54.5,258.0,Poor,12.0,Wednesday,observed,2024,air_quality,,
2024-12-05 00:00:00,IND_HR_GGN_03,Teri Gram,Gwal Pahari,28.4288,77.1511,230.6,410.0,23.9,12.3,3.17,29.7,385.0,Very Poor,12.0,Thursday,observed,2024,air_quality,,
2024-12-06 00:00:00,IND_HR_GGN_03,Teri Gram,Gwal Pahari,28.4288,77.1511,175.3,316.5,50.6,17.9,3.05,65.6,342.0,Very Poor,12.0,Friday,observed,2024,air_quality,,
2024-12-07 00:00:00,IND_HR_GGN_03,Teri Gram,Gwal Pahari,28.4288,77.1511,157.3,317.3,53.9,22.7,2.41,28.4,328.0,Very Poor,12.0,Saturday,observed,2024,air_quality,,
2024-12-08 00:00:00,IND_HR_GGN_03,Teri Gram,Gwal Pahari,28.4288,77.1511,121.6,190.1,46.1,11.0,1.66,49.5,301.0,Very Poor,12.0,Sunday,observed,2024,air_quality,,
2024-12-09 00:00:00,IND_HR_GGN_03,Teri Gram,Gwal Pahari,28.4288,77.1511,179.2,275.2,83.9,15.4,3.33,43.3,345.0,Very Poor,12.0,Monday,observed,2024,air_quality,,
2024-12-10 00:00:00,IND_HR_GGN_03,Teri Gram,Gwal Pahari,28.4288,77.1511,179.6,311.2,83.5,8.4,2.55,34.6,345.0,Very Poor,12.0,Tuesday,observed,2024,air_quality,,
2024-12-11 00:00:00,IND_HR_GGN_03,Teri Gram,Gwal Pahari,28.4288,77.1511,244.4,414.8,104.9,22.1,2.89,77.8,395.0,Very Poor,12.0,Wednesday,observed,2024,air_quality,,
2024-12-12 00:00:00,IND_HR_GGN_03,Teri Gram,Gwal Pahari,28.4288,77.1511,265.1,473.8,146.5,13.8,4.19,41.4,410.0,Severe,12.0,Thursday,observed,2024,air_quality,,
2024-12-13 00:00:00,IND_HR_GGN_03,Teri Gram,Gwal Pahari,28.4288,77.1511,229.4,465.5,118.5,20.5,2.82,40.8,384.0,Very Poor,12.0,Friday,observed,2024,air_quality,,
2024-12-14 00:00:00,IND_HR_GGN_03,Teri Gram,Gwal Pahari,28.4288,77.1511,202.0,379.7,108.0,6.9,2.11,42.1,363.0,Very Poor,12.0,Saturday,observed,2024,air_quality,,
2024-12-15 00:00:00,IND_HR_GGN_03,Teri Gram,Gwal Pahari,28.4288,77.1511,266.4,534.3,98.6,8.7,2.89,62.3,410.0,Severe,12.0,Sunday,observed,2024,air_quality,,
2024-12-16 00:00:00,IND_HR_GGN_03,Teri Gram,Gwal Pahari,28.4288,77.1511,308.4,558.8,103.6,13.4,1.83,46.2,438.0,Severe,12.0,Monday,observed,2024,air_quality,,
2024-12-17 00:00:00,IND_HR_GGN_03,Teri Gram,Gwal Pahari,28.4288,77.1511,243.7,376.7,42.1,22.9,3.21,44.7,395.0,Very Poor,12.0,Tuesday,observed,2024,air_quality,,
2024-12-18 00:00:00,IND_HR_GGN_03,Teri Gram,Gwal Pahari,28.4288,77.1511,177.5,311.8,82.6,11.2,1.3,33.0,344.0,Very Poor,12.0,Wednesday,observed,2024,air_quality,,
2024-12-19 00:00:00,IND_HR_GGN_03,Teri Gram,Gwal Pahari,28.4288,77.1511,219.9,397.1,40.0,8.0,1.62,38.9,376.0,Very Poor,12.0,Thursday,observed,2024,air_quality,,
2024-12-20 00:00:00,IND_HR_GGN_03,Teri Gram,Gwal Pahari,28.4288,77.1511,197.2,411.6,109.0,17.3,0.86,14.0,359.0,Very Poor,12.0,Friday,observed,2024,air_quality,,
2024-12-21 00:00:00,IND_HR_GGN_03,Teri Gram,Gwal Pahari,28.4288,77.1511,160.0,255.7,57.6,7.7,2.84,56.9,330.0,Very Poor,12.0,Saturday,observed,2024,air_quality,,
2024-12-22 00:00:00,IND_HR_GGN_03,Teri Gram,Gwal Pahari,28.4288,77.1511,188.1,345.2,61.2,19.5,3.03,37.4,352.0,Very Poor,12.0,Sunday,observed,2024,air_quality,,
2024-12-23 00:00:00,IND_HR_GGN_03,Teri Gram,Gwal Pahari,28.4288,77.1511,176.4,273.6,108.3,18.3,3.51,43.4,343.0,Very Poor,12.0,Monday,observed,2024,air_quality,,
2024-12-24 00:00:00,IND_HR_GGN_03,Teri Gram,Gwal Pahari,28.4288,77.1511,206.4,399.0,51.9,12.5,1.43,55.2,366.0,Very Poor,12.0,Tuesday,observed,2024,air_quality,,
2024-12-25 00:00:00,IND_HR_GGN_03,Teri Gram,Gwal Pahari,28.4288,77.1511,176.4,266.3,102.1,9.7,1.32,19.6,343.0,Very Poor,12.0,Wednesday,observed,2024,air_quality,,
2024-12-26 00:00:00,IND_HR_GGN_03,Teri Gram,Gwal Pahari,28.4288,77.1511,174.3,271.5,97.8,12.5,1.93,35.5,341.0,Very Poor,12.0,Thursday,observed,2024,air_quality,,
2024-12-27 00:00:00,IND_HR_GGN_03,Teri Gram,Gwal Pahari,28.4288,77.1511,248.0,396.5,102.1,19.7,2.16,58.2,398.0,Very Poor,12.0,Friday,observed,2024,air_quality,,
2024-12-28 00:00:00,IND_HR_GGN_03,Teri Gram,Gwal Pahari,28.4288,77.1511,188.4,323.8,121.3,23.8,1.94,28.5,352.0,Very Poor,12.0,Saturday,observed,2024,air_quality,,
2024-12-29 00:00:00,IND_HR_GGN_03,Teri Gram,Gwal Pahari,28.4288,77.1511,237.2,487.1,61.5,13.8,2.7,10.0,390.0,Very Poor,12.0,Sunday,observed,2024,air_quality,,
2024-12-30 00:00:00,IND_HR_GGN_03,Teri Gram,Gwal Pahari,28.4288,77.1511,210.3,299.7,73.3,17.7,2.71,26.4,369.0,Very Poor,12.0,Monday,observed,2024,air_quality,,
2024-12-31 00:00:00,IND_HR_GGN_03,Teri Gram,Gwal Pahari,28.4288,77.1511,166.3,307.5,57.8,14.9,3.41,44.2,335.0,Very Poor,12.0,Tuesday,observed,2024,air_quality,,
2024-01-01 00:00:00,IND_HR_GGN_04,NISE Gwal Pahari,Aravalli Belt,28.4215,77.1582,111.4,202.7,54.5,10.8,0.86,46.2,271.0,Poor,1.0,Monday,observed,2024,air_quality,,
2024-01-02 00:00:00,IND_HR_GGN_04,NISE Gwal Pahari,Aravalli Belt,28.4215,77.1582,111.3,223.4,44.2,4.0,1.23,40.2,271.0,Poor,1.0,Tuesday,observed,2024,air_quality,,
2024-01-03 00:00:00,IND_HR_GGN_04,NISE Gwal Pahari,Aravalli Belt,28.4215,77.1582,207.5,425.4,118.9,16.7,1.61,42.4,367.0,Very Poor,1.0,Wednesday,observed,2024,air_quality,,
2024-01-04 00:00:00,IND_HR_GGN_04,NISE Gwal Pahari,Aravalli Belt,28.4215,77.1582,159.7,327.4,68.7,8.6,2.25,25.9,330.0,Very Poor,1.0,Thursday,observed,2024,air_quality,,
2024-01-05 00:00:00,IND_HR_GGN_04,NISE Gwal Pahari,Aravalli Belt,28.4215,77.1582,198.4,298.0,31.9,16.6,0.29,44.6,360.0,Very Poor,1.0,Friday,observed,2024,air_quality,,
2024-01-06 00:00:00,IND_HR_GGN_04,NISE Gwal Pahari,Aravalli Belt,28.4215,77.1582,154.2,315.4,68.0,19.8,1.88,60.4,326.0,Very Poor,1.0,Saturday,observed,2024,air_quality,,
2024-01-07 00:00:00,IND_HR_GGN_04,NISE Gwal Pahari,Aravalli Belt,28.4215,77.1582,202.3,284.7,69.9,8.5,2.63,40.2,363.0,Very Poor,1.0,Sunday,observed,2024,air_quality,,
2024-01-08 00:00:00,IND_HR_GGN_04,NISE Gwal Pahari,Aravalli Belt,28.4215,77.1582,206.2,382.6,82.3,12.2,3.56,44.3,366.0,Very Poor,1.0,Monday,observed,2024,air_quality,,
2024-01-09 00:00:00,IND_HR_GGN_04,NISE Gwal Pahari,Aravalli Belt,28.4215,77.1582,193.9,287.5,64.9,20.3,3.01,30.0,356.0,Very Poor,1.0,Tuesday,observed,2024,air_quality,,
2024-01-10 00:00:00,IND_HR_GGN_04,NISE Gwal Pahari,Aravalli Belt,28.4215,77.1582,227.3,331.4,112.9,11.0,3.5,26.9,382.0,Very Poor,1.0,Wednesday,observed,2024,air_quality,,
2024-01-11 00:00:00,IND_HR_GGN_04,NISE Gwal Pahari,Aravalli Belt,28.4215,77.1582,200.9,359.7,77.5,19.6,1.97,39.4,362.0,Very Poor,1.0,Thursday,observed,2024,air_quality,,
2024-01-12 00:00:00,IND_HR_GGN_04,NISE Gwal Pahari,Aravalli Belt,28.4215,77.1582,135.3,278.5,65.7,16.4,0.67,11.0,311.0,Very Poor,1.0,Friday,observed,2024,air_quality,,
2024-01-13 00:00:00,IND_HR_GGN_04,NISE Gwal Pahari,Aravalli Belt,28.4215,77.1582,219.8,438.8,101.3,11.7,2.73,50.3,376.0,Very Poor,1.0,Saturday,observed,2024,air_quality,,
2024-01-14 00:00:00,IND_HR_GGN_04,NISE Gwal Pahari,Aravalli Belt,28.4215,77.1582,136.9,205.0,78.7,14.9,3.08,23.6,313.0,Very Poor,1.0,Sunday,observed,2024,air_quality,,
2024-01-15 00:00:00,IND_HR_GGN_04,NISE Gwal Pahari,Aravalli Belt,28.4215,77.1582,146.2,295.7,59.7,16.8,1.34,53.0,320.0,Very Poor,1.0,Monday,observed,2024,air_quality,,
2024-01-16 00:00:00,IND_HR_GGN_04,NISE Gwal Pahari,Aravalli Belt,28.4215,77.1582,181.0,349.5,82.2,9.0,2.3,22.6,346.0,Very Poor,1.0,Tuesday,observed,2024,air_quality,,
2024-01-17 00:00:00,IND_HR_GGN_04,NISE Gwal Pahari,Aravalli Belt,28.4215,77.1582,210.3,323.0,99.4,13.7,2.45,61.0,369.0,Very Poor,1.0,Wednesday,observed,2024,air_quality,,
2024-01-18 00:00:00,IND_HR_GGN_04,NISE Gwal Pahari,Aravalli Belt,28.4215,77.1582,227.1,330.8,82.5,14.0,2.73,12.9,382.0,Very Poor,1.0,Thursday,observed,2024,air_quality,,
2024-01-19 00:00:00,IND_HR_GGN_04,NISE Gwal Pahari,Aravalli Belt,28.4215,77.1582,206.1,313.1,56.0,21.0,1.56,34.0,366.0,Very Poor,1.0,Friday,observed,2024,air_quality,,
2024-01-20 00:00:00,IND_HR_GGN_04,NISE Gwal Pahari,Aravalli Belt,28.4215,77.1582,287.8,492.2,141.1,14.0,2.82,31.3,425.0,Severe,1.0,Saturday,observed,2024,air_quality,,
2024-01-21 00:00:00,IND_HR_GGN_04,NISE Gwal Pahari,Aravalli Belt,28.4215,77.1582,175.1,315.9,80.3,24.3,3.4,67.2,342.0,Very Poor,1.0,Sunday,observed,2024,air_quality,,
2024-01-22 00:00:00,IND_HR_GGN_04,NISE Gwal Pahari,Aravalli Belt,28.4215,77.1582,180.2,253.5,67.3,16.7,2.72,34.9,346.0,Very Poor,1.0,Monday,observed,2024,air_quality,,
2024-01-23 00:00:00,IND_HR_GGN_04,NISE Gwal Pahari,Aravalli Belt,28.4215,77.1582,264.2,477.9,135.1,11.6,4.9,47.9,409.0,Severe,1.0,Tuesday,observed,2024,air_quality,,
2024-01-24 00:00:00,IND_HR_GGN_04,NISE Gwal Pahari,Aravalli Belt,28.4215,77.1582,198.0,328.1,106.4,12.0,2.86,56.7,360.0,Very Poor,1.0,Wednesday,observed,2024,air_quality,,
2024-01-25 00:00:00,IND_HR_GGN_04,NISE Gwal Pahari,Aravalli Belt,28.4215,77.1582,199.7,358.5,122.2,4.9,3.49,54.2,361.0,Very Poor,1.0,Thursday,observed,2024,air_quality,,
2024-01-26 00:00:00,IND_HR_GGN_04,NISE Gwal Pahari,Aravalli Belt,28.4215,77.1582,145.2,205.7,33.6,20.0,2.3,10.0,319.0,Very Poor,1.0,Friday,observed,2024,air_quality,,
2024-01-27 00:00:00,IND_HR_GGN_04,NISE Gwal Pahari,Aravalli Belt,28.4215,77.1582,200.3,327.1,47.5,19.8,3.06,44.6,361.0,Very Poor,1.0,Saturday,observed,2024,air_quality,,
2024-01-28 00:00:00,IND_HR_GGN_04,NISE Gwal Pahari,Aravalli Belt,28.4215,77.1582,171.6,345.2,69.4,12.7,3.09,19.4,339.0,Very Poor,1.0,Sunday,observed,2024,air_quality,,
2024-01-29 00:00:00,IND_HR_GGN_04,NISE Gwal Pahari,Aravalli Belt,28.4215,77.1582,224.6,327.7,18.2,18.4,2.7,48.3,380.0,Very Poor,1.0,Monday,observed,2024,air_quality,,
2024-01-30 00:00:00,IND_HR_GGN_04,NISE Gwal Pahari,Aravalli Belt,28.4215,77.1582,168.4,321.1,82.1,14.7,1.55,41.0,337.0,Very Poor,1.0,Tuesday,observed,2024,air_quality,,
2024-01-31 00:00:00,IND_HR_GGN_04,NISE Gwal Pahari,Aravalli Belt,28.4215,77.1582,241.8,374.9,130.5,13.0,3.66,66.7,393.0,Very Poor,1.0,Wednesday,observed,2024,air_quality,,
2024-02-01 00:00:00,IND_HR_GGN_04,NISE Gwal Pahari,Aravalli Belt,28.4215,77.1582,227.1,342.1,105.0,15.9,3.11,10.0,382.0,Very Poor,2.0,Thursday,observed,2024,air_quality,,
2024-02-02 00:00:00,IND_HR_GGN_04,NISE Gwal Pahari,Aravalli Belt,28.4215,77.1582,169.1,347.1,66.9,14.4,2.33,36.3,337.0,Very Poor,2.0,Friday,observed,2024,air_quality,,
2024-02-03 00:00:00,IND_HR_GGN_04,NISE Gwal Pahari,Aravalli Belt,28.4215,77.1582,145.6,205.1,77.2,10.8,1.5,38.2,319.0,Very Poor,2.0,Saturday,observed,2024,air_quality,,
2024-02-04 00:00:00,IND_HR_GGN_04,NISE Gwal Pahari,Aravalli Belt,28.4215,77.1582,186.6,389.5,67.8,10.7,2.91,57.2,351.0,Very Poor,2.0,Sunday,observed,2024,air_quality,,
2024-02-05 00:00:00,IND_HR_GGN_04,NISE Gwal Pahari,Aravalli Belt,28.4215,77.1582,221.1,315.2,95.2,12.0,2.11,44.5,377.0,Very Poor,2.0,Monday,observed,2024,air_quality,,
2024-02-06 00:00:00,IND_HR_GGN_04,NISE Gwal Pahari,Aravalli Belt,28.4215,77.1582,168.5,260.6,118.0,13.1,0.68,53.7,337.0,Very Poor,2.0,Tuesday,observed,2024,air_quality,,
2024-02-07 00:00:00,IND_HR_GGN_04,NISE Gwal Pahari,Aravalli Belt,28.4215,77.1582,121.1,241.8,41.4,10.7,1.49,22.5,300.0,Very Poor,2.0,Wednesday,observed,2024,air_quality,,
2024-02-08 00:00:00,IND_HR_GGN_04,NISE Gwal Pahari,Aravalli Belt,28.4215,77.1582,211.3,345.9,71.8,12.9,2.54,52.0,370.0,Very Poor,2.0,Thursday,observed,2024,air_quality,,
2024-02-09 00:00:00,IND_HR_GGN_04,NISE Gwal Pahari,Aravalli Belt,28.4215,77.1582,199.7,342.7,52.0,12.1,0.28,25.0,361.0,Very Poor,2.0,Friday,observed,2024,air_quality,,
2024-02-10 00:00:00,IND_HR_GGN_04,NISE Gwal Pahari,Aravalli Belt,28.4215,77.1582,216.0,383.7,72.1,17.2,3.08,42.3,373.0,Very Poor,2.0,Saturday,observed,2024,air_quality,,
2024-02-11 00:00:00,IND_HR_GGN_04,NISE Gwal Pahari,Aravalli Belt,28.4215,77.1582,208.1,400.5,119.3,15.6,2.46,50.5,367.0,Very Poor,2.0,Sunday,observed,2024,air_quality,,
2024-02-12 00:00:00,IND_HR_GGN_04,NISE Gwal Pahari,Aravalli Belt,28.4215,77.1582,160.0,224.7,78.8,10.8,1.32,36.5,330.0,Very Poor,2.0,Monday,observed,2024,air_quality,,
2024-02-13 00:00:00,IND_HR_GGN_04,NISE Gwal Pahari,Aravalli Belt,28.4215,77.1582,187.4,320.4,102.6,16.7,3.08,59.1,351.0,Very Poor,2.0,Tuesday,observed,2024,air_quality,,
2024-02-14 00:00:00,IND_HR_GGN_04,NISE Gwal Pahari,Aravalli Belt,28.4215,77.1582,138.1,245.7,97.9,20.5,1.58,24.6,313.0,Very Poor,2.0,Wednesday,observed,2024,air_quality,,
2024-02-15 00:00:00,IND_HR_GGN_04,NISE Gwal Pahari,Aravalli Belt,28.4215,77.1582,62.6,129.8,18.4,22.7,0.38,40.1,108.0,Moderate,2.0,Thursday,observed,2024,air_quality,,
2024-02-16 00:00:00,IND_HR_GGN_04,NISE Gwal Pahari,Aravalli Belt,28.4215,77.1582,39.6,80.8,35.2,17.7,1.3,45.7,66.0,Satisfactory,2.0,Friday,observed,2024,air_quality,,
2024-02-17 00:00:00,IND_HR_GGN_04,NISE Gwal Pahari,Aravalli Belt,28.4215,77.1582,65.8,128.0,38.4,16.9,0.65,73.9,119.0,Moderate,2.0,Saturday,observed,2024,air_quality,,
2024-02-18 00:00:00,IND_HR_GGN_04,NISE Gwal Pahari,Aravalli Belt,28.4215,77.1582,78.6,110.9,66.7,12.5,1.54,71.7,162.0,Moderate,2.0,Sunday,observed,2024,air_quality,,
2024-02-19 00:00:00,IND_HR_GGN_04,NISE Gwal Pahari,Aravalli Belt,28.4215,77.1582,67.7,135.0,48.9,4.6,0.85,47.8,125.0,Moderate,2.0,Monday,observed,2024,air_quality,,
2024-02-20 00:00:00,IND_HR_GGN_04,NISE Gwal Pahari,Aravalli Belt,28.4215,77.1582,23.5,34.4,19.0,25.2,0.4,56.8,39.0,Good,2.0,Tuesday,observed,2024,air_quality,,
2024-02-21 00:00:00,IND_HR_GGN_04,NISE Gwal Pahari,Aravalli Belt,28.4215,77.1582,46.0,68.5,36.3,12.3,0.83,54.8,76.0,Satisfactory,2.0,Wednesday,observed,2024,air_quality,,
2024-02-22 00:00:00,IND_HR_GGN_04,NISE Gwal Pahari,Aravalli Belt,28.4215,77.1582,56.1,88.7,43.5,16.0,0.25,54.7,93.0,Satisfactory,2.0,Thursday,observed,2024,air_quality,,
2024-02-23 00:00:00,IND_HR_GGN_04,NISE Gwal Pahari,Aravalli Belt,28.4215,77.1582,64.1,93.5,42.7,16.8,0.52,27.2,113.0,Moderate,2.0,Friday,observed,2024,air_quality,,
2024-02-24 00:00:00,IND_HR_GGN_04,NISE Gwal Pahari,Aravalli Belt,28.4215,77.1582,63.1,124.0,38.7,13.6,1.25,41.9,110.0,Moderate,2.0,Saturday,observed,2024,air_quality,,
2024-02-25 00:00:00,IND_HR_GGN_04,NISE Gwal Pahari,Aravalli Belt,28.4215,77.1582,59.8,95.2,25.6,18.9,1.32,27.6,99.0,Satisfactory,2.0,Sunday,observed,2024,air_quality,,
2024-02-26 00:00:00,IND_HR_GGN_04,NISE Gwal Pahari,Aravalli Belt,28.4215,77.1582,61.9,95.6,32.9,23.5,1.31,41.5,106.0,Moderate,2.0,Monday,observed,2024,air_quality,,
2024-02-27 00:00:00,IND_HR_GGN_04,NISE Gwal Pahari,Aravalli Belt,28.4215,77.1582,47.3,78.5,25.1,15.0,0.93,15.0,78.0,Satisfactory,2.0,Tuesday,observed,2024,air_quality,,
2024-02-28 00:00:00,IND_HR_GGN_04,NISE Gwal Pahari,Aravalli Belt,28.4215,77.1582,67.9,104.7,49.9,13.0,0.97,55.3,126.0,Moderate,2.0,Wednesday,observed,2024,air_quality,,
2024-02-29 00:00:00,IND_HR_GGN_04,NISE Gwal Pahari,Aravalli Belt,28.4215,77.1582,66.8,114.4,38.0,13.5,0.89,51.3,122.0,Moderate,2.0,Thursday,observed,2024,air_quality,,
2024-03-01 00:00:00,IND_HR_GGN_04,NISE Gwal Pahari,Aravalli Belt,28.4215,77.1582,58.0,98.4,32.3,7.1,0.52,47.6,96.0,Satisfactory,3.0,Friday,observed,2024,air_quality,,
2024-03-02 00:00:00,IND_HR_GGN_04,NISE Gwal Pahari,Aravalli Belt,28.4215,77.1582,54.8,107.1,16.0,16.4,0.86,55.0,91.0,Satisfactory,3.0,Saturday,observed,2024,air_quality,,
2024-03-03 00:00:00,IND_HR_GGN_04,NISE Gwal Pahari,Aravalli Belt,28.4215,77.1582,54.7,93.9,46.0,14.1,0.57,49.1,91.0,Satisfactory,3.0,Sunday,observed,2024,air_quality,,
2024-03-04 00:00:00,IND_HR_GGN_04,NISE Gwal Pahari,Aravalli Belt,28.4215,77.1582,36.1,58.4,38.5,16.4,0.99,15.7,60.0,Satisfactory,3.0,Monday,observed,2024,air_quality,,
2024-03-05 00:00:00,IND_HR_GGN_04,NISE Gwal Pahari,Aravalli Belt,28.4215,77.1582,59.0,83.8,42.5,11.7,0.33,33.0,98.0,Satisfactory,3.0,Tuesday,observed,2024,air_quality,,
2024-03-06 00:00:00,IND_HR_GGN_04,NISE Gwal Pahari,Aravalli Belt,28.4215,77.1582,56.3,97.2,39.7,14.3,0.24,66.3,93.0,Satisfactory,3.0,Wednesday,observed,2024,air_quality,,
2024-03-07 00:00:00,IND_HR_GGN_04,NISE Gwal Pahari,Aravalli Belt,28.4215,77.1582,67.7,133.5,34.2,10.9,1.21,33.3,125.0,Moderate,3.0,Thursday,observed,2024,air_quality,,
2024-03-08 00:00:00,IND_HR_GGN_04,NISE Gwal Pahari,Aravalli Belt,28.4215,77.1582,72.5,135.5,40.0,16.4,1.74,69.6,141.0,Moderate,3.0,Friday,observed,2024,air_quality,,
2024-03-09 00:00:00,IND_HR_GGN_04,NISE Gwal Pahari,Aravalli Belt,28.4215,77.1582,60.4,96.1,40.7,10.0,0.54,28.2,101.0,Moderate,3.0,Saturday,observed,2024,air_quality,,
2024-03-10 00:00:00,IND_HR_GGN_04,NISE Gwal Pahari,Aravalli Belt,28.4215,77.1582,45.5,79.5,23.1,13.1,0.88,17.4,75.0,Satisfactory,3.0,Sunday,observed,2024,air_quality,,
2024-03-11 00:00:00,IND_HR_GGN_04,NISE Gwal Pahari,Aravalli Belt,28.4215,77.1582,75.5,147.8,63.4,16.2,0.67,47.9,151.0,Moderate,3.0,Monday,observed,2024,air_quality,,
2024-03-12 00:00:00,IND_HR_GGN_04,NISE Gwal Pahari,Aravalli Belt,28.4215,77.1582,55.6,104.8,27.4,10.0,0.47,26.4,92.0,Satisfactory,3.0,Tuesday,observed,2024,air_quality,,
2024-03-13 00:00:00,IND_HR_GGN_04,NISE Gwal Pahari,Aravalli Belt,28.4215,77.1582,65.8,116.1,53.3,14.4,0.45,34.8,119.0,Moderate,3.0,Wednesday,observed,2024,air_quality,,
2024-03-14 00:00:00,IND_HR_GGN_04,NISE Gwal Pahari,Aravalli Belt,28.4215,77.1582,48.2,76.9,27.1,16.8,1.36,58.7,80.0,Satisfactory,3.0,Thursday,observed,2024,air_quality,,
2024-03-15 00:00:00,IND_HR_GGN_04,NISE Gwal Pahari,Aravalli Belt,28.4215,77.1582,77.0,133.7,40.4,7.1,1.6,28.3,156.0,Moderate,3.0,Friday,observed,2024,air_quality,,
2024-03-16 00:00:00,IND_HR_GGN_04,NISE Gwal Pahari,Aravalli Belt,28.4215,77.1582,74.0,118.7,25.4,15.9,1.28,34.5,146.0,Moderate,3.0,Saturday,observed,2024,air_quality,,
2024-03-17 00:00:00,IND_HR_GGN_04,NISE Gwal Pahari,Aravalli Belt,28.4215,77.1582,34.9,69.3,22.8,21.3,0.67,48.7,58.0,Satisfactory,3.0,Sunday,observed,2024,air_quality,,
2024-03-18 00:00:00,IND_HR_GGN_04,NISE Gwal Pahari,Aravalli Belt,28.4215,77.1582,49.2,93.0,32.8,9.2,0.34,50.6,82.0,Satisfactory,3.0,Monday,observed,2024,air_quality,,
2024-03-19 00:00:00,IND_HR_GGN_04,NISE Gwal Pahari,Aravalli Belt,28.4215,77.1582,63.4,106.5,66.0,16.9,1.14,72.8,111.0,Moderate,3.0,Tuesday,observed,2024,air_quality,,
2024-03-20 00:00:00,IND_HR_GGN_04,NISE Gwal Pahari,Aravalli Belt,28.4215,77.1582,59.6,118.9,43.5,9.4,0.61,45.6,99.0,Satisfactory,3.0,Wednesday,observed,2024,air_quality,,
2024-03-21 00:00:00,IND_HR_GGN_04,NISE Gwal Pahari,Aravalli Belt,28.4215,77.1582,52.4,75.6,35.0,16.9,0.78,56.3,87.0,Satisfactory,3.0,Thursday,observed,2024,air_quality,,
2024-03-22 00:00:00,IND_HR_GGN_04,NISE Gwal Pahari,Aravalli Belt,28.4215,77.1582,42.2,86.2,31.5,10.2,1.02,33.7,70.0,Satisfactory,3.0,Friday,observed,2024,air_quality,,
2024-03-23 00:00:00,IND_HR_GGN_04,NISE Gwal Pahari,Aravalli Belt,28.4215,77.1582,60.3,106.5,48.7,11.7,1.29,42.3,100.0,Moderate,3.0,Saturday,observed,2024,air_quality,,
2024-03-24 00:00:00,IND_HR_GGN_04,NISE Gwal Pahari,Aravalli Belt,28.4215,77.1582,57.8,109.0,72.8,21.7,0.99,33.5,96.0,Satisfactory,3.0,Sunday,observed,2024,air_quality,,
2024-03-25 00:00:00,IND_HR_GGN_04,NISE Gwal Pahari,Aravalli Belt,28.4215,77.1582,54.4,76.8,31.7,16.9,0.7,28.4,90.0,Satisfactory,3.0,Monday,observed,2024,air_quality,,
2024-03-26 00:00:00,IND_HR_GGN_04,NISE Gwal Pahari,Aravalli Belt,28.4215,77.1582,50.4,91.1,46.2,15.4,0.91,64.2,84.0,Satisfactory,3.0,Tuesday,observed,2024,air_quality,,
2024-03-27 00:00:00,IND_HR_GGN_04,NISE Gwal Pahari,Aravalli Belt,28.4215,77.1582,50.7,104.3,36.0,12.3,0.56,59.9,84.0,Satisfactory,3.0,Wednesday,observed,2024,air_quality,,
2024-03-28 00:00:00,IND_HR_GGN_04,NISE Gwal Pahari,Aravalli Belt,28.4215,77.1582,48.9,99.6,26.5,15.1,0.79,54.7,81.0,Satisfactory,3.0,Thursday,observed,2024,air_quality,,
2024-03-29 00:00:00,IND_HR_GGN_04,NISE Gwal Pahari,Aravalli Belt,28.4215,77.1582,53.9,108.5,47.8,13.2,0.74,78.0,89.0,Satisfactory,3.0,Friday,observed,2024,air_quality,,
2024-03-30 00:00:00,IND_HR_GGN_04,NISE Gwal Pahari,Aravalli Belt,28.4215,77.1582,61.5,120.9,41.6,8.9,0.6,28.3,105.0,Moderate,3.0,Saturday,observed,2024,air_quality,,
2024-03-31 00:00:00,IND_HR_GGN_04,NISE Gwal Pahari,Aravalli Belt,28.4215,77.1582,104.5,183.9,56.5,4.0,1.62,37.7,248.0,Poor,3.0,Sunday,observed,2024,air_quality,,
2024-04-01 00:00:00,IND_HR_GGN_04,NISE Gwal Pahari,Aravalli Belt,28.4215,77.1582,48.6,71.2,43.6,4.0,1.65,46.9,81.0,Satisfactory,4.0,Monday,observed,2024,air_quality,,
2024-04-02 00:00:00,IND_HR_GGN_04,NISE Gwal Pahari,Aravalli Belt,28.4215,77.1582,84.8,147.0,39.6,15.5,1.36,23.7,182.0,Moderate,4.0,Tuesday,observed,2024,air_quality,,
2024-04-03 00:00:00,IND_HR_GGN_04,NISE Gwal Pahari,Aravalli Belt,28.4215,77.1582,82.4,147.7,23.9,21.7,2.13,21.8,174.0,Moderate,4.0,Wednesday,observed,2024,air_quality,,
2024-04-04 00:00:00,IND_HR_GGN_04,NISE Gwal Pahari,Aravalli Belt,28.4215,77.1582,65.5,115.5,18.7,13.8,1.72,79.8,118.0,Moderate,4.0,Thursday,observed,2024,air_quality,,
2024-04-05 00:00:00,IND_HR_GGN_04,NISE Gwal Pahari,Aravalli Belt,28.4215,77.1582,81.8,138.7,32.4,18.0,1.33,25.1,172.0,Moderate,4.0,Friday,observed,2024,air_quality,,
2024-04-06 00:00:00,IND_HR_GGN_04,NISE Gwal Pahari,Aravalli Belt,28.4215,77.1582,49.6,92.9,37.1,17.3,0.2,12.3,82.0,Satisfactory,4.0,Saturday,observed,2024,air_quality,,
2024-04-07 00:00:00,IND_HR_GGN_04,NISE Gwal Pahari,Aravalli Belt,28.4215,77.1582,43.2,84.2,38.4,16.1,0.84,50.0,72.0,Satisfactory,4.0,Sunday,observed,2024,air_quality,,
2024-04-08 00:00:00,IND_HR_GGN_04,NISE Gwal Pahari,Aravalli Belt,28.4215,77.1582,51.1,90.0,45.3,20.7,1.22,46.4,85.0,Satisfactory,4.0,Monday,observed,2024,air_quality,,
2024-04-09 00:00:00,IND_HR_GGN_04,NISE Gwal Pahari,Aravalli Belt,28.4215,77.1582,108.2,200.4,66.4,20.3,0.74,46.5,260.0,Poor,4.0,Tuesday,observed,2024,air_quality,,
2024-04-10 00:00:00,IND_HR_GGN_04,NISE Gwal Pahari,Aravalli Belt,28.4215,77.1582,48.2,74.3,31.1,9.0,0.81,44.3,80.0,Satisfactory,4.0,Wednesday,observed,2024,air_quality,,
2024-04-11 00:00:00,IND_HR_GGN_04,NISE Gwal Pahari,Aravalli Belt,28.4215,77.1582,116.8,235.9,39.1,17.7,1.94,73.4,289.0,Poor,4.0,Thursday,observed,2024,air_quality,,
2024-04-12 00:00:00,IND_HR_GGN_04,NISE Gwal Pahari,Aravalli Belt,28.4215,77.1582,71.8,149.0,47.5,18.4,0.79,22.1,139.0,Moderate,4.0,Friday,observed,2024,air_quality,,
2024-04-13 00:00:00,IND_HR_GGN_04,NISE Gwal Pahari,Aravalli Belt,28.4215,77.1582,72.2,141.3,41.4,12.9,0.96,35.1,140.0,Moderate,4.0,Saturday,observed,2024,air_quality,,
2024-04-14 00:00:00,IND_HR_GGN_04,NISE Gwal Pahari,Aravalli Belt,28.4215,77.1582,54.1,102.0,54.8,18.3,1.33,60.2,90.0,Satisfactory,4.0,Sunday,observed,2024,air_quality,,
2024-04-15 00:00:00,IND_HR_GGN_04,NISE Gwal Pahari,Aravalli Belt,28.4215,77.1582,73.7,107.2,35.2,13.8,0.46,44.1,145.0,Moderate,4.0,Monday,observed,2024,air_quality,,
2024-04-16 00:00:00,IND_HR_GGN_04,NISE Gwal Pahari,Aravalli Belt,28.4215,77.1582,65.4,99.7,36.7,14.9,0.93,56.8,118.0,Moderate,4.0,Tuesday,observed,2024,air_quality,,
2024-04-17 00:00:00,IND_HR_GGN_04,NISE Gwal Pahari,Aravalli Belt,28.4215,77.1582,86.7,142.4,39.3,22.5,1.25,48.5,189.0,Moderate,4.0,Wednesday,observed,2024,air_quality,,
2024-04-18 00:00:00,IND_HR_GGN_04,NISE Gwal Pahari,Aravalli Belt,28.4215,77.1582,46.5,71.2,34.7,19.5,0.63,39.1,77.0,Satisfactory,4.0,Thursday,observed,2024,air_quality,,
2024-04-19 00:00:00,IND_HR_GGN_04,NISE Gwal Pahari,Aravalli Belt,28.4215,77.1582,102.6,199.4,75.5,13.5,1.75,69.9,242.0,Poor,4.0,Friday,observed,2024,air_quality,,
2024-04-20 00:00:00,IND_HR_GGN_04,NISE Gwal Pahari,Aravalli Belt,28.4215,77.1582,52.8,98.6,48.0,13.5,0.88,18.5,88.0,Satisfactory,4.0,Saturday,observed,2024,air_quality,,
2024-04-21 00:00:00,IND_HR_GGN_04,NISE Gwal Pahari,Aravalli Belt,28.4215,77.1582,67.3,136.6,54.6,23.1,0.84,26.7,124.0,Moderate,4.0,Sunday,observed,2024,air_quality,,
2024-04-22 00:00:00,IND_HR_GGN_04,NISE Gwal Pahari,Aravalli Belt,28.4215,77.1582,93.8,190.5,54.4,9.1,0.42,45.2,212.0,Poor,4.0,Monday,observed,2024,air_quality,,
2024-04-23 00:00:00,IND_HR_GGN_04,NISE Gwal Pahari,Aravalli Belt,28.4215,77.1582,64.1,130.2,32.8,6.5,0.83,38.6,113.0,Moderate,4.0,Tuesday,observed,2024,air_quality,,
2024-04-24 00:00:00,IND_HR_GGN_04,NISE Gwal Pahari,Aravalli Belt,28.4215,77.1582,86.2,164.3,77.9,16.0,1.5,26.3,187.0,Moderate,4.0,Wednesday,observed,2024,air_quality,,
2024-04-25 00:00:00,IND_HR_GGN_04,NISE Gwal Pahari,Aravalli Belt,28.4215,77.1582,75.0,131.0,43.6,9.4,0.66,50.1,150.0,Moderate,4.0,Thursday,observed,2024,air_quality,,
2024-04-26 00:00:00,IND_HR_GGN_04,NISE Gwal Pahari,Aravalli Belt,28.4215,77.1582,88.5,143.2,52.1,13.7,1.33,51.2,195.0,Moderate,4.0,Friday,observed,2024,air_quality,,
2024-04-27 00:00:00,IND_HR_GGN_04,NISE Gwal Pahari,Aravalli Belt,28.4215,77.1582,93.4,182.9,66.3,21.5,2.25,26.1,211.0,Poor,4.0,Saturday,observed,2024,air_quality,,
2024-04-28 00:00:00,IND_HR_GGN_04,NISE Gwal Pahari,Aravalli Belt,28.4215,77.1582,68.1,116.2,57.0,14.2,1.45,38.1,126.0,Moderate,4.0,Sunday,observed,2024,air_quality,,
2024-04-29 00:00:00,IND_HR_GGN_04,NISE Gwal Pahari,Aravalli Belt,28.4215,77.1582,83.3,118.9,45.3,4.0,1.33,34.6,177.0,Moderate,4.0,Monday,observed,2024,air_quality,,
2024-04-30 00:00:00,IND_HR_GGN_04,NISE Gwal Pahari,Aravalli Belt,28.4215,77.1582,71.5,134.2,51.5,13.3,0.86,70.0,138.0,Moderate,4.0,Tuesday,observed,2024,air_quality,,
2024-05-01 00:00:00,IND_HR_GGN_04,NISE Gwal Pahari,Aravalli Belt,28.4215,77.1582,63.8,115.6,43.9,10.4,1.13,37.5,112.0,Moderate,5.0,Wednesday,observed,2024,air_quality,,
2024-05-02 00:00:00,IND_HR_GGN_04,NISE Gwal Pahari,Aravalli Belt,28.4215,77.1582,115.6,200.7,50.3,22.6,1.03,25.8,285.0,Poor,5.0,Thursday,observed,2024,air_quality,,
2024-05-03 00:00:00,IND_HR_GGN_04,NISE Gwal Pahari,Aravalli Belt,28.4215,77.1582,71.2,141.6,45.7,22.0,1.33,23.3,137.0,Moderate,5.0,Friday,observed,2024,air_quality,,
2024-05-04 00:00:00,IND_HR_GGN_04,NISE Gwal Pahari,Aravalli Belt,28.4215,77.1582,62.8,123.3,29.6,7.4,1.47,37.1,109.0,Moderate,5.0,Saturday,observed,2024,air_quality,,
2024-05-05 00:00:00,IND_HR_GGN_04,NISE Gwal Pahari,Aravalli Belt,28.4215,77.1582,69.8,130.3,46.7,19.7,0.87,36.6,132.0,Moderate,5.0,Sunday,observed,2024,air_quality,,
2024-05-06 00:00:00,IND_HR_GGN_04,NISE Gwal Pahari,Aravalli Belt,28.4215,77.1582,83.6,145.1,63.3,25.3,0.77,27.2,178.0,Moderate,5.0,Monday,observed,2024,air_quality,,
2024-05-07 00:00:00,IND_HR_GGN_04,NISE Gwal Pahari,Aravalli Belt,28.4215,77.1582,59.0,97.9,31.1,15.7,1.72,69.4,98.0,Satisfactory,5.0,Tuesday,observed,2024,air_quality,,
2024-05-08 00:00:00,IND_HR_GGN_04,NISE Gwal Pahari,Aravalli Belt,28.4215,77.1582,82.0,161.4,60.0,11.3,0.62,44.1,173.0,Moderate,5.0,Wednesday,observed,2024,air_quality,,
2024-05-09 00:00:00,IND_HR_GGN_04,NISE Gwal Pahari,Aravalli Belt,28.4215,77.1582,49.1,92.6,28.8,13.1,1.24,36.6,81.0,Satisfactory,5.0,Thursday,observed,2024,air_quality,,
2024-05-10 00:00:00,IND_HR_GGN_04,NISE Gwal Pahari,Aravalli Belt,28.4215,77.1582,103.8,195.6,69.0,14.9,2.05,30.5,246.0,Poor,5.0,Friday,observed,2024,air_quality,,
2024-05-11 00:00:00,IND_HR_GGN_04,NISE Gwal Pahari,Aravalli Belt,28.4215,77.1582,93.9,171.4,58.3,10.8,1.27,18.2,213.0,Poor,5.0,Saturday,observed,2024,air_quality,,
2024-05-12 00:00:00,IND_HR_GGN_04,NISE Gwal Pahari,Aravalli Belt,28.4215,77.1582,70.6,130.8,57.3,8.2,0.89,47.8,135.0,Moderate,5.0,Sunday,observed,2024,air_quality,,
2024-05-13 00:00:00,IND_HR_GGN_04,NISE Gwal Pahari,Aravalli Belt,28.4215,77.1582,77.5,158.7,55.0,13.3,0.58,11.2,158.0,Moderate,5.0,Monday,observed,2024,air_quality,,
2024-05-14 00:00:00,IND_HR_GGN_04,NISE Gwal Pahari,Aravalli Belt,28.4215,77.1582,45.8,94.0,40.6,16.3,0.49,21.8,76.0,Satisfactory,5.0,Tuesday,observed,2024,air_quality,,
2024-05-15 00:00:00,IND_HR_GGN_04,NISE Gwal Pahari,Aravalli Belt,28.4215,77.1582,92.2,154.4,39.8,13.8,1.35,48.6,207.0,Poor,5.0,Wednesday,observed,2024,air_quality,,
2024-05-16 00:00:00,IND_HR_GGN_04,NISE Gwal Pahari,Aravalli Belt,28.4215,77.1582,103.9,207.9,49.2,16.4,2.24,42.9,246.0,Poor,5.0,Thursday,observed,2024,air_quality,,
2024-05-17 00:00:00,IND_HR_GGN_04,NISE Gwal Pahari,Aravalli Belt,28.4215,77.1582,119.9,245.3,65.8,15.8,0.37,10.4,299.0,Poor,5.0,Friday,observed,2024,air_quality,,
2024-05-18 00:00:00,IND_HR_GGN_04,NISE Gwal Pahari,Aravalli Belt,28.4215,77.1582,93.9,155.7,47.4,25.4,1.43,31.7,213.0,Poor,5.0,Saturday,observed,2024,air_quality,,
2024-05-19 00:00:00,IND_HR_GGN_04,NISE Gwal Pahari,Aravalli Belt,28.4215,77.1582,118.1,167.2,77.3,8.5,0.86,56.0,293.0,Poor,5.0,Sunday,observed,2024,air_quality,,
2024-05-20 00:00:00,IND_HR_GGN_04,NISE Gwal Pahari,Aravalli Belt,28.4215,77.1582,99.9,144.2,45.2,9.7,1.59,45.1,233.0,Poor,5.0,Monday,observed,2024,air_quality,,
2024-05-21 00:00:00,IND_HR_GGN_04,NISE Gwal Pahari,Aravalli Belt,28.4215,77.1582,81.5,135.4,18.2,23.4,1.73,10.0,171.0,Moderate,5.0,Tuesday,observed,2024,air_quality,,
2024-05-22 00:00:00,IND_HR_GGN_04,NISE Gwal Pahari,Aravalli Belt,28.4215,77.1582,83.9,169.1,40.4,13.5,1.79,52.0,179.0,Moderate,5.0,Wednesday,observed,2024,air_quality,,
2024-05-23 00:00:00,IND_HR_GGN_04,NISE Gwal Pahari,Aravalli Belt,28.4215,77.1582,76.9,127.8,60.4,17.1,0.87,62.1,156.0,Moderate,5.0,Thursday,observed,2024,air_quality,,
2024-05-24 00:00:00,IND_HR_GGN_04,NISE Gwal Pahari,Aravalli Belt,28.4215,77.1582,43.2,76.0,44.7,10.6,1.11,31.1,72.0,Satisfactory,5.0,Friday,observed,2024,air_quality,,
2024-05-25 00:00:00,IND_HR_GGN_04,NISE Gwal Pahari,Aravalli Belt,28.4215,77.1582,67.8,131.3,41.8,10.4,1.1,10.2,126.0,Moderate,5.0,Saturday,observed,2024,air_quality,,
2024-05-26 00:00:00,IND_HR_GGN_04,NISE Gwal Pahari,Aravalli Belt,28.4215,77.1582,74.9,149.2,8.0,19.6,1.37,20.7,149.0,Moderate,5.0,Sunday,observed,2024,air_quality,,
2024-05-27 00:00:00,IND_HR_GGN_04,NISE Gwal Pahari,Aravalli Belt,28.4215,77.1582,46.5,72.0,44.0,5.5,0.2,35.8,77.0,Satisfactory,5.0,Monday,observed,2024,air_quality,,
2024-05-28 00:00:00,IND_HR_GGN_04,NISE Gwal Pahari,Aravalli Belt,28.4215,77.1582,63.1,95.4,42.4,19.2,1.23,45.6,110.0,Moderate,5.0,Tuesday,observed,2024,air_quality,,
2024-05-29 00:00:00,IND_HR_GGN_04,NISE Gwal Pahari,Aravalli Belt,28.4215,77.1582,104.3,195.1,38.1,15.3,1.39,44.5,247.0,Poor,5.0,Wednesday,observed,2024,air_quality,,
2024-05-30 00:00:00,IND_HR_GGN_04,NISE Gwal Pahari,Aravalli Belt,28.4215,77.1582,74.8,147.5,43.1,13.8,0.81,36.0,149.0,Moderate,5.0,Thursday,observed,2024,air_quality,,
2024-05-31 00:00:00,IND_HR_GGN_04,NISE Gwal Pahari,Aravalli Belt,28.4215,77.1582,89.4,157.2,47.6,6.7,1.11,29.2,198.0,Moderate,5.0,Friday,observed,2024,air_quality,,
2024-06-01 00:00:00,IND_HR_GGN_04,NISE Gwal Pahari,Aravalli Belt,28.4215,77.1582,119.7,232.3,76.8,14.2,1.24,48.2,299.0,Poor,6.0,Saturday,observed,2024,air_quality,,
2024-06-02 00:00:00,IND_HR_GGN_04,NISE Gwal Pahari,Aravalli Belt,28.4215,77.1582,65.5,112.3,40.1,13.9,0.33,44.8,118.0,Moderate,6.0,Sunday,observed,2024,air_quality,,
2024-06-03 00:00:00,IND_HR_GGN_04,NISE Gwal Pahari,Aravalli Belt,28.4215,77.1582,51.9,107.8,49.1,23.9,0.84,43.2,86.0,Satisfactory,6.0,Monday,observed,2024,air_quality,,
2024-06-04 00:00:00,IND_HR_GGN_04,NISE Gwal Pahari,Aravalli Belt,28.4215,77.1582,62.9,129.2,17.0,10.2,1.05,12.3,109.0,Moderate,6.0,Tuesday,observed,2024,air_quality,,
2024-06-05 00:00:00,IND_HR_GGN_04,NISE Gwal Pahari,Aravalli Belt,28.4215,77.1582,77.6,127.0,44.3,9.0,1.68,54.1,158.0,Moderate,6.0,Wednesday,observed,2024,air_quality,,
2024-06-06 00:00:00,IND_HR_GGN_04,NISE Gwal Pahari,Aravalli Belt,28.4215,77.1582,97.0,194.8,72.1,8.5,0.97,23.3,223.0,Poor,6.0,Thursday,observed,2024,air_quality,,
2024-06-07 00:00:00,IND_HR_GGN_04,NISE Gwal Pahari,Aravalli Belt,28.4215,77.1582,69.0,102.9,52.2,12.9,0.81,53.0,130.0,Moderate,6.0,Friday,observed,2024,air_quality,,
2024-06-08 00:00:00,IND_HR_GGN_04,NISE Gwal Pahari,Aravalli Belt,28.4215,77.1582,57.9,113.3,38.2,11.0,1.09,43.9,96.0,Satisfactory,6.0,Saturday,observed,2024,air_quality,,
2024-06-09 00:00:00,IND_HR_GGN_04,NISE Gwal Pahari,Aravalli Belt,28.4215,77.1582,87.8,172.0,50.6,22.0,0.81,54.6,192.0,Moderate,6.0,Sunday,observed,2024,air_quality,,
2024-06-10 00:00:00,IND_HR_GGN_04,NISE Gwal Pahari,Aravalli Belt,28.4215,77.1582,78.6,132.0,15.2,14.2,2.06,71.6,162.0,Moderate,6.0,Monday,observed,2024,air_quality,,
2024-06-11 00:00:00,IND_HR_GGN_04,NISE Gwal Pahari,Aravalli Belt,28.4215,77.1582,89.6,126.9,34.7,18.0,1.05,43.0,198.0,Moderate,6.0,Tuesday,observed,2024,air_quality,,
2024-06-12 00:00:00,IND_HR_GGN_04,NISE Gwal Pahari,Aravalli Belt,28.4215,77.1582,87.1,123.8,50.3,29.2,1.97,63.2,190.0,Moderate,6.0,Wednesday,observed,2024,air_quality,,
2024-06-13 00:00:00,IND_HR_GGN_04,NISE Gwal Pahari,Aravalli Belt,28.4215,77.1582,50.5,89.9,47.4,8.9,0.2,10.0,84.0,Satisfactory,6.0,Thursday,observed,2024,air_quality,,
2024-06-14 00:00:00,IND_HR_GGN_04,NISE Gwal Pahari,Aravalli Belt,28.4215,77.1582,77.0,150.1,54.5,15.1,1.62,31.2,156.0,Moderate,6.0,Friday,observed,2024,air_quality,,
2024-06-15 00:00:00,IND_HR_GGN_04,NISE Gwal Pahari,Aravalli Belt,28.4215,77.1582,96.4,147.2,58.8,15.1,1.3,34.5,221.0,Poor,6.0,Saturday,observed,2024,air_quality,,
2024-06-16 00:00:00,IND_HR_GGN_04,NISE Gwal Pahari,Aravalli Belt,28.4215,77.1582,58.0,93.4,60.8,8.8,1.02,68.0,96.0,Satisfactory,6.0,Sunday,observed,2024,air_quality,,
2024-06-17 00:00:00,IND_HR_GGN_04,NISE Gwal Pahari,Aravalli Belt,28.4215,77.1582,81.0,169.0,52.3,19.6,1.3,75.1,170.0,Moderate,6.0,Monday,observed,2024,air_quality,,
2024-06-18 00:00:00,IND_HR_GGN_04,NISE Gwal Pahari,Aravalli Belt,28.4215,77.1582,104.6,159.4,48.4,13.7,3.04,49.0,248.0,Poor,6.0,Tuesday,observed,2024,air_quality,,
2024-06-19 00:00:00,IND_HR_GGN_04,NISE Gwal Pahari,Aravalli Belt,28.4215,77.1582,64.4,104.9,26.8,16.3,1.1,44.0,114.0,Moderate,6.0,Wednesday,observed,2024,air_quality,,
2024-06-20 00:00:00,IND_HR_GGN_04,NISE Gwal Pahari,Aravalli Belt,28.4215,77.1582,52.2,104.6,52.6,10.5,1.18,18.2,87.0,Satisfactory,6.0,Thursday,observed,2024,air_quality,,
2024-06-21 00:00:00,IND_HR_GGN_04,NISE Gwal Pahari,Aravalli Belt,28.4215,77.1582,69.5,108.7,44.5,9.9,0.71,38.8,131.0,Moderate,6.0,Friday,observed,2024,air_quality,,
2024-06-22 00:00:00,IND_HR_GGN_04,NISE Gwal Pahari,Aravalli Belt,28.4215,77.1582,70.1,109.7,56.5,15.7,1.06,26.2,133.0,Moderate,6.0,Saturday,observed,2024,air_quality,,
2024-06-23 00:00:00,IND_HR_GGN_04,NISE Gwal Pahari,Aravalli Belt,28.4215,77.1582,60.4,119.0,15.9,17.6,1.01,16.5,101.0,Moderate,6.0,Sunday,observed,2024,air_quality,,
2024-06-24 00:00:00,IND_HR_GGN_04,NISE Gwal Pahari,Aravalli Belt,28.4215,77.1582,66.5,121.0,47.3,23.1,0.53,76.9,121.0,Moderate,6.0,Monday,observed,2024,air_quality,,
2024-06-25 00:00:00,IND_HR_GGN_04,NISE Gwal Pahari,Aravalli Belt,28.4215,77.1582,55.4,101.2,39.8,15.1,1.17,47.2,92.0,Satisfactory,6.0,Tuesday,observed,2024,air_quality,,
2024-06-26 00:00:00,IND_HR_GGN_04,NISE Gwal Pahari,Aravalli Belt,28.4215,77.1582,65.8,136.3,41.3,12.8,0.45,56.3,119.0,Moderate,6.0,Wednesday,observed,2024,air_quality,,
2024-06-27 00:00:00,IND_HR_GGN_04,NISE Gwal Pahari,Aravalli Belt,28.4215,77.1582,46.2,92.2,59.0,12.2,0.96,53.2,77.0,Satisfactory,6.0,Thursday,observed,2024,air_quality,,
2024-06-28 00:00:00,IND_HR_GGN_04,NISE Gwal Pahari,Aravalli Belt,28.4215,77.1582,32.7,49.4,24.4,7.5,1.03,45.2,54.0,Satisfactory,6.0,Friday,observed,2024,air_quality,,
2024-06-29 00:00:00,IND_HR_GGN_04,NISE Gwal Pahari,Aravalli Belt,28.4215,77.1582,27.9,44.1,30.5,14.7,0.7,37.9,46.0,Good,6.0,Saturday,observed,2024,air_quality,,
2024-06-30 00:00:00,IND_HR_GGN_04,NISE Gwal Pahari,Aravalli Belt,28.4215,77.1582,47.0,91.3,38.7,15.3,0.72,59.2,78.0,Satisfactory,6.0,Sunday,observed,2024,air_quality,,
2024-07-01 00:00:00,IND_HR_GGN_04,NISE Gwal Pahari,Aravalli Belt,28.4215,77.1582,19.3,34.8,37.1,21.5,0.2,25.6,32.0,Good,7.0,Monday,observed,2024,air_quality,,
2024-07-02 00:00:00,IND_HR_GGN_04,NISE Gwal Pahari,Aravalli Belt,28.4215,77.1582,34.8,72.3,27.0,13.0,0.3,52.2,57.0,Satisfactory,7.0,Tuesday,observed,2024,air_quality,,
2024-07-03 00:00:00,IND_HR_GGN_04,NISE Gwal Pahari,Aravalli Belt,28.4215,77.1582,40.2,79.2,33.6,10.5,0.87,39.3,67.0,Satisfactory,7.0,Wednesday,observed,2024,air_quality,,
2024-07-04 00:00:00,IND_HR_GGN_04,NISE Gwal Pahari,Aravalli Belt,28.4215,77.1582,20.3,41.0,16.0,18.7,0.58,32.4,33.0,Good,7.0,Thursday,observed,2024,air_quality,,
2024-07-05 00:00:00,IND_HR_GGN_04,NISE Gwal Pahari,Aravalli Belt,28.4215,77.1582,30.2,51.5,39.0,12.8,0.68,53.8,50.0,Satisfactory,7.0,Friday,observed,2024,air_quality,,
2024-07-06 00:00:00,IND_HR_GGN_04,NISE Gwal Pahari,Aravalli Belt,28.4215,77.1582,35.2,66.5,34.1,16.6,0.9,67.0,58.0,Satisfactory,7.0,Saturday,observed,2024,air_quality,,
2024-07-07 00:00:00,IND_HR_GGN_04,NISE Gwal Pahari,Aravalli Belt,28.4215,77.1582,36.9,66.1,19.5,9.5,0.58,25.0,61.0,Satisfactory,7.0,Sunday,observed,2024,air_quality,,
2024-07-08 00:00:00,IND_HR_GGN_04,NISE Gwal Pahari,Aravalli Belt,28.4215,77.1582,45.4,85.3,54.0,15.7,1.1,60.4,75.0,Satisfactory,7.0,Monday,observed,2024,air_quality,,
2024-07-09 00:00:00,IND_HR_GGN_04,NISE Gwal Pahari,Aravalli Belt,28.4215,77.1582,30.1,47.1,41.5,18.6,0.7,63.9,50.0,Satisfactory,7.0,Tuesday,observed,2024,air_quality,,
2024-07-10 00:00:00,IND_HR_GGN_04,NISE Gwal Pahari,Aravalli Belt,28.4215,77.1582,19.7,40.3,30.9,14.0,0.7,53.3,32.0,Good,7.0,Wednesday,observed,2024,air_quality,,
2024-07-11 00:00:00,IND_HR_GGN_04,NISE Gwal Pahari,Aravalli Belt,28.4215,77.1582,44.4,74.8,30.1,19.9,0.58,50.0,74.0,Satisfactory,7.0,Thursday,observed,2024,air_quality,,
2024-07-12 00:00:00,IND_HR_GGN_04,NISE Gwal Pahari,Aravalli Belt,28.4215,77.1582,33.1,59.3,30.9,22.3,0.67,38.4,55.0,Satisfactory,7.0,Friday,observed,2024,air_quality,,
2024-07-13 00:00:00,IND_HR_GGN_04,NISE Gwal Pahari,Aravalli Belt,28.4215,77.1582,12.0,21.5,13.3,14.1,0.39,53.1,20.0,Good,7.0,Saturday,observed,2024,air_quality,,
2024-07-14 00:00:00,IND_HR_GGN_04,NISE Gwal Pahari,Aravalli Belt,28.4215,77.1582,23.8,49.6,28.0,11.8,0.69,10.0,39.0,Good,7.0,Sunday,observed,2024,air_quality,,
2024-07-15 00:00:00,IND_HR_GGN_04,NISE Gwal Pahari,Aravalli Belt,28.4215,77.1582,26.7,38.0,24.0,15.8,0.93,38.3,44.0,Good,7.0,Monday,observed,2024,air_quality,,
2024-07-16 00:00:00,IND_HR_GGN_04,NISE Gwal Pahari,Aravalli Belt,28.4215,77.1582,27.9,47.5,28.5,8.7,0.85,49.7,46.0,Good,7.0,Tuesday,observed,2024,air_quality,,
2024-07-17 00:00:00,IND_HR_GGN_04,NISE Gwal Pahari,Aravalli Belt,28.4215,77.1582,18.0,33.3,20.8,18.1,0.45,20.3,30.0,Good,7.0,Wednesday,observed,2024,air_quality,,
2024-07-18 00:00:00,IND_HR_GGN_04,NISE Gwal Pahari,Aravalli Belt,28.4215,77.1582,15.0,26.5,25.9,12.9,0.6,10.9,25.0,Good,7.0,Thursday,observed,2024,air_quality,,
2024-07-19 00:00:00,IND_HR_GGN_04,NISE Gwal Pahari,Aravalli Belt,28.4215,77.1582,30.0,62.6,28.3,12.8,0.56,26.4,50.0,Good,7.0,Friday,observed,2024,air_quality,,
2024-07-20 00:00:00,IND_HR_GGN_04,NISE Gwal Pahari,Aravalli Belt,28.4215,77.1582,46.7,83.8,43.5,12.7,1.08,25.9,77.0,Satisfactory,7.0,Saturday,observed,2024,air_quality,,
2024-07-21 00:00:00,IND_HR_GGN_04,NISE Gwal Pahari,Aravalli Belt,28.4215,77.1582,36.8,69.1,34.5,14.3,0.77,42.9,61.0,Satisfactory,7.0,Sunday,observed,2024,air_quality,,
2024-07-22 00:00:00,IND_HR_GGN_04,NISE Gwal Pahari,Aravalli Belt,28.4215,77.1582,12.0,17.0,23.2,8.1,0.46,41.0,20.0,Good,7.0,Monday,observed,2024,air_quality,,
2024-07-23 00:00:00,IND_HR_GGN_04,NISE Gwal Pahari,Aravalli Belt,28.4215,77.1582,23.0,35.9,35.4,21.7,0.56,38.8,38.0,Good,7.0,Tuesday,observed,2024,air_quality,,
2024-07-24 00:00:00,IND_HR_GGN_04,NISE Gwal Pahari,Aravalli Belt,28.4215,77.1582,20.9,34.0,42.9,16.6,0.46,22.2,34.0,Good,7.0,Wednesday,observed,2024,air_quality,,
2024-07-25 00:00:00,IND_HR_GGN_04,NISE Gwal Pahari,Aravalli Belt,28.4215,77.1582,40.2,58.0,32.2,7.3,0.91,32.5,67.0,Satisfactory,7.0,Thursday,observed,2024,air_quality,,
2024-07-26 00:00:00,IND_HR_GGN_04,NISE Gwal Pahari,Aravalli Belt,28.4215,77.1582,23.9,45.6,32.8,16.8,0.6,48.5,39.0,Good,7.0,Friday,observed,2024,air_quality,,
2024-07-27 00:00:00,IND_HR_GGN_04,NISE Gwal Pahari,Aravalli Belt,28.4215,77.1582,41.2,75.1,56.7,22.1,0.24,50.9,68.0,Satisfactory,7.0,Saturday,observed,2024,air_quality,,
2024-07-28 00:00:00,IND_HR_GGN_04,NISE Gwal Pahari,Aravalli Belt,28.4215,77.1582,31.1,49.8,34.6,7.6,0.61,30.2,51.0,Satisfactory,7.0,Sunday,observed,2024,air_quality,,
2024-07-29 00:00:00,IND_HR_GGN_04,NISE Gwal Pahari,Aravalli Belt,28.4215,77.1582,16.7,33.9,38.1,22.9,0.35,25.1,27.0,Good,7.0,Monday,observed,2024,air_quality,,
2024-07-30 00:00:00,IND_HR_GGN_04,NISE Gwal Pahari,Aravalli Belt,28.4215,77.1582,32.7,49.1,38.4,9.1,0.71,33.5,54.0,Satisfactory,7.0,Tuesday,observed,2024,air_quality,,
2024-07-31 00:00:00,IND_HR_GGN_04,NISE Gwal Pahari,Aravalli Belt,28.4215,77.1582,21.6,43.9,35.3,12.9,0.78,55.4,36.0,Good,7.0,Wednesday,observed,2024,air_quality,,
2024-08-01 00:00:00,IND_HR_GGN_04,NISE Gwal Pahari,Aravalli Belt,28.4215,77.1582,22.4,46.8,36.0,13.1,0.72,39.3,37.0,Good,8.0,Thursday,observed,2024,air_quality,,
2024-08-02 00:00:00,IND_HR_GGN_04,NISE Gwal Pahari,Aravalli Belt,28.4215,77.1582,32.2,59.9,27.8,19.8,0.73,39.8,53.0,Satisfactory,8.0,Friday,observed,2024,air_quality,,
2024-08-03 00:00:00,IND_HR_GGN_04,NISE Gwal Pahari,Aravalli Belt,28.4215,77.1582,25.4,45.2,22.7,15.6,0.68,85.6,42.0,Good,8.0,Saturday,observed,2024,air_quality,,
2024-08-04 00:00:00,IND_HR_GGN_04,NISE Gwal Pahari,Aravalli Belt,28.4215,77.1582,32.1,64.1,56.8,7.1,1.15,49.8,53.0,Satisfactory,8.0,Sunday,observed,2024,air_quality,,
2024-08-05 00:00:00,IND_HR_GGN_04,NISE Gwal Pahari,Aravalli Belt,28.4215,77.1582,35.3,60.8,20.5,6.4,0.49,10.0,58.0,Satisfactory,8.0,Monday,observed,2024,air_quality,,
2024-08-06 00:00:00,IND_HR_GGN_04,NISE Gwal Pahari,Aravalli Belt,28.4215,77.1582,56.5,105.1,29.7,10.4,0.49,58.6,94.0,Satisfactory,8.0,Tuesday,observed,2024,air_quality,,
2024-08-07 00:00:00,IND_HR_GGN_04,NISE Gwal Pahari,Aravalli Belt,28.4215,77.1582,33.0,48.2,31.2,17.3,0.2,48.3,55.0,Satisfactory,8.0,Wednesday,observed,2024,air_quality,,
2024-08-08 00:00:00,IND_HR_GGN_04,NISE Gwal Pahari,Aravalli Belt,28.4215,77.1582,26.8,47.0,39.2,19.2,0.67,44.2,44.0,Good,8.0,Thursday,observed,2024,air_quality,,
2024-08-09 00:00:00,IND_HR_GGN_04,NISE Gwal Pahari,Aravalli Belt,28.4215,77.1582,38.7,71.9,33.0,9.4,0.91,54.8,64.0,Satisfactory,8.0,Friday,observed,2024,air_quality,,
2024-08-10 00:00:00,IND_HR_GGN_04,NISE Gwal Pahari,Aravalli Belt,28.4215,77.1582,17.5,27.8,8.0,4.0,0.62,17.9,29.0,Good,8.0,Saturday,observed,2024,air_quality,,
2024-08-11 00:00:00,IND_HR_GGN_04,NISE Gwal Pahari,Aravalli Belt,28.4215,77.1582,17.9,29.8,29.4,18.6,0.2,35.5,29.0,Good,8.0,Sunday,observed,2024,air_quality,,
2024-08-12 00:00:00,IND_HR_GGN_04,NISE Gwal Pahari,Aravalli Belt,28.4215,77.1582,20.8,40.9,44.1,4.0,0.2,14.4,34.0,Good,8.0,Monday,observed,2024,air_quality,,
2024-08-13 00:00:00,IND_HR_GGN_04,NISE Gwal Pahari,Aravalli Belt,28.4215,77.1582,19.2,33.8,38.6,9.6,0.92,23.3,32.0,Good,8.0,Tuesday,observed,2024,air_quality,,
2024-08-14 00:00:00,IND_HR_GGN_04,NISE Gwal Pahari,Aravalli Belt,28.4215,77.1582,28.8,42.2,36.1,10.7,0.36,35.1,48.0,Good,8.0,Wednesday,observed,2024,air_quality,,
2024-08-15 00:00:00,IND_HR_GGN_04,NISE Gwal Pahari,Aravalli Belt,28.4215,77.1582,26.4,44.1,42.6,8.0,0.31,50.1,44.0,Good,8.0,Thursday,observed,2024,air_quality,,
2024-08-16 00:00:00,IND_HR_GGN_04,NISE Gwal Pahari,Aravalli Belt,28.4215,77.1582,47.4,81.9,23.9,13.2,0.76,64.1,79.0,Satisfactory,8.0,Friday,observed,2024,air_quality,,
2024-08-17 00:00:00,IND_HR_GGN_04,NISE Gwal Pahari,Aravalli Belt,28.4215,77.1582,28.8,55.9,34.2,18.4,0.92,22.9,48.0,Good,8.0,Saturday,observed,2024,air_quality,,
2024-08-18 00:00:00,IND_HR_GGN_04,NISE Gwal Pahari,Aravalli Belt,28.4215,77.1582,33.6,54.0,27.8,10.2,0.93,10.0,56.0,Satisfactory,8.0,Sunday,observed,2024,air_quality,,
2024-08-19 00:00:00,IND_HR_GGN_04,NISE Gwal Pahari,Aravalli Belt,28.4215,77.1582,40.5,58.8,39.8,14.1,0.3,50.7,67.0,Satisfactory,8.0,Monday,observed,2024,air_quality,,
2024-08-20 00:00:00,IND_HR_GGN_04,NISE Gwal Pahari,Aravalli Belt,28.4215,77.1582,24.5,45.3,29.4,14.0,0.57,60.2,40.0,Good,8.0,Tuesday,observed,2024,air_quality,,
2024-08-21 00:00:00,IND_HR_GGN_04,NISE Gwal Pahari,Aravalli Belt,28.4215,77.1582,46.1,94.8,39.7,15.8,0.63,42.0,76.0,Satisfactory,8.0,Wednesday,observed,2024,air_quality,,
2024-08-22 00:00:00,IND_HR_GGN_04,NISE Gwal Pahari,Aravalli Belt,28.4215,77.1582,17.5,33.2,21.7,22.0,0.59,43.7,29.0,Good,8.0,Thursday,observed,2024,air_quality,,
2024-08-23 00:00:00,IND_HR_GGN_04,NISE Gwal Pahari,Aravalli Belt,28.4215,77.1582,13.8,22.3,27.6,15.5,0.74,31.3,23.0,Good,8.0,Friday,observed,2024,air_quality,,
2024-08-24 00:00:00,IND_HR_GGN_04,NISE Gwal Pahari,Aravalli Belt,28.4215,77.1582,46.6,88.5,29.0,9.9,0.72,24.6,77.0,Satisfactory,8.0,Saturday,observed,2024,air_quality,,
2024-08-25 00:00:00,IND_HR_GGN_04,NISE Gwal Pahari,Aravalli Belt,28.4215,77.1582,25.9,41.5,37.9,17.6,0.72,53.6,43.0,Good,8.0,Sunday,observed,2024,air_quality,,
2024-08-26 00:00:00,IND_HR_GGN_04,NISE Gwal Pahari,Aravalli Belt,28.4215,77.1582,22.2,35.8,27.6,5.8,0.67,54.5,37.0,Good,8.0,Monday,observed,2024,air_quality,,
2024-08-27 00:00:00,IND_HR_GGN_04,NISE Gwal Pahari,Aravalli Belt,28.4215,77.1582,19.6,37.0,23.8,13.0,0.35,39.6,32.0,Good,8.0,Tuesday,observed,2024,air_quality,,
2024-08-28 00:00:00,IND_HR_GGN_04,NISE Gwal Pahari,Aravalli Belt,28.4215,77.1582,20.0,29.9,28.0,11.5,0.2,73.1,33.0,Good,8.0,Wednesday,observed,2024,air_quality,,
2024-08-29 00:00:00,IND_HR_GGN_04,NISE Gwal Pahari,Aravalli Belt,28.4215,77.1582,31.7,44.7,25.8,14.5,0.71,56.7,52.0,Satisfactory,8.0,Thursday,observed,2024,air_quality,,
2024-08-30 00:00:00,IND_HR_GGN_04,NISE Gwal Pahari,Aravalli Belt,28.4215,77.1582,32.2,61.5,42.5,9.9,0.59,43.3,53.0,Satisfactory,8.0,Friday,observed,2024,air_quality,,
2024-08-31 00:00:00,IND_HR_GGN_04,NISE Gwal Pahari,Aravalli Belt,28.4215,77.1582,31.9,56.2,35.2,4.0,0.54,27.4,53.0,Satisfactory,8.0,Saturday,observed,2024,air_quality,,
2024-09-01 00:00:00,IND_HR_GGN_04,NISE Gwal Pahari,Aravalli Belt,28.4215,77.1582,34.7,67.4,22.5,9.6,0.57,49.2,57.0,Satisfactory,9.0,Sunday,observed,2024,air_quality,,
2024-09-02 00:00:00,IND_HR_GGN_04,NISE Gwal Pahari,Aravalli Belt,28.4215,77.1582,32.8,58.9,30.2,12.4,0.21,51.5,54.0,Satisfactory,9.0,Monday,observed,2024,air_quality,,
2024-09-03 00:00:00,IND_HR_GGN_04,NISE Gwal Pahari,Aravalli Belt,28.4215,77.1582,38.3,66.9,43.2,9.3,0.4,22.4,63.0,Satisfactory,9.0,Tuesday,observed,2024,air_quality,,
2024-09-04 00:00:00,IND_HR_GGN_04,NISE Gwal Pahari,Aravalli Belt,28.4215,77.1582,31.6,48.4,47.9,8.5,0.92,39.9,52.0,Satisfactory,9.0,Wednesday,observed,2024,air_quality,,
2024-09-05 00:00:00,IND_HR_GGN_04,NISE Gwal Pahari,Aravalli Belt,28.4215,77.1582,43.4,78.8,23.7,15.5,1.09,47.8,72.0,Satisfactory,9.0,Thursday,observed,2024,air_quality,,
2024-09-06 00:00:00,IND_HR_GGN_04,NISE Gwal Pahari,Aravalli Belt,28.4215,77.1582,31.1,64.6,38.5,6.6,0.84,52.7,51.0,Satisfactory,9.0,Friday,observed,2024,air_quality,,
2024-09-07 00:00:00,IND_HR_GGN_04,NISE Gwal Pahari,Aravalli Belt,28.4215,77.1582,30.5,50.4,16.7,15.7,0.53,38.0,50.0,Satisfactory,9.0,Saturday,observed,2024,air_quality,,
2024-09-08 00:00:00,IND_HR_GGN_04,NISE Gwal Pahari,Aravalli Belt,28.4215,77.1582,28.3,41.2,15.8,15.2,0.74,26.7,47.0,Good,9.0,Sunday,observed,2024,air_quality,,
2024-09-09 00:00:00,IND_HR_GGN_04,NISE Gwal Pahari,Aravalli Belt,28.4215,77.1582,25.1,52.6,11.7,22.1,0.46,32.7,41.0,Good,9.0,Monday,observed,2024,air_quality,,
2024-09-10 00:00:00,IND_HR_GGN_04,NISE Gwal Pahari,Aravalli Belt,28.4215,77.1582,28.9,60.4,45.1,11.7,0.99,37.2,48.0,Good,9.0,Tuesday,observed,2024,air_quality,,
2024-09-11 00:00:00,IND_HR_GGN_04,NISE Gwal Pahari,Aravalli Belt,28.4215,77.1582,26.0,37.3,37.2,17.9,1.09,24.6,43.0,Good,9.0,Wednesday,observed,2024,air_quality,,
2024-09-12 00:00:00,IND_HR_GGN_04,NISE Gwal Pahari,Aravalli Belt,28.4215,77.1582,16.7,32.0,34.6,11.8,0.36,58.5,27.0,Good,9.0,Thursday,observed,2024,air_quality,,
2024-09-13 00:00:00,IND_HR_GGN_04,NISE Gwal Pahari,Aravalli Belt,28.4215,77.1582,50.4,95.4,30.8,14.5,0.94,46.1,84.0,Satisfactory,9.0,Friday,observed,2024,air_quality,,
2024-09-14 00:00:00,IND_HR_GGN_04,NISE Gwal Pahari,Aravalli Belt,28.4215,77.1582,36.4,52.8,27.5,18.6,1.04,43.7,60.0,Satisfactory,9.0,Saturday,observed,2024,air_quality,,
2024-09-15 00:00:00,IND_HR_GGN_04,NISE Gwal Pahari,Aravalli Belt,28.4215,77.1582,29.9,42.7,11.6,10.7,0.2,70.5,49.0,Good,9.0,Sunday,observed,2024,air_quality,,
2024-09-16 00:00:00,IND_HR_GGN_04,NISE Gwal Pahari,Aravalli Belt,28.4215,77.1582,36.9,59.7,20.4,11.8,1.0,62.9,61.0,Satisfactory,9.0,Monday,observed,2024,air_quality,,
2024-09-17 00:00:00,IND_HR_GGN_04,NISE Gwal Pahari,Aravalli Belt,28.4215,77.1582,56.9,112.4,17.5,20.4,1.38,45.1,94.0,Satisfactory,9.0,Tuesday,observed,2024,air_quality,,
2024-09-18 00:00:00,IND_HR_GGN_04,NISE Gwal Pahari,Aravalli Belt,28.4215,77.1582,50.3,90.9,34.2,5.5,1.08,28.5,83.0,Satisfactory,9.0,Wednesday,observed,2024,air_quality,,
2024-09-19 00:00:00,IND_HR_GGN_04,NISE Gwal Pahari,Aravalli Belt,28.4215,77.1582,54.1,80.7,37.1,20.4,0.65,25.4,90.0,Satisfactory,9.0,Thursday,observed,2024,air_quality,,
2024-09-20 00:00:00,IND_HR_GGN_04,NISE Gwal Pahari,Aravalli Belt,28.4215,77.1582,83.3,146.2,25.9,7.4,1.04,37.1,177.0,Moderate,9.0,Friday,observed,2024,air_quality,,
2024-09-21 00:00:00,IND_HR_GGN_04,NISE Gwal Pahari,Aravalli Belt,28.4215,77.1582,44.8,66.8,43.6,8.0,1.1,39.1,74.0,Satisfactory,9.0,Saturday,observed,2024,air_quality,,
2024-09-22 00:00:00,IND_HR_GGN_04,NISE Gwal Pahari,Aravalli Belt,28.4215,77.1582,38.7,57.9,32.8,19.0,1.19,26.3,64.0,Satisfactory,9.0,Sunday,observed,2024,air_quality,,
2024-09-23 00:00:00,IND_HR_GGN_04,NISE Gwal Pahari,Aravalli Belt,28.4215,77.1582,74.2,151.4,56.5,19.8,0.82,41.9,147.0,Moderate,9.0,Monday,observed,2024,air_quality,,
2024-09-24 00:00:00,IND_HR_GGN_04,NISE Gwal Pahari,Aravalli Belt,28.4215,77.1582,53.7,99.2,36.2,20.3,1.33,21.3,89.0,Satisfactory,9.0,Tuesday,observed,2024,air_quality,,
2024-09-25 00:00:00,IND_HR_GGN_04,NISE Gwal Pahari,Aravalli Belt,28.4215,77.1582,66.7,120.0,54.3,18.8,0.63,20.4,122.0,Moderate,9.0,Wednesday,observed,2024,air_quality,,
2024-09-26 00:00:00,IND_HR_GGN_04,NISE Gwal Pahari,Aravalli Belt,28.4215,77.1582,63.9,94.3,21.8,20.0,1.63,33.6,113.0,Moderate,9.0,Thursday,observed,2024,air_quality,,
2024-09-27 00:00:00,IND_HR_GGN_04,NISE Gwal Pahari,Aravalli Belt,28.4215,77.1582,33.2,64.7,40.9,10.2,0.95,34.3,55.0,Satisfactory,9.0,Friday,observed,2024,air_quality,,
2024-09-28 00:00:00,IND_HR_GGN_04,NISE Gwal Pahari,Aravalli Belt,28.4215,77.1582,76.6,120.2,13.7,15.3,0.66,47.7,155.0,Moderate,9.0,Saturday,observed,2024,air_quality,,
2024-09-29 00:00:00,IND_HR_GGN_04,NISE Gwal Pahari,Aravalli Belt,28.4215,77.1582,53.4,92.6,29.7,8.5,0.69,22.7,89.0,Satisfactory,9.0,Sunday,observed,2024,air_quality,,
2024-09-30 00:00:00,IND_HR_GGN_04,NISE Gwal Pahari,Aravalli Belt,28.4215,77.1582,51.2,104.2,53.7,9.2,1.05,51.0,85.0,Satisfactory,9.0,Monday,observed,2024,air_quality,,
2024-10-01 00:00:00,IND_HR_GGN_04,NISE Gwal Pahari,Aravalli Belt,28.4215,77.1582,38.3,79.8,45.5,20.3,1.04,75.4,63.0,Satisfactory,10.0,Tuesday,observed,2024,air_quality,,
2024-10-02 00:00:00,IND_HR_GGN_04,NISE Gwal Pahari,Aravalli Belt,28.4215,77.1582,56.9,106.1,47.4,15.0,1.59,67.6,94.0,Satisfactory,10.0,Wednesday,observed,2024,air_quality,,
2024-10-03 00:00:00,IND_HR_GGN_04,NISE Gwal Pahari,Aravalli Belt,28.4215,77.1582,35.3,49.9,26.2,8.4,0.37,62.5,58.0,Satisfactory,10.0,Thursday,observed,2024,air_quality,,
2024-10-04 00:00:00,IND_HR_GGN_04,NISE Gwal Pahari,Aravalli Belt,28.4215,77.1582,49.9,98.4,44.5,4.0,0.23,24.0,83.0,Satisfactory,10.0,Friday,observed,2024,air_quality,,
2024-10-05 00:00:00,IND_HR_GGN_04,NISE Gwal Pahari,Aravalli Belt,28.4215,77.1582,47.5,67.6,30.8,14.0,1.15,40.4,79.0,Satisfactory,10.0,Saturday,observed,2024,air_quality,,
2024-10-06 00:00:00,IND_HR_GGN_04,NISE Gwal Pahari,Aravalli Belt,28.4215,77.1582,47.3,75.0,36.7,13.9,1.02,53.4,78.0,Satisfactory,10.0,Sunday,observed,2024,air_quality,,
2024-10-07 00:00:00,IND_HR_GGN_04,NISE Gwal Pahari,Aravalli Belt,28.4215,77.1582,53.7,95.1,49.4,10.6,0.74,15.0,89.0,Satisfactory,10.0,Monday,observed,2024,air_quality,,
2024-10-08 00:00:00,IND_HR_GGN_04,NISE Gwal Pahari,Aravalli Belt,28.4215,77.1582,57.6,83.7,70.6,6.3,1.34,69.0,96.0,Satisfactory,10.0,Tuesday,observed,2024,air_quality,,
2024-10-09 00:00:00,IND_HR_GGN_04,NISE Gwal Pahari,Aravalli Belt,28.4215,77.1582,57.4,106.1,37.1,9.8,0.76,36.0,95.0,Satisfactory,10.0,Wednesday,observed,2024,air_quality,,
2024-10-10 00:00:00,IND_HR_GGN_04,NISE Gwal Pahari,Aravalli Belt,28.4215,77.1582,63.4,111.2,45.0,16.0,0.79,40.3,111.0,Moderate,10.0,Thursday,observed,2024,air_quality,,
2024-10-11 00:00:00,IND_HR_GGN_04,NISE Gwal Pahari,Aravalli Belt,28.4215,77.1582,54.8,109.7,39.1,6.2,1.18,37.3,91.0,Satisfactory,10.0,Friday,observed,2024,air_quality,,
2024-10-12 00:00:00,IND_HR_GGN_04,NISE Gwal Pahari,Aravalli Belt,28.4215,77.1582,50.1,100.4,58.8,18.2,1.08,46.2,83.0,Satisfactory,10.0,Saturday,observed,2024,air_quality,,
2024-10-13 00:00:00,IND_HR_GGN_04,NISE Gwal Pahari,Aravalli Belt,28.4215,77.1582,36.0,63.8,43.1,4.0,0.5,41.0,60.0,Satisfactory,10.0,Sunday,observed,2024,air_quality,,
2024-10-14 00:00:00,IND_HR_GGN_04,NISE Gwal Pahari,Aravalli Belt,28.4215,77.1582,53.8,97.8,36.8,7.7,0.79,54.9,89.0,Satisfactory,10.0,Monday,observed,2024,air_quality,,
2024-10-15 00:00:00,IND_HR_GGN_04,NISE Gwal Pahari,Aravalli Belt,28.4215,77.1582,65.1,100.7,38.7,14.6,1.19,33.8,116.0,Moderate,10.0,Tuesday,observed,2024,air_quality,,
2024-10-16 00:00:00,IND_HR_GGN_04,NISE Gwal Pahari,Aravalli Belt,28.4215,77.1582,261.2,505.4,27.1,11.1,1.17,44.8,407.0,Severe,10.0,Wednesday,observed,2024,air_quality,,
2024-10-17 00:00:00,IND_HR_GGN_04,NISE Gwal Pahari,Aravalli Belt,28.4215,77.1582,165.6,324.5,74.9,19.9,1.54,48.9,335.0,Very Poor,10.0,Thursday,observed,2024,air_quality,,
2024-10-18 00:00:00,IND_HR_GGN_04,NISE Gwal Pahari,Aravalli Belt,28.4215,77.1582,212.5,345.2,55.0,20.0,2.14,11.1,371.0,Very Poor,10.0,Friday,observed,2024,air_quality,,
2024-10-19 00:00:00,IND_HR_GGN_04,NISE Gwal Pahari,Aravalli Belt,28.4215,77.1582,246.4,425.3,94.9,20.0,2.41,50.4,397.0,Very Poor,10.0,Saturday,observed,2024,air_quality,,
2024-10-20 00:00:00,IND_HR_GGN_04,NISE Gwal Pahari,Aravalli Belt,28.4215,77.1582,103.4,187.6,63.0,22.6,2.45,10.0,244.0,Poor,10.0,Sunday,observed,2024,air_quality,,
2024-10-21 00:00:00,IND_HR_GGN_04,NISE Gwal Pahari,Aravalli Belt,28.4215,77.1582,254.3,518.1,84.4,5.8,2.13,24.4,402.0,Severe,10.0,Monday,observed,2024,air_quality,,
2024-10-22 00:00:00,IND_HR_GGN_04,NISE Gwal Pahari,Aravalli Belt,28.4215,77.1582,223.7,424.0,56.9,18.1,2.01,31.0,379.0,Very Poor,10.0,Tuesday,observed,2024,air_quality,,
2024-10-23 00:00:00,IND_HR_GGN_04,NISE Gwal Pahari,Aravalli Belt,28.4215,77.1582,126.0,235.0,66.2,28.6,2.07,57.0,304.0,Very Poor,10.0,Wednesday,observed,2024,air_quality,,
2024-10-24 00:00:00,IND_HR_GGN_04,NISE Gwal Pahari,Aravalli Belt,28.4215,77.1582,187.2,264.2,83.2,18.5,3.85,32.9,351.0,Very Poor,10.0,Thursday,observed,2024,air_quality,,
2024-10-25 00:00:00,IND_HR_GGN_04,NISE Gwal Pahari,Aravalli Belt,28.4215,77.1582,170.7,292.1,38.2,19.2,2.04,35.2,339.0,Very Poor,10.0,Friday,observed,2024,air_quality,,
2024-10-26 00:00:00,IND_HR_GGN_04,NISE Gwal Pahari,Aravalli Belt,28.4215,77.1582,191.2,301.3,80.8,8.1,2.17,58.5,354.0,Very Poor,10.0,Saturday,observed,2024,air_quality,,
2024-10-27 00:00:00,IND_HR_GGN_04,NISE Gwal Pahari,Aravalli Belt,28.4215,77.1582,208.8,320.8,105.7,15.6,2.57,56.4,368.0,Very Poor,10.0,Sunday,observed,2024,air_quality,,
2024-10-28 00:00:00,IND_HR_GGN_04,NISE Gwal Pahari,Aravalli Belt,28.4215,77.1582,209.2,400.5,60.3,10.6,4.79,10.0,368.0,Very Poor,10.0,Monday,observed,2024,air_quality,,
2024-10-29 00:00:00,IND_HR_GGN_04,NISE Gwal Pahari,Aravalli Belt,28.4215,77.1582,193.2,278.2,75.8,11.5,2.26,54.3,356.0,Very Poor,10.0,Tuesday,observed,2024,air_quality,,
2024-10-30 00:00:00,IND_HR_GGN_04,NISE Gwal Pahari,Aravalli Belt,28.4215,77.1582,201.9,363.5,78.5,21.1,1.53,68.8,363.0,Very Poor,10.0,Wednesday,observed,2024,air_quality,,
2024-10-31 00:00:00,IND_HR_GGN_04,NISE Gwal Pahari,Aravalli Belt,28.4215,77.1582,353.3,531.8,50.5,11.9,6.02,49.6,468.0,Severe,10.0,Thursday,observed,2024,air_quality,,
2024-11-01 00:00:00,IND_HR_GGN_04,NISE Gwal Pahari,Aravalli Belt,28.4215,77.1582,395.5,755.1,156.6,18.5,4.43,29.5,497.0,Severe,11.0,Friday,observed,2024,air_quality,,
2024-11-02 00:00:00,IND_HR_GGN_04,NISE Gwal Pahari,Aravalli Belt,28.4215,77.1582,370.7,660.1,89.2,11.8,3.2,61.5,480.0,Severe,11.0,Saturday,observed,2024,air_quality,,
2024-11-03 00:00:00,IND_HR_GGN_04,NISE Gwal Pahari,Aravalli Belt,28.4215,77.1582,421.4,781.1,131.6,9.8,2.2,50.2,500.0,Severe,11.0,Sunday,observed,2024,air_quality,,
2024-11-04 00:00:00,IND_HR_GGN_04,NISE Gwal Pahari,Aravalli Belt,28.4215,77.1582,439.5,718.4,141.8,23.6,4.85,44.6,500.0,Severe,11.0,Monday,observed,2024,air_quality,,
2024-11-05 00:00:00,IND_HR_GGN_04,NISE Gwal Pahari,Aravalli Belt,28.4215,77.1582,460.2,743.0,176.0,11.7,5.45,56.6,500.0,Severe,11.0,Tuesday,observed,2024,air_quality,,
2024-11-06 00:00:00,IND_HR_GGN_04,NISE Gwal Pahari,Aravalli Belt,28.4215,77.1582,411.3,842.3,146.0,20.4,4.96,63.7,500.0,Severe,11.0,Wednesday,observed,2024,air_quality,,
2024-11-07 00:00:00,IND_HR_GGN_04,NISE Gwal Pahari,Aravalli Belt,28.4215,77.1582,405.3,737.1,133.9,9.7,5.18,49.9,500.0,Severe,11.0,Thursday,observed,2024,air_quality,,
2024-11-08 00:00:00,IND_HR_GGN_04,NISE Gwal Pahari,Aravalli Belt,28.4215,77.1582,437.6,883.1,122.3,13.2,2.27,18.1,500.0,Severe,11.0,Friday,observed,2024,air_quality,,
2024-11-09 00:00:00,IND_HR_GGN_04,NISE Gwal Pahari,Aravalli Belt,28.4215,77.1582,377.2,775.7,55.7,12.8,4.84,42.3,484.0,Severe,11.0,Saturday,observed,2024,air_quality,,
2024-11-10 00:00:00,IND_HR_GGN_04,NISE Gwal Pahari,Aravalli Belt,28.4215,77.1582,461.9,936.7,191.5,7.4,7.05,33.9,500.0,Severe,11.0,Sunday,observed,2024,air_quality,,
2024-11-11 00:00:00,IND_HR_GGN_04,NISE Gwal Pahari,Aravalli Belt,28.4215,77.1582,236.3,388.3,105.0,11.2,3.83,33.5,389.0,Very Poor,11.0,Monday,observed,2024,air_quality,,
2024-11-12 00:00:00,IND_HR_GGN_04,NISE Gwal Pahari,Aravalli Belt,28.4215,77.1582,115.6,184.1,46.7,19.1,0.86,77.1,285.0,Poor,11.0,Tuesday,observed,2024,air_quality,,
2024-11-13 00:00:00,IND_HR_GGN_04,NISE Gwal Pahari,Aravalli Belt,28.4215,77.1582,151.9,266.0,48.9,10.9,0.98,43.5,324.0,Very Poor,11.0,Wednesday,observed,2024,air_quality,,
2024-11-14 00:00:00,IND_HR_GGN_04,NISE Gwal Pahari,Aravalli Belt,28.4215,77.1582,281.1,422.1,135.3,8.5,6.82,79.5,420.0,Severe,11.0,Thursday,observed,2024,air_quality,,
2024-11-15 00:00:00,IND_HR_GGN_04,NISE Gwal Pahari,Aravalli Belt,28.4215,77.1582,189.0,342.7,51.9,11.4,3.12,70.9,353.0,Very Poor,11.0,Friday,observed,2024,air_quality,,
2024-11-16 00:00:00,IND_HR_GGN_04,NISE Gwal Pahari,Aravalli Belt,28.4215,77.1582,269.6,397.6,58.2,12.5,3.61,39.4,413.0,Severe,11.0,Saturday,observed,2024,air_quality,,
2024-11-17 00:00:00,IND_HR_GGN_04,NISE Gwal Pahari,Aravalli Belt,28.4215,77.1582,162.6,304.2,73.2,18.7,2.43,49.7,332.0,Very Poor,11.0,Sunday,observed,2024,air_quality,,
2024-11-18 00:00:00,IND_HR_GGN_04,NISE Gwal Pahari,Aravalli Belt,28.4215,77.1582,224.0,456.3,93.3,13.2,2.28,53.6,380.0,Very Poor,11.0,Monday,observed,2024,air_quality,,
2024-11-19 00:00:00,IND_HR_GGN_04,NISE Gwal Pahari,Aravalli Belt,28.4215,77.1582,188.2,286.1,92.1,10.1,3.89,68.6,352.0,Very Poor,11.0,Tuesday,observed,2024,air_quality,,
2024-11-20 00:00:00,IND_HR_GGN_04,NISE Gwal Pahari,Aravalli Belt,28.4215,77.1582,249.4,520.7,84.1,19.3,3.27,40.2,399.0,Very Poor,11.0,Wednesday,observed,2024,air_quality,,
2024-11-21 00:00:00,IND_HR_GGN_04,NISE Gwal Pahari,Aravalli Belt,28.4215,77.1582,176.4,274.2,82.0,23.5,2.17,55.7,343.0,Very Poor,11.0,Thursday,observed,2024,air_quality,,
2024-11-22 00:00:00,IND_HR_GGN_04,NISE Gwal Pahari,Aravalli Belt,28.4215,77.1582,177.9,366.1,84.6,10.8,1.81,28.2,344.0,Very Poor,11.0,Friday,observed,2024,air_quality,,
2024-11-23 00:00:00,IND_HR_GGN_04,NISE Gwal Pahari,Aravalli Belt,28.4215,77.1582,171.0,348.0,97.3,5.6,1.39,41.5,339.0,Very Poor,11.0,Saturday,observed,2024,air_quality,,
2024-11-24 00:00:00,IND_HR_GGN_04,NISE Gwal Pahari,Aravalli Belt,28.4215,77.1582,201.7,387.0,49.6,16.2,1.56,42.0,362.0,Very Poor,11.0,Sunday,observed,2024,air_quality,,
2024-11-25 00:00:00,IND_HR_GGN_04,NISE Gwal Pahari,Aravalli Belt,28.4215,77.1582,198.7,295.2,129.6,17.5,2.94,28.0,360.0,Very Poor,11.0,Monday,observed,2024,air_quality,,
2024-11-26 00:00:00,IND_HR_GGN_04,NISE Gwal Pahari,Aravalli Belt,28.4215,77.1582,239.7,456.9,132.3,25.4,4.21,65.2,392.0,Very Poor,11.0,Tuesday,observed,2024,air_quality,,
2024-11-27 00:00:00,IND_HR_GGN_04,NISE Gwal Pahari,Aravalli Belt,28.4215,77.1582,174.6,300.9,114.2,11.2,2.46,18.1,342.0,Very Poor,11.0,Wednesday,observed,2024,air_quality,,
2024-11-28 00:00:00,IND_HR_GGN_04,NISE Gwal Pahari,Aravalli Belt,28.4215,77.1582,191.7,308.3,118.2,22.1,4.69,40.9,355.0,Very Poor,11.0,Thursday,observed,2024,air_quality,,
2024-11-29 00:00:00,IND_HR_GGN_04,NISE Gwal Pahari,Aravalli Belt,28.4215,77.1582,193.2,316.6,99.8,9.2,1.62,43.6,356.0,Very Poor,11.0,Friday,observed,2024,air_quality,,
2024-11-30 00:00:00,IND_HR_GGN_04,NISE Gwal Pahari,Aravalli Belt,28.4215,77.1582,210.2,338.9,62.6,19.0,1.99,42.1,369.0,Very Poor,11.0,Saturday,observed,2024,air_quality,,
2024-12-01 00:00:00,IND_HR_GGN_04,NISE Gwal Pahari,Aravalli Belt,28.4215,77.1582,185.2,366.3,82.7,16.6,2.04,33.4,350.0,Very Poor,12.0,Sunday,observed,2024,air_quality,,
2024-12-02 00:00:00,IND_HR_GGN_04,NISE Gwal Pahari,Aravalli Belt,28.4215,77.1582,181.5,362.5,79.6,8.9,3.4,31.6,347.0,Very Poor,12.0,Monday,observed,2024,air_quality,,
2024-12-03 00:00:00,IND_HR_GGN_04,NISE Gwal Pahari,Aravalli Belt,28.4215,77.1582,224.3,324.0,110.2,13.5,3.84,30.7,380.0,Very Poor,12.0,Tuesday,observed,2024,air_quality,,
2024-12-04 00:00:00,IND_HR_GGN_04,NISE Gwal Pahari,Aravalli Belt,28.4215,77.1582,152.4,309.7,65.5,15.1,1.59,47.7,324.0,Very Poor,12.0,Wednesday,observed,2024,air_quality,,
2024-12-05 00:00:00,IND_HR_GGN_04,NISE Gwal Pahari,Aravalli Belt,28.4215,77.1582,193.7,358.8,75.7,14.2,1.15,30.9,356.0,Very Poor,12.0,Thursday,observed,2024,air_quality,,
2024-12-06 00:00:00,IND_HR_GGN_04,NISE Gwal Pahari,Aravalli Belt,28.4215,77.1582,184.5,323.9,44.2,16.1,1.98,44.2,349.0,Very Poor,12.0,Friday,observed,2024,air_quality,,
2024-12-07 00:00:00,IND_HR_GGN_04,NISE Gwal Pahari,Aravalli Belt,28.4215,77.1582,118.5,202.1,66.7,15.6,2.01,18.3,295.0,Poor,12.0,Saturday,observed,2024,air_quality,,
2024-12-08 00:00:00,IND_HR_GGN_04,NISE Gwal Pahari,Aravalli Belt,28.4215,77.1582,144.6,253.2,17.7,10.4,2.15,34.1,318.0,Very Poor,12.0,Sunday,observed,2024,air_quality,,
2024-12-09 00:00:00,IND_HR_GGN_04,NISE Gwal Pahari,Aravalli Belt,28.4215,77.1582,211.7,326.6,68.3,13.9,1.89,29.2,370.0,Very Poor,12.0,Monday,observed,2024,air_quality,,
2024-12-10 00:00:00,IND_HR_GGN_04,NISE Gwal Pahari,Aravalli Belt,28.4215,77.1582,206.5,376.6,73.5,16.5,2.38,10.0,366.0,Very Poor,12.0,Tuesday,observed,2024,air_quality,,
2024-12-11 00:00:00,IND_HR_GGN_04,NISE Gwal Pahari,Aravalli Belt,28.4215,77.1582,212.0,411.0,102.4,19.1,4.07,10.0,370.0,Very Poor,12.0,Wednesday,observed,2024,air_quality,,
2024-12-12 00:00:00,IND_HR_GGN_04,NISE Gwal Pahari,Aravalli Belt,28.4215,77.1582,198.3,348.9,87.7,19.6,1.0,37.7,360.0,Very Poor,12.0,Thursday,observed,2024,air_quality,,
2024-12-13 00:00:00,IND_HR_GGN_04,NISE Gwal Pahari,Aravalli Belt,28.4215,77.1582,240.5,475.6,78.0,13.7,0.2,36.3,392.0,Very Poor,12.0,Friday,observed,2024,air_quality,,
2024-12-14 00:00:00,IND_HR_GGN_04,NISE Gwal Pahari,Aravalli Belt,28.4215,77.1582,145.9,217.1,71.2,19.3,2.06,33.0,319.0,Very Poor,12.0,Saturday,observed,2024,air_quality,,
2024-12-15 00:00:00,IND_HR_GGN_04,NISE Gwal Pahari,Aravalli Belt,28.4215,77.1582,239.9,430.7,112.6,7.5,1.76,40.6,392.0,Very Poor,12.0,Sunday,observed,2024,air_quality,,
2024-12-16 00:00:00,IND_HR_GGN_04,NISE Gwal Pahari,Aravalli Belt,28.4215,77.1582,217.9,433.5,112.3,20.4,2.6,49.2,375.0,Very Poor,12.0,Monday,observed,2024,air_quality,,
2024-12-17 00:00:00,IND_HR_GGN_04,NISE Gwal Pahari,Aravalli Belt,28.4215,77.1582,219.8,314.8,101.2,14.7,2.63,29.8,376.0,Very Poor,12.0,Tuesday,observed,2024,air_quality,,
2024-12-18 00:00:00,IND_HR_GGN_04,NISE Gwal Pahari,Aravalli Belt,28.4215,77.1582,221.6,366.4,135.7,5.6,3.99,49.6,378.0,Very Poor,12.0,Wednesday,observed,2024,air_quality,,
2024-12-19 00:00:00,IND_HR_GGN_04,NISE Gwal Pahari,Aravalli Belt,28.4215,77.1582,157.0,221.3,42.1,4.9,1.07,27.0,328.0,Very Poor,12.0,Thursday,observed,2024,air_quality,,
2024-12-20 00:00:00,IND_HR_GGN_04,NISE Gwal Pahari,Aravalli Belt,28.4215,77.1582,194.4,328.5,112.9,16.0,1.82,64.7,357.0,Very Poor,12.0,Friday,observed,2024,air_quality,,
2024-12-21 00:00:00,IND_HR_GGN_04,NISE Gwal Pahari,Aravalli Belt,28.4215,77.1582,174.6,254.5,72.5,15.2,2.37,61.8,342.0,Very Poor,12.0,Saturday,observed,2024,air_quality,,
2024-12-22 00:00:00,IND_HR_GGN_04,NISE Gwal Pahari,Aravalli Belt,28.4215,77.1582,210.7,369.1,75.0,9.1,4.1,37.0,369.0,Very Poor,12.0,Sunday,observed,2024,air_quality,,
2024-12-23 00:00:00,IND_HR_GGN_04,NISE Gwal Pahari,Aravalli Belt,28.4215,77.1582,215.7,373.9,108.1,7.7,3.57,30.1,373.0,Very Poor,12.0,Monday,observed,2024,air_quality,,
2024-12-24 00:00:00,IND_HR_GGN_04,NISE Gwal Pahari,Aravalli Belt,28.4215,77.1582,211.2,337.2,108.5,18.6,2.85,29.6,370.0,Very Poor,12.0,Tuesday,observed,2024,air_quality,,
2024-12-25 00:00:00,IND_HR_GGN_04,NISE Gwal Pahari,Aravalli Belt,28.4215,77.1582,166.0,261.1,56.5,7.0,2.25,22.7,335.0,Very Poor,12.0,Wednesday,observed,2024,air_quality,,
2024-12-26 00:00:00,IND_HR_GGN_04,NISE Gwal Pahari,Aravalli Belt,28.4215,77.1582,179.1,334.3,122.7,19.2,2.07,48.6,345.0,Very Poor,12.0,Thursday,observed,2024,air_quality,,
2024-12-27 00:00:00,IND_HR_GGN_04,NISE Gwal Pahari,Aravalli Belt,28.4215,77.1582,210.7,364.9,60.1,16.5,3.22,50.0,369.0,Very Poor,12.0,Friday,observed,2024,air_quality,,
2024-12-28 00:00:00,IND_HR_GGN_04,NISE Gwal Pahari,Aravalli Belt,28.4215,77.1582,152.3,236.4,75.5,10.7,2.63,53.3,324.0,Very Poor,12.0,Saturday,observed,2024,air_quality,,
2024-12-29 00:00:00,IND_HR_GGN_04,NISE Gwal Pahari,Aravalli Belt,28.4215,77.1582,179.1,326.5,89.0,14.7,0.81,38.0,345.0,Very Poor,12.0,Sunday,observed,2024,air_quality,,
2024-12-30 00:00:00,IND_HR_GGN_04,NISE Gwal Pahari,Aravalli Belt,28.4215,77.1582,228.1,432.4,102.5,4.0,2.08,37.2,383.0,Very Poor,12.0,Monday,observed,2024,air_quality,,
2024-12-31 00:00:00,IND_HR_GGN_04,NISE Gwal Pahari,Aravalli Belt,28.4215,77.1582,254.7,530.7,98.2,8.2,1.83,32.8,403.0,Severe,12.0,Tuesday,observed,2024,air_quality,,
2022-08-04,OM_AQ_GURUGRAM,Open-Meteo AQ Reanalysis,,28.4595,77.0266,43.525,66.85000000000001,45.88333333333333,38.166666666666664,634.7916666666666,69.33333333333333,,,,,reanalysis,2022,air_quality,api_fetch,om_aq_20220804
2022-08-05,OM_AQ_GURUGRAM,Open-Meteo AQ Reanalysis,,28.4595,77.0266,47.45,72.72916666666667,55.37083333333334,32.99166666666667,967.875,65.5,,,,,reanalysis,2022,air_quality,api_fetch,om_aq_20220805
2022-08-06,OM_AQ_GURUGRAM,Open-Meteo AQ Reanalysis,,28.4595,77.0266,68.8125,101.37916666666666,68.01666666666667,48.729166666666664,1113.0,104.375,,,,,reanalysis,2022,air_quality,api_fetch,om_aq_20220806
2022-08-07,OM_AQ_GURUGRAM,Open-Meteo AQ Reanalysis,,28.4595,77.0266,33.09583333333333,50.395833333333336,52.59166666666667,31.5,752.8333333333334,62.583333333333336,,,,,reanalysis,2022,air_quality,api_fetch,om_aq_20220807
2022-08-08,OM_AQ_GURUGRAM,Open-Meteo AQ Reanalysis,,28.4595,77.0266,51.8125,76.85416666666667,60.73333333333333,54.09166666666667,1076.2916666666667,82.08333333333333,,,,,reanalysis,2022,air_quality,api_fetch,om_aq_20220808
2022-08-09,OM_AQ_GURUGRAM,Open-Meteo AQ Reanalysis,,28.4595,77.0266,51.104166666666664,80.54166666666667,52.8875,40.825,1137.4583333333333,61.291666666666664,,,,,reanalysis,2022,air_quality,api_fetch,om_aq_20220809
2022-08-10,OM_AQ_GURUGRAM,Open-Meteo AQ Reanalysis,,28.4595,77.0266,30.758333333333336,69.74583333333334,37.71666666666667,28.46666666666667,564.7083333333334,64.79166666666667,,,,,reanalysis,2022,air_quality,api_fetch,om_aq_20220810
2022-08-11,OM_AQ_GURUGRAM,Open-Meteo AQ Reanalysis,,28.4595,77.0266,30.833333333333332,84.24583333333334,39.19166666666667,26.791666666666668,610.9583333333334,49.708333333333336,,,,,reanalysis,2022,air_quality,api_fetch,om_aq_20220811
2022-08-12,OM_AQ_GURUGRAM,Open-Meteo AQ Reanalysis,,28.4595,77.0266,25.85,73.28333333333333,33.4125,24.53333333333333,470.625,59.125,,,,,reanalysis,2022,air_quality,api_fetch,om_aq_20220812
2022-08-13,OM_AQ_GURUGRAM,Open-Meteo AQ Reanalysis,,28.4595,77.0266,32.479166666666664,69.20833333333333,37.17916666666667,25.795833333333334,597.25,58.5,,,,,reanalysis,2022,air_quality,api_fetch,om_aq_20220813
2022-08-14,OM_AQ_GURUGRAM,Open-Meteo AQ Reanalysis,,28.4595,77.0266,51.20416666666667,77.15416666666667,64.8125,40.704166666666666,929.1666666666666,45.0,,,,,reanalysis,2022,air_quality,api_fetch,om_aq_20220814
2022-08-15,OM_AQ_GURUGRAM,Open-Meteo AQ Reanalysis,,28.4595,77.0266,32.47083333333333,72.71666666666667,40.68333333333333,32.9125,502.7083333333333,56.416666666666664,,,,,reanalysis,2022,air_quality,api_fetch,om_aq_20220815
2022-08-16,OM_AQ_GURUGRAM,Open-Meteo AQ Reanalysis,,28.4595,77.0266,24.108333333333334,111.675,22.120833333333337,18.108333333333334,288.9583333333333,54.583333333333336,,,,,reanalysis,2022,air_quality,api_fetch,om_aq_20220816
2022-08-17,OM_AQ_GURUGRAM,Open-Meteo AQ Reanalysis,,28.4595,77.0266,26.129166666666663,65.5,31.84583333333333,20.1375,511.0416666666667,41.75,,,,,reanalysis,2022,air_quality,api_fetch,om_aq_20220817
2022-08-18,OM_AQ_GURUGRAM,Open-Meteo AQ Reanalysis,,28.4595,77.0266,30.445833333333336,55.412499999999994,34.9125,17.933333333333334,612.375,45.958333333333336,,,,,reanalysis,2022,air_quality,api_fetch,om_aq_20220818
2022-08-19,OM_AQ_GURUGRAM,Open-Meteo AQ Reanalysis,,28.4595,77.0266,22.47083333333333,52.88333333333333,32.72083333333333,17.108333333333334,472.125,47.666666666666664,,,,,reanalysis,2022,air_quality,api_fetch,om_aq_20220819
2022-08-20,OM_AQ_GURUGRAM,Open-Meteo AQ Reanalysis,,28.4595,77.0266,49.5125,85.08333333333333,68.64583333333333,42.82083333333333,850.4166666666666,46.25,,,,,reanalysis,2022,air_quality,api_fetch,om_aq_20220820
2022-08-21,OM_AQ_GURUGRAM,Open-Meteo AQ Reanalysis,,28.4595,77.0266,43.104166666666664,74.14583333333333,54.57916666666667,33.32083333333333,712.625,73.91666666666667,,,,,reanalysis,2022,air_quality,api_fetch,om_aq_20220821
2022-08-22,OM_AQ_GURUGRAM,Open-Meteo AQ Reanalysis,,28.4595,77.0266,38.4125,79.71666666666667,42.53333333333333,40.729166666666664,550.4166666666666,81.25,,,,,reanalysis,2022,air_quality,api_fetch,om_aq_20220822
2022-08-23,OM_AQ_GURUGRAM,Open-Meteo AQ Reanalysis,,28.4595,77.0266,24.504166666666663,94.53333333333336,21.870833333333337,18.266666666666666,319.625,66.5,,,,,reanalysis,2022,air_quality,api_fetch,om_aq_20220823
2022-08-24,OM_AQ_GURUGRAM,Open-Meteo AQ Reanalysis,,28.4595,77.0266,35.21666666666666,67.91666666666667,41.93333333333333,22.2125,601.375,49.041666666666664,,,,,reanalysis,2022,air_quality,api_fetch,om_aq_20220824
2022-08-25,OM_AQ_GURUGRAM,Open-Meteo AQ Reanalysis,,28.4595,77.0266,55.97083333333333,88.28750000000001,52.44583333333333,36.0,1254.75,61.583333333333336,,,,,reanalysis,2022,air_quality,api_fetch,om_aq_20220825
2022-08-26,OM_AQ_GURUGRAM,Open-Meteo AQ Reanalysis,,28.4595,77.0266,35.375,79.95416666666667,36.12916666666667,32.608333333333334,444.125,65.625,,,,,reanalysis,2022,air_quality,api_fetch,om_aq_20220826
2022-08-27,OM_AQ_GURUGRAM,Open-Meteo AQ Reanalysis,,28.4595,77.0266,33.75,88.26666666666667,30.691666666666663,29.625,397.0833333333333,58.208333333333336,,,,,reanalysis,2022,air_quality,api_fetch,om_aq_20220827
2022-08-28,OM_AQ_GURUGRAM,Open-Meteo AQ Reanalysis,,28.4595,77.0266,36.833333333333336,84.69583333333334,32.88333333333333,19.2125,557.7916666666666,53.666666666666664,,,,,reanalysis,2022,air_quality,api_fetch,om_aq_20220828
2022-08-29,OM_AQ_GURUGRAM,Open-Meteo AQ Reanalysis,,28.4595,77.0266,58.51666666666667,103.65416666666664,54.67916666666667,33.85,814.2916666666666,71.75,,,,,reanalysis,2022,air_quality,api_fetch,om_aq_20220829
2022-08-30,OM_AQ_GURUGRAM,Open-Meteo AQ Reanalysis,,28.4595,77.0266,63.95,102.975,61.666666666666664,44.6625,950.1666666666666,90.875,,,,,reanalysis,2022,air_quality,api_fetch,om_aq_20220830
2022-08-31,OM_AQ_GURUGRAM,Open-Meteo AQ Reanalysis,,28.4595,77.0266,47.2375,79.50833333333334,42.6625,30.8875,1018.125,63.416666666666664,,,,,reanalysis,2022,air_quality,api_fetch,om_aq_20220831
2022-09-01,OM_AQ_GURUGRAM,Open-Meteo AQ Reanalysis,,28.4595,77.0266,43.52916666666667,84.225,40.8625,40.59583333333333,704.5833333333334,47.416666666666664,,,,,reanalysis,2022,air_quality,api_fetch,om_aq_20220901
2022-09-02,OM_AQ_GURUGRAM,Open-Meteo AQ Reanalysis,,28.4595,77.0266,47.76666666666667,85.3125,43.64166666666667,39.954166666666666,1101.9583333333333,63.833333333333336,,,,,reanalysis,2022,air_quality,api_fetch,om_aq_20220902
2022-09-03,OM_AQ_GURUGRAM,Open-Meteo AQ Reanalysis,,28.4595,77.0266,30.254166666666663,74.57083333333334,30.308333333333337,20.845833333333335,782.25,55.291666666666664,,,,,reanalysis,2022,air_quality,api_fetch,om_aq_20220903
2022-09-04,OM_AQ_GURUGRAM,Open-Meteo AQ Reanalysis,,28.4595,77.0266,23.016666666666666,63.0875,27.116666666666664,13.133333333333333,431.4166666666667,56.333333333333336,,,,,reanalysis,2022,air_quality,api_fetch,om_aq_20220904
2022-09-05,OM_AQ_GURUGRAM,Open-Meteo AQ Reanalysis,,28.4595,77.0266,55.51666666666667,97.49583333333334,45.57083333333333,47.775,1641.875,54.791666666666664,,,,,reanalysis,2022,air_quality,api_fetch,om_aq_20220905
2022-09-06,OM_AQ_GURUGRAM,Open-Meteo AQ Reanalysis,,28.4595,77.0266,73.22916666666667,121.51666666666668,74.23333333333333,59.07916666666667,2056.8333333333335,56.083333333333336,,,,,reanalysis,2022,air_quality,api_fetch,om_aq_20220906
2022-09-07,OM_AQ_GURUGRAM,Open-Meteo AQ Reanalysis,,28.4595,77.0266,84.28750000000001,135.87083333333334,95.1,69.72083333333333,1972.4166666666667,77.5,,,,,reanalysis,2022,air_quality,api_fetch,om_aq_20220907
2022-09-08,OM_AQ_GURUGRAM,Open-Meteo AQ Reanalysis,,28.4595,77.0266,100.1125,155.0375,95.6,72.8875,2037.0833333333333,87.125,,,,,reanalysis,2022,air_quality,api_fetch,om_aq_20220908
2022-09-09,OM_AQ_GURUGRAM,Open-Meteo AQ Reanalysis,,28.4595,77.0266,72.5,109.57083333333333,65.15416666666667,40.6875,1074.0833333333333,87.91666666666667,,,,,reanalysis,2022,air_quality,api_fetch,om_aq_20220909
2022-09-10,OM_AQ_GURUGRAM,Open-Meteo AQ Reanalysis,,28.4595,77.0266,55.020833333333336,86.41666666666667,50.15833333333333,35.0,824.5416666666666,83.58333333333333,,,,,reanalysis,2022,air_quality,api_fetch,om_aq_20220910
2022-09-11,OM_AQ_GURUGRAM,Open-Meteo AQ Reanalysis,,28.4595,77.0266,41.416666666666664,65.8375,47.17083333333333,38.49583333333333,749.0833333333334,77.41666666666667,,,,,reanalysis,2022,air_quality,api_fetch,om_aq_20220911
2022-09-12,OM_AQ_GURUGRAM,Open-Meteo AQ Reanalysis,,28.4595,77.0266,44.12083333333334,71.39999999999999,53.3375,45.708333333333336,970.4166666666666,75.79166666666667,,,,,reanalysis,2022,air_quality,api_fetch,om_aq_20220912
2022-09-13,OM_AQ_GURUGRAM,Open-Meteo AQ Reanalysis,,28.4595,77.0266,21.016666666666666,54.53333333333333,29.433333333333337,26.90833333333333,423.5833333333333,61.416666666666664,,,,,reanalysis,2022,air_quality,api_fetch,om_aq_20220913
2022-09-14,OM_AQ_GURUGRAM,Open-Meteo AQ Reanalysis,,28.4595,77.0266,17.716666666666665,37.208333333333336,30.1875,20.904166666666665,416.125,50.625,,,,,reanalysis,2022,air_quality,api_fetch,om_aq_20220914
2022-09-15,OM_AQ_GURUGRAM,Open-Meteo AQ Reanalysis,,28.4595,77.0266,30.729166666666668,49.8125,52.35833333333333,37.045833333333334,834.75,40.5,,,,,reanalysis,2022,air_quality,api_fetch,om_aq_20220915
2022-09-16,OM_AQ_GURUGRAM,Open-Meteo AQ Reanalysis,,28.4595,77.0266,56.32916666666667,89.89166666666667,67.62916666666666,56.54583333333333,1105.4583333333333,67.375,,,,,reanalysis,2022,air_quality,api_fetch,om_aq_20220916
2022-09-17,OM_AQ_GURUGRAM,Open-Meteo AQ Reanalysis,,28.4595,77.0266,69.71666666666667,111.52083333333331,71.72083333333333,52.041666666666664,1090.5416666666667,87.16666666666667,,,,,reanalysis,2022,air_quality,api_fetch,om_aq_20220917
2022-09-18,OM_AQ_GURUGRAM,Open-Meteo AQ Reanalysis,,28.4595,77.0266,106.125,162.56666666666666,87.58333333333333,79.69583333333334,2590.625,75.375,,,,,reanalysis,2022,air_quality,api_fetch,om_aq_20220918
2022-09-19,OM_AQ_GURUGRAM,Open-Meteo AQ Reanalysis,,28.4595,77.0266,105.06666666666666,155.76250000000002,100.13333333333333,80.32916666666667,2507.7083333333335,75.5,,,,,reanalysis,2022,air_quality,api_fetch,om_aq_20220919
2022-09-20,OM_AQ_GURUGRAM,Open-Meteo AQ Reanalysis,,28.4595,77.0266,97.0125,140.525,98.10833333333332,109.125,1891.9583333333333,73.04166666666667,,,,,reanalysis,2022,air_quality,api_fetch,om_aq_20220920
2022-09-21,OM_AQ_GURUGRAM,Open-Meteo AQ Reanalysis,,28.4595,77.0266,81.1375,116.89166666666668,85.00416666666666,87.37083333333334,1530.5,83.0,,,,,reanalysis,2022,air_quality,api_fetch,om_aq_20220921
2022-09-22,OM_AQ_GURUGRAM,Open-Meteo AQ Reanalysis,,28.4595,77.0266,40.454166666666666,64.35833333333333,61.77916666666667,33.449999999999996,811.7083333333334,44.208333333333336,,,,,reanalysis,2022,air_quality,api_fetch,om_aq_20220922
2022-09-23,OM_AQ_GURUGRAM,Open-Meteo AQ Reanalysis,,28.4595,77.0266,27.054166666666664,46.82916666666667,38.775,20.3125,586.1666666666666,65.58333333333333,,,,,reanalysis,2022,air_quality,api_fetch,om_aq_20220923
2022-09-24,OM_AQ_GURUGRAM,Open-Meteo AQ Reanalysis,,28.4595,77.0266,26.804166666666664,41.175,36.27916666666667,17.279166666666665,561.4583333333334,50.0,,,,,reanalysis,2022,air_quality,api_fetch,om_aq_20220924
2022-09-25,OM_AQ_GURUGRAM,Open-Meteo AQ Reanalysis,,28.4595,77.0266,57.0875,90.70833333333331,68.75416666666666,36.5625,1150.25,56.25,,,,,reanalysis,2022,air_quality,api_fetch,om_aq_20220925
2022-09-26,OM_AQ_GURUGRAM,Open-Meteo AQ Reanalysis,,28.4595,77.0266,58.72083333333333,102.4875,65.96249999999999,43.2875,1217.8333333333333,48.5,,,,,reanalysis,2022,air_quality,api_fetch,om_aq_20220926
2022-09-27,OM_AQ_GURUGRAM,Open-Meteo AQ Reanalysis,,28.4595,77.0266,79.8875,130.63750000000002,67.88333333333334,56.31666666666666,2099.7916666666665,47.125,,,,,reanalysis,2022,air_quality,api_fetch,om_aq_20220927
2022-09-28,OM_AQ_GURUGRAM,Open-Meteo AQ Reanalysis,,28.4595,77.0266,93.30833333333334,145.90833333333333,87.22500000000001,74.77916666666667,2328.1666666666665,55.75,,,,,reanalysis,2022,air_quality,api_fetch,om_aq_20220928
2022-09-29,OM_AQ_GURUGRAM,Open-Meteo AQ Reanalysis,,28.4595,77.0266,90.12083333333334,138.97916666666666,82.40416666666667,57.59583333333333,1814.125,62.625,,,,,reanalysis,2022,air_quality,api_fetch,om_aq_20220929
2022-09-30,OM_AQ_GURUGRAM,Open-Meteo AQ Reanalysis,,28.4595,77.0266,97.59166666666664,150.47083333333333,82.60833333333333,55.229166666666664,1861.6666666666667,68.625,,,,,reanalysis,2022,air_quality,api_fetch,om_aq_20220930
2022-10-01,OM_AQ_GURUGRAM,Open-Meteo AQ Reanalysis,,28.4595,77.0266,101.34166666666664,157.22916666666666,81.97083333333333,63.84166666666667,2518.25,54.0,,,,,reanalysis,2022,air_quality,api_fetch,om_aq_20221001
2022-10-02,OM_AQ_GURUGRAM,Open-Meteo AQ Reanalysis,,28.4595,77.0266,70.85833333333333,119.85,84.24583333333334,42.94583333333333,1591.9583333333333,47.916666666666664,,,,,reanalysis,2022,air_quality,api_fetch,om_aq_20221002
2022-10-03,OM_AQ_GURUGRAM,Open-Meteo AQ Reanalysis,,28.4595,77.0266,54.30833333333334,100.2625,60.51666666666667,35.85,998.2083333333334,52.916666666666664,,,,,reanalysis,2022,air_quality,api_fetch,om_aq_20221003
2022-10-04,OM_AQ_GURUGRAM,Open-Meteo AQ Reanalysis,,28.4595,77.0266,82.7625,127.57916666666668,86.64583333333333,64.25416666666666,1717.625,67.625,,,,,reanalysis,2022,air_quality,api_fetch,om_aq_20221004
2022-10-05,OM_AQ_GURUGRAM,Open-Meteo AQ Reanalysis,,28.4595,77.0266,99.92916666666667,146.56666666666666,108.13333333333333,75.70416666666667,2097.25,86.25,,,,,reanalysis,2022,air_quality,api_fetch,om_aq_20221005
2022-10-06,OM_AQ_GURUGRAM,Open-Meteo AQ Reanalysis,,28.4595,77.0266,23.454166666666666,47.8125,35.40833333333333,32.300000000000004,561.875,50.5,,,,,reanalysis,2022,air_quality,api_fetch,om_aq_20221006
2022-10-07,OM_AQ_GURUGRAM,Open-Meteo AQ Reanalysis,,28.4595,77.0266,23.433333333333337,47.22083333333333,34.262499999999996,32.925000000000004,543.4583333333334,47.458333333333336,,,,,reanalysis,2022,air_quality,api_fetch,om_aq_20221007
2022-10-08,OM_AQ_GURUGRAM,Open-Meteo AQ Reanalysis,,28.4595,77.0266,24.066666666666663,34.49166666666667,44.729166666666664,24.35,574.9166666666666,16.041666666666668,,,,,reanalysis,2022,air_quality,api_fetch,om_aq_20221008
2022-10-09,OM_AQ_GURUGRAM,Open-Meteo AQ Reanalysis,,28.4595,77.0266,18.85,31.258333333333336,39.604166666666664,26.445833333333336,496.3333333333333,33.833333333333336,,,,,reanalysis,2022,air_quality,api_fetch,om_aq_20221009
2022-10-10,OM_AQ_GURUGRAM,Open-Meteo AQ Reanalysis,,28.4595,77.0266,38.02916666666667,63.80833333333334,53.44583333333333,36.145833333333336,1147.75,37.833333333333336,,,,,reanalysis,2022,air_quality,api_fetch,om_aq_20221010
2022-10-11,OM_AQ_GURUGRAM,Open-Meteo AQ Reanalysis,,28.4595,77.0266,50.93333333333334,77.425,78.05416666666666,67.50416666666666,1223.5833333333333,50.458333333333336,,,,,reanalysis,2022,air_quality,api_fetch,om_aq_20221011
2022-10-12,OM_AQ_GURUGRAM,Open-Meteo AQ Reanalysis,,28.4595,77.0266,63.74166666666667,96.5375,74.825,61.475,1724.0833333333333,55.375,,,,,reanalysis,2022,air_quality,api_fetch,om_aq_20221012
2022-10-13,OM_AQ_GURUGRAM,Open-Meteo AQ Reanalysis,,28.4595,77.0266,61.50416666666666,96.63333333333333,75.09166666666667,47.55,1365.4166666666667,50.791666666666664,,,,,reanalysis,2022,air_quality,api_fetch,om_aq_20221013
2022-10-14,OM_AQ_GURUGRAM,Open-Meteo AQ Reanalysis,,28.4595,77.0266,69.54583333333333,111.48333333333332,72.80416666666666,39.55416666666667,1308.0833333333333,57.125,,,,,reanalysis,2022,air_quality,api_fetch,om_aq_20221014
2022-10-15,OM_AQ_GURUGRAM,Open-Meteo AQ Reanalysis,,28.4595,77.0266,114.9625,170.65416666666667,92.97083333333336,68.07083333333334,2614.375,60.916666666666664,,,,,reanalysis,2022,air_quality,api_fetch,om_aq_20221015
2022-10-16,OM_AQ_GURUGRAM,Open-Meteo AQ Reanalysis,,28.4595,77.0266,124.9125,187.1916666666667,119.52916666666664,75.58333333333333,2865.375,72.70833333333333,,,,,reanalysis,2022,air_quality,api_fetch,om_aq_20221016
2022-10-17,OM_AQ_GURUGRAM,Open-Meteo AQ Reanalysis,,28.4595,77.0266,99.64583333333331,146.95000000000002,87.25,45.2,1921.875,63.916666666666664,,,,,reanalysis,2022,air_quality,api_fetch,om_aq_20221017
2022-10-18,OM_AQ_GURUGRAM,Open-Meteo AQ Reanalysis,,28.4595,77.0266,95.8625,139.31666666666666,88.825,46.7625,1867.3333333333333,54.166666666666664,,,,,reanalysis,2022,air_quality,api_fetch,om_aq_20221018
2022-10-19,OM_AQ_GURUGRAM,Open-Meteo AQ Reanalysis,,28.4595,77.0266,67.03750000000001,101.85416666666669,64.50416666666666,30.8875,1264.1666666666667,54.583333333333336,,,,,reanalysis,2022,air_quality,api_fetch,om_aq_20221019
2022-10-20,OM_AQ_GURUGRAM,Open-Meteo AQ Reanalysis,,28.4595,77.0266,73.60833333333333,111.59166666666664,74.325,39.34583333333333,1379.7083333333333,46.083333333333336,,,,,reanalysis,2022,air_quality,api_fetch,om_aq_20221020
2022-10-21,OM_AQ_GURUGRAM,Open-Meteo AQ Reanalysis,,28.4595,77.0266,92.65416666666668,135.62083333333334,89.41250000000001,51.65,1675.0,49.416666666666664,,,,,reanalysis,2022,air_quality,api_fetch,om_aq_20221021
2022-10-22,OM_AQ_GURUGRAM,Open-Meteo AQ Reanalysis,,28.4595,77.0266,150.74583333333334,220.24166666666667,129.30833333333334,121.15416666666664,3461.7083333333335,59.791666666666664,,,,,reanalysis,2022,air_quality,api_fetch,om_aq_20221022
2022-10-23,OM_AQ_GURUGRAM,Open-Meteo AQ Reanalysis,,28.4595,77.0266,127.99166666666667,190.0375,107.65,84.5625,2971.1666666666665,43.666666666666664,,,,,reanalysis,2022,air_quality,api_fetch,om_aq_20221023
2022-10-24,OM_AQ_GURUGRAM,Open-Meteo AQ Reanalysis,,28.4595,77.0266,69.42916666666666,116.24583333333334,68.72083333333333,41.90416666666667,1019.7916666666666,54.166666666666664,,,,,reanalysis,2022,air_quality,api_fetch,om_aq_20221024
2022-10-25,OM_AQ_GURUGRAM,Open-Meteo AQ Reanalysis,,28.4595,77.0266,87.77499999999999,141.11666666666667,69.6125,38.53333333333333,1337.125,64.75,,,,,reanalysis,2022,air_quality,api_fetch,om_aq_20221025
2022-10-26,OM_AQ_GURUGRAM,Open-Meteo AQ Reanalysis,,28.4595,77.0266,128.45000000000002,189.66666666666663,96.425,56.425,2087.3333333333335,65.16666666666667,,,,,reanalysis,2022,air_quality,api_fetch,om_aq_20221026
2022-10-27,OM_AQ_GURUGRAM,Open-Meteo AQ Reanalysis,,28.4595,77.0266,135.41666666666666,200.03333333333333,111.25833333333333,63.94583333333333,2436.5833333333335,62.166666666666664,,,,,reanalysis,2022,air_quality,api_fetch,om_aq_20221027
2022-10-28,OM_AQ_GURUGRAM,Open-Meteo AQ Reanalysis,,28.4595,77.0266,200.78333333333333,293.4916666666667,155.4125,127.10833333333332,4199.5,59.375,,,,,reanalysis,2022,air_quality,api_fetch,om_aq_20221028
2022-10-29,OM_AQ_GURUGRAM,Open-Meteo AQ Reanalysis,,28.4595,77.0266,189.7125,275.8958333333333,156.42083333333332,98.86666666666666,4118.208333333333,54.75,,,,,reanalysis,2022,air_quality,api_fetch,om_aq_20221029
2022-10-30,OM_AQ_GURUGRAM,Open-Meteo AQ Reanalysis,,28.4595,77.0266,170.64166666666668,252.8166666666667,127.12083333333334,73.85833333333333,3484.5416666666665,57.333333333333336,,,,,reanalysis,2022,air_quality,api_fetch,om_aq_20221030
2022-10-31,OM_AQ_GURUGRAM,Open-Meteo AQ Reanalysis,,28.4595,77.0266,203.4333333333333,297.96666666666664,138.64166666666668,160.35,2819.75,60.958333333333336,,,,,reanalysis,2022,air_quality,api_fetch,om_aq_20221031
2022-11-01,OM_AQ_GURUGRAM,Open-Meteo AQ Reanalysis,,28.4595,77.0266,154.475,228.45,85.44583333333333,104.225,1609.75,63.708333333333336,,,,,reanalysis,2022,air_quality,api_fetch,om_aq_20221101
2022-11-02,OM_AQ_GURUGRAM,Open-Meteo AQ Reanalysis,,28.4595,77.0266,133.80833333333334,204.19583333333333,80.71666666666667,114.575,1361.2916666666667,68.5,,,,,reanalysis,2022,air_quality,api_fetch,om_aq_20221102
2022-11-03,OM_AQ_GURUGRAM,Open-Meteo AQ Reanalysis,,28.4595,77.0266,120.84166666666664,185.77916666666667,82.625,71.72083333333333,2181.4583333333335,50.625,,,,,reanalysis,2022,air_quality,api_fetch,om_aq_20221103
2022-11-04,OM_AQ_GURUGRAM,Open-Meteo AQ Reanalysis,,28.4595,77.0266,152.87916666666666,229.9125,108.17916666666667,78.4875,2557.0416666666665,68.0,,,,,reanalysis,2022,air_quality,api_fetch,om_aq_20221104
2022-11-05,OM_AQ_GURUGRAM,Open-Meteo AQ Reanalysis,,28.4595,77.0266,121.01666666666668,190.7875,50.979166666666664,50.01666666666667,1110.5833333333333,93.625,,,,,reanalysis,2022,air_quality,api_fetch,om_aq_20221105
2022-11-06,OM_AQ_GURUGRAM,Open-Meteo AQ Reanalysis,,28.4595,77.0266,124.4125,187.97916666666663,54.020833333333336,48.520833333333336,1253.2083333333333,62.708333333333336,,,,,reanalysis,2022,air_quality,api_fetch,om_aq_20221106
2022-11-07,OM_AQ_GURUGRAM,Open-Meteo AQ Reanalysis,,28.4595,77.0266,152.26250000000002,225.49166666666667,104.01666666666668,91.1375,2693.7083333333335,56.666666666666664,,,,,reanalysis,2022,air_quality,api_fetch,om_aq_20221107
2022-11-08,OM_AQ_GURUGRAM,Open-Meteo AQ Reanalysis,,28.4595,77.0266,134.75,201.7458333333333,90.53333333333336,100.0375,2773.625,39.208333333333336,,,,,reanalysis,2022,air_quality,api_fetch,om_aq_20221108
2022-11-09,OM_AQ_GURUGRAM,Open-Meteo AQ Reanalysis,,28.4595,77.0266,157.70000000000002,231.475,113.2875,113.525,3047.375,45.166666666666664,,,,,reanalysis,2022,air_quality,api_fetch,om_aq_20221109
2022-11-10,OM_AQ_GURUGRAM,Open-Meteo AQ Reanalysis,,28.4595,77.0266,144.4625,215.3625,129.85833333333332,109.55416666666666,2657.0416666666665,57.083333333333336,,,,,reanalysis,2022,air_quality,api_fetch,om_aq_20221110
2022-11-11,OM_AQ_GURUGRAM,Open-Meteo AQ Reanalysis,,28.4595,77.0266,83.925,138.34166666666667,61.84166666666667,32.85,1082.5,45.708333333333336,,,,,reanalysis,2022,air_quality,api_fetch,om_aq_20221111
2022-11-12,OM_AQ_GURUGRAM,Open-Meteo AQ Reanalysis,,28.4595,77.0266,79.925,137.58333333333334,58.57916666666667,30.15,1011.75,61.25,,,,,reanalysis,2022,air_quality,api_fetch,om_aq_20221112
2022-11-13,OM_AQ_GURUGRAM,Open-Meteo AQ Reanalysis,,28.4595,77.0266,102.91666666666669,158.95833333333334,72.0,59.31666666666666,2131.6666666666665,46.333333333333336,,,,,reanalysis,2022,air_quality,api_fetch,om_aq_20221113
2022-11-14,OM_AQ_GURUGRAM,Open-Meteo AQ Reanalysis,,28.4595,77.0266,96.95,150.51250000000002,81.72083333333333,93.4625,1210.3333333333333,47.583333333333336,,,,,reanalysis,2022,air_quality,api_fetch,om_aq_20221114
2022-11-15,OM_AQ_GURUGRAM,Open-Meteo AQ Reanalysis,,28.4595,77.0266,103.07916666666668,156.84583333333333,87.49166666666667,90.1875,2082.9166666666665,31.958333333333332,,,,,reanalysis,2022,air_quality,api_fetch,om_aq_20221115
2022-11-16,OM_AQ_GURUGRAM,Open-Meteo AQ Reanalysis,,28.4595,77.0266,71.7375,130.0,53.75416666666666,30.854166666666668,801.875,52.25,,,,,reanalysis,2022,air_quality,api_fetch,om_aq_20221116
2022-11-17,OM_AQ_GURUGRAM,Open-Meteo AQ Reanalysis,,28.4595,77.0266,73.97083333333333,133.4,53.30416666666667,25.7125,887.125,59.666666666666664,,,,,reanalysis,2022,air_quality,api_fetch,om_aq_20221117
2022-11-18,OM_AQ_GURUGRAM,Open-Meteo AQ Reanalysis,,28.4595,77.0266,104.2,157.86666666666667,81.00833333333334,66.8125,2967.0,47.583333333333336,,,,,reanalysis,2022,air_quality,api_fetch,om_aq_20221118
2022-11-19,OM_AQ_GURUGRAM,Open-Meteo AQ Reanalysis,,28.4595,77.0266,120.425,181.22916666666663,98.26666666666668,153.40416666666667,1945.2083333333333,43.5,,,,,reanalysis,2022,air_quality,api_fetch,om_aq_20221119
2022-11-20,OM_AQ_GURUGRAM,Open-Meteo AQ Reanalysis,,28.4595,77.0266,72.98333333333333,124.4,64.89999999999999,80.08749999999999,995.5,61.833333333333336,,,,,reanalysis,2022,air_quality,api_fetch,om_aq_20221120
2022-11-21,OM_AQ_GURUGRAM,Open-Meteo AQ Reanalysis,,28.4595,77.0266,61.25416666666666,112.30416666666667,61.825,45.09166666666667,1004.0833333333334,58.791666666666664,,,,,reanalysis,2022,air_quality,api_fetch,om_aq_20221121
2022-11-22,OM_AQ_GURUGRAM,Open-Meteo AQ Reanalysis,,28.4595,77.0266,55.025,98.9875,62.4625,25.316666666666663,1045.5833333333333,57.458333333333336,,,,,reanalysis,2022,air_quality,api_fetch,om_aq_20221122
2022-11-23,OM_AQ_GURUGRAM,Open-Meteo AQ Reanalysis,,28.4595,77.0266,56.23333333333333,103.925,62.62083333333334,22.366666666666664,1181.2083333333333,52.958333333333336,,,,,reanalysis,2022,air_quality,api_fetch,om_aq_20221123
2022-11-24,OM_AQ_GURUGRAM,Open-Meteo AQ Reanalysis,,28.4595,77.0266,100.50416666666666,158.35416666666666,79.64999999999999,55.89166666666667,2812.5,39.75,,,,,reanalysis,2022,air_quality,api_fetch,om_aq_20221124
2022-11-25,OM_AQ_GURUGRAM,Open-Meteo AQ Reanalysis,,28.4595,77.0266,128.59583333333333,198.16666666666663,137.58333333333334,88.55833333333334,3223.4583333333335,45.875,,,,,reanalysis,2022,air_quality,api_fetch,om_aq_20221125
2022-11-26,OM_AQ_GURUGRAM,Open-Meteo AQ Reanalysis,,28.4595,77.0266,80.35000000000001,137.67916666666667,70.95833333333333,34.141666666666666,1161.1666666666667,60.25,,,,,reanalysis,2022,air_quality,api_fetch,om_aq_20221126
2022-11-27,OM_AQ_GURUGRAM,Open-Meteo AQ Reanalysis,,28.4595,77.0266,105.38333333333333,159.82916666666668,82.76666666666667,88.69583333333333,1541.5416666666667,47.75,,,,,reanalysis,2022,air_quality,api_fetch,om_aq_20221127
2022-11-28,OM_AQ_GURUGRAM,Open-Meteo AQ Reanalysis,,28.4595,77.0266,141.50416666666666,207.30416666666667,102.15833333333336,148.92499999999998,2195.875,44.916666666666664,,,,,reanalysis,2022,air_quality,api_fetch,om_aq_20221128
2022-11-29,OM_AQ_GURUGRAM,Open-Meteo AQ Reanalysis,,28.4595,77.0266,125.32083333333333,188.4416666666667,97.64166666666668,105.60833333333332,1804.2916666666667,60.208333333333336,,,,,reanalysis,2022,air_quality,api_fetch,om_aq_20221129
2022-11-30,OM_AQ_GURUGRAM,Open-Meteo AQ Reanalysis,,28.4595,77.0266,126.3625,189.25833333333333,102.89583333333331,117.89166666666668,1848.75,57.541666666666664,,,,,reanalysis,2022,air_quality,api_fetch,om_aq_20221130
2022-12-01,OM_AQ_GURUGRAM,Open-Meteo AQ Reanalysis,,28.4595,77.0266,141.21666666666667,211.7875,98.4125,119.2,2027.4166666666667,64.08333333333333,,,,,reanalysis,2022,air_quality,api_fetch,om_aq_20221201
2022-12-02,OM_AQ_GURUGRAM,Open-Meteo AQ Reanalysis,,28.4595,77.0266,195.90833333333333,287.59166666666664,140.97916666666666,131.375,3469.75,56.083333333333336,,,,,reanalysis,2022,air_quality,api_fetch,om_aq_20221202
2022-12-03,OM_AQ_GURUGRAM,Open-Meteo AQ Reanalysis,,28.4595,77.0266,247.9625,360.09999999999997,159.40833333333333,151.82500000000002,5305.083333333333,60.916666666666664,,,,,reanalysis,2022,air_quality,api_fetch,om_aq_20221203
2022-12-04,OM_AQ_GURUGRAM,Open-Meteo AQ Reanalysis,,28.4595,77.0266,226.1916666666667,328.99583333333334,168.97083333333333,126.40416666666664,5539.708333333333,56.291666666666664,,,,,reanalysis,2022,air_quality,api_fetch,om_aq_20221204
2022-12-05,OM_AQ_GURUGRAM,Open-Meteo AQ Reanalysis,,28.4595,77.0266,135.67916666666665,200.8875,131.29583333333332,81.43333333333334,3498.0833333333335,43.916666666666664,,,,,reanalysis,2022,air_quality,api_fetch,om_aq_20221205
2022-12-06,OM_AQ_GURUGRAM,Open-Meteo AQ Reanalysis,,28.4595,77.0266,69.46249999999999,127.71666666666664,42.916666666666664,44.35833333333333,989.25,91.70833333333331,,,,,reanalysis,2022,air_quality,api_fetch,om_aq_20221206
2022-12-07,OM_AQ_GURUGRAM,Open-Meteo AQ Reanalysis,,28.4595,77.0266,75.19583333333334,146.22916666666666,37.43333333333333,48.72083333333333,836.5,80.375,,,,,reanalysis,2022,air_quality,api_fetch,om_aq_20221207
2022-12-08,OM_AQ_GURUGRAM,Open-Meteo AQ Reanalysis,,28.4595,77.0266,90.93333333333334,147.40416666666667,67.82083333333334,81.41666666666667,1227.3333333333333,45.041666666666664,,,,,reanalysis,2022,air_quality,api_fetch,om_aq_20221208
2022-12-09,OM_AQ_GURUGRAM,Open-Meteo AQ Reanalysis,,28.4595,77.0266,128.1,194.4958333333333,112.95833333333331,145.45,2259.6666666666665,31.625,,,,,reanalysis,2022,air_quality,api_fetch,om_aq_20221209
2022-12-10,OM_AQ_GURUGRAM,Open-Meteo AQ Reanalysis,,28.4595,77.0266,91.7,145.94166666666666,93.56666666666666,50.35,2131.2083333333335,35.666666666666664,,,,,reanalysis,2022,air_quality,api_fetch,om_aq_20221210
2022-12-11,OM_AQ_GURUGRAM,Open-Meteo AQ Reanalysis,,28.4595,77.0266,65.04166666666667,114.09583333333336,72.57083333333334,73.89166666666667,1195.5833333333333,33.166666666666664,,,,,reanalysis,2022,air_quality,api_fetch,om_aq_20221211
2022-12-12,OM_AQ_GURUGRAM,Open-Meteo AQ Reanalysis,,28.4595,77.0266,49.05,100.1625,50.8875,71.3875,786.8333333333334,46.625,,,,,reanalysis,2022,air_quality,api_fetch,om_aq_20221212
2022-12-13,OM_AQ_GURUGRAM,Open-Meteo AQ Reanalysis,,28.4595,77.0266,25.5625,53.2875,19.529166666666665,33.32083333333333,415.2083333333333,55.166666666666664,,,,,reanalysis,2022,air_quality,api_fetch,om_aq_20221213
2022-12-14,OM_AQ_GURUGRAM,Open-Meteo AQ Reanalysis,,28.4595,77.0266,0.5958333333333333,0.8583333333333334,0.0,0.7041666666666666,59.625,28.0,,,,,reanalysis,2022,air_quality,api_fetch,om_aq_20221214
2022-12-15,OM_AQ_GURUGRAM,Open-Meteo AQ Reanalysis,,28.4595,77.0266,0.6375000000000001,0.9,0.0,0.4166666666666667,61.625,32.666666666666664,,,,,reanalysis,2022,air_quality,api_fetch,om_aq_20221215
2022-12-16,OM_AQ_GURUGRAM,Open-Meteo AQ Reanalysis,,28.4595,77.0266,81.27499999999999,129.92083333333332,68.94166666666666,47.37916666666666,2138.5416666666665,40.25,,,,,reanalysis,2022,air_quality,api_fetch,om_aq_20221216
2022-12-17,OM_AQ_GURUGRAM,Open-Meteo AQ Reanalysis,,28.4595,77.0266,106.0625,163.85833333333332,86.37916666666666,55.82083333333333,2867.5416666666665,34.458333333333336,,,,,reanalysis,2022,air_quality,api_fetch,om_aq_20221217
2022-12-18,OM_AQ_GURUGRAM,Open-Meteo AQ Reanalysis,,28.4595,77.0266,183.6833333333333,267.3333333333333,147.98333333333332,177.9625,3632.8333333333335,39.916666666666664,,,,,reanalysis,2022,air_quality,api_fetch,om_aq_20221218
2022-12-19,OM_AQ_GURUGRAM,Open-Meteo AQ Reanalysis,,28.4595,77.0266,142.40416666666667,210.39166666666665,105.3875,137.40416666666667,2247.6666666666665,45.125,,,,,reanalysis,2022,air_quality,api_fetch,om_aq_20221219
2022-12-20,OM_AQ_GURUGRAM,Open-Meteo AQ Reanalysis,,28.4595,77.0266,117.74166666666667,176.77916666666667,87.02499999999999,115.44166666666666,1736.75,49.0,,,,,reanalysis,2022,air_quality,api_fetch,om_aq_20221220
2022-12-21,OM_AQ_GURUGRAM,Open-Meteo AQ Reanalysis,,28.4595,77.0266,128.44583333333333,191.425,103.54166666666669,112.725,2252.7083333333335,50.458333333333336,,,,,reanalysis,2022,air_quality,api_fetch,om_aq_20221221
2022-12-22,OM_AQ_GURUGRAM,Open-Meteo AQ Reanalysis,,28.4595,77.0266,113.37916666666666,170.52916666666667,107.15416666666664,76.1375,2730.125,43.375,,,,,reanalysis,2022,air_quality,api_fetch,om_aq_20221222
2022-12-23,OM_AQ_GURUGRAM,Open-Meteo AQ Reanalysis,,28.4595,77.0266,109.92083333333332,166.54166666666666,123.725,93.07083333333333,2574.4166666666665,32.833333333333336,,,,,reanalysis,2022,air_quality,api_fetch,om_aq_20221223
2022-12-24,OM_AQ_GURUGRAM,Open-Meteo AQ Reanalysis,,28.4595,77.0266,68.84166666666667,125.12916666666666,66.375,48.38333333333333,1318.5833333333333,60.541666666666664,,,,,reanalysis,2022,air_quality,api_fetch,om_aq_20221224
2022-12-25,OM_AQ_GURUGRAM,Open-Meteo AQ Reanalysis,,28.4595,77.0266,89.18333333333334,143.71666666666667,70.81666666666666,70.48333333333333,1713.4166666666667,65.41666666666667,,,,,reanalysis,2022,air_quality,api_fetch,om_aq_20221225
2022-12-26,OM_AQ_GURUGRAM,Open-Meteo AQ Reanalysis,,28.4595,77.0266,111.75416666666666,172.22916666666666,82.14583333333333,105.89583333333331,1809.0833333333333,51.541666666666664,,,,,reanalysis,2022,air_quality,api_fetch,om_aq_20221226
2022-12-27,OM_AQ_GURUGRAM,Open-Meteo AQ Reanalysis,,28.4595,77.0266,90.37916666666666,158.34166666666667,43.9375,60.73333333333333,1189.0833333333333,87.83333333333333,,,,,reanalysis,2022,air_quality,api_fetch,om_aq_20221227
2022-12-28,OM_AQ_GURUGRAM,Open-Meteo AQ Reanalysis,,28.4595,77.0266,75.55,143.01250000000002,41.4,50.15,1021.5833333333334,77.66666666666667,,,,,reanalysis,2022,air_quality,api_fetch,om_aq_20221228
2022-12-29,OM_AQ_GURUGRAM,Open-Meteo AQ Reanalysis,,28.4595,77.0266,117.175,177.15416666666667,88.63333333333334,135.75,1826.5,50.416666666666664,,,,,reanalysis,2022,air_quality,api_fetch,om_aq_20221229
2022-12-30,OM_AQ_GURUGRAM,Open-Meteo AQ Reanalysis,,28.4595,77.0266,165.04583333333332,247.325,106.3625,90.45416666666668,3521.2916666666665,49.083333333333336,,,,,reanalysis,2022,air_quality,api_fetch,om_aq_20221230
2022-12-31,OM_AQ_GURUGRAM,Open-Meteo AQ Reanalysis,,28.4595,77.0266,77.21249999999999,132.73333333333332,67.00416666666666,34.24166666666667,1481.125,32.666666666666664,,,,,reanalysis,2022,air_quality,api_fetch,om_aq_20221231
2023-01-01,OM_AQ_GURUGRAM,Open-Meteo AQ Reanalysis,,28.4595,77.0266,158.8375,231.64583333333337,127.95416666666668,103.42083333333332,5492.458333333333,40.75,,,,,reanalysis,2023,air_quality,api_fetch,om_aq_20230101
2023-01-02,OM_AQ_GURUGRAM,Open-Meteo AQ Reanalysis,,28.4595,77.0266,222.78333333333333,320.78749999999997,176.65,168.5,7947.166666666667,42.708333333333336,,,,,reanalysis,2023,air_quality,api_fetch,om_aq_20230102
2023-01-03,OM_AQ_GURUGRAM,Open-Meteo AQ Reanalysis,,28.4595,77.0266,122.1375,183.45,121.9375,84.79583333333333,3239.7916666666665,50.0,,,,,reanalysis,2023,air_quality,api_fetch,om_aq_20230103
2023-01-04,OM_AQ_GURUGRAM,Open-Meteo AQ Reanalysis,,28.4595,77.0266,127.10416666666669,188.7458333333333,103.275,70.16666666666667,3426.3333333333335,51.0,,,,,reanalysis,2023,air_quality,api_fetch,om_aq_20230104
2023-01-05,OM_AQ_GURUGRAM,Open-Meteo AQ Reanalysis,,28.4595,77.0266,180.35833333333335,264.28333333333336,134.33333333333334,96.9,5194.916666666667,43.625,,,,,reanalysis,2023,air_quality,api_fetch,om_aq_20230105
2023-01-06,OM_AQ_GURUGRAM,Open-Meteo AQ Reanalysis,,28.4595,77.0266,184.84166666666667,266.83750000000003,143.79583333333332,108.23333333333332,4392.0,51.125,,,,,reanalysis,2023,air_quality,api_fetch,om_aq_20230106
2023-01-07,OM_AQ_GURUGRAM,Open-Meteo AQ Reanalysis,,28.4595,77.0266,138.56666666666666,207.55416666666667,108.3,52.2625,2924.125,41.0,,,,,reanalysis,2023,air_quality,api_fetch,om_aq_20230107
2023-01-08,OM_AQ_GURUGRAM,Open-Meteo AQ Reanalysis,,28.4595,77.0266,170.95000000000002,256.20416666666665,99.05416666666667,67.08333333333333,4151.416666666667,61.291666666666664,,,,,reanalysis,2023,air_quality,api_fetch,om_aq_20230108
2023-01-09,OM_AQ_GURUGRAM,Open-Meteo AQ Reanalysis,,28.4595,77.0266,238.66666666666663,345.75833333333327,197.04166666666663,108.44583333333333,6909.125,53.958333333333336,,,,,reanalysis,2023,air_quality,api_fetch,om_aq_20230109
2023-01-10,OM_AQ_GURUGRAM,Open-Meteo AQ Reanalysis,,28.4595,77.0266,118.9375,183.3708333333333,97.14583333333331,45.625,2657.1666666666665,48.375,,,,,reanalysis,2023,air_quality,api_fetch,om_aq_20230110
2023-01-11,OM_AQ_GURUGRAM,Open-Meteo AQ Reanalysis,,28.4595,77.0266,121.72916666666669,187.82916666666665,69.72916666666667,48.30416666666667,2060.375,86.0,,,,,reanalysis,2023,air_quality,api_fetch,om_aq_20230111
2023-01-12,OM_AQ_GURUGRAM,Open-Meteo AQ Reanalysis,,28.4595,77.0266,99.27916666666664,162.43333333333334,57.05,38.358333333333334,1531.875,65.91666666666667,,,,,reanalysis,2023,air_quality,api_fetch,om_aq_20230112
2023-01-13,OM_AQ_GURUGRAM,Open-Meteo AQ Reanalysis,,28.4595,77.0266,108.3125,166.55833333333334,68.44583333333334,53.8875,2476.4583333333335,42.458333333333336,,,,,reanalysis,2023,air_quality,api_fetch,om_aq_20230113
2023-01-14,OM_AQ_GURUGRAM,Open-Meteo AQ Reanalysis,,28.4595,77.0266,87.89999999999999,155.45,67.60000000000001,41.108333333333334,1756.4583333333333,53.458333333333336,,,,,reanalysis,2023,air_quality,api_fetch,om_aq_20230114
2023-01-15,OM_AQ_GURUGRAM,Open-Meteo AQ Reanalysis,,28.4595,77.0266,60.40833333333333,109.30833333333334,57.083333333333336,31.254166666666663,1568.5,53.208333333333336,,,,,reanalysis,2023,air_quality,api_fetch,om_aq_20230115
2023-01-16,OM_AQ_GURUGRAM,Open-Meteo AQ Reanalysis,,28.4595,77.0266,73.175,120.7375,67.7375,40.233333333333334,1652.0833333333333,48.208333333333336,,,,,reanalysis,2023,air_quality,api_fetch,om_aq_20230116
2023-01-17,OM_AQ_GURUGRAM,Open-Meteo AQ Reanalysis,,28.4595,77.0266,75.62083333333334,124.33333333333331,75.32083333333334,42.95416666666667,1957.6666666666667,55.208333333333336,,,,,reanalysis,2023,air_quality,api_fetch,om_aq_20230117
2023-01-18,OM_AQ_GURUGRAM,Open-Meteo AQ Reanalysis,,28.4595,77.0266,100.21666666666664,151.00833333333333,101.38333333333333,55.229166666666664,2780.1666666666665,44.666666666666664,,,,,reanalysis,2023,air_quality,api_fetch,om_aq_20230118
2023-01-19,OM_AQ_GURUGRAM,Open-Meteo AQ Reanalysis,,28.4595,77.0266,123.22916666666669,179.6875,112.55833333333334,74.20416666666667,2562.8333333333335,56.416666666666664,,,,,reanalysis,2023,air_quality,api_fetch,om_aq_20230119
2023-01-20,OM_AQ_GURUGRAM,Open-Meteo AQ Reanalysis,,28.4595,77.0266,75.91250000000001,115.75,77.71249999999999,58.729166666666664,1854.75,33.416666666666664,,,,,reanalysis,2023,air_quality,api_fetch,om_aq_20230120
2023-01-21,OM_AQ_GURUGRAM,Open-Meteo AQ Reanalysis,,28.4595,77.0266,145.20000000000002,211.44583333333333,142.59166666666667,94.24583333333334,4015.375,25.875,,,,,reanalysis,2023,air_quality,api_fetch,om_aq_20230121
2023-01-22,OM_AQ_GURUGRAM,Open-Meteo AQ Reanalysis,,28.4595,77.0266,181.51666666666665,261.7,142.64166666666668,104.1875,4960.375,38.208333333333336,,,,,reanalysis,2023,air_quality,api_fetch,om_aq_20230122
2023-01-23,OM_AQ_GURUGRAM,Open-Meteo AQ Reanalysis,,28.4595,77.0266,156.25416666666666,226.61666666666667,146.7,80.48333333333333,4262.375,27.125,,,,,reanalysis,2023,air_quality,api_fetch,om_aq_20230123
2023-01-24,OM_AQ_GURUGRAM,Open-Meteo AQ Reanalysis,,28.4595,77.0266,111.52916666666664,175.16666666666666,52.6625,34.13333333333333,1335.1666666666667,48.666666666666664,,,,,reanalysis,2023,air_quality,api_fetch,om_aq_20230124
2023-01-25,OM_AQ_GURUGRAM,Open-Meteo AQ Reanalysis,,28.4595,77.0266,121.57916666666668,181.9416666666667,88.39166666666667,66.2375,2035.125,35.75,,,,,reanalysis,2023,air_quality,api_fetch,om_aq_20230125
2023-01-26,OM_AQ_GURUGRAM,Open-Meteo AQ Reanalysis,,28.4595,77.0266,90.6125,157.76250000000002,47.525,51.17083333333333,1045.4166666666667,68.04166666666667,,,,,reanalysis,2023,air_quality,api_fetch,om_aq_20230126
2023-01-27,OM_AQ_GURUGRAM,Open-Meteo AQ Reanalysis,,28.4595,77.0266,69.54166666666667,134.42083333333332,42.925,53.74583333333334,949.9583333333334,74.41666666666667,,,,,reanalysis,2023,air_quality,api_fetch,om_aq_20230127
2023-01-28,OM_AQ_GURUGRAM,Open-Meteo AQ Reanalysis,,28.4595,77.0266,133.46666666666667,205.8083333333333,95.77916666666664,137.77916666666667,2370.4583333333335,57.416666666666664,,,,,reanalysis,2023,air_quality,api_fetch,om_aq_20230128
2023-01-29,OM_AQ_GURUGRAM,Open-Meteo AQ Reanalysis,,28.4595,77.0266,125.1,182.3791666666667,90.45833333333331,115.3875,1985.4166666666667,21.375,,,,,reanalysis,2023,air_quality,api_fetch,om_aq_20230129
2023-01-30,OM_AQ_GURUGRAM,Open-Meteo AQ Reanalysis,,28.4595,77.0266,100.57083333333333,149.85,66.8875,124.37083333333334,1782.0416666666667,34.083333333333336,,,,,reanalysis,2023,air_quality,api_fetch,om_aq_20230130
2023-01-31,OM_AQ_GURUGRAM,Open-Meteo AQ Reanalysis,,28.4595,77.0266,65.95833333333333,129.1,39.325,45.916666666666664,817.4166666666666,62.291666666666664,,,,,reanalysis,2023,air_quality,api_fetch,om_aq_20230131
2023-02-01,OM_AQ_GURUGRAM,Open-Meteo AQ Reanalysis,,28.4595,77.0266,53.59583333333333,112.675,41.108333333333334,37.07083333333333,873.25,67.5,,,,,reanalysis,2023,air_quality,api_fetch,om_aq_20230201
2023-02-02,OM_AQ_GURUGRAM,Open-Meteo AQ Reanalysis,,28.4595,77.0266,52.0375,109.20833333333331,51.72083333333333,28.066666666666663,1044.2083333333333,66.79166666666667,,,,,reanalysis,2023,air_quality,api_fetch,om_aq_20230202
2023-02-03,OM_AQ_GURUGRAM,Open-Meteo AQ Reanalysis,,28.4595,77.0266,65.61666666666666,114.29583333333332,64.86666666666666,32.454166666666666,1402.5416666666667,54.75,,,,,reanalysis,2023,air_quality,api_fetch,om_aq_20230203
2023-02-04,OM_AQ_GURUGRAM,Open-Meteo AQ Reanalysis,,28.4595,77.0266,60.375,116.08333333333331,38.94166666666667,50.44583333333333,845.6666666666666,80.375,,,,,reanalysis,2023,air_quality,api_fetch,om_aq_20230204
2023-02-05,OM_AQ_GURUGRAM,Open-Meteo AQ Reanalysis,,28.4595,77.0266,92.2625,148.975,67.33333333333333,117.84166666666664,1660.7916666666667,58.375,,,,,reanalysis,2023,air_quality,api_fetch,om_aq_20230205
2023-02-06,OM_AQ_GURUGRAM,Open-Meteo AQ Reanalysis,,28.4595,77.0266,120.075,186.3125,103.14583333333331,121.34166666666664,2005.5,46.125,,,,,reanalysis,2023,air_quality,api_fetch,om_aq_20230206
2023-02-07,OM_AQ_GURUGRAM,Open-Meteo AQ Reanalysis,,28.4595,77.0266,57.96666666666667,114.20833333333331,60.97083333333333,33.079166666666666,1088.8333333333333,47.375,,,,,reanalysis,2023,air_quality,api_fetch,om_aq_20230207
2023-02-08,OM_AQ_GURUGRAM,Open-Meteo AQ Reanalysis,,28.4595,77.0266,52.94166666666666,92.16666666666669,69.1875,31.429166666666664,1411.0,55.583333333333336,,,,,reanalysis,2023,air_quality,api_fetch,om_aq_20230208
2023-02-09,OM_AQ_GURUGRAM,Open-Meteo AQ Reanalysis,,28.4595,77.0266,54.70416666666667,99.32916666666668,59.23333333333333,25.84583333333333,1158.7916666666667,61.041666666666664,,,,,reanalysis,2023,air_quality,api_fetch,om_aq_20230209
2023-02-10,OM_AQ_GURUGRAM,Open-Meteo AQ Reanalysis,,28.4595,77.0266,64.83749999999999,109.19583333333333,56.59583333333333,27.425,1169.9166666666667,42.541666666666664,,,,,reanalysis,2023,air_quality,api_fetch,om_aq_20230210
2023-02-11,OM_AQ_GURUGRAM,Open-Meteo AQ Reanalysis,,28.4595,77.0266,91.67916666666667,157.13333333333335,89.62083333333334,52.75,1588.75,45.666666666666664,,,,,reanalysis,2023,air_quality,api_fetch,om_aq_20230211
2023-02-12,OM_AQ_GURUGRAM,Open-Meteo AQ Reanalysis,,28.4595,77.0266,40.55416666666667,91.27083333333331,43.0625,29.166666666666668,722.375,64.79166666666667,,,,,reanalysis,2023,air_quality,api_fetch,om_aq_20230212
2023-02-13,OM_AQ_GURUGRAM,Open-Meteo AQ Reanalysis,,28.4595,77.0266,29.016666666666666,110.20416666666668,28.166666666666668,18.15,569.7916666666666,91.0,,,,,reanalysis,2023,air_quality,api_fetch,om_aq_20230213
2023-02-14,OM_AQ_GURUGRAM,Open-Meteo AQ Reanalysis,,28.4595,77.0266,48.2,100.9375,35.65416666666667,42.5375,742.0833333333334,86.79166666666667,,,,,reanalysis,2023,air_quality,api_fetch,om_aq_20230214
2023-02-15,OM_AQ_GURUGRAM,Open-Meteo AQ Reanalysis,,28.4595,77.0266,62.07916666666667,126.63333333333333,29.883333333333336,54.29583333333333,723.125,103.375,,,,,reanalysis,2023,air_quality,api_fetch,om_aq_20230215
2023-02-16,OM_AQ_GURUGRAM,Open-Meteo AQ Reanalysis,,28.4595,77.0266,173.2541666666667,253.77083333333337,90.97916666666669,175.91666666666666,1721.7083333333333,51.041666666666664,,,,,reanalysis,2023,air_quality,api_fetch,om_aq_20230216
2023-02-17,OM_AQ_GURUGRAM,Open-Meteo AQ Reanalysis,,28.4595,77.0266,181.77916666666667,264.42083333333335,122.07083333333333,129.70000000000002,3455.625,73.375,,,,,reanalysis,2023,air_quality,api_fetch,om_aq_20230217
2023-02-18,OM_AQ_GURUGRAM,Open-Meteo AQ Reanalysis,,28.4595,77.0266,215.8125,319.7916666666667,158.33333333333334,127.2375,4678.375,76.45833333333333,,,,,reanalysis,2023,air_quality,api_fetch,om_aq_20230218
2023-02-19,OM_AQ_GURUGRAM,Open-Meteo AQ Reanalysis,,28.4595,77.0266,168.3125,249.67083333333335,126.57083333333333,85.20416666666667,2835.5416666666665,76.45833333333333,,,,,reanalysis,2023,air_quality,api_fetch,om_aq_20230219
2023-02-20,OM_AQ_GURUGRAM,Open-Meteo AQ Reanalysis,,28.4595,77.0266,86.96666666666665,141.78333333333333,66.46666666666667,33.6,1182.375,79.75,,,,,reanalysis,2023,air_quality,api_fetch,om_aq_20230220
2023-02-21,OM_AQ_GURUGRAM,Open-Meteo AQ Reanalysis,,28.4595,77.0266,70.55416666666666,115.87916666666666,81.64999999999999,45.4,1266.7916666666667,37.5,,,,,reanalysis,2023,air_quality,api_fetch,om_aq_20230221
2023-02-22,OM_AQ_GURUGRAM,Open-Meteo AQ Reanalysis,,28.4595,77.0266,71.54166666666667,111.96666666666664,76.5125,53.9,1240.5416666666667,54.666666666666664,,,,,reanalysis,2023,air_quality,api_fetch,om_aq_20230222
2023-02-23,OM_AQ_GURUGRAM,Open-Meteo AQ Reanalysis,,28.4595,77.0266,47.50833333333333,88.825,59.24166666666667,31.808333333333337,1127.75,45.958333333333336,,,,,reanalysis,2023,air_quality,api_fetch,om_aq_20230223
2023-02-24,OM_AQ_GURUGRAM,Open-Meteo AQ Reanalysis,,28.4595,77.0266,72.72500000000001,114.25,79.12083333333334,49.4125,2036.8333333333333,47.166666666666664,,,,,reanalysis,2023,air_quality,api_fetch,om_aq_20230224
2023-02-25,OM_AQ_GURUGRAM,Open-Meteo AQ Reanalysis,,28.4595,77.0266,115.39583333333331,170.0,123.75,75.12916666666666,3124.6666666666665,54.916666666666664,,,,,reanalysis,2023,air_quality,api_fetch,om_aq_20230225
2023-02-26,OM_AQ_GURUGRAM,Open-Meteo AQ Reanalysis,,28.4595,77.0266,80.60416666666667,121.96666666666664,98.9,62.475,1790.9583333333333,53.791666666666664,,,,,reanalysis,2023,air_quality,api_fetch,om_aq_20230226
2023-02-27,OM_AQ_GURUGRAM,Open-Meteo AQ Reanalysis,,28.4595,77.0266,85.925,129.48333333333332,96.94583333333333,69.80416666666666,2005.2083333333333,53.0,,,,,reanalysis,2023,air_quality,api_fetch,om_aq_20230227
2023-02-28,OM_AQ_GURUGRAM,Open-Meteo AQ Reanalysis,,28.4595,77.0266,80.64166666666667,124.92083333333332,97.19583333333333,67.79583333333333,1852.5416666666667,50.791666666666664,,,,,reanalysis,2023,air_quality,api_fetch,om_aq_20230228
2023-03-01,OM_AQ_GURUGRAM,Open-Meteo AQ Reanalysis,,28.4595,77.0266,63.93333333333334,105.87083333333334,70.97083333333333,60.833333333333336,1669.625,42.666666666666664,,,,,reanalysis,2023,air_quality,api_fetch,om_aq_20230301
2023-03-02,OM_AQ_GURUGRAM,Open-Meteo AQ Reanalysis,,28.4595,77.0266,58.175,94.175,76.58333333333333,53.1625,1294.1666666666667,49.541666666666664,,,,,reanalysis,2023,air_quality,api_fetch,om_aq_20230302
2023-03-03,OM_AQ_GURUGRAM,Open-Meteo AQ Reanalysis,,28.4595,77.0266,41.87916666666667,82.48333333333333,58.84583333333333,32.225,828.2916666666666,52.458333333333336,,,,,reanalysis,2023,air_quality,api_fetch,om_aq_20230303
2023-03-04,OM_AQ_GURUGRAM,Open-Meteo AQ Reanalysis,,28.4595,77.0266,44.57916666666667,85.02499999999999,55.29583333333334,29.9875,886.4166666666666,52.708333333333336,,,,,reanalysis,2023,air_quality,api_fetch,om_aq_20230304
2023-03-05,OM_AQ_GURUGRAM,Open-Meteo AQ Reanalysis,,28.4595,77.0266,45.0125,83.95833333333333,61.8375,33.09583333333333,977.625,50.166666666666664,,,,,reanalysis,2023,air_quality,api_fetch,om_aq_20230305
2023-03-06,OM_AQ_GURUGRAM,Open-Meteo AQ Reanalysis,,28.4595,77.0266,53.354166666666664,92.04166666666669,62.1625,39.325,1403.875,50.0,,,,,reanalysis,2023,air_quality,api_fetch,om_aq_20230306
2023-03-07,OM_AQ_GURUGRAM,Open-Meteo AQ Reanalysis,,28.4595,77.0266,82.89583333333333,124.99166666666667,84.6125,62.37083333333334,2493.25,51.666666666666664,,,,,reanalysis,2023,air_quality,api_fetch,om_aq_20230307
2023-03-08,OM_AQ_GURUGRAM,Open-Meteo AQ Reanalysis,,28.4595,77.0266,74.77916666666667,113.09583333333336,78.0,52.3125,1649.25,73.0,,,,,reanalysis,2023,air_quality,api_fetch,om_aq_20230308
2023-03-09,OM_AQ_GURUGRAM,Open-Meteo AQ Reanalysis,,28.4595,77.0266,54.354166666666664,86.3,55.770833333333336,26.929166666666664,1029.2083333333333,58.416666666666664,,,,,reanalysis,2023,air_quality,api_fetch,om_aq_20230309
2023-03-10,OM_AQ_GURUGRAM,Open-Meteo AQ Reanalysis,,28.4595,77.0266,81.82916666666667,126.59583333333336,78.33333333333333,54.1,2034.0416666666667,61.166666666666664,,,,,reanalysis,2023,air_quality,api_fetch,om_aq_20230310
2023-03-11,OM_AQ_GURUGRAM,Open-Meteo AQ Reanalysis,,28.4595,77.0266,105.54583333333332,156.99166666666667,112.77083333333331,84.925,2475.7916666666665,67.91666666666667,,,,,reanalysis,2023,air_quality,api_fetch,om_aq_20230311
2023-03-12,OM_AQ_GURUGRAM,Open-Meteo AQ Reanalysis,,28.4595,77.0266,106.59166666666664,156.58333333333334,102.1125,81.83333333333333,2223.4583333333335,74.54166666666667,,,,,reanalysis,2023,air_quality,api_fetch,om_aq_20230312
2023-03-13,OM_AQ_GURUGRAM,Open-Meteo AQ Reanalysis,,28.4595,77.0266,84.02916666666667,128.54583333333332,86.32083333333333,65.17083333333333,1845.25,50.083333333333336,,,,,reanalysis,2023,air_quality,api_fetch,om_aq_20230313
2023-03-14,OM_AQ_GURUGRAM,Open-Meteo AQ Reanalysis,,28.4595,77.0266,68.70416666666667,112.65833333333336,72.37083333333334,58.60833333333333,1729.875,53.166666666666664,,,,,reanalysis,2023,air_quality,api_fetch,om_aq_20230314
2023-03-15,OM_AQ_GURUGRAM,Open-Meteo AQ Reanalysis,,28.4595,77.0266,91.2625,137.275,95.71666666666664,63.5,2172.125,54.25,,,,,reanalysis,2023,air_quality,api_fetch,om_aq_20230315
2023-03-16,OM_AQ_GURUGRAM,Open-Meteo AQ Reanalysis,,28.4595,77.0266,73.56666666666666,113.7375,80.74583333333334,43.67083333333333,1388.625,44.708333333333336,,,,,reanalysis,2023,air_quality,api_fetch,om_aq_20230316
2023-03-17,OM_AQ_GURUGRAM,Open-Meteo AQ Reanalysis,,28.4595,77.0266,89.71666666666665,137.89166666666668,85.7625,53.38333333333333,1702.375,55.333333333333336,,,,,reanalysis,2023,air_quality,api_fetch,om_aq_20230317
2023-03-18,OM_AQ_GURUGRAM,Open-Meteo AQ Reanalysis,,28.4595,77.0266,84.25,130.05416666666667,70.8875,43.041666666666664,1156.2916666666667,57.5,,,,,reanalysis,2023,air_quality,api_fetch,om_aq_20230318
2023-03-19,OM_AQ_GURUGRAM,Open-Meteo AQ Reanalysis,,28.4595,77.0266,105.20833333333331,155.0875,81.27499999999999,73.05,2140.25,67.70833333333333,,,,,reanalysis,2023,air_quality,api_fetch,om_aq_20230319
2023-03-20,OM_AQ_GURUGRAM,Open-Meteo AQ Reanalysis,,28.4595,77.0266,58.6,90.3125,61.25416666666666,33.75416666666667,869.0416666666666,67.95833333333333,,,,,reanalysis,2023,air_quality,api_fetch,om_aq_20230320
2023-03-21,OM_AQ_GURUGRAM,Open-Meteo AQ Reanalysis,,28.4595,77.0266,67.95416666666667,100.5875,63.36666666666667,50.15833333333333,1381.0416666666667,65.5,,,,,reanalysis,2023,air_quality,api_fetch,om_aq_20230321
2023-03-22,OM_AQ_GURUGRAM,Open-Meteo AQ Reanalysis,,28.4595,77.0266,93.29583333333332,136.90833333333333,92.03333333333336,74.18333333333334,2333.625,70.66666666666667,,,,,reanalysis,2023,air_quality,api_fetch,om_aq_20230322
2023-03-23,OM_AQ_GURUGRAM,Open-Meteo AQ Reanalysis,,28.4595,77.0266,73.84583333333333,113.94583333333333,81.25,56.425,1934.125,54.791666666666664,,,,,reanalysis,2023,air_quality,api_fetch,om_aq_20230323
2023-03-24,OM_AQ_GURUGRAM,Open-Meteo AQ Reanalysis,,28.4595,77.0266,56.23333333333333,97.95416666666668,52.1625,32.050000000000004,818.7083333333334,69.875,,,,,reanalysis,2023,air_quality,api_fetch,om_aq_20230324
2023-03-25,OM_AQ_GURUGRAM,Open-Meteo AQ Reanalysis,,28.4595,77.0266,64.12916666666666,106.32916666666668,71.60416666666667,48.78333333333333,1252.125,56.208333333333336,,,,,reanalysis,2023,air_quality,api_fetch,om_aq_20230325
2023-03-26,OM_AQ_GURUGRAM,Open-Meteo AQ Reanalysis,,28.4595,77.0266,49.4375,90.10833333333332,62.0875,41.42916666666667,826.5833333333334,55.791666666666664,,,,,reanalysis,2023,air_quality,api_fetch,om_aq_20230326
2023-03-27,OM_AQ_GURUGRAM,Open-Meteo AQ Reanalysis,,28.4595,77.0266,51.8875,91.1,64.22083333333333,39.2125,1105.4166666666667,52.125,,,,,reanalysis,2023,air_quality,api_fetch,om_aq_20230327
2023-03-28,OM_AQ_GURUGRAM,Open-Meteo AQ Reanalysis,,28.4595,77.0266,62.791666666666664,100.08333333333331,70.54166666666667,50.05,1732.875,53.583333333333336,,,,,reanalysis,2023,air_quality,api_fetch,om_aq_20230328
2023-03-29,OM_AQ_GURUGRAM,Open-Meteo AQ Reanalysis,,28.4595,77.0266,77.00416666666666,118.6625,97.7875,63.20416666666667,1657.75,53.875,,,,,reanalysis,2023,air_quality,api_fetch,om_aq_20230329
2023-03-30,OM_AQ_GURUGRAM,Open-Meteo AQ Reanalysis,,28.4595,77.0266,75.14583333333333,121.85416666666669,69.38333333333334,51.166666666666664,1046.5416666666667,89.70833333333333,,,,,reanalysis,2023,air_quality,api_fetch,om_aq_20230330
2023-03-31,OM_AQ_GURUGRAM,Open-Meteo AQ Reanalysis,,28.4595,77.0266,52.54583333333333,83.31666666666666,52.76666666666667,36.3625,794.5833333333334,62.083333333333336,,,,,reanalysis,2023,air_quality,api_fetch,om_aq_20230331
2023-04-01,OM_AQ_GURUGRAM,Open-Meteo AQ Reanalysis,,28.4595,77.0266,90.62083333333334,135.41666666666666,69.54583333333333,78.1375,2251.5833333333335,54.291666666666664,,,,,reanalysis,2023,air_quality,api_fetch,om_aq_20230401
2023-04-02,OM_AQ_GURUGRAM,Open-Meteo AQ Reanalysis,,28.4595,77.0266,87.875,137.39166666666668,83.34583333333333,69.46666666666667,2522.4166666666665,56.0,,,,,reanalysis,2023,air_quality,api_fetch,om_aq_20230402
2023-04-03,OM_AQ_GURUGRAM,Open-Meteo AQ Reanalysis,,28.4595,77.0266,61.67916666666667,102.8125,82.2625,49.6125,1271.2916666666667,47.5,,,,,reanalysis,2023,air_quality,api_fetch,om_aq_20230403
2023-04-04,OM_AQ_GURUGRAM,Open-Meteo AQ Reanalysis,,28.4595,77.0266,43.45,80.95,60.86666666666667,42.266666666666666,976.875,56.75,,,,,reanalysis,2023,air_quality,api_fetch,om_aq_20230404
2023-04-05,OM_AQ_GURUGRAM,Open-Meteo AQ Reanalysis,,28.4595,77.0266,41.5875,74.96249999999999,65.72500000000001,39.579166666666666,1005.0416666666666,56.375,,,,,reanalysis,2023,air_quality,api_fetch,om_aq_20230405
2023-04-06,OM_AQ_GURUGRAM,Open-Meteo AQ Reanalysis,,28.4595,77.0266,34.145833333333336,74.44166666666666,59.37916666666666,35.916666666666664,723.4166666666666,54.583333333333336,,,,,reanalysis,2023,air_quality,api_fetch,om_aq_20230406
2023-04-07,OM_AQ_GURUGRAM,Open-Meteo AQ Reanalysis,,28.4595,77.0266,33.50416666666667,70.49583333333334,56.4375,29.575,755.5,62.708333333333336,,,,,reanalysis,2023,air_quality,api_fetch,om_aq_20230407
2023-04-08,OM_AQ_GURUGRAM,Open-Meteo AQ Reanalysis,,28.4595,77.0266,40.083333333333336,71.21249999999999,59.64166666666666,33.3125,926.3333333333334,72.33333333333333,,,,,reanalysis,2023,air_quality,api_fetch,om_aq_20230408
2023-04-09,OM_AQ_GURUGRAM,Open-Meteo AQ Reanalysis,,28.4595,77.0266,43.041666666666664,72.60833333333333,66.82916666666667,37.204166666666666,1035.2083333333333,67.33333333333333,,,,,reanalysis,2023,air_quality,api_fetch,om_aq_20230409
2023-04-10,OM_AQ_GURUGRAM,Open-Meteo AQ Reanalysis,,28.4595,77.0266,37.0375,72.10416666666667,62.0375,31.308333333333337,797.1666666666666,76.79166666666667,,,,,reanalysis,2023,air_quality,api_fetch,om_aq_20230410
2023-04-11,OM_AQ_GURUGRAM,Open-Meteo AQ Reanalysis,,28.4595,77.0266,33.05833333333333,73.175,53.71666666666667,25.166666666666668,685.2916666666666,81.83333333333333,,,,,reanalysis,2023,air_quality,api_fetch,om_aq_20230411
2023-04-12,OM_AQ_GURUGRAM,Open-Meteo AQ Reanalysis,,28.4595,77.0266,37.53333333333333,81.3875,52.895833333333336,20.516666666666666,790.6666666666666,61.958333333333336,,,,,reanalysis,2023,air_quality,api_fetch,om_aq_20230412
2023-04-13,OM_AQ_GURUGRAM,Open-Meteo AQ Reanalysis,,28.4595,77.0266,38.7,72.51666666666667,64.55416666666666,32.050000000000004,898.3333333333334,66.04166666666667,,,,,reanalysis,2023,air_quality,api_fetch,om_aq_20230413
2023-04-14,OM_AQ_GURUGRAM,Open-Meteo AQ Reanalysis,,28.4595,77.0266,44.041666666666664,76.92916666666666,74.7,39.608333333333334,1228.7083333333333,66.16666666666667,,,,,reanalysis,2023,air_quality,api_fetch,om_aq_20230414
2023-04-15,OM_AQ_GURUGRAM,Open-Meteo AQ Reanalysis,,28.4595,77.0266,74.05,109.69583333333333,91.22916666666669,56.61666666666667,2022.875,70.04166666666667,,,,,reanalysis,2023,air_quality,api_fetch,om_aq_20230415
2023-04-16,OM_AQ_GURUGRAM,Open-Meteo AQ Reanalysis,,28.4595,77.0266,71.15833333333333,113.89583333333331,87.37916666666666,54.05833333333334,1577.0,82.20833333333333,,,,,reanalysis,2023,air_quality,api_fetch,om_aq_20230416
2023-04-17,OM_AQ_GURUGRAM,Open-Meteo AQ Reanalysis,,28.4595,77.0266,61.99583333333334,99.70833333333331,58.645833333333336,51.40833333333333,1904.0416666666667,62.083333333333336,,,,,reanalysis,2023,air_quality,api_fetch,om_aq_20230417
2023-04-18,OM_AQ_GURUGRAM,Open-Meteo AQ Reanalysis,,28.4595,77.0266,35.916666666666664,72.4875,44.425,25.808333333333337,940.75,58.166666666666664,,,,,reanalysis,2023,air_quality,api_fetch,om_aq_20230418
2023-04-19,OM_AQ_GURUGRAM,Open-Meteo AQ Reanalysis,,28.4595,77.0266,34.86666666666667,77.35416666666667,47.05416666666667,33.7875,559.7916666666666,63.166666666666664,,,,,reanalysis,2023,air_quality,api_fetch,om_aq_20230419
2023-04-20,OM_AQ_GURUGRAM,Open-Meteo AQ Reanalysis,,28.4595,77.0266,40.2625,81.05,53.55,33.958333333333336,705.7916666666666,63.333333333333336,,,,,reanalysis,2023,air_quality,api_fetch,om_aq_20230420
2023-04-21,OM_AQ_GURUGRAM,Open-Meteo AQ Reanalysis,,28.4595,77.0266,46.85,81.31666666666668,55.87916666666666,35.38333333333333,774.0,72.08333333333333,,,,,reanalysis,2023,air_quality,api_fetch,om_aq_20230421
2023-04-22,OM_AQ_GURUGRAM,Open-Meteo AQ Reanalysis,,28.4595,77.0266,38.34166666666667,64.94583333333334,59.1125,35.9125,815.75,85.33333333333333,,,,,reanalysis,2023,air_quality,api_fetch,om_aq_20230422
2023-04-23,OM_AQ_GURUGRAM,Open-Meteo AQ Reanalysis,,28.4595,77.0266,48.88333333333333,84.44166666666666,78.3,48.87083333333334,1069.375,67.04166666666667,,,,,reanalysis,2023,air_quality,api_fetch,om_aq_20230423
2023-04-24,OM_AQ_GURUGRAM,Open-Meteo AQ Reanalysis,,28.4595,77.0266,41.4375,83.47500000000001,38.3,27.058333333333337,540.2083333333334,90.25,,,,,reanalysis,2023,air_quality,api_fetch,om_aq_20230424
2023-04-25,OM_AQ_GURUGRAM,Open-Meteo AQ Reanalysis,,28.4595,77.0266,66.6125,105.19583333333334,64.35416666666667,39.9375,1251.6666666666667,84.75,,,,,reanalysis,2023,air_quality,api_fetch,om_aq_20230425
2023-04-26,OM_AQ_GURUGRAM,Open-Meteo AQ Reanalysis,,28.4595,77.0266,73.74166666666666,109.58333333333331,79.75416666666666,42.1375,1407.2083333333333,88.25,,,,,reanalysis,2023,air_quality,api_fetch,om_aq_20230426
2023-04-27,OM_AQ_GURUGRAM,Open-Meteo AQ Reanalysis,,28.4595,77.0266,60.00416666666666,103.42083333333332,57.34583333333333,38.09583333333333,768.75,100.625,,,,,reanalysis,2023,air_quality,api_fetch,om_aq_20230427
2023-04-28,OM_AQ_GURUGRAM,Open-Meteo AQ Reanalysis,,28.4595,77.0266,58.270833333333336,98.3,38.3625,33.362500000000004,672.125,103.625,,,,,reanalysis,2023,air_quality,api_fetch,om_aq_20230428
2023-04-29,OM_AQ_GURUGRAM,Open-Meteo AQ Reanalysis,,28.4595,77.0266,63.55833333333334,103.0,36.041666666666664,32.34583333333333,595.8333333333334,108.125,,,,,reanalysis,2023,air_quality,api_fetch,om_aq_20230429
2023-04-30,OM_AQ_GURUGRAM,Open-Meteo AQ Reanalysis,,28.4595,77.0266,74.15416666666667,121.40416666666664,34.800000000000004,41.675,650.2916666666666,118.79166666666669,,,,,reanalysis,2023,air_quality,api_fetch,om_aq_20230430
2023-05-01,OM_AQ_GURUGRAM,Open-Meteo AQ Reanalysis,,28.4595,77.0266,54.35833333333333,84.33749999999999,39.454166666666666,36.3625,563.75,90.25,,,,,reanalysis,2023,air_quality,api_fetch,om_aq_20230501
2023-05-02,OM_AQ_GURUGRAM,Open-Meteo AQ Reanalysis,,28.4595,77.0266,44.63333333333333,74.58333333333333,43.12083333333334,31.854166666666668,679.2916666666666,67.5,,,,,reanalysis,2023,air_quality,api_fetch,om_aq_20230502
2023-05-03,OM_AQ_GURUGRAM,Open-Meteo AQ Reanalysis,,28.4595,77.0266,73.02499999999999,109.87083333333334,72.12916666666666,70.05416666666666,1529.8333333333333,55.875,,,,,reanalysis,2023,air_quality,api_fetch,om_aq_20230503
2023-05-04,OM_AQ_GURUGRAM,Open-Meteo AQ Reanalysis,,28.4595,77.0266,89.78750000000001,132.53333333333333,82.9625,72.40833333333333,1555.125,100.625,,,,,reanalysis,2023,air_quality,api_fetch,om_aq_20230504
2023-05-05,OM_AQ_GURUGRAM,Open-Meteo AQ Reanalysis,,28.4595,77.0266,94.74583333333334,145.38333333333333,83.24583333333334,56.00833333333333,2000.8333333333333,81.20833333333333,,,,,reanalysis,2023,air_quality,api_fetch,om_aq_20230505
2023-05-06,OM_AQ_GURUGRAM,Open-Meteo AQ Reanalysis,,28.4595,77.0266,53.73333333333333,95.34583333333336,65.60000000000001,39.979166666666664,1086.0,65.45833333333333,,,,,reanalysis,2023,air_quality,api_fetch,om_aq_20230506
2023-05-07,OM_AQ_GURUGRAM,Open-Meteo AQ Reanalysis,,28.4595,77.0266,62.50833333333333,105.34583333333336,55.24583333333334,42.4,809.3333333333334,96.04166666666669,,,,,reanalysis,2023,air_quality,api_fetch,om_aq_20230507
2023-05-08,OM_AQ_GURUGRAM,Open-Meteo AQ Reanalysis,,28.4595,77.0266,52.24166666666667,102.49166666666667,53.9,38.3125,756.0416666666666,82.29166666666667,,,,,reanalysis,2023,air_quality,api_fetch,om_aq_20230508
2023-05-09,OM_AQ_GURUGRAM,Open-Meteo AQ Reanalysis,,28.4595,77.0266,40.44583333333333,79.2375,61.30833333333334,36.77916666666666,741.5,84.95833333333333,,,,,reanalysis,2023,air_quality,api_fetch,om_aq_20230509
2023-05-10,OM_AQ_GURUGRAM,Open-Meteo AQ Reanalysis,,28.4595,77.0266,44.425,83.45416666666667,63.666666666666664,34.07083333333333,993.9166666666666,82.0,,,,,reanalysis,2023,air_quality,api_fetch,om_aq_20230510
2023-05-11,OM_AQ_GURUGRAM,Open-Meteo AQ Reanalysis,,28.4595,77.0266,71.21249999999999,111.10833333333332,89.77083333333333,49.94166666666666,1396.9583333333333,85.08333333333333,,,,,reanalysis,2023,air_quality,api_fetch,om_aq_20230511
2023-05-12,OM_AQ_GURUGRAM,Open-Meteo AQ Reanalysis,,28.4595,77.0266,79.64999999999999,123.9875,80.71249999999999,50.00416666666666,1178.2083333333333,103.875,,,,,reanalysis,2023,air_quality,api_fetch,om_aq_20230512
2023-05-13,OM_AQ_GURUGRAM,Open-Meteo AQ Reanalysis,,28.4595,77.0266,65.84166666666667,105.84166666666664,53.48333333333334,41.208333333333336,860.875,134.75,,,,,reanalysis,2023,air_quality,api_fetch,om_aq_20230513
2023-05-14,OM_AQ_GURUGRAM,Open-Meteo AQ Reanalysis,,28.4595,77.0266,68.075,118.94166666666666,74.32083333333334,44.35,943.75,103.45833333333331,,,,,reanalysis,2023,air_quality,api_fetch,om_aq_20230514
2023-05-15,OM_AQ_GURUGRAM,Open-Meteo AQ Reanalysis,,28.4595,77.0266,46.96666666666667,88.70833333333333,66.68333333333334,32.88333333333333,996.375,68.83333333333333,,,,,reanalysis,2023,air_quality,api_fetch,om_aq_20230515
2023-05-16,OM_AQ_GURUGRAM,Open-Meteo AQ Reanalysis,,28.4595,77.0266,41.81666666666667,93.4875,55.23333333333333,23.895833333333332,871.75,62.166666666666664,,,,,reanalysis,2023,air_quality,api_fetch,om_aq_20230516
2023-05-17,OM_AQ_GURUGRAM,Open-Meteo AQ Reanalysis,,28.4595,77.0266,47.95,98.57083333333333,48.59166666666667,25.833333333333332,765.0416666666666,79.70833333333333,,,,,reanalysis,2023,air_quality,api_fetch,om_aq_20230517
2023-05-18,OM_AQ_GURUGRAM,Open-Meteo AQ Reanalysis,,28.4595,77.0266,34.38333333333333,79.42083333333333,45.645833333333336,30.479166666666668,534.5833333333334,79.08333333333333,,,,,reanalysis,2023,air_quality,api_fetch,om_aq_20230518
2023-05-19,OM_AQ_GURUGRAM,Open-Meteo AQ Reanalysis,,28.4595,77.0266,45.04583333333333,93.84166666666664,40.3375,33.987500000000004,539.375,92.29166666666669,,,,,reanalysis,2023,air_quality,api_fetch,om_aq_20230519
2023-05-20,OM_AQ_GURUGRAM,Open-Meteo AQ Reanalysis,,28.4595,77.0266,47.458333333333336,86.83333333333333,51.166666666666664,34.47083333333333,729.5416666666666,80.58333333333333,,,,,reanalysis,2023,air_quality,api_fetch,om_aq_20230520
2023-05-21,OM_AQ_GURUGRAM,Open-Meteo AQ Reanalysis,,28.4595,77.0266,45.19583333333333,88.68333333333334,61.229166666666664,40.00833333333333,1099.0833333333333,66.29166666666667,,,,,reanalysis,2023,air_quality,api_fetch,om_aq_20230521
2023-05-22,OM_AQ_GURUGRAM,Open-Meteo AQ Reanalysis,,28.4595,77.0266,36.175,91.78333333333336,38.15416666666667,23.958333333333332,879.7916666666666,61.916666666666664,,,,,reanalysis,2023,air_quality,api_fetch,om_aq_20230522
2023-05-23,OM_AQ_GURUGRAM,Open-Meteo AQ Reanalysis,,28.4595,77.0266,25.991666666666664,77.90833333333333,33.25416666666667,14.004166666666668,444.0833333333333,61.583333333333336,,,,,reanalysis,2023,air_quality,api_fetch,om_aq_20230523
2023-05-24,OM_AQ_GURUGRAM,Open-Meteo AQ Reanalysis,,28.4595,77.0266,45.2875,84.10833333333333,61.95,44.1125,750.4583333333334,62.791666666666664,,,,,reanalysis,2023,air_quality,api_fetch,om_aq_20230524
2023-05-25,OM_AQ_GURUGRAM,Open-Meteo AQ Reanalysis,,28.4595,77.0266,57.75,108.36666666666667,52.1125,42.208333333333336,666.2083333333334,91.79166666666669,,,,,reanalysis,2023,air_quality,api_fetch,om_aq_20230525
2023-05-26,OM_AQ_GURUGRAM,Open-Meteo AQ Reanalysis,,28.4595,77.0266,56.15,97.50416666666666,55.82083333333333,33.516666666666666,868.5833333333334,85.45833333333333,,,,,reanalysis,2023,air_quality,api_fetch,om_aq_20230526
2023-05-27,OM_AQ_GURUGRAM,Open-Meteo AQ Reanalysis,,28.4595,77.0266,53.20416666666667,99.95833333333331,58.19583333333333,33.15416666666667,707.875,89.70833333333333,,,,,reanalysis,2023,air_quality,api_fetch,om_aq_20230527
2023-05-28,OM_AQ_GURUGRAM,Open-Meteo AQ Reanalysis,,28.4595,77.0266,51.25416666666666,92.93333333333334,45.666666666666664,32.69166666666667,718.5416666666666,92.66666666666669,,,,,reanalysis,2023,air_quality,api_fetch,om_aq_20230528
2023-05-29,OM_AQ_GURUGRAM,Open-Meteo AQ Reanalysis,,28.4595,77.0266,62.48333333333333,104.9125,56.0,39.53333333333333,783.875,95.875,,,,,reanalysis,2023,air_quality,api_fetch,om_aq_20230529
2023-05-30,OM_AQ_GURUGRAM,Open-Meteo AQ Reanalysis,,28.4595,77.0266,46.541666666666664,84.70833333333333,37.34583333333333,26.545833333333334,552.625,92.54166666666669,,,,,reanalysis,2023,air_quality,api_fetch,om_aq_20230530
2023-05-31,OM_AQ_GURUGRAM,Open-Meteo AQ Reanalysis,,28.4595,77.0266,42.63333333333333,80.03333333333333,46.025,29.45,575.7083333333334,82.41666666666667,,,,,reanalysis,2023,air_quality,api_fetch,om_aq_20230531
2023-06-01,OM_AQ_GURUGRAM,Open-Meteo AQ Reanalysis,,28.4595,77.0266,43.50416666666666,79.0625,47.00416666666666,33.75833333333333,590.2916666666666,94.25,,,,,reanalysis,2023,air_quality,api_fetch,om_aq_20230601
2023-06-02,OM_AQ_GURUGRAM,Open-Meteo AQ Reanalysis,,28.4595,77.0266,50.92083333333333,89.12083333333334,63.729166666666664,37.49583333333333,1025.3333333333333,69.83333333333333,,,,,reanalysis,2023,air_quality,api_fetch,om_aq_20230602
2023-06-03,OM_AQ_GURUGRAM,Open-Meteo AQ Reanalysis,,28.4595,77.0266,54.75416666666666,88.37083333333334,74.69166666666666,43.2875,1201.7916666666667,83.375,,,,,reanalysis,2023,air_quality,api_fetch,om_aq_20230603
2023-06-04,OM_AQ_GURUGRAM,Open-Meteo AQ Reanalysis,,28.4595,77.0266,48.26666666666667,84.93333333333334,57.67083333333333,29.454166666666666,781.5,85.0,,,,,reanalysis,2023,air_quality,api_fetch,om_aq_20230604
2023-06-05,OM_AQ_GURUGRAM,Open-Meteo AQ Reanalysis,,28.4595,77.0266,67.13333333333334,115.1,59.06666666666666,48.75833333333333,1656.6666666666667,86.95833333333333,,,,,reanalysis,2023,air_quality,api_fetch,om_aq_20230605
2023-06-06,OM_AQ_GURUGRAM,Open-Meteo AQ Reanalysis,,28.4595,77.0266,67.66250000000001,111.31666666666666,76.0,40.825,1146.625,94.79166666666669,,,,,reanalysis,2023,air_quality,api_fetch,om_aq_20230606
2023-06-07,OM_AQ_GURUGRAM,Open-Meteo AQ Reanalysis,,28.4595,77.0266,49.89166666666667,86.1875,71.55416666666666,44.49166666666667,814.7083333333334,87.45833333333333,,,,,reanalysis,2023,air_quality,api_fetch,om_aq_20230607
2023-06-08,OM_AQ_GURUGRAM,Open-Meteo AQ Reanalysis,,28.4595,77.0266,45.7625,81.40416666666667,66.175,40.458333333333336,885.5416666666666,83.83333333333333,,,,,reanalysis,2023,air_quality,api_fetch,om_aq_20230608
2023-06-09,OM_AQ_GURUGRAM,Open-Meteo AQ Reanalysis,,28.4595,77.0266,41.520833333333336,77.86666666666666,56.92916666666667,26.2,793.7916666666666,85.75,,,,,reanalysis,2023,air_quality,api_fetch,om_aq_20230609
2023-06-10,OM_AQ_GURUGRAM,Open-Meteo AQ Reanalysis,,28.4595,77.0266,38.06666666666667,80.87083333333334,47.416666666666664,24.445833333333336,788.5833333333334,60.583333333333336,,,,,reanalysis,2023,air_quality,api_fetch,om_aq_20230610
2023-06-11,OM_AQ_GURUGRAM,Open-Meteo AQ Reanalysis,,28.4595,77.0266,40.266666666666666,85.52083333333333,45.67083333333333,24.991666666666664,567.625,78.54166666666667,,,,,reanalysis,2023,air_quality,api_fetch,om_aq_20230611
2023-06-12,OM_AQ_GURUGRAM,Open-Meteo AQ Reanalysis,,28.4595,77.0266,37.891666666666666,89.13333333333333,44.30833333333334,18.870833333333337,597.3333333333334,68.45833333333333,,,,,reanalysis,2023,air_quality,api_fetch,om_aq_20230612
2023-06-13,OM_AQ_GURUGRAM,Open-Meteo AQ Reanalysis,,28.4595,77.0266,24.7875,87.12083333333334,33.00416666666667,13.420833333333334,424.4583333333333,59.583333333333336,,,,,reanalysis,2023,air_quality,api_fetch,om_aq_20230613
2023-06-14,OM_AQ_GURUGRAM,Open-Meteo AQ Reanalysis,,28.4595,77.0266,22.3875,83.12916666666666,23.65833333333333,11.954166666666666,309.5833333333333,62.833333333333336,,,,,reanalysis,2023,air_quality,api_fetch,om_aq_20230614
2023-06-15,OM_AQ_GURUGRAM,Open-Meteo AQ Reanalysis,,28.4595,77.0266,32.704166666666666,92.20833333333331,40.704166666666666,24.695833333333336,464.2916666666667,54.708333333333336,,,,,reanalysis,2023,air_quality,api_fetch,om_aq_20230615
2023-06-16,OM_AQ_GURUGRAM,Open-Meteo AQ Reanalysis,,28.4595,77.0266,48.42083333333333,91.24166666666667,46.2625,33.17916666666667,1001.5,54.416666666666664,,,,,reanalysis,2023,air_quality,api_fetch,om_aq_20230616
2023-06-17,OM_AQ_GURUGRAM,Open-Meteo AQ Reanalysis,,28.4595,77.0266,33.07083333333333,62.9,40.63333333333333,21.15,512.1666666666666,64.95833333333333,,,,,reanalysis,2023,air_quality,api_fetch,om_aq_20230617
2023-06-18,OM_AQ_GURUGRAM,Open-Meteo AQ Reanalysis,,28.4595,77.0266,31.741666666666664,62.2125,32.204166666666666,27.954166666666666,525.875,63.0,,,,,reanalysis,2023,air_quality,api_fetch,om_aq_20230618
2023-06-19,OM_AQ_GURUGRAM,Open-Meteo AQ Reanalysis,,28.4595,77.0266,35.391666666666666,67.91666666666667,56.12916666666666,39.729166666666664,741.7916666666666,53.458333333333336,,,,,reanalysis,2023,air_quality,api_fetch,om_aq_20230619
2023-06-20,OM_AQ_GURUGRAM,Open-Meteo AQ Reanalysis,,28.4595,77.0266,41.05,73.1,40.516666666666666,46.025,523.5,79.83333333333333,,,,,reanalysis,2023,air_quality,api_fetch,om_aq_20230620
2023-06-21,OM_AQ_GURUGRAM,Open-Meteo AQ Reanalysis,,28.4595,77.0266,78.01666666666667,132.17499999999998,68.53750000000001,66.825,853.0416666666666,85.625,,,,,reanalysis,2023,air_quality,api_fetch,om_aq_20230621
2023-06-22,OM_AQ_GURUGRAM,Open-Meteo AQ Reanalysis,,28.4595,77.0266,76.425,132.49583333333334,61.916666666666664,62.74583333333334,799.875,78.16666666666667,,,,,reanalysis,2023,air_quality,api_fetch,om_aq_20230622
2023-06-23,OM_AQ_GURUGRAM,Open-Meteo AQ Reanalysis,,28.4595,77.0266,74.24166666666666,128.25416666666666,64.93333333333334,52.81666666666666,898.7083333333334,67.45833333333333,,,,,reanalysis,2023,air_quality,api_fetch,om_aq_20230623
2023-06-24,OM_AQ_GURUGRAM,Open-Meteo AQ Reanalysis,,28.4595,77.0266,62.28333333333333,107.50833333333333,61.84583333333333,43.72083333333333,810.75,46.083333333333336,,,,,reanalysis,2023,air_quality,api_fetch,om_aq_20230624
2023-06-25,OM_AQ_GURUGRAM,Open-Meteo AQ Reanalysis,,28.4595,77.0266,52.10833333333333,79.25,58.275,34.333333333333336,836.9166666666666,43.958333333333336,,,,,reanalysis,2023,air_quality,api_fetch,om_aq_20230625
2023-06-26,OM_AQ_GURUGRAM,Open-Meteo AQ Reanalysis,,28.4595,77.0266,65.29583333333333,99.08333333333331,69.94166666666666,41.15416666666667,1225.3333333333333,61.458333333333336,,,,,reanalysis,2023,air_quality,api_fetch,om_aq_20230626
2023-06-27,OM_AQ_GURUGRAM,Open-Meteo AQ Reanalysis,,28.4595,77.0266,42.4875,79.72916666666667,33.30833333333333,23.620833333333337,557.7083333333334,93.33333333333331,,,,,reanalysis,2023,air_quality,api_fetch,om_aq_20230627
2023-06-28,OM_AQ_GURUGRAM,Open-Meteo AQ Reanalysis,,28.4595,77.0266,29.09166666666667,47.145833333333336,22.84583333333333,16.820833333333333,390.4583333333333,94.5,,,,,reanalysis,2023,air_quality,api_fetch,om_aq_20230628
2023-06-29,OM_AQ_GURUGRAM,Open-Meteo AQ Reanalysis,,28.4595,77.0266,32.32083333333333,46.80833333333334,31.254166666666663,19.120833333333337,486.7916666666667,86.16666666666667,,,,,reanalysis,2023,air_quality,api_fetch,om_aq_20230629
2023-06-30,OM_AQ_GURUGRAM,Open-Meteo AQ Reanalysis,,28.4595,77.0266,36.56666666666667,52.92916666666667,39.0,28.954166666666666,601.2916666666666,99.83333333333331,,,,,reanalysis,2023,air_quality,api_fetch,om_aq_20230630
2023-07-01,OM_AQ_GURUGRAM,Open-Meteo AQ Reanalysis,,28.4595,77.0266,39.53333333333333,63.229166666666664,27.191666666666663,28.666666666666668,511.7083333333333,134.5,,,,,reanalysis,2023,air_quality,api_fetch,om_aq_20230701
2023-07-02,OM_AQ_GURUGRAM,Open-Meteo AQ Reanalysis,,28.4595,77.0266,57.36666666666667,129.7875,33.862500000000004,21.616666666666664,625.0,120.125,,,,,reanalysis,2023,air_quality,api_fetch,om_aq_20230702
2023-07-03,OM_AQ_GURUGRAM,Open-Meteo AQ Reanalysis,,28.4595,77.0266,60.64166666666667,179.525,24.6625,21.808333333333337,544.25,139.20833333333334,,,,,reanalysis,2023,air_quality,api_fetch,om_aq_20230703
2023-07-04,OM_AQ_GURUGRAM,Open-Meteo AQ Reanalysis,,28.4595,77.0266,43.50833333333333,88.3125,17.604166666666668,18.05,420.8333333333333,127.125,,,,,reanalysis,2023,air_quality,api_fetch,om_aq_20230704
2023-07-05,OM_AQ_GURUGRAM,Open-Meteo AQ Reanalysis,,28.4595,77.0266,23.0,40.88333333333333,15.758333333333333,15.55,362.2083333333333,107.70833333333331,,,,,reanalysis,2023,air_quality,api_fetch,om_aq_20230705
2023-07-06,OM_AQ_GURUGRAM,Open-Meteo AQ Reanalysis,,28.4595,77.0266,26.71666666666667,38.791666666666664,18.383333333333333,14.783333333333331,371.2083333333333,100.75,,,,,reanalysis,2023,air_quality,api_fetch,om_aq_20230706
2023-07-07,OM_AQ_GURUGRAM,Open-Meteo AQ Reanalysis,,28.4595,77.0266,25.6625,36.82083333333333,24.2125,17.366666666666667,421.125,75.54166666666667,,,,,reanalysis,2023,air_quality,api_fetch,om_aq_20230707
2023-07-08,OM_AQ_GURUGRAM,Open-Meteo AQ Reanalysis,,28.4595,77.0266,14.895833333333334,21.270833333333332,17.916666666666668,13.070833333333333,337.9166666666667,66.45833333333333,,,,,reanalysis,2023,air_quality,api_fetch,om_aq_20230708
2023-07-09,OM_AQ_GURUGRAM,Open-Meteo AQ Reanalysis,,28.4595,77.0266,17.941666666666666,25.625,21.429166666666664,12.829166666666666,380.6666666666667,76.54166666666667,,,,,reanalysis,2023,air_quality,api_fetch,om_aq_20230709
2023-07-10,OM_AQ_GURUGRAM,Open-Meteo AQ Reanalysis,,28.4595,77.0266,25.758333333333336,36.829166666666666,23.708333333333332,13.720833333333331,371.5,70.75,,,,,reanalysis,2023,air_quality,api_fetch,om_aq_20230710
2023-07-11,OM_AQ_GURUGRAM,Open-Meteo AQ Reanalysis,,28.4595,77.0266,40.6875,58.12083333333334,39.7375,23.1375,608.125,87.75,,,,,reanalysis,2023,air_quality,api_fetch,om_aq_20230711
2023-07-12,OM_AQ_GURUGRAM,Open-Meteo AQ Reanalysis,,28.4595,77.0266,29.491666666666664,42.625,24.166666666666668,18.191666666666663,412.5416666666667,101.08333333333331,,,,,reanalysis,2023,air_quality,api_fetch,om_aq_20230712
2023-07-13,OM_AQ_GURUGRAM,Open-Meteo AQ Reanalysis,,28.4595,77.0266,27.304166666666664,39.291666666666664,22.77916666666667,16.474999999999998,386.875,93.79166666666669,,,,,reanalysis,2023,air_quality,api_fetch,om_aq_20230713
2023-07-14,OM_AQ_GURUGRAM,Open-Meteo AQ Reanalysis,,28.4595,77.0266,47.333333333333336,90.43333333333334,23.816666666666663,16.795833333333334,467.25,119.29166666666669,,,,,reanalysis,2023,air_quality,api_fetch,om_aq_20230714
2023-07-15,OM_AQ_GURUGRAM,Open-Meteo AQ Reanalysis,,28.4595,77.0266,46.770833333333336,120.04583333333332,27.59166666666667,15.0625,421.6666666666667,76.83333333333333,,,,,reanalysis,2023,air_quality,api_fetch,om_aq_20230715
2023-07-16,OM_AQ_GURUGRAM,Open-Meteo AQ Reanalysis,,28.4595,77.0266,55.645833333333336,101.68333333333334,49.25416666666666,25.854166666666668,692.25,80.0,,,,,reanalysis,2023,air_quality,api_fetch,om_aq_20230716
2023-07-17,OM_AQ_GURUGRAM,Open-Meteo AQ Reanalysis,,28.4595,77.0266,44.47083333333333,77.01666666666667,29.316666666666663,17.787499999999998,517.0833333333334,100.66666666666669,,,,,reanalysis,2023,air_quality,api_fetch,om_aq_20230717
2023-07-18,OM_AQ_GURUGRAM,Open-Meteo AQ Reanalysis,,28.4595,77.0266,33.125,49.224999999999994,22.429166666666664,12.75,394.875,76.91666666666667,,,,,reanalysis,2023,air_quality,api_fetch,om_aq_20230718
2023-07-19,OM_AQ_GURUGRAM,Open-Meteo AQ Reanalysis,,28.4595,77.0266,39.65833333333333,56.4625,37.46666666666667,20.6375,570.9166666666666,73.33333333333333,,,,,reanalysis,2023,air_quality,api_fetch,om_aq_20230719
2023-07-20,OM_AQ_GURUGRAM,Open-Meteo AQ Reanalysis,,28.4595,77.0266,44.84166666666667,67.60000000000001,32.208333333333336,21.825,527.9166666666666,93.95833333333331,,,,,reanalysis,2023,air_quality,api_fetch,om_aq_20230720
2023-07-21,OM_AQ_GURUGRAM,Open-Meteo AQ Reanalysis,,28.4595,77.0266,45.36666666666667,86.175,27.391666666666666,17.616666666666667,493.0416666666667,95.25,,,,,reanalysis,2023,air_quality,api_fetch,om_aq_20230721
2023-07-22,OM_AQ_GURUGRAM,Open-Meteo AQ Reanalysis,,28.4595,77.0266,29.025,75.26666666666667,16.966666666666665,13.7125,346.4583333333333,93.125,,,,,reanalysis,2023,air_quality,api_fetch,om_aq_20230722
2023-07-23,OM_AQ_GURUGRAM,Open-Meteo AQ Reanalysis,,28.4595,77.0266,29.604166666666668,70.92916666666666,18.070833333333333,14.4625,323.2916666666667,82.70833333333333,,,,,reanalysis,2023,air_quality,api_fetch,om_aq_20230723
2023-07-24,OM_AQ_GURUGRAM,Open-Meteo AQ Reanalysis,,28.4595,77.0266,32.09166666666667,54.895833333333336,22.375,15.954166666666667,385.9583333333333,89.58333333333333,,,,,reanalysis,2023,air_quality,api_fetch,om_aq_20230724
2023-07-25,OM_AQ_GURUGRAM,Open-Meteo AQ Reanalysis,,28.4595,77.0266,28.754166666666663,41.21666666666667,34.975,18.625,535.0833333333334,68.20833333333333,,,,,reanalysis,2023,air_quality,api_fetch,om_aq_20230725
2023-07-26,OM_AQ_GURUGRAM,Open-Meteo AQ Reanalysis,,28.4595,77.0266,42.80833333333334,61.1875,32.145833333333336,20.083333333333332,547.5416666666666,67.29166666666667,,,,,reanalysis,2023,air_quality,api_fetch,om_aq_20230726
2023-07-27,OM_AQ_GURUGRAM,Open-Meteo AQ Reanalysis,,28.4595,77.0266,57.4625,82.22916666666667,41.11666666666667,28.341666666666665,695.9583333333334,86.04166666666667,,,,,reanalysis,2023,air_quality,api_fetch,om_aq_20230727
2023-07-28,OM_AQ_GURUGRAM,Open-Meteo AQ Reanalysis,,28.4595,77.0266,43.0875,61.51666666666667,31.8,26.72083333333333,581.0833333333334,91.625,,,,,reanalysis,2023,air_quality,api_fetch,om_aq_20230728
2023-07-29,OM_AQ_GURUGRAM,Open-Meteo AQ Reanalysis,,28.4595,77.0266,19.566666666666663,28.733333333333334,23.729166666666668,12.933333333333332,375.6666666666667,86.91666666666667,,,,,reanalysis,2023,air_quality,api_fetch,om_aq_20230729
2023-07-30,OM_AQ_GURUGRAM,Open-Meteo AQ Reanalysis,,28.4595,77.0266,29.34166666666667,52.12916666666666,22.129166666666663,11.725,349.5,89.25,,,,,reanalysis,2023,air_quality,api_fetch,om_aq_20230730
2023-07-31,OM_AQ_GURUGRAM,Open-Meteo AQ Reanalysis,,28.4595,77.0266,34.25833333333333,69.63333333333334,20.654166666666665,12.0875,338.625,89.83333333333333,,,,,reanalysis,2023,air_quality,api_fetch,om_aq_20230731
2023-08-01,OM_AQ_GURUGRAM,Open-Meteo AQ Reanalysis,,28.4595,77.0266,38.0125,140.45000000000002,17.329166666666666,10.054166666666667,291.5416666666667,85.16666666666667,,,,,reanalysis,2023,air_quality,api_fetch,om_aq_20230801
2023-08-02,OM_AQ_GURUGRAM,Open-Meteo AQ Reanalysis,,28.4595,77.0266,45.35,132.70833333333334,34.170833333333334,17.75,470.5,62.583333333333336,,,,,reanalysis,2023,air_quality,api_fetch,om_aq_20230802
2023-08-03,OM_AQ_GURUGRAM,Open-Meteo AQ Reanalysis,,28.4595,77.0266,44.48333333333333,130.4,29.825,14.541666666666666,440.8333333333333,78.25,,,,,reanalysis,2023,air_quality,api_fetch,om_aq_20230803
2023-08-04,OM_AQ_GURUGRAM,Open-Meteo AQ Reanalysis,,28.4595,77.0266,66.83333333333333,145.84583333333333,60.0625,36.02916666666667,850.2916666666666,74.125,,,,,reanalysis,2023,air_quality,api_fetch,om_aq_20230804
2023-08-05,OM_AQ_GURUGRAM,Open-Meteo AQ Reanalysis,,28.4595,77.0266,53.1875,151.40416666666667,36.541666666666664,20.254166666666663,596.875,86.58333333333333,,,,,reanalysis,2023,air_quality,api_fetch,om_aq_20230805
2023-08-06,OM_AQ_GURUGRAM,Open-Meteo AQ Reanalysis,,28.4595,77.0266,47.09583333333333,231.3375,17.766666666666666,8.954166666666667,294.5,72.04166666666667,,,,,reanalysis,2023,air_quality,api_fetch,om_aq_20230806
2023-08-07,OM_AQ_GURUGRAM,Open-Meteo AQ Reanalysis,,28.4595,77.0266,67.11666666666666,441.25,14.691666666666668,7.029166666666666,246.33333333333337,65.41666666666667,,,,,reanalysis,2023,air_quality,api_fetch,om_aq_20230807
2023-08-08,OM_AQ_GURUGRAM,Open-Meteo AQ Reanalysis,,28.4595,77.0266,69.84166666666667,424.9083333333333,15.983333333333334,7.329166666666667,264.125,63.333333333333336,,,,,reanalysis,2023,air_quality,api_fetch,om_aq_20230808
2023-08-09,OM_AQ_GURUGRAM,Open-Meteo AQ Reanalysis,,28.4595,77.0266,62.916666666666664,372.45,17.641666666666666,8.549999999999999,280.625,66.375,,,,,reanalysis,2023,air_quality,api_fetch,om_aq_20230809
2023-08-10,OM_AQ_GURUGRAM,Open-Meteo AQ Reanalysis,,28.4595,77.0266,48.61666666666667,208.85,23.34166666666667,10.354166666666666,361.3333333333333,63.708333333333336,,,,,reanalysis,2023,air_quality,api_fetch,om_aq_20230810
2023-08-11,OM_AQ_GURUGRAM,Open-Meteo AQ Reanalysis,,28.4595,77.0266,47.32916666666667,216.74166666666667,26.791666666666668,11.008333333333333,428.0,60.625,,,,,reanalysis,2023,air_quality,api_fetch,om_aq_20230811
2023-08-12,OM_AQ_GURUGRAM,Open-Meteo AQ Reanalysis,,28.4595,77.0266,59.84583333333333,392.9583333333333,14.625,7.5125,247.54166666666663,70.04166666666667,,,,,reanalysis,2023,air_quality,api_fetch,om_aq_20230812
2023-08-13,OM_AQ_GURUGRAM,Open-Meteo AQ Reanalysis,,28.4595,77.0266,50.5,282.28333333333336,17.375,8.016666666666667,276.0416666666667,62.666666666666664,,,,,reanalysis,2023,air_quality,api_fetch,om_aq_20230813
2023-08-14,OM_AQ_GURUGRAM,Open-Meteo AQ Reanalysis,,28.4595,77.0266,30.316666666666663,87.78333333333335,26.97083333333333,11.670833333333334,400.875,55.041666666666664,,,,,reanalysis,2023,air_quality,api_fetch,om_aq_20230814
2023-08-15,OM_AQ_GURUGRAM,Open-Meteo AQ Reanalysis,,28.4595,77.0266,55.00416666666666,117.2625,43.98333333333333,21.90416666666667,701.875,88.625,,,,,reanalysis,2023,air_quality,api_fetch,om_aq_20230815
2023-08-16,OM_AQ_GURUGRAM,Open-Meteo AQ Reanalysis,,28.4595,77.0266,57.02916666666667,234.88333333333333,28.85,13.204166666666666,474.0416666666667,79.54166666666667,,,,,reanalysis,2023,air_quality,api_fetch,om_aq_20230816
2023-08-17,OM_AQ_GURUGRAM,Open-Meteo AQ Reanalysis,,28.4595,77.0266,55.95416666666667,308.2083333333333,27.441666666666663,11.204166666666666,424.6666666666667,64.25,,,,,reanalysis,2023,air_quality,api_fetch,om_aq_20230817
2023-08-18,OM_AQ_GURUGRAM,Open-Meteo AQ Reanalysis,,28.4595,77.0266,63.666666666666664,239.6208333333333,28.4625,21.0375,511.2083333333333,102.29166666666669,,,,,reanalysis,2023,air_quality,api_fetch,om_aq_20230818
2023-08-19,OM_AQ_GURUGRAM,Open-Meteo AQ Reanalysis,,28.4595,77.0266,54.2375,93.55416666666667,38.32083333333333,21.141666666666666,672.0833333333334,88.58333333333333,,,,,reanalysis,2023,air_quality,api_fetch,om_aq_20230819
2023-08-20,OM_AQ_GURUGRAM,Open-Meteo AQ Reanalysis,,28.4595,77.0266,42.79583333333333,82.03333333333333,41.11666666666667,19.758333333333333,721.0833333333334,73.16666666666667,,,,,reanalysis,2023,air_quality,api_fetch,om_aq_20230820
2023-08-21,OM_AQ_GURUGRAM,Open-Meteo AQ Reanalysis,,28.4595,77.0266,51.1875,87.66666666666667,39.608333333333334,20.2875,699.4166666666666,93.625,,,,,reanalysis,2023,air_quality,api_fetch,om_aq_20230821
2023-08-22,OM_AQ_GURUGRAM,Open-Meteo AQ Reanalysis,,28.4595,77.0266,37.425,73.71249999999999,21.479166666666668,14.941666666666668,426.9583333333333,90.83333333333331,,,,,reanalysis,2023,air_quality,api_fetch,om_aq_20230822
2023-08-23,OM_AQ_GURUGRAM,Open-Meteo AQ Reanalysis,,28.4595,77.0266,31.475,74.0,32.49166666666667,15.333333333333334,451.0833333333333,39.875,,,,,reanalysis,2023,air_quality,api_fetch,om_aq_20230823
2023-08-24,OM_AQ_GURUGRAM,Open-Meteo AQ Reanalysis,,28.4595,77.0266,36.829166666666666,187.34583333333333,20.933333333333337,9.641666666666667,328.5,56.958333333333336,,,,,reanalysis,2023,air_quality,api_fetch,om_aq_20230824
2023-08-25,OM_AQ_GURUGRAM,Open-Meteo AQ Reanalysis,,28.4595,77.0266,47.7875,283.16249999999997,16.125,8.141666666666667,272.25,68.5,,,,,reanalysis,2023,air_quality,api_fetch,om_aq_20230825
2023-08-26,OM_AQ_GURUGRAM,Open-Meteo AQ Reanalysis,,28.4595,77.0266,45.4875,227.20416666666665,20.158333333333335,9.2125,322.8333333333333,66.33333333333333,,,,,reanalysis,2023,air_quality,api_fetch,om_aq_20230826
2023-08-27,OM_AQ_GURUGRAM,Open-Meteo AQ Reanalysis,,28.4595,77.0266,60.4125,327.55833333333334,19.6125,9.0875,308.625,65.5,,,,,reanalysis,2023,air_quality,api_fetch,om_aq_20230827
2023-08-28,OM_AQ_GURUGRAM,Open-Meteo AQ Reanalysis,,28.4595,77.0266,57.69583333333333,291.6375,20.3625,10.704166666666666,343.5416666666667,74.16666666666667,,,,,reanalysis,2023,air_quality,api_fetch,om_aq_20230828
2023-08-29,OM_AQ_GURUGRAM,Open-Meteo AQ Reanalysis,,28.4595,77.0266,46.979166666666664,184.82916666666665,36.333333333333336,16.7625,593.4166666666666,59.833333333333336,,,,,reanalysis,2023,air_quality,api_fetch,om_aq_20230829
2023-08-30,OM_AQ_GURUGRAM,Open-Meteo AQ Reanalysis,,28.4595,77.0266,64.43333333333334,199.10833333333335,55.25833333333333,25.1375,956.4166666666666,66.125,,,,,reanalysis,2023,air_quality,api_fetch,om_aq_20230830
2023-08-31,OM_AQ_GURUGRAM,Open-Meteo AQ Reanalysis,,28.4595,77.0266,66.65416666666667,193.57916666666665,66.64999999999999,29.079166666666666,1166.7916666666667,64.45833333333333,,,,,reanalysis,2023,air_quality,api_fetch,om_aq_20230831
2023-09-01,OM_AQ_GURUGRAM,Open-Meteo AQ Reanalysis,,28.4595,77.0266,48.75833333333333,188.03333333333333,45.3875,18.379166666666663,721.2083333333334,64.33333333333333,,,,,reanalysis,2023,air_quality,api_fetch,om_aq_20230901
2023-09-02,OM_AQ_GURUGRAM,Open-Meteo AQ Reanalysis,,28.4595,77.0266,51.3375,215.94583333333333,41.93333333333333,16.650000000000002,700.3333333333334,59.166666666666664,,,,,reanalysis,2023,air_quality,api_fetch,om_aq_20230902
2023-09-03,OM_AQ_GURUGRAM,Open-Meteo AQ Reanalysis,,28.4595,77.0266,46.7625,202.5375,39.97083333333333,16.708333333333332,613.0,60.625,,,,,reanalysis,2023,air_quality,api_fetch,om_aq_20230903
2023-09-04,OM_AQ_GURUGRAM,Open-Meteo AQ Reanalysis,,28.4595,77.0266,41.32083333333333,128.475,38.891666666666666,21.3375,612.2083333333334,75.75,,,,,reanalysis,2023,air_quality,api_fetch,om_aq_20230904
2023-09-05,OM_AQ_GURUGRAM,Open-Meteo AQ Reanalysis,,28.4595,77.0266,47.40833333333333,87.22083333333335,24.21666666666667,23.258333333333336,527.5416666666666,140.04166666666666,,,,,reanalysis,2023,air_quality,api_fetch,om_aq_20230905
2023-09-06,OM_AQ_GURUGRAM,Open-Meteo AQ Reanalysis,,28.4595,77.0266,38.45,64.90416666666667,37.041666666666664,23.4875,636.25,99.375,,,,,reanalysis,2023,air_quality,api_fetch,om_aq_20230906
2023-09-07,OM_AQ_GURUGRAM,Open-Meteo AQ Reanalysis,,28.4595,77.0266,47.15833333333333,81.24583333333334,41.483333333333334,26.90833333333333,769.0833333333334,105.875,,,,,reanalysis,2023,air_quality,api_fetch,om_aq_20230907
2023-09-08,OM_AQ_GURUGRAM,Open-Meteo AQ Reanalysis,,28.4595,77.0266,36.275,52.475,30.104166666666668,22.020833333333332,563.25,89.95833333333333,,,,,reanalysis,2023,air_quality,api_fetch,om_aq_20230908
2023-09-09,OM_AQ_GURUGRAM,Open-Meteo AQ Reanalysis,,28.4595,77.0266,24.925,40.4125,18.133333333333333,18.520833333333332,384.875,87.54166666666667,,,,,reanalysis,2023,air_quality,api_fetch,om_aq_20230909
2023-09-10,OM_AQ_GURUGRAM,Open-Meteo AQ Reanalysis,,28.4595,77.0266,15.15,21.4875,21.495833333333337,20.208333333333332,409.25,67.04166666666667,,,,,reanalysis,2023,air_quality,api_fetch,om_aq_20230910
2023-09-11,OM_AQ_GURUGRAM,Open-Meteo AQ Reanalysis,,28.4595,77.0266,29.745833333333337,42.5375,36.4375,22.47083333333333,614.125,70.58333333333333,,,,,reanalysis,2023,air_quality,api_fetch,om_aq_20230911
2023-09-12,OM_AQ_GURUGRAM,Open-Meteo AQ Reanalysis,,28.4595,77.0266,48.975,70.64166666666667,40.7875,29.3,762.9583333333334,105.75,,,,,reanalysis,2023,air_quality,api_fetch,om_aq_20230912
2023-09-13,OM_AQ_GURUGRAM,Open-Meteo AQ Reanalysis,,28.4595,77.0266,52.98333333333333,77.39583333333333,30.754166666666663,24.2,654.7916666666666,105.25,,,,,reanalysis,2023,air_quality,api_fetch,om_aq_20230913
2023-09-14,OM_AQ_GURUGRAM,Open-Meteo AQ Reanalysis,,28.4595,77.0266,55.125,79.92916666666666,32.579166666666666,22.275,680.4583333333334,94.16666666666669,,,,,reanalysis,2023,air_quality,api_fetch,om_aq_20230914
2023-09-15,OM_AQ_GURUGRAM,Open-Meteo AQ Reanalysis,,28.4595,77.0266,44.87916666666666,64.74583333333334,33.62916666666667,25.520833333333332,650.5,83.75,,,,,reanalysis,2023,air_quality,api_fetch,om_aq_20230915
2023-09-16,OM_AQ_GURUGRAM,Open-Meteo AQ Reanalysis,,28.4595,77.0266,22.816666666666663,33.737500000000004,14.6625,14.4125,356.9166666666667,84.33333333333333,,,,,reanalysis,2023,air_quality,api_fetch,om_aq_20230916
2023-09-17,OM_AQ_GURUGRAM,Open-Meteo AQ Reanalysis,,28.4595,77.0266,24.9875,37.53333333333333,13.608333333333334,14.641666666666667,321.9166666666667,88.33333333333333,,,,,reanalysis,2023,air_quality,api_fetch,om_aq_20230917
2023-09-18,OM_AQ_GURUGRAM,Open-Meteo AQ Reanalysis,,28.4595,77.0266,17.654166666666665,29.7125,18.783333333333335,11.441666666666668,342.0416666666667,67.58333333333333,,,,,reanalysis,2023,air_quality,api_fetch,om_aq_20230918
2023-09-19,OM_AQ_GURUGRAM,Open-Meteo AQ Reanalysis,,28.4595,77.0266,29.47083333333333,45.6375,32.59583333333333,16.033333333333335,553.1666666666666,68.625,,,,,reanalysis,2023,air_quality,api_fetch,om_aq_20230919
2023-09-20,OM_AQ_GURUGRAM,Open-Meteo AQ Reanalysis,,28.4595,77.0266,47.81666666666666,71.14583333333333,55.6375,25.5625,920.875,75.45833333333333,,,,,reanalysis,2023,air_quality,api_fetch,om_aq_20230920
2023-09-21,OM_AQ_GURUGRAM,Open-Meteo AQ Reanalysis,,28.4595,77.0266,35.35,54.37916666666666,28.429166666666664,22.516666666666666,540.2083333333334,105.20833333333331,,,,,reanalysis,2023,air_quality,api_fetch,om_aq_20230921
2023-09-22,OM_AQ_GURUGRAM,Open-Meteo AQ Reanalysis,,28.4595,77.0266,55.520833333333336,81.4875,34.375,26.525,747.0416666666666,128.08333333333334,,,,,reanalysis,2023,air_quality,api_fetch,om_aq_20230922
2023-09-23,OM_AQ_GURUGRAM,Open-Meteo AQ Reanalysis,,28.4595,77.0266,51.82916666666667,78.03333333333333,37.90416666666667,24.379166666666663,746.625,100.79166666666669,,,,,reanalysis,2023,air_quality,api_fetch,om_aq_20230923
2023-09-24,OM_AQ_GURUGRAM,Open-Meteo AQ Reanalysis,,28.4595,77.0266,50.42083333333333,76.90416666666667,51.1625,28.808333333333337,1017.4166666666666,73.875,,,,,reanalysis,2023,air_quality,api_fetch,om_aq_20230924
2023-09-25,OM_AQ_GURUGRAM,Open-Meteo AQ Reanalysis,,28.4595,77.0266,61.35833333333333,96.7,63.4125,38.00416666666667,1120.0,83.95833333333333,,,,,reanalysis,2023,air_quality,api_fetch,om_aq_20230925
2023-09-26,OM_AQ_GURUGRAM,Open-Meteo AQ Reanalysis,,28.4595,77.0266,56.67916666666667,102.00833333333333,43.3625,31.84583333333333,768.3333333333334,103.5,,,,,reanalysis,2023,air_quality,api_fetch,om_aq_20230926
2023-09-27,OM_AQ_GURUGRAM,Open-Meteo AQ Reanalysis,,28.4595,77.0266,38.97083333333333,94.1125,29.958333333333332,20.329166666666666,553.625,96.625,,,,,reanalysis,2023,air_quality,api_fetch,om_aq_20230927
2023-09-28,OM_AQ_GURUGRAM,Open-Meteo AQ Reanalysis,,28.4595,77.0266,46.51666666666667,92.09583333333336,45.72083333333333,24.775,807.6666666666666,88.16666666666667,,,,,reanalysis,2023,air_quality,api_fetch,om_aq_20230928
2023-09-29,OM_AQ_GURUGRAM,Open-Meteo AQ Reanalysis,,28.4595,77.0266,57.18333333333334,100.4125,60.166666666666664,35.324999999999996,1135.6666666666667,91.83333333333331,,,,,reanalysis,2023,air_quality,api_fetch,om_aq_20230929
2023-09-30,OM_AQ_GURUGRAM,Open-Meteo AQ Reanalysis,,28.4595,77.0266,42.425,108.22083333333336,28.75,22.833333333333332,559.75,100.41666666666669,,,,,reanalysis,2023,air_quality,api_fetch,om_aq_20230930
2023-10-01,OM_AQ_GURUGRAM,Open-Meteo AQ Reanalysis,,28.4595,77.0266,39.670833333333334,108.7625,26.4375,21.216666666666665,514.25,104.41666666666669,,,,,reanalysis,2023,air_quality,api_fetch,om_aq_20231001
2023-10-02,OM_AQ_GURUGRAM,Open-Meteo AQ Reanalysis,,28.4595,77.0266,37.25416666666667,100.36666666666667,32.0375,20.95,562.875,91.41666666666669,,,,,reanalysis,2023,air_quality,api_fetch,om_aq_20231002
2023-10-03,OM_AQ_GURUGRAM,Open-Meteo AQ Reanalysis,,28.4595,77.0266,41.75833333333333,124.74583333333334,25.875,17.141666666666666,537.2083333333334,93.66666666666669,,,,,reanalysis,2023,air_quality,api_fetch,om_aq_20231003
2023-10-04,OM_AQ_GURUGRAM,Open-Meteo AQ Reanalysis,,28.4595,77.0266,48.35833333333333,132.76666666666668,27.6375,18.933333333333337,606.0833333333334,100.875,,,,,reanalysis,2023,air_quality,api_fetch,om_aq_20231004
2023-10-05,OM_AQ_GURUGRAM,Open-Meteo AQ Reanalysis,,28.4595,77.0266,56.725,124.68333333333334,40.7125,23.0,788.3333333333334,93.375,,,,,reanalysis,2023,air_quality,api_fetch,om_aq_20231005
2023-10-06,OM_AQ_GURUGRAM,Open-Meteo AQ Reanalysis,,28.4595,77.0266,65.59583333333333,130.8375,52.104166666666664,24.77916666666667,1027.3333333333333,74.33333333333333,,,,,reanalysis,2023,air_quality,api_fetch,om_aq_20231006
2023-10-07,OM_AQ_GURUGRAM,Open-Meteo AQ Reanalysis,,28.4595,77.0266,58.63333333333333,162.73749999999998,56.354166666666664,25.729166666666668,1050.6666666666667,64.16666666666667,,,,,reanalysis,2023,air_quality,api_fetch,om_aq_20231007
2023-10-08,OM_AQ_GURUGRAM,Open-Meteo AQ Reanalysis,,28.4595,77.0266,54.916666666666664,183.875,44.6625,21.108333333333334,854.625,53.375,,,,,reanalysis,2023,air_quality,api_fetch,om_aq_20231008
2023-10-09,OM_AQ_GURUGRAM,Open-Meteo AQ Reanalysis,,28.4595,77.0266,49.1375,149.1875,46.61666666666667,19.76666666666667,833.75,51.208333333333336,,,,,reanalysis,2023,air_quality,api_fetch,om_aq_20231009
2023-10-10,OM_AQ_GURUGRAM,Open-Meteo AQ Reanalysis,,28.4595,77.0266,45.675,131.41666666666666,42.40833333333333,21.179166666666667,719.1666666666666,57.291666666666664,,,,,reanalysis,2023,air_quality,api_fetch,om_aq_20231010
2023-10-11,OM_AQ_GURUGRAM,Open-Meteo AQ Reanalysis,,28.4595,77.0266,46.3625,133.62916666666666,34.09583333333333,21.84166666666667,626.625,77.95833333333333,,,,,reanalysis,2023,air_quality,api_fetch,om_aq_20231011
2023-10-12,OM_AQ_GURUGRAM,Open-Meteo AQ Reanalysis,,28.4595,77.0266,58.8125,116.75416666666666,58.65416666666667,31.941666666666663,1063.6666666666667,79.58333333333333,,,,,reanalysis,2023,air_quality,api_fetch,om_aq_20231012
2023-10-13,OM_AQ_GURUGRAM,Open-Meteo AQ Reanalysis,,28.4595,77.0266,60.854166666666664,129.07500000000002,47.3125,29.670833333333334,935.4583333333334,86.41666666666667,,,,,reanalysis,2023,air_quality,api_fetch,om_aq_20231013
2023-10-14,OM_AQ_GURUGRAM,Open-Meteo AQ Reanalysis,,28.4595,77.0266,53.84166666666667,131.55416666666667,48.0,28.116666666666664,864.2083333333334,73.91666666666667,,,,,reanalysis,2023,air_quality,api_fetch,om_aq_20231014
2023-10-15,OM_AQ_GURUGRAM,Open-Meteo AQ Reanalysis,,28.4595,77.0266,51.458333333333336,139.74166666666667,40.729166666666664,26.729166666666668,739.75,74.95833333333333,,,,,reanalysis,2023,air_quality,api_fetch,om_aq_20231015
2023-10-16,OM_AQ_GURUGRAM,Open-Meteo AQ Reanalysis,,28.4595,77.0266,45.12083333333334,129.34583333333333,24.4125,21.191666666666663,517.2916666666666,84.91666666666667,,,,,reanalysis,2023,air_quality,api_fetch,om_aq_20231016
2023-10-17,OM_AQ_GURUGRAM,Open-Meteo AQ Reanalysis,,28.4595,77.0266,52.1,94.34583333333336,52.79583333333333,32.34166666666667,891.5416666666666,61.833333333333336,,,,,reanalysis,2023,air_quality,api_fetch,om_aq_20231017
2023-10-18,OM_AQ_GURUGRAM,Open-Meteo AQ Reanalysis,,28.4595,77.0266,36.90833333333333,133.30833333333334,30.541666666666668,20.416666666666668,538.2083333333334,69.33333333333333,,,,,reanalysis,2023,air_quality,api_fetch,om_aq_20231018
2023-10-19,OM_AQ_GURUGRAM,Open-Meteo AQ Reanalysis,,28.4595,77.0266,42.49166666666667,111.33333333333331,47.46666666666667,22.858333333333334,852.8333333333334,64.25,,,,,reanalysis,2023,air_quality,api_fetch,om_aq_20231019
2023-10-20,OM_AQ_GURUGRAM,Open-Meteo AQ Reanalysis,,28.4595,77.0266,52.43333333333334,121.025,59.25833333333333,34.50833333333333,1134.7916666666667,78.33333333333333,,,,,reanalysis,2023,air_quality,api_fetch,om_aq_20231020
2023-10-21,OM_AQ_GURUGRAM,Open-Meteo AQ Reanalysis,,28.4595,77.0266,58.94166666666666,111.9125,71.06666666666666,41.3,1313.75,76.20833333333333,,,,,reanalysis,2023,air_quality,api_fetch,om_aq_20231021
2023-10-22,OM_AQ_GURUGRAM,Open-Meteo AQ Reanalysis,,28.4595,77.0266,46.2125,107.20416666666668,37.704166666666666,34.77916666666667,784.875,103.25,,,,,reanalysis,2023,air_quality,api_fetch,om_aq_20231022
2023-10-23,OM_AQ_GURUGRAM,Open-Meteo AQ Reanalysis,,28.4595,77.0266,44.80833333333334,119.0875,33.07083333333333,21.65416666666667,674.5833333333334,81.5,,,,,reanalysis,2023,air_quality,api_fetch,om_aq_20231023
2023-10-24,OM_AQ_GURUGRAM,Open-Meteo AQ Reanalysis,,28.4595,77.0266,43.916666666666664,101.5375,41.4,24.583333333333332,780.4166666666666,77.29166666666667,,,,,reanalysis,2023,air_quality,api_fetch,om_aq_20231024
2023-10-25,OM_AQ_GURUGRAM,Open-Meteo AQ Reanalysis,,28.4595,77.0266,42.37916666666667,107.01666666666668,36.2125,20.004166666666663,715.8333333333334,79.54166666666667,,,,,reanalysis,2023,air_quality,api_fetch,om_aq_20231025
2023-10-26,OM_AQ_GURUGRAM,Open-Meteo AQ Reanalysis,,28.4595,77.0266,38.65,92.52916666666664,42.0625,19.141666666666666,771.4583333333334,67.58333333333333,,,,,reanalysis,2023,air_quality,api_fetch,om_aq_20231026
2023-10-27,OM_AQ_GURUGRAM,Open-Meteo AQ Reanalysis,,28.4595,77.0266,55.525,113.52916666666664,58.86666666666667,32.833333333333336,1313.6666666666667,63.583333333333336,,,,,reanalysis,2023,air_quality,api_fetch,om_aq_20231027
2023-10-28,OM_AQ_GURUGRAM,Open-Meteo AQ Reanalysis,,28.4595,77.0266,83.20833333333333,163.75833333333333,82.12916666666666,43.479166666666664,1704.9583333333333,70.125,,,,,reanalysis,2023,air_quality,api_fetch,om_aq_20231028
2023-10-29,OM_AQ_GURUGRAM,Open-Meteo AQ Reanalysis,,28.4595,77.0266,102.44166666666666,177.54166666666666,83.90833333333333,45.041666666666664,1718.375,86.95833333333333,,,,,reanalysis,2023,air_quality,api_fetch,om_aq_20231029
2023-10-30,OM_AQ_GURUGRAM,Open-Meteo AQ Reanalysis,,28.4595,77.0266,94.05833333333334,166.24166666666667,58.55416666666667,39.12916666666667,1252.125,88.0,,,,,reanalysis,2023,air_quality,api_fetch,om_aq_20231030
2023-10-31,OM_AQ_GURUGRAM,Open-Meteo AQ Reanalysis,,28.4595,77.0266,107.97083333333336,189.04583333333335,65.70416666666667,44.0375,1440.5416666666667,92.58333333333331,,,,,reanalysis,2023,air_quality,api_fetch,om_aq_20231031
2023-11-01,OM_AQ_GURUGRAM,Open-Meteo AQ Reanalysis,,28.4595,77.0266,111.08333333333331,187.5041666666667,76.37916666666666,50.975,1700.3333333333333,86.33333333333333,,,,,reanalysis,2023,air_quality,api_fetch,om_aq_20231101
2023-11-02,OM_AQ_GURUGRAM,Open-Meteo AQ Reanalysis,,28.4595,77.0266,95.27916666666664,172.27083333333334,56.18333333333334,34.475,1302.75,92.45833333333331,,,,,reanalysis,2023,air_quality,api_fetch,om_aq_20231102
2023-11-03,OM_AQ_GURUGRAM,Open-Meteo AQ Reanalysis,,28.4595,77.0266,100.95,176.42499999999998,40.145833333333336,26.47083333333333,1062.9583333333333,92.16666666666669,,,,,reanalysis,2023,air_quality,api_fetch,om_aq_20231103
2023-11-04,OM_AQ_GURUGRAM,Open-Meteo AQ Reanalysis,,28.4595,77.0266,108.7,192.45416666666665,45.2375,29.55,1120.5833333333333,79.66666666666667,,,,,reanalysis,2023,air_quality,api_fetch,om_aq_20231104
2023-11-05,OM_AQ_GURUGRAM,Open-Meteo AQ Reanalysis,,28.4595,77.0266,102.075,172.4,66.90416666666667,42.82916666666667,1687.4583333333333,59.708333333333336,,,,,reanalysis,2023,air_quality,api_fetch,om_aq_20231105
2023-11-06,OM_AQ_GURUGRAM,Open-Meteo AQ Reanalysis,,28.4595,77.0266,116.93333333333334,197.09583333333333,89.17083333333333,52.65416666666667,1972.25,69.83333333333333,,,,,reanalysis,2023,air_quality,api_fetch,om_aq_20231106
2023-11-07,OM_AQ_GURUGRAM,Open-Meteo AQ Reanalysis,,28.4595,77.0266,131.25833333333333,210.32083333333333,98.73333333333332,56.26666666666667,2067.9166666666665,81.29166666666667,,,,,reanalysis,2023,air_quality,api_fetch,om_aq_20231107
2023-11-08,OM_AQ_GURUGRAM,Open-Meteo AQ Reanalysis,,28.4595,77.0266,117.9875,200.75833333333333,71.36666666666666,37.65,1789.5,55.583333333333336,,,,,reanalysis,2023,air_quality,api_fetch,om_aq_20231108
2023-11-09,OM_AQ_GURUGRAM,Open-Meteo AQ Reanalysis,,28.4595,77.0266,129.15416666666667,215.9125,85.92916666666667,42.31666666666667,1928.25,56.791666666666664,,,,,reanalysis,2023,air_quality,api_fetch,om_aq_20231109
2023-11-10,OM_AQ_GURUGRAM,Open-Meteo AQ Reanalysis,,28.4595,77.0266,75.675,125.19166666666666,34.44583333333333,24.0,760.9166666666666,69.45833333333333,,,,,reanalysis,2023,air_quality,api_fetch,om_aq_20231110
2023-11-11,OM_AQ_GURUGRAM,Open-Meteo AQ Reanalysis,,28.4595,77.0266,60.916666666666664,98.33333333333331,41.19166666666667,27.125,819.2083333333334,58.708333333333336,,,,,reanalysis,2023,air_quality,api_fetch,om_aq_20231111
2023-11-12,OM_AQ_GURUGRAM,Open-Meteo AQ Reanalysis,,28.4595,77.0266,41.6375,64.87916666666666,44.17083333333334,21.0125,887.875,55.708333333333336,,,,,reanalysis,2023,air_quality,api_fetch,om_aq_20231112
2023-11-13,OM_AQ_GURUGRAM,Open-Meteo AQ Reanalysis,,28.4595,77.0266,74.92083333333333,110.59166666666668,67.04166666666667,38.44583333333333,1410.1666666666667,64.29166666666667,,,,,reanalysis,2023,air_quality,api_fetch,om_aq_20231113
2023-11-14,OM_AQ_GURUGRAM,Open-Meteo AQ Reanalysis,,28.4595,77.0266,77.27916666666667,114.49583333333334,59.15,31.5625,1216.7916666666667,58.958333333333336,,,,,reanalysis,2023,air_quality,api_fetch,om_aq_20231114
2023-11-15,OM_AQ_GURUGRAM,Open-Meteo AQ Reanalysis,,28.4595,77.0266,85.47083333333335,124.75833333333333,61.1375,32.170833333333334,1304.7916666666667,62.583333333333336,,,,,reanalysis,2023,air_quality,api_fetch,om_aq_20231115
2023-11-16,OM_AQ_GURUGRAM,Open-Meteo AQ Reanalysis,,28.4595,77.0266,121.35416666666669,175.58333333333334,80.46666666666667,48.520833333333336,1909.6666666666667,74.25,,,,,reanalysis,2023,air_quality,api_fetch,om_aq_20231116
2023-11-17,OM_AQ_GURUGRAM,Open-Meteo AQ Reanalysis,,28.4595,77.0266,114.05833333333334,165.05416666666667,80.87083333333334,54.7125,2105.0416666666665,67.66666666666667,,,,,reanalysis,2023,air_quality,api_fetch,om_aq_20231117
2023-11-18,OM_AQ_GURUGRAM,Open-Meteo AQ Reanalysis,,28.4595,77.0266,95.925,141.05416666666667,63.96666666666667,35.65833333333333,1471.4166666666667,66.5,,,,,reanalysis,2023,air_quality,api_fetch,om_aq_20231118
2023-11-19,OM_AQ_GURUGRAM,Open-Meteo AQ Reanalysis,,28.4595,77.0266,126.07083333333334,187.875,90.83333333333331,53.06666666666666,2130.75,57.375,,,,,reanalysis,2023,air_quality,api_fetch,om_aq_20231119
2023-11-20,OM_AQ_GURUGRAM,Open-Meteo AQ Reanalysis,,28.4595,77.0266,107.95,159.45000000000002,67.46666666666667,40.82083333333333,1531.625,83.625,,,,,reanalysis,2023,air_quality,api_fetch,om_aq_20231120
2023-11-21,OM_AQ_GURUGRAM,Open-Meteo AQ Reanalysis,,28.4595,77.0266,86.0125,127.3,24.375,23.104166666666668,786.375,96.20833333333331,,,,,reanalysis,2023,air_quality,api_fetch,om_aq_20231121
2023-11-22,OM_AQ_GURUGRAM,Open-Meteo AQ Reanalysis,,28.4595,77.0266,95.41666666666669,141.29166666666666,53.9625,32.75833333333333,1444.75,57.458333333333336,,,,,reanalysis,2023,air_quality,api_fetch,om_aq_20231122
2023-11-23,OM_AQ_GURUGRAM,Open-Meteo AQ Reanalysis,,28.4595,77.0266,132.475,196.30416666666667,87.36666666666667,56.35,2223.9583333333335,62.708333333333336,,,,,reanalysis,2023,air_quality,api_fetch,om_aq_20231123
2023-11-24,OM_AQ_GURUGRAM,Open-Meteo AQ Reanalysis,,28.4595,77.0266,154.06666666666666,231.1833333333333,93.0125,74.82083333333334,2084.5,83.0,,,,,reanalysis,2023,air_quality,api_fetch,om_aq_20231124
2023-11-25,OM_AQ_GURUGRAM,Open-Meteo AQ Reanalysis,,28.4595,77.0266,124.4375,182.51666666666665,89.3,66.675,2347.6666666666665,59.833333333333336,,,,,reanalysis,2023,air_quality,api_fetch,om_aq_20231125
2023-11-26,OM_AQ_GURUGRAM,Open-Meteo AQ Reanalysis,,28.4595,77.0266,134.2125,202.0,88.2375,61.525,2174.1666666666665,59.625,,,,,reanalysis,2023,air_quality,api_fetch,om_aq_20231126
2023-11-27,OM_AQ_GURUGRAM,Open-Meteo AQ Reanalysis,,28.4595,77.0266,90.24583333333334,132.6875,40.84166666666667,30.858333333333334,1065.3333333333333,66.5,,,,,reanalysis,2023,air_quality,api_fetch,om_aq_20231127
2023-11-28,OM_AQ_GURUGRAM,Open-Meteo AQ Reanalysis,,28.4595,77.0266,71.65833333333333,104.35833333333332,51.0625,34.295833333333334,1039.2916666666667,50.791666666666664,,,,,reanalysis,2023,air_quality,api_fetch,om_aq_20231128
2023-11-29,OM_AQ_GURUGRAM,Open-Meteo AQ Reanalysis,,28.4595,77.0266,124.43333333333334,187.17083333333335,71.5125,63.666666666666664,1973.5,50.958333333333336,,,,,reanalysis,2023,air_quality,api_fetch,om_aq_20231129
2023-11-30,OM_AQ_GURUGRAM,Open-Meteo AQ Reanalysis,,28.4595,77.0266,127.0875,196.13333333333333,61.01666666666667,51.11666666666667,1341.7083333333333,54.875,,,,,reanalysis,2023,air_quality,api_fetch,om_aq_20231130
2023-12-01,OM_AQ_GURUGRAM,Open-Meteo AQ Reanalysis,,28.4595,77.0266,115.05833333333334,173.41666666666666,57.45416666666667,51.78333333333333,1327.5833333333333,61.75,,,,,reanalysis,2023,air_quality,api_fetch,om_aq_20231201
2023-12-02,OM_AQ_GURUGRAM,Open-Meteo AQ Reanalysis,,28.4595,77.0266,88.51666666666667,130.9875,61.9125,50.291666666666664,1419.25,48.375,,,,,reanalysis,2023,air_quality,api_fetch,om_aq_20231202
2023-12-03,OM_AQ_GURUGRAM,Open-Meteo AQ Reanalysis,,28.4595,77.0266,102.175,149.21666666666667,64.26666666666667,65.2625,1569.0416666666667,59.75,,,,,reanalysis,2023,air_quality,api_fetch,om_aq_20231203
2023-12-04,OM_AQ_GURUGRAM,Open-Meteo AQ Reanalysis,,28.4595,77.0266,89.07916666666667,129.07500000000002,67.66666666666667,55.55416666666667,1474.375,55.5,,,,,reanalysis,2023,air_quality,api_fetch,om_aq_20231204
2023-12-05,OM_AQ_GURUGRAM,Open-Meteo AQ Reanalysis,,28.4595,77.0266,67.72500000000001,97.9,50.06666666666666,40.55,1117.75,53.083333333333336,,,,,reanalysis,2023,air_quality,api_fetch,om_aq_20231205
2023-12-06,OM_AQ_GURUGRAM,Open-Meteo AQ Reanalysis,,28.4595,77.0266,86.76666666666667,124.77083333333331,72.45833333333333,56.166666666666664,1803.375,56.208333333333336,,,,,reanalysis,2023,air_quality,api_fetch,om_aq_20231206
2023-12-07,OM_AQ_GURUGRAM,Open-Meteo AQ Reanalysis,,28.4595,77.0266,85.8875,123.51666666666668,63.35,49.40416666666667,1592.5,67.45833333333333,,,,,reanalysis,2023,air_quality,api_fetch,om_aq_20231207
2023-12-08,OM_AQ_GURUGRAM,Open-Meteo AQ Reanalysis,,28.4595,77.0266,72.325,104.01666666666668,43.583333333333336,35.0875,1214.0833333333333,80.45833333333333,,,,,reanalysis,2023,air_quality,api_fetch,om_aq_20231208
2023-12-09,OM_AQ_GURUGRAM,Open-Meteo AQ Reanalysis,,28.4595,77.0266,68.47500000000001,98.375,36.5625,30.2375,1106.5833333333333,76.33333333333333,,,,,reanalysis,2023,air_quality,api_fetch,om_aq_20231209
2023-12-10,OM_AQ_GURUGRAM,Open-Meteo AQ Reanalysis,,28.4595,77.0266,70.95,103.46666666666664,38.1125,30.6375,1094.0833333333333,63.5,,,,,reanalysis,2023,air_quality,api_fetch,om_aq_20231210
2023-12-11,OM_AQ_GURUGRAM,Open-Meteo AQ Reanalysis,,28.4595,77.0266,120.45416666666668,174.30416666666667,100.19583333333333,80.55,2417.2916666666665,54.958333333333336,,,,,reanalysis,2023,air_quality,api_fetch,om_aq_20231211
2023-12-12,OM_AQ_GURUGRAM,Open-Meteo AQ Reanalysis,,28.4595,77.0266,135.95416666666668,196.64166666666665,99.55,69.76666666666667,2496.7916666666665,70.08333333333333,,,,,reanalysis,2023,air_quality,api_fetch,om_aq_20231212
2023-12-13,OM_AQ_GURUGRAM,Open-Meteo AQ Reanalysis,,28.4595,77.0266,105.90833333333336,159.275,66.87083333333334,60.05416666666667,1674.9166666666667,83.41666666666667,,,,,reanalysis,2023,air_quality,api_fetch,om_aq_20231213
2023-12-14,OM_AQ_GURUGRAM,Open-Meteo AQ Reanalysis,,28.4595,77.0266,75.08333333333333,107.88333333333333,44.42083333333333,33.012499999999996,1162.5833333333333,61.208333333333336,,,,,reanalysis,2023,air_quality,api_fetch,om_aq_20231214
2023-12-15,OM_AQ_GURUGRAM,Open-Meteo AQ Reanalysis,,28.4595,77.0266,120.8375,172.39583333333334,85.62916666666666,69.19166666666666,2081.625,78.125,,,,,reanalysis,2023,air_quality,api_fetch,om_aq_20231215
2023-12-16,OM_AQ_GURUGRAM,Open-Meteo AQ Reanalysis,,28.4595,77.0266,89.55833333333334,130.91666666666666,66.77916666666667,51.18333333333334,1662.4166666666667,66.79166666666667,,,,,reanalysis,2023,air_quality,api_fetch,om_aq_20231216
2023-12-17,OM_AQ_GURUGRAM,Open-Meteo AQ Reanalysis,,28.4595,77.0266,90.09583333333336,134.1,46.5875,43.49583333333334,1291.6666666666667,81.83333333333333,,,,,reanalysis,2023,air_quality,api_fetch,om_aq_20231217
2023-12-18,OM_AQ_GURUGRAM,Open-Meteo AQ Reanalysis,,28.4595,77.0266,57.6125,85.7,22.2,25.875,806.9583333333334,82.58333333333333,,,,,reanalysis,2023,air_quality,api_fetch,om_aq_20231218
2023-12-19,OM_AQ_GURUGRAM,Open-Meteo AQ Reanalysis,,28.4595,77.0266,50.85833333333333,74.47083333333333,29.558333333333337,25.7875,894.7083333333334,71.20833333333333,,,,,reanalysis,2023,air_quality,api_fetch,om_aq_20231219
2023-12-20,OM_AQ_GURUGRAM,Open-Meteo AQ Reanalysis,,28.4595,77.0266,67.625,97.68333333333334,45.76666666666667,36.19583333333333,1280.875,65.16666666666667,,,,,reanalysis,2023,air_quality,api_fetch,om_aq_20231220
2023-12-21,OM_AQ_GURUGRAM,Open-Meteo AQ Reanalysis,,28.4595,77.0266,89.67083333333333,128.95000000000002,53.15,45.1,1557.0416666666667,66.66666666666667,,,,,reanalysis,2023,air_quality,api_fetch,om_aq_20231221
2023-12-22,OM_AQ_GURUGRAM,Open-Meteo AQ Reanalysis,,28.4595,77.0266,171.86249999999998,246.9375,105.73333333333332,98.30833333333334,2771.2916666666665,93.375,,,,,reanalysis,2023,air_quality,api_fetch,om_aq_20231222
2023-12-23,OM_AQ_GURUGRAM,Open-Meteo AQ Reanalysis,,28.4595,77.0266,143.62916666666666,208.2625,86.675,85.27083333333333,2545.8333333333335,79.58333333333333,,,,,reanalysis,2023,air_quality,api_fetch,om_aq_20231223
2023-12-24,OM_AQ_GURUGRAM,Open-Meteo AQ Reanalysis,,28.4595,77.0266,131.02083333333334,190.9625,74.25833333333334,73.65416666666667,2003.5416666666667,108.125,,,,,reanalysis,2023,air_quality,api_fetch,om_aq_20231224
2023-12-25,OM_AQ_GURUGRAM,Open-Meteo AQ Reanalysis,,28.4595,77.0266,100.725,145.76666666666668,49.42916666666667,42.05833333333333,1563.2083333333333,85.0,,,,,reanalysis,2023,air_quality,api_fetch,om_aq_20231225
2023-12-26,OM_AQ_GURUGRAM,Open-Meteo AQ Reanalysis,,28.4595,77.0266,146.58333333333334,213.27916666666667,94.67083333333332,79.83333333333333,2570.625,71.16666666666667,,,,,reanalysis,2023,air_quality,api_fetch,om_aq_20231226
2023-12-27,OM_AQ_GURUGRAM,Open-Meteo AQ Reanalysis,,28.4595,77.0266,135.525,197.21666666666667,65.19166666666666,63.2875,1922.5416666666667,106.0,,,,,reanalysis,2023,air_quality,api_fetch,om_aq_20231227
2023-12-28,OM_AQ_GURUGRAM,Open-Meteo AQ Reanalysis,,28.4595,77.0266,154.37916666666666,223.14583333333337,88.64166666666667,72.57916666666667,2344.2916666666665,88.33333333333333,,,,,reanalysis,2023,air_quality,api_fetch,om_aq_20231228
2023-12-29,OM_AQ_GURUGRAM,Open-Meteo AQ Reanalysis,,28.4595,77.0266,181.75833333333333,263.89166666666665,94.47083333333336,88.45833333333333,2725.7083333333335,86.5,,,,,reanalysis,2023,air_quality,api_fetch,om_aq_20231229
2023-12-30,OM_AQ_GURUGRAM,Open-Meteo AQ Reanalysis,,28.4595,77.0266,187.88333333333333,273.925,110.56666666666666,102.36666666666667,2921.4166666666665,76.58333333333333,,,,,reanalysis,2023,air_quality,api_fetch,om_aq_20231230
2023-12-31,OM_AQ_GURUGRAM,Open-Meteo AQ Reanalysis,,28.4595,77.0266,139.90416666666667,204.0125,88.12916666666666,99.8375,2311.125,76.41666666666667,,,,,reanalysis,2023,air_quality,api_fetch,om_aq_20231231
