date,station_code,station_name,sector,latitude,longitude,pm2_5_ug_m3,pm10_ug_m3,no2_ug_m3,so2_ug_m3,co_mg_m3,o3_ug_m3,aqi_calculated,air_quality_category
2024-01-01,IND_HR_GGN_01,Vikas Sadan,Sector 11,28.4554,77.0329,245.6,477.2,81.8,17.9,1.7,35.3,396,Very Poor
2024-01-02,IND_HR_GGN_01,Vikas Sadan,Sector 11,28.4554,77.0329,272.7,396.6,134.3,9.9,2.49,10,415,Severe
2024-01-03,IND_HR_GGN_01,Vikas Sadan,Sector 11,28.4554,77.0329,250,433,72,6.9,3.49,30.3,400,Very Poor
2024-01-04,IND_HR_GGN_01,Vikas Sadan,Sector 11,28.4554,77.0329,317,590.5,50,14.5,3.06,28.5,444,Severe
2024-01-05,IND_HR_GGN_01,Vikas Sadan,Sector 11,28.4554,77.0329,255.5,380,38.5,10.2,5.34,27.3,403,Severe
2024-01-06,IND_HR_GGN_01,Vikas Sadan,Sector 11,28.4554,77.0329,275.2,542.9,74.3,11.5,0.95,22.9,416,Severe
2024-01-07,IND_HR_GGN_01,Vikas Sadan,Sector 11,28.4554,77.0329,275.2,411.1,135,19.6,3.25,10,416,Severe
2024-01-08,IND_HR_GGN_01,Vikas Sadan,Sector 11,28.4554,77.0329,205.3,333.4,52.7,16.1,4.12,51.9,365,Very Poor
2024-01-09,IND_HR_GGN_01,Vikas Sadan,Sector 11,28.4554,77.0329,334.1,595.3,86.7,5.9,3.99,57.3,456,Severe
2024-01-10,IND_HR_GGN_01,Vikas Sadan,Sector 11,28.4554,77.0329,217.1,405.9,88.6,19.7,3.7,37.7,374,Very Poor
2024-01-11,IND_HR_GGN_01,Vikas Sadan,Sector 11,28.4554,77.0329,223,370.1,127.2,4,2.8,36.1,379,Very Poor
2024-01-12,IND_HR_GGN_01,Vikas Sadan,Sector 11,28.4554,77.0329,280.8,478,84,14.6,4.53,52.1,420,Severe
2024-01-13,IND_HR_GGN_01,Vikas Sadan,Sector 11,28.4554,77.0329,310.8,475.7,130.8,13.5,2.39,55.8,440,Severe
2024-01-14,IND_HR_GGN_01,Vikas Sadan,Sector 11,28.4554,77.0329,201.3,328.2,60.7,13.4,3.11,21.3,362,Very Poor
2024-01-15,IND_HR_GGN_01,Vikas Sadan,Sector 11,28.4554,77.0329,216.7,438.7,84.8,15.3,3.01,43.9,374,Very Poor
2024-01-16,IND_HR_GGN_01,Vikas Sadan,Sector 11,28.4554,77.0329,77.3,136.8,44.9,7.4,1.27,36,157,Moderate
2024-01-17,IND_HR_GGN_01,Vikas Sadan,Sector 11,28.4554,77.0329,108.1,162.9,44.3,4.4,0.96,21.2,260,Poor
2024-01-18,IND_HR_GGN_01,Vikas Sadan,Sector 11,28.4554,77.0329,291.3,525.8,59.1,9.5,3.43,52,427,Severe
2024-01-19,IND_HR_GGN_01,Vikas Sadan,Sector 11,28.4554,77.0329,207.6,391.8,71.8,11.8,2,28.4,367,Very Poor
2024-01-20,IND_HR_GGN_01,Vikas Sadan,Sector 11,28.4554,77.0329,299.9,533,117.9,14.7,2.45,56.5,433,Severe
2024-01-21,IND_HR_GGN_01,Vikas Sadan,Sector 11,28.4554,77.0329,250.2,413.9,110.8,13.2,3.39,45.4,400,Severe
2024-01-22,IND_HR_GGN_01,Vikas Sadan,Sector 11,28.4554,77.0329,382.6,674.3,133.1,27,2.96,33.6,488,Severe
2024-01-23,IND_HR_GGN_01,Vikas Sadan,Sector 11,28.4554,77.0329,184.5,314.4,60.5,16.6,0.69,50.1,349,Very Poor
2024-01-24,IND_HR_GGN_01,Vikas Sadan,Sector 11,28.4554,77.0329,373.8,675.7,146.7,17.5,2.48,50.9,482,Severe
2024-01-25,IND_HR_GGN_01,Vikas Sadan,Sector 11,28.4554,77.0329,262.4,483.8,128,17,3.38,31.8,408,Severe
2024-01-26,IND_HR_GGN_01,Vikas Sadan,Sector 11,28.4554,77.0329,302.1,524.5,94.3,6.2,4.12,37.3,434,Severe
2024-01-27,IND_HR_GGN_01,Vikas Sadan,Sector 11,28.4554,77.0329,257,494.5,84.8,11.1,1.26,32.8,404,Severe
2024-01-28,IND_HR_GGN_01,Vikas Sadan,Sector 11,28.4554,77.0329,270.9,441.2,95.8,9.3,4.08,51.3,413,Severe
2024-01-29,IND_HR_GGN_01,Vikas Sadan,Sector 11,28.4554,77.0329,304.9,588.3,149.9,13.2,5.3,15.4,436,Severe
2024-01-30,IND_HR_GGN_01,Vikas Sadan,Sector 11,28.4554,77.0329,275.4,411.5,109.6,13.4,1.67,26.7,416,Severe
2024-01-31,IND_HR_GGN_01,Vikas Sadan,Sector 11,28.4554,77.0329,200,322.7,82.2,12.7,3.2,57.3,361,Very Poor
2024-02-01,IND_HR_GGN_01,Vikas Sadan,Sector 11,28.4554,77.0329,254.5,430.6,99.6,12.7,3.27,38.4,403,Severe
2024-02-02,IND_HR_GGN_01,Vikas Sadan,Sector 11,28.4554,77.0329,250.8,401,124.5,13.6,4.23,22.7,400,Severe
2024-02-03,IND_HR_GGN_01,Vikas Sadan,Sector 11,28.4554,77.0329,226.2,343.5,117,6,3.36,27.7,381,Very Poor
2024-02-04,IND_HR_GGN_01,Vikas Sadan,Sector 11,28.4554,77.0329,271.5,408.9,130.7,9.1,4.63,43.8,414,Severe
2024-02-05,IND_HR_GGN_01,Vikas Sadan,Sector 11,28.4554,77.0329,270.1,393.7,100.9,15.3,3.45,40.5,413,Severe
2024-02-06,IND_HR_GGN_01,Vikas Sadan,Sector 11,28.4554,77.0329,301,619.3,164.1,10.3,4.58,51,434,Severe
2024-02-07,IND_HR_GGN_01,Vikas Sadan,Sector 11,28.4554,77.0329,316.8,627.5,122,15.7,5.17,42.5,444,Severe
2024-02-08,IND_HR_GGN_01,Vikas Sadan,Sector 11,28.4554,77.0329,181,318.8,58.2,5,2.22,59.3,346,Very Poor
2024-02-09,IND_HR_GGN_01,Vikas Sadan,Sector 11,28.4554,77.0329,250,458.1,154.8,21.9,2.37,59.2,400,Very Poor
2024-02-10,IND_HR_GGN_01,Vikas Sadan,Sector 11,28.4554,77.0329,283.5,403.8,103.4,20.3,3.65,63.8,422,Severe
2024-02-11,IND_HR_GGN_01,Vikas Sadan,Sector 11,28.4554,77.0329,330.7,608.3,122.4,12.9,2.88,54.6,453,Severe
2024-02-12,IND_HR_GGN_01,Vikas Sadan,Sector 11,28.4554,77.0329,264.5,543,86.2,17.4,0.2,25.5,409,Severe
2024-02-13,IND_HR_GGN_01,Vikas Sadan,Sector 11,28.4554,77.0329,219.8,334.4,86.1,15.8,1.43,14.4,376,Very Poor
2024-02-14,IND_HR_GGN_01,Vikas Sadan,Sector 11,28.4554,77.0329,206.5,353.3,114.3,10.1,1.2,52.8,366,Very Poor
2024-02-15,IND_HR_GGN_01,Vikas Sadan,Sector 11,28.4554,77.0329,63.7,100.2,43.8,11.6,0.67,41.1,112,Moderate
2024-02-16,IND_HR_GGN_01,Vikas Sadan,Sector 11,28.4554,77.0329,34.4,60.7,17.9,19.7,0.78,42.3,57,Satisfactory
2024-02-17,IND_HR_GGN_01,Vikas Sadan,Sector 11,28.4554,77.0329,64.3,127.9,36.5,19.6,0.88,36.3,114,Moderate
2024-02-18,IND_HR_GGN_01,Vikas Sadan,Sector 11,28.4554,77.0329,72.4,120.4,30.2,24.7,1.09,42,141,Moderate
2024-02-19,IND_HR_GGN_01,Vikas Sadan,Sector 11,28.4554,77.0329,108.6,206.8,62.2,8,0.59,57.3,262,Poor
2024-02-20,IND_HR_GGN_01,Vikas Sadan,Sector 11,28.4554,77.0329,46.2,67.8,36.2,4.7,1.62,54.2,77,Satisfactory
2024-02-21,IND_HR_GGN_01,Vikas Sadan,Sector 11,28.4554,77.0329,64.2,100,47.4,14.4,1.04,33.9,114,Moderate
2024-02-22,IND_HR_GGN_01,Vikas Sadan,Sector 11,28.4554,77.0329,84,121,63.9,14.3,1.36,38.7,180,Moderate
2024-02-23,IND_HR_GGN_01,Vikas Sadan,Sector 11,28.4554,77.0329,65.3,105.1,32,7.6,0.86,38,117,Moderate
2024-02-24,IND_HR_GGN_01,Vikas Sadan,Sector 11,28.4554,77.0329,52.5,74.1,58.5,12.1,1.09,47.6,87,Satisfactory
2024-02-25,IND_HR_GGN_01,Vikas Sadan,Sector 11,28.4554,77.0329,74.7,121.4,31.5,4.1,1.37,50.8,149,Moderate
2024-02-26,IND_HR_GGN_01,Vikas Sadan,Sector 11,28.4554,77.0329,54.5,77.8,55.7,17.2,0.97,36.6,90,Satisfactory
2024-02-27,IND_HR_GGN_01,Vikas Sadan,Sector 11,28.4554,77.0329,67.4,115.3,27.6,5.4,0.61,52.5,124,Moderate
2024-02-28,IND_HR_GGN_01,Vikas Sadan,Sector 11,28.4554,77.0329,83.8,137,8.5,11.1,0.65,46.7,179,Moderate
2024-02-29,IND_HR_GGN_01,Vikas Sadan,Sector 11,28.4554,77.0329,84,152.3,56.2,14.9,1.55,91.2,180,Moderate
2024-03-01,IND_HR_GGN_01,Vikas Sadan,Sector 11,28.4554,77.0329,92.7,160.1,77.6,13.3,0.91,31.5,209,Poor
2024-03-02,IND_HR_GGN_01,Vikas Sadan,Sector 11,28.4554,77.0329,68,120.2,58.9,19.8,1,75.4,126,Moderate
2024-03-03,IND_HR_GGN_01,Vikas Sadan,Sector 11,28.4554,77.0329,73.4,103.8,27.5,17.6,1.27,51,144,Moderate
2024-03-04,IND_HR_GGN_01,Vikas Sadan,Sector 11,28.4554,77.0329,60.4,115.9,35.8,16,0.33,42.1,101,Moderate
2024-03-05,IND_HR_GGN_01,Vikas Sadan,Sector 11,28.4554,77.0329,69.9,120,45.1,4,0.31,25.1,133,Moderate
2024-03-06,IND_HR_GGN_01,Vikas Sadan,Sector 11,28.4554,77.0329,73.5,145.1,30.4,15.5,0.87,30.2,145,Moderate
2024-03-07,IND_HR_GGN_01,Vikas Sadan,Sector 11,28.4554,77.0329,46.4,97.1,49.9,18.7,0.26,57.1,77,Satisfactory
2024-03-08,IND_HR_GGN_01,Vikas Sadan,Sector 11,28.4554,77.0329,64.4,127.7,67.4,21.4,1.17,47,114,Moderate
2024-03-09,IND_HR_GGN_01,Vikas Sadan,Sector 11,28.4554,77.0329,79.9,134.3,59.9,12.3,0.95,30.6,166,Moderate
2024-03-10,IND_HR_GGN_01,Vikas Sadan,Sector 11,28.4554,77.0329,89,132.7,52.8,11.5,1.9,63.6,196,Moderate
2024-03-11,IND_HR_GGN_01,Vikas Sadan,Sector 11,28.4554,77.0329,84.9,161.1,43.2,6.8,1.4,61.1,183,Moderate
2024-03-12,IND_HR_GGN_01,Vikas Sadan,Sector 11,28.4554,77.0329,107,209.9,65.8,15.7,1.81,48.7,256,Poor
2024-03-13,IND_HR_GGN_01,Vikas Sadan,Sector 11,28.4554,77.0329,50.4,88.9,38.6,22.5,1.36,42.8,84,Satisfactory
2024-03-14,IND_HR_GGN_01,Vikas Sadan,Sector 11,28.4554,77.0329,96.9,140.1,39,7.5,0.71,10,223,Poor
2024-03-15,IND_HR_GGN_01,Vikas Sadan,Sector 11,28.4554,77.0329,51.4,97.7,47.2,15.2,0.78,21.6,85,Satisfactory
2024-03-16,IND_HR_GGN_01,Vikas Sadan,Sector 11,28.4554,77.0329,56.2,85.2,36.5,20.1,0.59,34.6,93,Satisfactory
2024-03-17,IND_HR_GGN_01,Vikas Sadan,Sector 11,28.4554,77.0329,60.5,113.3,29.5,15.1,0.9,36.1,101,Moderate
2024-03-18,IND_HR_GGN_01,Vikas Sadan,Sector 11,28.4554,77.0329,90.9,152.9,52.6,16.6,1.14,41.3,203,Poor
2024-03-19,IND_HR_GGN_01,Vikas Sadan,Sector 11,28.4554,77.0329,59.9,94.5,23.7,5.2,0.2,73.8,99,Satisfactory
2024-03-20,IND_HR_GGN_01,Vikas Sadan,Sector 11,28.4554,77.0329,47.7,98.3,33.2,12.5,1.45,43.2,79,Satisfactory
2024-03-21,IND_HR_GGN_01,Vikas Sadan,Sector 11,28.4554,77.0329,76.6,111.4,48.4,14.3,1.43,32,155,Moderate
2024-03-22,IND_HR_GGN_01,Vikas Sadan,Sector 11,28.4554,77.0329,69.7,101.7,25.5,19.8,0.76,40.2,132,Moderate
2024-03-23,IND_HR_GGN_01,Vikas Sadan,Sector 11,28.4554,77.0329,68.3,125.7,36.6,11.4,1.33,21.6,127,Moderate
2024-03-24,IND_HR_GGN_01,Vikas Sadan,Sector 11,28.4554,77.0329,73.6,117,45.7,10.7,1.32,43.4,145,Moderate
2024-03-25,IND_HR_GGN_01,Vikas Sadan,Sector 11,28.4554,77.0329,66.4,102.7,24,11.4,0.92,51.9,121,Moderate
2024-03-26,IND_HR_GGN_01,Vikas Sadan,Sector 11,28.4554,77.0329,44.4,64.8,32.5,19.5,0.82,61.1,74,Satisfactory
2024-03-27,IND_HR_GGN_01,Vikas Sadan,Sector 11,28.4554,77.0329,61.6,87.6,34.5,12.2,1.34,38.5,105,Moderate
2024-03-28,IND_HR_GGN_01,Vikas Sadan,Sector 11,28.4554,77.0329,98.8,200.4,25.6,7.3,0.56,38,229,Poor
2024-03-29,IND_HR_GGN_01,Vikas Sadan,Sector 11,28.4554,77.0329,60.7,116.7,46.8,17.7,1,42.6,102,Moderate
2024-03-30,IND_HR_GGN_01,Vikas Sadan,Sector 11,28.4554,77.0329,72.8,107.4,54.4,15.5,0.59,32.7,142,Moderate
2024-03-31,IND_HR_GGN_01,Vikas Sadan,Sector 11,28.4554,77.0329,82.5,123.7,44.3,16.5,1.96,43.8,175,Moderate
2024-04-01,IND_HR_GGN_01,Vikas Sadan,Sector 11,28.4554,77.0329,80.8,144.4,25.8,15.8,1.67,35.8,169,Moderate
2024-04-02,IND_HR_GGN_01,Vikas Sadan,Sector 11,28.4554,77.0329,113.9,188.8,37.6,12.3,2.17,33.9,279,Poor
2024-04-03,IND_HR_GGN_01,Vikas Sadan,Sector 11,28.4554,77.0329,106.6,199.9,73.5,11,1.45,45.5,255,Poor
2024-04-04,IND_HR_GGN_01,Vikas Sadan,Sector 11,28.4554,77.0329,113.6,196.1,78,6.7,2.81,50,278,Poor
2024-04-05,IND_HR_GGN_01,Vikas Sadan,Sector 11,28.4554,77.0329,103.1,152.8,62,14.4,1.15,35.3,243,Poor
2024-04-06,IND_HR_GGN_01,Vikas Sadan,Sector 11,28.4554,77.0329,67,134.9,43.9,15.6,1.43,62.3,123,Moderate
2024-04-07,IND_HR_GGN_01,Vikas Sadan,Sector 11,28.4554,77.0329,100.1,173,46.3,4,1.87,43.5,233,Poor
2024-04-08,IND_HR_GGN_01,Vikas Sadan,Sector 11,28.4554,77.0329,71.8,148.7,61.6,16.1,0.44,18.5,139,Moderate
2024-04-09,IND_HR_GGN_01,Vikas Sadan,Sector 11,28.4554,77.0329,94.1,155.9,60.3,14.8,2.17,55.6,213,Poor
2024-04-10,IND_HR_GGN_01,Vikas Sadan,Sector 11,28.4554,77.0329,91.7,181.4,50.7,14.7,0.69,61.1,205,Poor
2024-04-11,IND_HR_GGN_01,Vikas Sadan,Sector 11,28.4554,77.0329,78.3,159.3,50.4,9,1.49,57.5,161,Moderate
2024-04-12,IND_HR_GGN_01,Vikas Sadan,Sector 11,28.4554,77.0329,73,144.3,49,19.6,1.25,36.1,143,Moderate
2024-04-13,IND_HR_GGN_01,Vikas Sadan,Sector 11,28.4554,77.0329,113.3,171.1,64.4,14.9,1.54,55.9,277,Poor
2024-04-14,IND_HR_GGN_01,Vikas Sadan,Sector 11,28.4554,77.0329,74.1,117.2,42.7,4.3,0.47,20.9,147,Moderate
2024-04-15,IND_HR_GGN_01,Vikas Sadan,Sector 11,28.4554,77.0329,127.8,180.5,59.9,10.7,1.69,47.6,306,Very Poor
2024-04-16,IND_HR_GGN_01,Vikas Sadan,Sector 11,28.4554,77.0329,81.4,127.3,56.4,10.5,1.86,53.9,171,Moderate
2024-04-17,IND_HR_GGN_01,Vikas Sadan,Sector 11,28.4554,77.0329,77.3,151.8,41.6,12.4,0.66,27.8,157,Moderate
2024-04-18,IND_HR_GGN_01,Vikas Sadan,Sector 11,28.4554,77.0329,72.4,131.9,41.5,7.9,1.5,47.5,141,Moderate
2024-04-19,IND_HR_GGN_01,Vikas Sadan,Sector 11,28.4554,77.0329,61.2,101.4,27.6,4.1,0.98,31.1,104,Moderate
2024-04-20,IND_HR_GGN_01,Vikas Sadan,Sector 11,28.4554,77.0329,63.9,124.3,50.2,11.6,1.31,17.2,113,Moderate
2024-04-21,IND_HR_GGN_01,Vikas Sadan,Sector 11,28.4554,77.0329,80.8,164.2,45.2,15.1,1.22,10,169,Moderate
2024-04-22,IND_HR_GGN_01,Vikas Sadan,Sector 11,28.4554,77.0329,89.5,149.9,32.2,5.6,1.37,57,198,Moderate
2024-04-23,IND_HR_GGN_01,Vikas Sadan,Sector 11,28.4554,77.0329,74.9,156.8,59.1,10.1,0.88,51,149,Moderate
2024-04-24,IND_HR_GGN_01,Vikas Sadan,Sector 11,28.4554,77.0329,111.8,187.3,15.5,19.6,2.03,32.6,272,Poor
2024-04-25,IND_HR_GGN_01,Vikas Sadan,Sector 11,28.4554,77.0329,97.3,167.2,77.9,16.4,0.72,45.2,224,Poor
2024-04-26,IND_HR_GGN_01,Vikas Sadan,Sector 11,28.4554,77.0329,109.9,192.8,36.3,8.7,0.2,24.7,266,Poor
2024-04-27,IND_HR_GGN_01,Vikas Sadan,Sector 11,28.4554,77.0329,82.3,131.2,51.9,18.3,1.49,65.4,174,Moderate
2024-04-28,IND_HR_GGN_01,Vikas Sadan,Sector 11,28.4554,77.0329,95.6,196.4,48.2,16.6,1.93,27.1,218,Poor
2024-04-29,IND_HR_GGN_01,Vikas Sadan,Sector 11,28.4554,77.0329,70,109.2,65.4,8.2,1.92,47.5,133,Moderate
2024-04-30,IND_HR_GGN_01,Vikas Sadan,Sector 11,28.4554,77.0329,75.7,142.9,60.2,11.8,1.11,29.2,152,Moderate
2024-05-01,IND_HR_GGN_01,Vikas Sadan,Sector 11,28.4554,77.0329,88.8,141,32,11.5,1.16,40.1,196,Moderate
2024-05-02,IND_HR_GGN_01,Vikas Sadan,Sector 11,28.4554,77.0329,123.9,237.3,70.6,13.1,2.24,21.9,303,Very Poor
2024-05-03,IND_HR_GGN_01,Vikas Sadan,Sector 11,28.4554,77.0329,85.7,168.1,58.2,13.1,1.58,53.7,185,Moderate
2024-05-04,IND_HR_GGN_01,Vikas Sadan,Sector 11,28.4554,77.0329,103.8,145.6,32.7,16.8,1.87,52.5,246,Poor
2024-05-05,IND_HR_GGN_01,Vikas Sadan,Sector 11,28.4554,77.0329,170.9,288.2,52.8,15.7,2.57,47.3,339,Very Poor
2024-05-06,IND_HR_GGN_01,Vikas Sadan,Sector 11,28.4554,77.0329,111.7,167.3,57.5,14.6,2.17,81.7,272,Poor
2024-05-07,IND_HR_GGN_01,Vikas Sadan,Sector 11,28.4554,77.0329,49.5,97.1,52.3,12.9,0.98,50.6,82,Satisfactory
2024-05-08,IND_HR_GGN_01,Vikas Sadan,Sector 11,28.4554,77.0329,109.6,180.2,56.3,13.8,1.04,29.9,265,Poor
2024-05-09,IND_HR_GGN_01,Vikas Sadan,Sector 11,28.4554,77.0329,74.4,153.8,37.7,20,0.74,54.2,148,Moderate
2024-05-10,IND_HR_GGN_01,Vikas Sadan,Sector 11,28.4554,77.0329,76,118.8,33.1,24.1,1.42,55.5,153,Moderate
2024-05-11,IND_HR_GGN_01,Vikas Sadan,Sector 11,28.4554,77.0329,95.2,183.5,60.7,13.7,1.4,57.6,217,Poor
2024-05-12,IND_HR_GGN_01,Vikas Sadan,Sector 11,28.4554,77.0329,79.8,136.6,61,4,0.68,40.6,166,Moderate
2024-05-13,IND_HR_GGN_01,Vikas Sadan,Sector 11,28.4554,77.0329,132.7,229.5,67,18.2,1.59,53,309,Very Poor
2024-05-14,IND_HR_GGN_01,Vikas Sadan,Sector 11,28.4554,77.0329,101.6,157.2,47.3,17.5,2.32,45.6,238,Poor
2024-05-15,IND_HR_GGN_01,Vikas Sadan,Sector 11,28.4554,77.0329,76.3,127.8,39.4,22.3,0.98,50.6,154,Moderate
2024-05-16,IND_HR_GGN_01,Vikas Sadan,Sector 11,28.4554,77.0329,86.3,151.2,50.6,18.4,0.33,35,187,Moderate
2024-05-17,IND_HR_GGN_01,Vikas Sadan,Sector 11,28.4554,77.0329,92.7,156.6,37.4,19.5,1.4,11,209,Poor
2024-05-18,IND_HR_GGN_01,Vikas Sadan,Sector 11,28.4554,77.0329,89.9,180.8,35.6,19.5,0.99,28.7,199,Moderate
2024-05-19,IND_HR_GGN_01,Vikas Sadan,Sector 11,28.4554,77.0329,126,248.8,66.1,13,0.83,39.7,304,Very Poor
2024-05-20,IND_HR_GGN_01,Vikas Sadan,Sector 11,28.4554,77.0329,88.6,155.7,47.5,10.8,0.83,31,195,Moderate
2024-05-21,IND_HR_GGN_01,Vikas Sadan,Sector 11,28.4554,77.0329,86.7,126,44,16.9,1.29,49.5,189,Moderate
2024-05-22,IND_HR_GGN_01,Vikas Sadan,Sector 11,28.4554,77.0329,111,212.5,68.4,18.7,1.12,37.7,270,Poor
2024-05-23,IND_HR_GGN_01,Vikas Sadan,Sector 11,28.4554,77.0329,106.2,150.8,47.2,11.6,2.09,35.9,254,Poor
2024-05-24,IND_HR_GGN_01,Vikas Sadan,Sector 11,28.4554,77.0329,66.3,125.5,31.9,11.3,1.26,47.6,121,Moderate
2024-05-25,IND_HR_GGN_01,Vikas Sadan,Sector 11,28.4554,77.0329,118.3,228.1,103.7,15.6,1.44,42.2,294,Poor
2024-05-26,IND_HR_GGN_01,Vikas Sadan,Sector 11,28.4554,77.0329,114.8,205.7,50,12.5,2.17,22,282,Poor
2024-05-27,IND_HR_GGN_01,Vikas Sadan,Sector 11,28.4554,77.0329,48.7,93,27.6,15.4,0.93,69.7,81,Satisfactory
2024-05-28,IND_HR_GGN_01,Vikas Sadan,Sector 11,28.4554,77.0329,88.2,178.1,48.7,18.5,1.63,37.6,194,Moderate
2024-05-29,IND_HR_GGN_01,Vikas Sadan,Sector 11,28.4554,77.0329,121.1,246.6,46.9,18.3,2.32,59.8,300,Very Poor
2024-05-30,IND_HR_GGN_01,Vikas Sadan,Sector 11,28.4554,77.0329,116.8,168.7,60.8,25.1,1,58.5,289,Poor
2024-05-31,IND_HR_GGN_01,Vikas Sadan,Sector 11,28.4554,77.0329,97.2,170.4,70.7,13.9,0.93,28.2,224,Poor
2024-06-01,IND_HR_GGN_01,Vikas Sadan,Sector 11,28.4554,77.0329,108.5,220.4,65.9,17,0.22,49.1,261,Poor
2024-06-02,IND_HR_GGN_01,Vikas Sadan,Sector 11,28.4554,77.0329,67.3,100.7,51.1,6.4,2.21,43.6,124,Moderate
2024-06-03,IND_HR_GGN_01,Vikas Sadan,Sector 11,28.4554,77.0329,68.6,122.3,47.9,16.6,1.31,33.4,128,Moderate
2024-06-04,IND_HR_GGN_01,Vikas Sadan,Sector 11,28.4554,77.0329,81.6,170.9,59.4,16.7,0.83,15.7,172,Moderate
2024-06-05,IND_HR_GGN_01,Vikas Sadan,Sector 11,28.4554,77.0329,68.2,109.1,61.9,12.6,0.99,52.3,127,Moderate
2024-06-06,IND_HR_GGN_01,Vikas Sadan,Sector 11,28.4554,77.0329,130.2,191.4,73.2,19.5,2,45.1,307,Very Poor
2024-06-07,IND_HR_GGN_01,Vikas Sadan,Sector 11,28.4554,77.0329,161.1,288.7,51.9,19.2,1.85,47.4,331,Very Poor
2024-06-08,IND_HR_GGN_01,Vikas Sadan,Sector 11,28.4554,77.0329,109.4,181.8,45.3,10.2,1.43,35.8,264,Poor
2024-06-09,IND_HR_GGN_01,Vikas Sadan,Sector 11,28.4554,77.0329,98,172.5,58,9.3,0.75,50.4,226,Poor
2024-06-10,IND_HR_GGN_01,Vikas Sadan,Sector 11,28.4554,77.0329,115,229.4,66.1,6.1,0.46,49.1,283,Poor
2024-06-11,IND_HR_GGN_01,Vikas Sadan,Sector 11,28.4554,77.0329,85,162.9,36.5,24.7,1.14,43.4,183,Moderate
2024-06-12,IND_HR_GGN_01,Vikas Sadan,Sector 11,28.4554,77.0329,125.4,250.5,89.1,22.8,1.71,46.9,304,Very Poor
2024-06-13,IND_HR_GGN_01,Vikas Sadan,Sector 11,28.4554,77.0329,98.7,176.8,46.5,15.1,0.94,41,229,Poor
2024-06-14,IND_HR_GGN_01,Vikas Sadan,Sector 11,28.4554,77.0329,100.2,165,35.3,12.5,0.2,35.4,234,Poor
2024-06-15,IND_HR_GGN_01,Vikas Sadan,Sector 11,28.4554,77.0329,72.4,145,43.8,19.8,1.46,55.1,141,Moderate
2024-06-16,IND_HR_GGN_01,Vikas Sadan,Sector 11,28.4554,77.0329,102.9,202,45.2,19.1,2.72,55.1,243,Poor
2024-06-17,IND_HR_GGN_01,Vikas Sadan,Sector 11,28.4554,77.0329,184,357.8,48.6,17,3.21,10,349,Very Poor
2024-06-18,IND_HR_GGN_01,Vikas Sadan,Sector 11,28.4554,77.0329,60.9,90.6,35,12.2,0.7,68.5,103,Moderate
2024-06-19,IND_HR_GGN_01,Vikas Sadan,Sector 11,28.4554,77.0329,56.8,118.7,44.2,20.2,0.86,15.4,94,Satisfactory
2024-06-20,IND_HR_GGN_01,Vikas Sadan,Sector 11,28.4554,77.0329,77.4,109.6,29.9,17,0.72,32.7,158,Moderate
2024-06-21,IND_HR_GGN_01,Vikas Sadan,Sector 11,28.4554,77.0329,42.8,84.8,43.4,8.6,0.96,35.9,71,Satisfactory
2024-06-22,IND_HR_GGN_01,Vikas Sadan,Sector 11,28.4554,77.0329,48.4,75.7,26.6,19.5,0.92,18.1,80,Satisfactory
2024-06-23,IND_HR_GGN_01,Vikas Sadan,Sector 11,28.4554,77.0329,62.8,106.4,37.8,17.4,0.45,61,109,Moderate
2024-06-24,IND_HR_GGN_01,Vikas Sadan,Sector 11,28.4554,77.0329,87.9,159.9,54.2,14.6,1.53,58.4,193,Moderate
2024-06-25,IND_HR_GGN_01,Vikas Sadan,Sector 11,28.4554,77.0329,82.5,116.1,35.2,10.5,0.99,32.3,175,Moderate
2024-06-26,IND_HR_GGN_01,Vikas Sadan,Sector 11,28.4554,77.0329,94.9,183.8,27.2,21.2,1.64,36.3,216,Poor
2024-06-27,IND_HR_GGN_01,Vikas Sadan,Sector 11,28.4554,77.0329,51.5,102.1,47.6,9.9,0.47,34.6,85,Satisfactory
2024-06-28,IND_HR_GGN_01,Vikas Sadan,Sector 11,28.4554,77.0329,53.8,79.5,33.1,22.5,0.94,32,89,Satisfactory
2024-06-29,IND_HR_GGN_01,Vikas Sadan,Sector 11,28.4554,77.0329,54.6,94.3,34.5,16.2,0.9,43.3,91,Satisfactory
2024-06-30,IND_HR_GGN_01,Vikas Sadan,Sector 11,28.4554,77.0329,41.2,76.4,29.3,14.7,0.74,33.8,68,Satisfactory
2024-07-01,IND_HR_GGN_01,Vikas Sadan,Sector 11,28.4554,77.0329,46.2,75.4,42,8.5,0.54,67.3,77,Satisfactory
2024-07-02,IND_HR_GGN_01,Vikas Sadan,Sector 11,28.4554,77.0329,56.8,94.4,54.2,17.7,1.33,54,94,Satisfactory
2024-07-03,IND_HR_GGN_01,Vikas Sadan,Sector 11,28.4554,77.0329,60.1,110.4,43.7,18.4,0.77,44.3,100,Moderate
2024-07-04,IND_HR_GGN_01,Vikas Sadan,Sector 11,28.4554,77.0329,39.2,77.5,32.8,21.9,0.2,38.3,65,Satisfactory
2024-07-05,IND_HR_GGN_01,Vikas Sadan,Sector 11,28.4554,77.0329,25.5,43.5,41.4,20.4,0.49,42.8,42,Good
2024-07-06,IND_HR_GGN_01,Vikas Sadan,Sector 11,28.4554,77.0329,33.1,66.9,29.5,15.8,0.59,45.7,55,Satisfactory
2024-07-07,IND_HR_GGN_01,Vikas Sadan,Sector 11,28.4554,77.0329,20,38.3,29.6,11.1,0.56,15.3,33,Good
2024-07-08,IND_HR_GGN_01,Vikas Sadan,Sector 11,28.4554,77.0329,56.1,97.8,27.6,16.7,0.82,57.4,93,Satisfactory
2024-07-09,IND_HR_GGN_01,Vikas Sadan,Sector 11,28.4554,77.0329,39.3,71.6,44.2,18.2,0.4,50.2,65,Satisfactory
2024-07-10,IND_HR_GGN_01,Vikas Sadan,Sector 11,28.4554,77.0329,19.3,30.2,45.8,11.8,0.64,63.5,32,Good
2024-07-11,IND_HR_GGN_01,Vikas Sadan,Sector 11,28.4554,77.0329,56.6,91.3,27.4,13.1,1.01,39.1,94,Satisfactory
2024-07-12,IND_HR_GGN_01,Vikas Sadan,Sector 11,28.4554,77.0329,23.8,48.4,30.2,11.9,0.61,39.4,39,Good
2024-07-13,IND_HR_GGN_01,Vikas Sadan,Sector 11,28.4554,77.0329,56.8,100.7,29.7,15.1,1.32,47.5,94,Satisfactory
2024-07-14,IND_HR_GGN_01,Vikas Sadan,Sector 11,28.4554,77.0329,50.9,106.5,20.4,16,1.05,14.7,84,Satisfactory
2024-07-15,IND_HR_GGN_01,Vikas Sadan,Sector 11,28.4554,77.0329,12,20.9,19.5,16.2,0.47,21.4,20,Good
2024-07-16,IND_HR_GGN_01,Vikas Sadan,Sector 11,28.4554,77.0329,27.7,45.2,18.1,10.3,0.26,10,46,Good
2024-07-17,IND_HR_GGN_01,Vikas Sadan,Sector 11,28.4554,77.0329,46.3,91.1,23.9,9.1,0.61,42.1,77,Satisfactory
2024-07-18,IND_HR_GGN_01,Vikas Sadan,Sector 11,28.4554,77.0329,38.7,67.6,32.1,13.5,0.52,18.9,64,Satisfactory
2024-07-19,IND_HR_GGN_01,Vikas Sadan,Sector 11,28.4554,77.0329,29.5,49,29.2,7.3,1.12,18.7,49,Good
2024-07-20,IND_HR_GGN_01,Vikas Sadan,Sector 11,28.4554,77.0329,55.8,99.5,14.8,7.8,1.25,23,93,Satisfactory
2024-07-21,IND_HR_GGN_01,Vikas Sadan,Sector 11,28.4554,77.0329,43.5,64.7,34.4,20.4,1.02,39.3,72,Satisfactory
2024-07-22,IND_HR_GGN_01,Vikas Sadan,Sector 11,28.4554,77.0329,49.3,75.7,51,13.6,0.33,23.9,82,Satisfactory
2024-07-23,IND_HR_GGN_01,Vikas Sadan,Sector 11,28.4554,77.0329,57.5,83.1,53,17.6,0.89,51.8,95,Satisfactory
2024-07-24,IND_HR_GGN_01,Vikas Sadan,Sector 11,28.4554,77.0329,39.9,75.8,32.9,14.6,0.54,11.5,66,Satisfactory
2024-07-25,IND_HR_GGN_01,Vikas Sadan,Sector 11,28.4554,77.0329,35.5,51.9,52.3,13.2,0.8,76.4,59,Satisfactory
2024-07-26,IND_HR_GGN_01,Vikas Sadan,Sector 11,28.4554,77.0329,16.9,27.6,14.4,19.4,0.26,56.1,28,Good
2024-07-27,IND_HR_GGN_01,Vikas Sadan,Sector 11,28.4554,77.0329,29.2,48.7,21.4,23.8,0.2,41.8,48,Good
2024-07-28,IND_HR_GGN_01,Vikas Sadan,Sector 11,28.4554,77.0329,24.2,40.4,30.1,23,0.49,68.7,40,Good
2024-07-29,IND_HR_GGN_01,Vikas Sadan,Sector 11,28.4554,77.0329,24.1,36.7,29.8,11.7,1.11,37,40,Good
2024-07-30,IND_HR_GGN_01,Vikas Sadan,Sector 11,28.4554,77.0329,38.9,65.2,35.1,18.5,1.44,59,64,Satisfactory
2024-07-31,IND_HR_GGN_01,Vikas Sadan,Sector 11,28.4554,77.0329,39.2,75.1,31.8,14.8,0.88,27.5,65,Satisfactory
2024-08-01,IND_HR_GGN_01,Vikas Sadan,Sector 11,28.4554,77.0329,55.9,81.9,42,11.1,1.98,37,93,Satisfactory
2024-08-02,IND_HR_GGN_01,Vikas Sadan,Sector 11,28.4554,77.0329,41.2,67.7,33.1,8.2,0.88,54.4,68,Satisfactory
2024-08-03,IND_HR_GGN_01,Vikas Sadan,Sector 11,28.4554,77.0329,31.8,54.6,34.4,15.5,0.76,42.3,53,Satisfactory
2024-08-04,IND_HR_GGN_01,Vikas Sadan,Sector 11,28.4554,77.0329,40.6,56.9,29.9,12.2,0.52,48.9,67,Satisfactory
2024-08-05,IND_HR_GGN_01,Vikas Sadan,Sector 11,28.4554,77.0329,35.8,50.9,39.4,11.7,0.49,58.6,59,Satisfactory
2024-08-06,IND_HR_GGN_01,Vikas Sadan,Sector 11,28.4554,77.0329,48,74.4,34,14.4,0.87,26.8,80,Satisfactory
2024-08-07,IND_HR_GGN_01,Vikas Sadan,Sector 11,28.4554,77.0329,43.1,73.5,38.2,13.4,0.2,46.2,71,Satisfactory
2024-08-08,IND_HR_GGN_01,Vikas Sadan,Sector 11,28.4554,77.0329,50.5,81.4,63.4,17.6,0.77,48.4,84,Satisfactory
2024-08-09,IND_HR_GGN_01,Vikas Sadan,Sector 11,28.4554,77.0329,46.8,67,37.8,11.2,0.45,56.5,78,Satisfactory
2024-08-10,IND_HR_GGN_01,Vikas Sadan,Sector 11,28.4554,77.0329,42.7,65.7,43,11.3,0.64,31.3,71,Satisfactory
2024-08-11,IND_HR_GGN_01,Vikas Sadan,Sector 11,28.4554,77.0329,27.4,54.2,35.7,4,0.49,48.4,45,Good
2024-08-12,IND_HR_GGN_01,Vikas Sadan,Sector 11,28.4554,77.0329,26.5,53.5,20,19.8,0.65,72.7,44,Good
2024-08-13,IND_HR_GGN_01,Vikas Sadan,Sector 11,28.4554,77.0329,35.1,55,44.9,12.5,0.55,22.2,58,Satisfactory
2024-08-14,IND_HR_GGN_01,Vikas Sadan,Sector 11,28.4554,77.0329,39.8,56.8,12.8,10.6,0.35,10,66,Satisfactory
2024-08-15,IND_HR_GGN_01,Vikas Sadan,Sector 11,28.4554,77.0329,46.1,86.5,27.4,19.2,1.05,45.6,76,Satisfactory
2024-08-16,IND_HR_GGN_01,Vikas Sadan,Sector 11,28.4554,77.0329,15.3,25.6,21.3,23.9,0.67,57.2,25,Good
2024-08-17,IND_HR_GGN_01,Vikas Sadan,Sector 11,28.4554,77.0329,45.6,90.5,42.2,13.1,0.83,42.6,76,Satisfactory
2024-08-18,IND_HR_GGN_01,Vikas Sadan,Sector 11,28.4554,77.0329,38.8,59.3,47.9,13.4,0.8,20.9,64,Satisfactory
2024-08-19,IND_HR_GGN_01,Vikas Sadan,Sector 11,28.4554,77.0329,31,54.9,19.6,6.2,0.62,50,51,Satisfactory
2024-08-20,IND_HR_GGN_01,Vikas Sadan,Sector 11,28.4554,77.0329,40.5,82.6,13.8,9.3,0.54,50.8,67,Satisfactory
2024-08-21,IND_HR_GGN_01,Vikas Sadan,Sector 11,28.4554,77.0329,44.5,80.4,35.3,10.4,0.82,47.4,74,Satisfactory
2024-08-22,IND_HR_GGN_01,Vikas Sadan,Sector 11,28.4554,77.0329,47.7,70.7,49.8,11.5,0.7,33.7,79,Satisfactory
2024-08-23,IND_HR_GGN_01,Vikas Sadan,Sector 11,28.4554,77.0329,22.2,37,30.4,14.2,0.67,58.3,37,Good
2024-08-24,IND_HR_GGN_01,Vikas Sadan,Sector 11,28.4554,77.0329,52.6,81.4,34.2,12.4,0.82,37.4,87,Satisfactory
2024-08-25,IND_HR_GGN_01,Vikas Sadan,Sector 11,28.4554,77.0329,40.2,73.5,57.3,18.2,0.91,25.2,67,Satisfactory
2024-08-26,IND_HR_GGN_01,Vikas Sadan,Sector 11,28.4554,77.0329,31.2,50.4,49.5,8,0.92,38.8,52,Satisfactory
2024-08-27,IND_HR_GGN_01,Vikas Sadan,Sector 11,28.4554,77.0329,21.4,33.7,25.5,21.5,0.53,38.4,35,Good
2024-08-28,IND_HR_GGN_01,Vikas Sadan,Sector 11,28.4554,77.0329,40.1,56.2,30.8,16.4,0.83,62.7,66,Satisfactory
2024-08-29,IND_HR_GGN_01,Vikas Sadan,Sector 11,28.4554,77.0329,23.2,43.4,26.8,13.2,0.92,67.3,38,Good
2024-08-30,IND_HR_GGN_01,Vikas Sadan,Sector 11,28.4554,77.0329,32.6,57.1,27.9,17.2,0.71,51.3,54,Satisfactory
2024-08-31,IND_HR_GGN_01,Vikas Sadan,Sector 11,28.4554,77.0329,50.2,80.6,48.6,19.3,0.71,49.5,83,Satisfactory
2024-09-01,IND_HR_GGN_01,Vikas Sadan,Sector 11,28.4554,77.0329,54.6,90.5,18.3,10.2,0.98,41.5,91,Satisfactory
2024-09-02,IND_HR_GGN_01,Vikas Sadan,Sector 11,28.4554,77.0329,54.6,88.7,24.7,9.8,0.88,53.6,91,Satisfactory
2024-09-03,IND_HR_GGN_01,Vikas Sadan,Sector 11,28.4554,77.0329,51.7,85,50.8,14.4,1.29,40.5,86,Satisfactory
2024-09-04,IND_HR_GGN_01,Vikas Sadan,Sector 11,28.4554,77.0329,45.7,65.4,45.9,14.8,1,31.2,76,Satisfactory
2024-09-05,IND_HR_GGN_01,Vikas Sadan,Sector 11,28.4554,77.0329,37.9,57.4,20.4,16.5,0.65,18.6,63,Satisfactory
2024-09-06,IND_HR_GGN_01,Vikas Sadan,Sector 11,28.4554,77.0329,44.1,77.2,46.1,12.9,1.06,35.3,73,Satisfactory
2024-09-07,IND_HR_GGN_01,Vikas Sadan,Sector 11,28.4554,77.0329,60.3,115.3,39.7,7,0.42,31.5,100,Moderate
2024-09-08,IND_HR_GGN_01,Vikas Sadan,Sector 11,28.4554,77.0329,47.9,83.7,63.7,8.7,0.93,18.5,79,Satisfactory
2024-09-09,IND_HR_GGN_01,Vikas Sadan,Sector 11,28.4554,77.0329,23.1,44.8,27.3,16.5,0.7,32.2,38,Good
2024-09-10,IND_HR_GGN_01,Vikas Sadan,Sector 11,28.4554,77.0329,35.6,71.2,27.2,16.9,0.2,33.3,59,Satisfactory
2024-09-11,IND_HR_GGN_01,Vikas Sadan,Sector 11,28.4554,77.0329,31.4,53.3,19.7,7.8,0.5,60,52,Satisfactory
2024-09-12,IND_HR_GGN_01,Vikas Sadan,Sector 11,28.4554,77.0329,28.2,49.9,36.3,12.6,1.05,44.3,47,Good
2024-09-13,IND_HR_GGN_01,Vikas Sadan,Sector 11,28.4554,77.0329,33.5,58.5,15,19.6,0.2,55,55,Satisfactory
2024-09-14,IND_HR_GGN_01,Vikas Sadan,Sector 11,28.4554,77.0329,31.6,61.2,50.1,16.7,0.98,45.1,52,Satisfactory
2024-09-15,IND_HR_GGN_01,Vikas Sadan,Sector 11,28.4554,77.0329,36.3,58.6,62.6,24.1,0.42,39,60,Satisfactory
2024-09-16,IND_HR_GGN_01,Vikas Sadan,Sector 11,28.4554,77.0329,21.8,44.3,23.5,7.5,0.81,60.1,36,Good
2024-09-17,IND_HR_GGN_01,Vikas Sadan,Sector 11,28.4554,77.0329,77.5,159.2,45.2,16.6,1.58,48.9,158,Moderate
2024-09-18,IND_HR_GGN_01,Vikas Sadan,Sector 11,28.4554,77.0329,82.7,150,43.8,20.3,1.2,47.3,175,Moderate
2024-09-19,IND_HR_GGN_01,Vikas Sadan,Sector 11,28.4554,77.0329,85.7,121.5,66.3,15.8,1.59,43.2,185,Moderate
2024-09-20,IND_HR_GGN_01,Vikas Sadan,Sector 11,28.4554,77.0329,74.8,125.9,58.2,14.8,0.87,55.9,149,Moderate
2024-09-21,IND_HR_GGN_01,Vikas Sadan,Sector 11,28.4554,77.0329,50.7,99.3,35,13.8,0.92,59.5,84,Satisfactory
2024-09-22,IND_HR_GGN_01,Vikas Sadan,Sector 11,28.4554,77.0329,93.1,174.3,27.9,16,0.77,56.3,210,Poor
2024-09-23,IND_HR_GGN_01,Vikas Sadan,Sector 11,28.4554,77.0329,61.6,126.8,37.5,17.5,0.99,40.4,105,Moderate
2024-09-24,IND_HR_GGN_01,Vikas Sadan,Sector 11,28.4554,77.0329,53,78.2,31.9,10.9,0.63,51.9,88,Satisfactory
2024-09-25,IND_HR_GGN_01,Vikas Sadan,Sector 11,28.4554,77.0329,85.7,149.6,60.5,14.5,0.48,20,185,Moderate
2024-09-26,IND_HR_GGN_01,Vikas Sadan,Sector 11,28.4554,77.0329,85.5,153.1,59.2,8,0.84,48.9,185,Moderate
2024-09-27,IND_HR_GGN_01,Vikas Sadan,Sector 11,28.4554,77.0329,60.7,118,39.5,17.4,0.82,29.4,102,Moderate
2024-09-28,IND_HR_GGN_01,Vikas Sadan,Sector 11,28.4554,77.0329,97.3,152,73,11.2,0.88,31.1,224,Poor
2024-09-29,IND_HR_GGN_01,Vikas Sadan,Sector 11,28.4554,77.0329,87.8,166.1,44.5,18.9,0.74,32.6,192,Moderate
2024-09-30,IND_HR_GGN_01,Vikas Sadan,Sector 11,28.4554,77.0329,80.6,114,20.6,17.7,1.18,39.3,168,Moderate
2024-10-01,IND_HR_GGN_01,Vikas Sadan,Sector 11,28.4554,77.0329,105.7,215.6,54.6,21.5,2.23,40.5,252,Poor
2024-10-02,IND_HR_GGN_01,Vikas Sadan,Sector 11,28.4554,77.0329,61.6,115.3,51.9,18.8,1.13,35.7,105,Moderate
2024-10-03,IND_HR_GGN_01,Vikas Sadan,Sector 11,28.4554,77.0329,85.4,172.2,23.1,23.7,2.02,29.7,184,Moderate
2024-10-04,IND_HR_GGN_01,Vikas Sadan,Sector 11,28.4554,77.0329,77.1,109.4,42.5,6.8,1.32,47,157,Moderate
2024-10-05,IND_HR_GGN_01,Vikas Sadan,Sector 11,28.4554,77.0329,112.4,236,49.3,18.4,0.26,46.9,274,Poor
2024-10-06,IND_HR_GGN_01,Vikas Sadan,Sector 11,28.4554,77.0329,63.1,93.4,62.3,16.8,0.88,42.2,110,Moderate
2024-10-07,IND_HR_GGN_01,Vikas Sadan,Sector 11,28.4554,77.0329,56.2,110,41,18.4,0.69,65.2,93,Satisfactory
2024-10-08,IND_HR_GGN_01,Vikas Sadan,Sector 11,28.4554,77.0329,84.4,124.6,38.3,12.7,1.04,22.3,181,Moderate
2024-10-09,IND_HR_GGN_01,Vikas Sadan,Sector 11,28.4554,77.0329,65.7,133.6,46.3,13.1,1.15,14.8,119,Moderate
2024-10-10,IND_HR_GGN_01,Vikas Sadan,Sector 11,28.4554,77.0329,63.6,91.2,28.9,11.6,0.82,32.3,112,Moderate
2024-10-11,IND_HR_GGN_01,Vikas Sadan,Sector 11,28.4554,77.0329,83,162.2,71.4,14.3,1.64,40.2,176,Moderate
2024-10-12,IND_HR_GGN_01,Vikas Sadan,Sector 11,28.4554,77.0329,90.9,137.7,37.8,4,0.61,26.3,203,Poor
2024-10-13,IND_HR_GGN_01,Vikas Sadan,Sector 11,28.4554,77.0329,112.3,203.5,69.1,10.9,1.64,39.3,274,Poor
2024-10-14,IND_HR_GGN_01,Vikas Sadan,Sector 11,28.4554,77.0329,57.8,81.8,40.8,16.8,1.1,29.5,96,Satisfactory
2024-10-15,IND_HR_GGN_01,Vikas Sadan,Sector 11,28.4554,77.0329,58.6,121.2,27.5,16.4,1.29,40.3,97,Satisfactory
2024-10-16,IND_HR_GGN_01,Vikas Sadan,Sector 11,28.4554,77.0329,182.6,274.9,118.9,9.3,3.06,73.9,348,Very Poor
2024-10-17,IND_HR_GGN_01,Vikas Sadan,Sector 11,28.4554,77.0329,321,574.2,149.3,9,0.61,63.8,447,Severe
2024-10-18,IND_HR_GGN_01,Vikas Sadan,Sector 11,28.4554,77.0329,244.3,402.3,84.1,14.3,4.52,42.5,395,Very Poor
2024-10-19,IND_HR_GGN_01,Vikas Sadan,Sector 11,28.4554,77.0329,254.6,452.3,83.8,11.1,2.66,22.8,403,Severe
2024-10-20,IND_HR_GGN_01,Vikas Sadan,Sector 11,28.4554,77.0329,301.2,442,141.1,4,2.28,13.4,434,Severe
2024-10-21,IND_HR_GGN_01,Vikas Sadan,Sector 11,28.4554,77.0329,223.1,386.6,158.8,16.1,3.18,39.6,379,Very Poor
2024-10-22,IND_HR_GGN_01,Vikas Sadan,Sector 11,28.4554,77.0329,290.7,570,99.4,12.3,0.2,41.7,427,Severe
2024-10-23,IND_HR_GGN_01,Vikas Sadan,Sector 11,28.4554,77.0329,309.6,580.7,97.2,14.6,3.89,22.9,439,Severe
2024-10-24,IND_HR_GGN_01,Vikas Sadan,Sector 11,28.4554,77.0329,277.6,525.6,175.4,11.4,3.74,54.1,418,Severe
2024-10-25,IND_HR_GGN_01,Vikas Sadan,Sector 11,28.4554,77.0329,353.1,523.4,111.3,6.8,3.32,49.2,468,Severe
2024-10-26,IND_HR_GGN_01,Vikas Sadan,Sector 11,28.4554,77.0329,282.5,588.5,79.5,4,2.24,48.8,421,Severe
2024-10-27,IND_HR_GGN_01,Vikas Sadan,Sector 11,28.4554,77.0329,251.7,491.1,88,26.5,1.07,64.8,401,Severe
2024-10-28,IND_HR_GGN_01,Vikas Sadan,Sector 11,28.4554,77.0329,269.9,477.6,64.1,14.8,3.67,38.3,413,Severe
2024-10-29,IND_HR_GGN_01,Vikas Sadan,Sector 11,28.4554,77.0329,260.1,502.7,137.1,12,1.23,11.7,406,Severe
2024-10-30,IND_HR_GGN_01,Vikas Sadan,Sector 11,28.4554,77.0329,187.1,392,98.3,10,1.9,55.7,351,Very Poor
2024-10-31,IND_HR_GGN_01,Vikas Sadan,Sector 11,28.4554,77.0329,420.4,768.5,145.2,14.7,2.79,39.7,500,Severe
2024-11-01,IND_HR_GGN_01,Vikas Sadan,Sector 11,28.4554,77.0329,561.3,1014.4,182.5,9.4,6.62,10,500,Severe
2024-11-02,IND_HR_GGN_01,Vikas Sadan,Sector 11,28.4554,77.0329,363.4,719.9,143.3,6.4,0.2,30.8,475,Severe
2024-11-03,IND_HR_GGN_01,Vikas Sadan,Sector 11,28.4554,77.0329,426,763.2,133.8,10.3,3.91,39.7,500,Severe
2024-11-04,IND_HR_GGN_01,Vikas Sadan,Sector 11,28.4554,77.0329,574.3,992.2,266.7,7,8.97,38.9,500,Severe
2024-11-05,IND_HR_GGN_01,Vikas Sadan,Sector 11,28.4554,77.0329,434.8,783.8,159.9,6.2,3.7,51.7,500,Severe
2024-11-06,IND_HR_GGN_01,Vikas Sadan,Sector 11,28.4554,77.0329,572.1,908.9,181.2,15.7,4.56,44.2,500,Severe
2024-11-07,IND_HR_GGN_01,Vikas Sadan,Sector 11,28.4554,77.0329,396.8,794.6,145.7,15.3,4.99,59.8,497,Severe
2024-11-08,IND_HR_GGN_01,Vikas Sadan,Sector 11,28.4554,77.0329,333.2,624.7,77.5,10.8,2.25,45.3,455,Severe
2024-11-09,IND_HR_GGN_01,Vikas Sadan,Sector 11,28.4554,77.0329,423.2,708.8,176.3,6.2,5.37,29.1,500,Severe
2024-11-10,IND_HR_GGN_01,Vikas Sadan,Sector 11,28.4554,77.0329,480.7,696.6,121.3,4,4.17,22.4,500,Severe
2024-11-11,IND_HR_GGN_01,Vikas Sadan,Sector 11,28.4554,77.0329,177.1,327.2,65.7,21.3,3.39,56.2,343,Very Poor
2024-11-12,IND_HR_GGN_01,Vikas Sadan,Sector 11,28.4554,77.0329,192.4,332.6,29,15.7,1.51,29.6,355,Very Poor
2024-11-13,IND_HR_GGN_01,Vikas Sadan,Sector 11,28.4554,77.0329,223.3,326.9,126.8,13.6,2.09,68.5,379,Very Poor
2024-11-14,IND_HR_GGN_01,Vikas Sadan,Sector 11,28.4554,77.0329,216.1,389.5,67.4,19.4,3.44,46.5,373,Very Poor
2024-11-15,IND_HR_GGN_01,Vikas Sadan,Sector 11,28.4554,77.0329,261.6,497.3,89.1,10.7,4.03,18.3,407,Severe
2024-11-16,IND_HR_GGN_01,Vikas Sadan,Sector 11,28.4554,77.0329,227.1,367,89.1,16.4,3.06,49.4,382,Very Poor
2024-11-17,IND_HR_GGN_01,Vikas Sadan,Sector 11,28.4554,77.0329,262.1,521.2,100.4,4.2,2.76,40.9,408,Severe
2024-11-18,IND_HR_GGN_01,Vikas Sadan,Sector 11,28.4554,77.0329,210.2,347.3,77.5,20,1.09,40,369,Very Poor
2024-11-19,IND_HR_GGN_01,Vikas Sadan,Sector 11,28.4554,77.0329,244.2,485.9,114.8,12.4,2.55,61.1,395,Very Poor
2024-11-20,IND_HR_GGN_01,Vikas Sadan,Sector 11,28.4554,77.0329,336.7,575.6,102.7,5.5,3.02,31.3,457,Severe
2024-11-21,IND_HR_GGN_01,Vikas Sadan,Sector 11,28.4554,77.0329,190.7,372.6,78.7,17.9,2.3,14.5,354,Very Poor
2024-11-22,IND_HR_GGN_01,Vikas Sadan,Sector 11,28.4554,77.0329,284.3,468.1,73.1,11.4,3.12,23.4,422,Severe
2024-11-23,IND_HR_GGN_01,Vikas Sadan,Sector 11,28.4554,77.0329,228.6,354.7,84,5.6,2.8,51.9,383,Very Poor
2024-11-24,IND_HR_GGN_01,Vikas Sadan,Sector 11,28.4554,77.0329,181.3,341.3,72.8,6,2.86,59,347,Very Poor
2024-11-25,IND_HR_GGN_01,Vikas Sadan,Sector 11,28.4554,77.0329,241.8,460.9,77.3,11.6,2.19,19.3,393,Very Poor
2024-11-26,IND_HR_GGN_01,Vikas Sadan,Sector 11,28.4554,77.0329,296.8,482.8,168.8,14.8,4.69,41.9,431,Severe
2024-11-27,IND_HR_GGN_01,Vikas Sadan,Sector 11,28.4554,77.0329,266.6,474.7,88.8,11.2,4.24,63,411,Severe
2024-11-28,IND_HR_GGN_01,Vikas Sadan,Sector 11,28.4554,77.0329,248.2,492,131.2,11.8,1.84,69.2,398,Very Poor
2024-11-29,IND_HR_GGN_01,Vikas Sadan,Sector 11,28.4554,77.0329,172,353.5,52.8,15.3,1.39,28.4,340,Very Poor
2024-11-30,IND_HR_GGN_01,Vikas Sadan,Sector 11,28.4554,77.0329,282.7,425.5,98.6,17.9,4.23,50.7,421,Severe
2024-12-01,IND_HR_GGN_01,Vikas Sadan,Sector 11,28.4554,77.0329,289.6,509.7,126.9,22.1,1.69,10,426,Severe
2024-12-02,IND_HR_GGN_01,Vikas Sadan,Sector 11,28.4554,77.0329,226.3,371.9,93.3,7.9,5.39,50.9,381,Very Poor
2024-12-03,IND_HR_GGN_01,Vikas Sadan,Sector 11,28.4554,77.0329,221,321.7,99.5,7.1,3.89,56.4,377,Very Poor
2024-12-04,IND_HR_GGN_01,Vikas Sadan,Sector 11,28.4554,77.0329,226.8,372.3,107.8,24.9,1.69,22.8,382,Very Poor
2024-12-05,IND_HR_GGN_01,Vikas Sadan,Sector 11,28.4554,77.0329,243.4,474.3,108.3,20,3.71,71.8,394,Very Poor
2024-12-06,IND_HR_GGN_01,Vikas Sadan,Sector 11,28.4554,77.0329,158.9,240.5,95.5,8.9,1.12,46.6,329,Very Poor
2024-12-07,IND_HR_GGN_01,Vikas Sadan,Sector 11,28.4554,77.0329,274.6,435.8,94.6,21.2,3.53,53.2,416,Severe
2024-12-08,IND_HR_GGN_01,Vikas Sadan,Sector 11,28.4554,77.0329,147.9,253.7,64.1,22,2.73,45.6,321,Very Poor
2024-12-09,IND_HR_GGN_01,Vikas Sadan,Sector 11,28.4554,77.0329,265.8,457.9,162.5,17.7,1.14,47.9,410,Severe
2024-12-10,IND_HR_GGN_01,Vikas Sadan,Sector 11,28.4554,77.0329,271.1,537,129,13.1,4.45,40.5,414,Severe
2024-12-11,IND_HR_GGN_01,Vikas Sadan,Sector 11,28.4554,77.0329,252.2,515.9,86.6,15.1,2.73,26.4,401,Severe
2024-12-12,IND_HR_GGN_01,Vikas Sadan,Sector 11,28.4554,77.0329,249,387.9,92,4.6,3.7,39,399,Very Poor
2024-12-13,IND_HR_GGN_01,Vikas Sadan,Sector 11,28.4554,77.0329,268.6,500,118.9,16.2,1.4,39.5,412,Severe
2024-12-14,IND_HR_GGN_01,Vikas Sadan,Sector 11,28.4554,77.0329,191.4,329.8,102,16.5,2.06,40.6,354,Very Poor
2024-12-15,IND_HR_GGN_01,Vikas Sadan,Sector 11,28.4554,77.0329,165.3,235.2,70.1,8.4,2.09,50.1,334,Very Poor
2024-12-16,IND_HR_GGN_01,Vikas Sadan,Sector 11,28.4554,77.0329,114.6,178.8,33.5,15.9,1.67,57.2,282,Poor
2024-12-17,IND_HR_GGN_01,Vikas Sadan,Sector 11,28.4554,77.0329,264.8,410.6,195.2,19.4,2.13,46.5,409,Severe
2024-12-18,IND_HR_GGN_01,Vikas Sadan,Sector 11,28.4554,77.0329,232.1,371.5,94,4.7,1.65,37.8,386,Very Poor
2024-12-19,IND_HR_GGN_01,Vikas Sadan,Sector 11,28.4554,77.0329,180.8,309.4,87.3,16.7,1.81,54.3,346,Very Poor
2024-12-20,IND_HR_GGN_01,Vikas Sadan,Sector 11,28.4554,77.0329,235.1,382.8,101.7,7.7,5.08,57.6,388,Very Poor
2024-12-21,IND_HR_GGN_01,Vikas Sadan,Sector 11,28.4554,77.0329,196.1,307.1,51.7,15,2.79,30.3,358,Very Poor
2024-12-22,IND_HR_GGN_01,Vikas Sadan,Sector 11,28.4554,77.0329,284,529.1,83.6,20,3.85,28.5,422,Severe
2024-12-23,IND_HR_GGN_01,Vikas Sadan,Sector 11,28.4554,77.0329,319.7,488.4,188.2,17.7,1.49,58.3,446,Severe
2024-12-24,IND_HR_GGN_01,Vikas Sadan,Sector 11,28.4554,77.0329,363,703.4,107.3,18.1,3.31,34.5,475,Severe
2024-12-25,IND_HR_GGN_01,Vikas Sadan,Sector 11,28.4554,77.0329,257.5,385.2,98.2,12.8,3.31,28.3,405,Severe
2024-12-26,IND_HR_GGN_01,Vikas Sadan,Sector 11,28.4554,77.0329,233.8,344.2,84.8,10.5,1.1,43.8,387,Very Poor
2024-12-27,IND_HR_GGN_01,Vikas Sadan,Sector 11,28.4554,77.0329,259.3,523.7,121.9,15.1,4.38,57,406,Severe
2024-12-28,IND_HR_GGN_01,Vikas Sadan,Sector 11,28.4554,77.0329,283.9,456.3,107.5,13.3,4.41,33.7,422,Severe
2024-12-29,IND_HR_GGN_01,Vikas Sadan,Sector 11,28.4554,77.0329,228.9,405.9,104,4,2.71,12.7,383,Very Poor
2024-12-30,IND_HR_GGN_01,Vikas Sadan,Sector 11,28.4554,77.0329,268.7,476.2,89.8,14.9,2.46,10,412,Severe
2024-12-31,IND_HR_GGN_01,Vikas Sadan,Sector 11,28.4554,77.0329,255.1,512.5,81.7,12.5,3.73,65.6,403,Severe
2024-01-01,IND_HR_GGN_02,Sector 51 IMD,Sector 51,28.4283,77.0722,281.2,443.5,32.7,16.4,2.14,38.3,420,Severe
2024-01-02,IND_HR_GGN_02,Sector 51 IMD,Sector 51,28.4283,77.0722,201.1,323.9,74.7,10.2,0.54,45.5,362,Very Poor
2024-01-03,IND_HR_GGN_02,Sector 51 IMD,Sector 51,28.4283,77.0722,302.5,629.8,158.6,15.9,4.11,53.5,435,Severe
2024-01-04,IND_HR_GGN_02,Sector 51 IMD,Sector 51,28.4283,77.0722,216.8,389.6,136,16.3,1.25,64.5,374,Very Poor
2024-01-05,IND_HR_GGN_02,Sector 51 IMD,Sector 51,28.4283,77.0722,267.6,543.7,115.6,10.1,2.23,34.9,411,Severe
2024-01-06,IND_HR_GGN_02,Sector 51 IMD,Sector 51,28.4283,77.0722,270,478.5,109.5,20.2,5.11,38.9,413,Severe
2024-01-07,IND_HR_GGN_02,Sector 51 IMD,Sector 51,28.4283,77.0722,147.1,230.2,49.8,22.8,3.27,42.2,320,Very Poor
2024-01-08,IND_HR_GGN_02,Sector 51 IMD,Sector 51,28.4283,77.0722,246.9,501.6,89,13,5.9,16.6,397,Very Poor
2024-01-09,IND_HR_GGN_02,Sector 51 IMD,Sector 51,28.4283,77.0722,271,552.5,87,11.8,2.93,45.1,414,Severe
2024-01-10,IND_HR_GGN_02,Sector 51 IMD,Sector 51,28.4283,77.0722,284.7,474.7,124.7,18.2,2.14,18.3,423,Severe
2024-01-11,IND_HR_GGN_02,Sector 51 IMD,Sector 51,28.4283,77.0722,296.4,599.8,127.8,15.3,1.87,39.2,430,Severe
2024-01-12,IND_HR_GGN_02,Sector 51 IMD,Sector 51,28.4283,77.0722,273.5,498.9,128,9.9,6.32,52.5,415,Severe
2024-01-13,IND_HR_GGN_02,Sector 51 IMD,Sector 51,28.4283,77.0722,185.5,353,98.1,10.4,1.58,52.5,350,Very Poor
2024-01-14,IND_HR_GGN_02,Sector 51 IMD,Sector 51,28.4283,77.0722,237.7,343.2,60.7,18.4,4.11,38.6,390,Very Poor
2024-01-15,IND_HR_GGN_02,Sector 51 IMD,Sector 51,28.4283,77.0722,324.4,598.8,121.4,16.8,4.4,46.1,449,Severe
2024-01-16,IND_HR_GGN_02,Sector 51 IMD,Sector 51,28.4283,77.0722,168.2,255.1,28.4,15.3,2.65,45.9,337,Very Poor
2024-01-17,IND_HR_GGN_02,Sector 51 IMD,Sector 51,28.4283,77.0722,193.1,314.7,72.9,12.3,4.15,70.6,356,Very Poor
2024-01-18,IND_HR_GGN_02,Sector 51 IMD,Sector 51,28.4283,77.0722,227,463.3,112.4,6.8,2.73,54,382,Very Poor
2024-01-19,IND_HR_GGN_02,Sector 51 IMD,Sector 51,28.4283,77.0722,255.6,443.4,94.9,18.1,4.46,60.9,403,Severe
2024-01-20,IND_HR_GGN_02,Sector 51 IMD,Sector 51,28.4283,77.0722,289.9,517.4,64.6,14.4,0.41,13.5,426,Severe
2024-01-21,IND_HR_GGN_02,Sector 51 IMD,Sector 51,28.4283,77.0722,215.2,446.1,88.9,15.9,3.46,43.8,373,Very Poor
2024-01-22,IND_HR_GGN_02,Sector 51 IMD,Sector 51,28.4283,77.0722,265,375.6,97.4,4,3.83,44.2,410,Severe
2024-01-23,IND_HR_GGN_02,Sector 51 IMD,Sector 51,28.4283,77.0722,250.2,414.7,89.2,8.8,3.75,34.4,400,Severe
2024-01-24,IND_HR_GGN_02,Sector 51 IMD,Sector 51,28.4283,77.0722,243.4,391.6,121,8.2,3.47,23.6,394,Very Poor
2024-01-25,IND_HR_GGN_02,Sector 51 IMD,Sector 51,28.4283,77.0722,261.1,421.2,133.8,8.5,3.65,37.2,407,Severe
2024-01-26,IND_HR_GGN_02,Sector 51 IMD,Sector 51,28.4283,77.0722,176.2,290.1,56,10.4,0.85,35,343,Very Poor
2024-01-27,IND_HR_GGN_02,Sector 51 IMD,Sector 51,28.4283,77.0722,225.1,433,58.3,11,2.28,29.5,380,Very Poor
2024-01-28,IND_HR_GGN_02,Sector 51 IMD,Sector 51,28.4283,77.0722,192.8,326.9,99.2,14.4,2.87,10,356,Very Poor
2024-01-29,IND_HR_GGN_02,Sector 51 IMD,Sector 51,28.4283,77.0722,311.3,557.2,127.1,10.1,2.95,16.4,440,Severe
2024-01-30,IND_HR_GGN_02,Sector 51 IMD,Sector 51,28.4283,77.0722,278.4,392.4,163.1,12,2.91,58.5,418,Severe
2024-01-31,IND_HR_GGN_02,Sector 51 IMD,Sector 51,28.4283,77.0722,260.4,487.1,29.6,16.2,4.01,69.3,406,Severe
2024-02-01,IND_HR_GGN_02,Sector 51 IMD,Sector 51,28.4283,77.0722,184.8,354.4,117.7,15.1,1.85,43.9,349,Very Poor
2024-02-02,IND_HR_GGN_02,Sector 51 IMD,Sector 51,28.4283,77.0722,360.3,570.8,87.6,14.3,2.96,15.4,473,Severe
2024-02-03,IND_HR_GGN_02,Sector 51 IMD,Sector 51,28.4283,77.0722,208.3,314.7,99.8,22,3.42,51.1,367,Very Poor
2024-02-04,IND_HR_GGN_02,Sector 51 IMD,Sector 51,28.4283,77.0722,276.8,516.3,103.4,16.5,5.22,67.1,417,Severe
2024-02-05,IND_HR_GGN_02,Sector 51 IMD,Sector 51,28.4283,77.0722,266,452.6,65.1,21,3.25,10.3,410,Severe
2024-02-06,IND_HR_GGN_02,Sector 51 IMD,Sector 51,28.4283,77.0722,305,492.8,68.6,8.2,2.41,39.2,436,Severe
2024-02-07,IND_HR_GGN_02,Sector 51 IMD,Sector 51,28.4283,77.0722,318.9,549.6,190.1,11.3,3.63,66.9,445,Severe
2024-02-08,IND_HR_GGN_02,Sector 51 IMD,Sector 51,28.4283,77.0722,301.3,514.4,154.9,20.6,4.15,55.6,434,Severe
2024-02-09,IND_HR_GGN_02,Sector 51 IMD,Sector 51,28.4283,77.0722,284,493.9,161.3,4,2.05,52.9,422,Severe
2024-02-10,IND_HR_GGN_02,Sector 51 IMD,Sector 51,28.4283,77.0722,280,574.4,78.2,14.8,3.62,50.5,420,Severe
2024-02-11,IND_HR_GGN_02,Sector 51 IMD,Sector 51,28.4283,77.0722,305.9,529.3,92.1,12.5,4.09,52.2,437,Severe
2024-02-12,IND_HR_GGN_02,Sector 51 IMD,Sector 51,28.4283,77.0722,313.8,442.5,178.9,16.5,3.66,22.6,442,Severe
2024-02-13,IND_HR_GGN_02,Sector 51 IMD,Sector 51,28.4283,77.0722,323.8,575.7,79.3,10.7,3.88,44.5,449,Severe
2024-02-14,IND_HR_GGN_02,Sector 51 IMD,Sector 51,28.4283,77.0722,203.2,310.3,134.5,13.9,2.03,47,364,Very Poor
2024-02-15,IND_HR_GGN_02,Sector 51 IMD,Sector 51,28.4283,77.0722,62.1,116.5,58.2,14.3,0.5,39.1,107,Moderate
2024-02-16,IND_HR_GGN_02,Sector 51 IMD,Sector 51,28.4283,77.0722,102.2,202,34.5,17.7,1.58,26.7,240,Poor
2024-02-17,IND_HR_GGN_02,Sector 51 IMD,Sector 51,28.4283,77.0722,75.3,138.9,31.4,23.6,1.11,47.2,151,Moderate
2024-02-18,IND_HR_GGN_02,Sector 51 IMD,Sector 51,28.4283,77.0722,82.2,147.3,48.3,5,0.52,33.2,174,Moderate
2024-02-19,IND_HR_GGN_02,Sector 51 IMD,Sector 51,28.4283,77.0722,68.7,125.3,43.5,13.2,0.98,32.6,129,Moderate
2024-02-20,IND_HR_GGN_02,Sector 51 IMD,Sector 51,28.4283,77.0722,78.5,161.4,43.8,10.9,0.66,10,161,Moderate
2024-02-21,IND_HR_GGN_02,Sector 51 IMD,Sector 51,28.4283,77.0722,53.6,87.2,59.5,17,1.46,26.9,89,Satisfactory
2024-02-22,IND_HR_GGN_02,Sector 51 IMD,Sector 51,28.4283,77.0722,76.1,110.2,78.9,15.1,1.47,46.8,153,Moderate
2024-02-23,IND_HR_GGN_02,Sector 51 IMD,Sector 51,28.4283,77.0722,70.8,138.5,47.5,18.8,1.3,35,136,Moderate
2024-02-24,IND_HR_GGN_02,Sector 51 IMD,Sector 51,28.4283,77.0722,96.2,152.4,22.4,16.4,1.01,38.8,220,Poor
2024-02-25,IND_HR_GGN_02,Sector 51 IMD,Sector 51,28.4283,77.0722,78.7,139.9,50.4,18,0.95,30.1,162,Moderate
2024-02-26,IND_HR_GGN_02,Sector 51 IMD,Sector 51,28.4283,77.0722,70.9,113.9,59.3,9.2,0.84,27.2,136,Moderate
2024-02-27,IND_HR_GGN_02,Sector 51 IMD,Sector 51,28.4283,77.0722,67.7,115.2,65.2,12.1,0.56,55.7,125,Moderate
2024-02-28,IND_HR_GGN_02,Sector 51 IMD,Sector 51,28.4283,77.0722,67.8,116,34.8,15.5,1.45,50.8,126,Moderate
2024-02-29,IND_HR_GGN_02,Sector 51 IMD,Sector 51,28.4283,77.0722,71.6,145.6,62.5,20.4,1.21,31.7,138,Moderate
2024-03-01,IND_HR_GGN_02,Sector 51 IMD,Sector 51,28.4283,77.0722,64.4,124.2,59.5,19.6,0.78,19.4,114,Moderate
2024-03-02,IND_HR_GGN_02,Sector 51 IMD,Sector 51,28.4283,77.0722,73.5,113.4,43.2,16.4,0.71,65.5,145,Moderate
2024-03-03,IND_HR_GGN_02,Sector 51 IMD,Sector 51,28.4283,77.0722,89,165.3,49.3,6.3,0.96,30.4,196,Moderate
2024-03-04,IND_HR_GGN_02,Sector 51 IMD,Sector 51,28.4283,77.0722,96.5,145.2,17.8,18,2.46,34.7,221,Poor
2024-03-05,IND_HR_GGN_02,Sector 51 IMD,Sector 51,28.4283,77.0722,93.8,150,43.9,16.7,0.89,51.7,212,Poor
2024-03-06,IND_HR_GGN_02,Sector 51 IMD,Sector 51,28.4283,77.0722,76.1,108.3,66.3,13.4,0.61,36.1,153,Moderate
2024-03-07,IND_HR_GGN_02,Sector 51 IMD,Sector 51,28.4283,77.0722,65.5,126.1,30.1,8.2,1.26,18.9,118,Moderate
2024-03-08,IND_HR_GGN_02,Sector 51 IMD,Sector 51,28.4283,77.0722,82.7,134.9,37,17.1,1.14,22.5,175,Moderate
2024-03-09,IND_HR_GGN_02,Sector 51 IMD,Sector 51,28.4283,77.0722,72.8,109.3,68.2,9.4,1.32,36.5,142,Moderate
2024-03-10,IND_HR_GGN_02,Sector 51 IMD,Sector 51,28.4283,77.0722,88.5,154.4,46.2,17.6,1.49,60.9,195,Moderate
2024-03-11,IND_HR_GGN_02,Sector 51 IMD,Sector 51,28.4283,77.0722,79,131.5,63.4,11.2,1.54,26.6,163,Moderate
2024-03-12,IND_HR_GGN_02,Sector 51 IMD,Sector 51,28.4283,77.0722,81.2,167.2,37.3,4,0.59,70.3,170,Moderate
2024-03-13,IND_HR_GGN_02,Sector 51 IMD,Sector 51,28.4283,77.0722,83.5,137.9,47.6,13.8,1.69,10,178,Moderate
2024-03-14,IND_HR_GGN_02,Sector 51 IMD,Sector 51,28.4283,77.0722,57.3,100.5,51.9,12.6,0.29,22.4,95,Satisfactory
2024-03-15,IND_HR_GGN_02,Sector 51 IMD,Sector 51,28.4283,77.0722,48.3,87.2,33.3,18.4,0.54,47.3,80,Satisfactory
2024-03-16,IND_HR_GGN_02,Sector 51 IMD,Sector 51,28.4283,77.0722,112.9,170.5,69.1,14.9,1.67,21.9,276,Poor
2024-03-17,IND_HR_GGN_02,Sector 51 IMD,Sector 51,28.4283,77.0722,79.5,159.5,31.1,18.2,2.14,10,165,Moderate
2024-03-18,IND_HR_GGN_02,Sector 51 IMD,Sector 51,28.4283,77.0722,60.3,115.5,39.5,18,0.61,43.8,100,Moderate
2024-03-19,IND_HR_GGN_02,Sector 51 IMD,Sector 51,28.4283,77.0722,98.9,187.4,43.4,8.3,1.62,24,229,Poor
2024-03-20,IND_HR_GGN_02,Sector 51 IMD,Sector 51,28.4283,77.0722,91.7,164.4,42.6,18.2,1.14,48.6,205,Poor
2024-03-21,IND_HR_GGN_02,Sector 51 IMD,Sector 51,28.4283,77.0722,85.3,162.9,24.8,20.7,2.15,26.4,184,Moderate
2024-03-22,IND_HR_GGN_02,Sector 51 IMD,Sector 51,28.4283,77.0722,84.8,174.4,42.1,16.1,0.92,37.7,182,Moderate
2024-03-23,IND_HR_GGN_02,Sector 51 IMD,Sector 51,28.4283,77.0722,60.5,87.4,65.7,7.6,1.1,78.8,101,Moderate
2024-03-24,IND_HR_GGN_02,Sector 51 IMD,Sector 51,28.4283,77.0722,78,156.1,56.2,14.8,0.32,46.2,160,Moderate
2024-03-25,IND_HR_GGN_02,Sector 51 IMD,Sector 51,28.4283,77.0722,51.4,96.6,39.9,11.9,0.69,28.6,85,Satisfactory
2024-03-26,IND_HR_GGN_02,Sector 51 IMD,Sector 51,28.4283,77.0722,62.8,111.3,47.9,8.2,1.12,53.4,109,Moderate
2024-03-27,IND_HR_GGN_02,Sector 51 IMD,Sector 51,28.4283,77.0722,47.1,81.1,47,16.1,1.23,53.3,78,Satisfactory
2024-03-28,IND_HR_GGN_02,Sector 51 IMD,Sector 51,28.4283,77.0722,34,61.8,22.1,11.2,1.56,35.1,56,Satisfactory
2024-03-29,IND_HR_GGN_02,Sector 51 IMD,Sector 51,28.4283,77.0722,85.4,160.3,54.7,15.3,1.22,52.9,184,Moderate
2024-03-30,IND_HR_GGN_02,Sector 51 IMD,Sector 51,28.4283,77.0722,109.1,208.7,8,8.8,0.83,38.8,263,Poor
2024-03-31,IND_HR_GGN_02,Sector 51 IMD,Sector 51,28.4283,77.0722,123.1,214.9,79.2,14.9,1.48,37.2,302,Very Poor
2024-04-01,IND_HR_GGN_02,Sector 51 IMD,Sector 51,28.4283,77.0722,63.7,101.6,67.2,16.2,0.96,42.9,112,Moderate
2024-04-02,IND_HR_GGN_02,Sector 51 IMD,Sector 51,28.4283,77.0722,97,136.7,69.7,13.3,1.19,29.7,223,Poor
2024-04-03,IND_HR_GGN_02,Sector 51 IMD,Sector 51,28.4283,77.0722,63.3,120.9,24.4,12.8,1.49,37.7,110,Moderate
2024-04-04,IND_HR_GGN_02,Sector 51 IMD,Sector 51,28.4283,77.0722,128.6,242.6,52.8,13.5,1.57,28.8,306,Very Poor
2024-04-05,IND_HR_GGN_02,Sector 51 IMD,Sector 51,28.4283,77.0722,77.2,135.3,12.3,11.8,1.28,26.5,157,Moderate
2024-04-06,IND_HR_GGN_02,Sector 51 IMD,Sector 51,28.4283,77.0722,90.6,182.5,51.1,13.2,2.18,34.2,201,Poor
2024-04-07,IND_HR_GGN_02,Sector 51 IMD,Sector 51,28.4283,77.0722,95.9,149.5,63.5,18.3,1.68,19.3,219,Poor
2024-04-08,IND_HR_GGN_02,Sector 51 IMD,Sector 51,28.4283,77.0722,143,265.7,64.7,8.6,2.43,44.5,317,Very Poor
2024-04-09,IND_HR_GGN_02,Sector 51 IMD,Sector 51,28.4283,77.0722,137.6,244.3,74.4,13,1.52,59.7,313,Very Poor
2024-04-10,IND_HR_GGN_02,Sector 51 IMD,Sector 51,28.4283,77.0722,69.8,100.9,30.4,14.6,0.46,11.6,132,Moderate
2024-04-11,IND_HR_GGN_02,Sector 51 IMD,Sector 51,28.4283,77.0722,153.6,223.8,59.9,18.1,0.84,44.4,325,Very Poor
2024-04-12,IND_HR_GGN_02,Sector 51 IMD,Sector 51,28.4283,77.0722,119.9,242,58.1,19.1,1.32,41.1,299,Poor
2024-04-13,IND_HR_GGN_02,Sector 51 IMD,Sector 51,28.4283,77.0722,97.6,191.2,73.8,12.3,1.41,42.3,225,Poor
2024-04-14,IND_HR_GGN_02,Sector 51 IMD,Sector 51,28.4283,77.0722,116.4,191.8,70,18.6,1.4,52.4,288,Poor
2024-04-15,IND_HR_GGN_02,Sector 51 IMD,Sector 51,28.4283,77.0722,117,200.5,21.2,20.4,2.19,38.5,290,Poor
2024-04-16,IND_HR_GGN_02,Sector 51 IMD,Sector 51,28.4283,77.0722,131.4,211.1,89.2,18,1.44,36.9,308,Very Poor
2024-04-17,IND_HR_GGN_02,Sector 51 IMD,Sector 51,28.4283,77.0722,80.1,154.2,34.5,26.4,1.93,38.6,167,Moderate
2024-04-18,IND_HR_GGN_02,Sector 51 IMD,Sector 51,28.4283,77.0722,138.9,201,71,23.5,2.6,60.8,314,Very Poor
2024-04-19,IND_HR_GGN_02,Sector 51 IMD,Sector 51,28.4283,77.0722,92,129.9,35.8,22.4,1.28,45.4,206,Poor
2024-04-20,IND_HR_GGN_02,Sector 51 IMD,Sector 51,28.4283,77.0722,96.3,178.5,59.6,14.7,0.87,61.4,221,Poor
2024-04-21,IND_HR_GGN_02,Sector 51 IMD,Sector 51,28.4283,77.0722,126,225.3,52.3,13.3,2.18,35,304,Very Poor
2024-04-22,IND_HR_GGN_02,Sector 51 IMD,Sector 51,28.4283,77.0722,120.7,208.4,50.3,22.3,3.31,49.1,300,Very Poor
2024-04-23,IND_HR_GGN_02,Sector 51 IMD,Sector 51,28.4283,77.0722,90.9,128.4,45.5,5.8,1.01,64.5,203,Poor
2024-04-24,IND_HR_GGN_02,Sector 51 IMD,Sector 51,28.4283,77.0722,128.3,224.9,80.8,24.2,1.55,31.8,306,Very Poor
2024-04-25,IND_HR_GGN_02,Sector 51 IMD,Sector 51,28.4283,77.0722,113.3,184.4,43.1,17.7,0.77,31.4,277,Poor
2024-04-26,IND_HR_GGN_02,Sector 51 IMD,Sector 51,28.4283,77.0722,115.2,172.5,66.2,14.5,2.62,49.1,284,Poor
2024-04-27,IND_HR_GGN_02,Sector 51 IMD,Sector 51,28.4283,77.0722,79.3,163.6,48.8,15.3,0.56,25,164,Moderate
2024-04-28,IND_HR_GGN_02,Sector 51 IMD,Sector 51,28.4283,77.0722,139,242.7,79,17.4,1.88,31,314,Very Poor
2024-04-29,IND_HR_GGN_02,Sector 51 IMD,Sector 51,28.4283,77.0722,153.5,274.6,58.4,14.9,1.66,35.1,325,Very Poor
2024-04-30,IND_HR_GGN_02,Sector 51 IMD,Sector 51,28.4283,77.0722,118.2,171.1,68.3,20,1.73,63.6,294,Poor
2024-05-01,IND_HR_GGN_02,Sector 51 IMD,Sector 51,28.4283,77.0722,118.4,230.4,56.6,18.2,1.43,33.5,294,Poor
2024-05-02,IND_HR_GGN_02,Sector 51 IMD,Sector 51,28.4283,77.0722,92.2,152.1,76.7,16.4,2.07,75.8,207,Poor
2024-05-03,IND_HR_GGN_02,Sector 51 IMD,Sector 51,28.4283,77.0722,156.1,274.6,60.7,18.5,2.01,45.7,327,Very Poor
2024-05-04,IND_HR_GGN_02,Sector 51 IMD,Sector 51,28.4283,77.0722,134.2,202.6,65.1,16.2,1.92,52.1,310,Very Poor
2024-05-05,IND_HR_GGN_02,Sector 51 IMD,Sector 51,28.4283,77.0722,85.5,162.4,53.1,16.5,0.84,35.9,185,Moderate
2024-05-06,IND_HR_GGN_02,Sector 51 IMD,Sector 51,28.4283,77.0722,115.4,228.1,67.6,13.9,1.26,58.2,284,Poor
2024-05-07,IND_HR_GGN_02,Sector 51 IMD,Sector 51,28.4283,77.0722,127.2,251.6,8,14.5,1.1,11.9,305,Very Poor
2024-05-08,IND_HR_GGN_02,Sector 51 IMD,Sector 51,28.4283,77.0722,82,134.8,45,15.3,0.94,10,173,Moderate
2024-05-09,IND_HR_GGN_02,Sector 51 IMD,Sector 51,28.4283,77.0722,108.8,199.6,86.1,21.8,1.01,17.8,262,Poor
2024-05-10,IND_HR_GGN_02,Sector 51 IMD,Sector 51,28.4283,77.0722,99.4,196,62.6,20.6,0.53,43.8,231,Poor
2024-05-11,IND_HR_GGN_02,Sector 51 IMD,Sector 51,28.4283,77.0722,133,241.6,55.7,21,1.48,41.2,310,Very Poor
2024-05-12,IND_HR_GGN_02,Sector 51 IMD,Sector 51,28.4283,77.0722,86.9,139.1,47.5,24.5,0.2,41.8,189,Moderate
2024-05-13,IND_HR_GGN_02,Sector 51 IMD,Sector 51,28.4283,77.0722,87,145.4,38.9,8.4,1.88,29.5,190,Moderate
2024-05-14,IND_HR_GGN_02,Sector 51 IMD,Sector 51,28.4283,77.0722,54.7,114.5,35.7,11.3,1.44,10.5,91,Satisfactory
2024-05-15,IND_HR_GGN_02,Sector 51 IMD,Sector 51,28.4283,77.0722,137.8,259.6,36.1,16.9,2.03,36.9,313,Very Poor
2024-05-16,IND_HR_GGN_02,Sector 51 IMD,Sector 51,28.4283,77.0722,143.5,296,56.8,14.9,2.64,36.9,318,Very Poor
2024-05-17,IND_HR_GGN_02,Sector 51 IMD,Sector 51,28.4283,77.0722,90.4,141.8,49,13.1,0.85,58.7,201,Poor
2024-05-18,IND_HR_GGN_02,Sector 51 IMD,Sector 51,28.4283,77.0722,139.6,265.7,35.5,10.4,1.72,41,315,Very Poor
2024-05-19,IND_HR_GGN_02,Sector 51 IMD,Sector 51,28.4283,77.0722,89.8,167.6,65,11.6,0.68,26.4,199,Moderate
2024-05-20,IND_HR_GGN_02,Sector 51 IMD,Sector 51,28.4283,77.0722,127.9,191,34.4,13.9,2.07,21.7,306,Very Poor
2024-05-21,IND_HR_GGN_02,Sector 51 IMD,Sector 51,28.4283,77.0722,75.7,114.1,45.8,15,1.24,66.7,152,Moderate
2024-05-22,IND_HR_GGN_02,Sector 51 IMD,Sector 51,28.4283,77.0722,89.6,151,40.7,16.6,0.95,35.1,198,Moderate
2024-05-23,IND_HR_GGN_02,Sector 51 IMD,Sector 51,28.4283,77.0722,87.1,153.4,59.7,17.9,1.81,45.5,190,Moderate
2024-05-24,IND_HR_GGN_02,Sector 51 IMD,Sector 51,28.4283,77.0722,125.1,237,34.2,10.9,1.06,42.9,303,Very Poor
2024-05-25,IND_HR_GGN_02,Sector 51 IMD,Sector 51,28.4283,77.0722,120.3,232.6,78.9,23.4,2.65,63.5,300,Very Poor
2024-05-26,IND_HR_GGN_02,Sector 51 IMD,Sector 51,28.4283,77.0722,117.5,183,67.6,23.5,3.54,36,291,Poor
2024-05-27,IND_HR_GGN_02,Sector 51 IMD,Sector 51,28.4283,77.0722,111,192.8,58.4,15,2.21,42.2,270,Poor
2024-05-28,IND_HR_GGN_02,Sector 51 IMD,Sector 51,28.4283,77.0722,125.8,194.2,65.4,15.7,2.37,36.7,304,Very Poor
2024-05-29,IND_HR_GGN_02,Sector 51 IMD,Sector 51,28.4283,77.0722,77.9,152.2,67.5,12.6,0.98,58.5,159,Moderate
2024-05-30,IND_HR_GGN_02,Sector 51 IMD,Sector 51,28.4283,77.0722,107,159.5,81.1,16,1.86,63.9,256,Poor
2024-05-31,IND_HR_GGN_02,Sector 51 IMD,Sector 51,28.4283,77.0722,103.7,209.1,65.4,21.1,1.81,21.8,245,Poor
2024-06-01,IND_HR_GGN_02,Sector 51 IMD,Sector 51,28.4283,77.0722,100.8,148.8,36.1,21.5,2.27,48.9,236,Poor
2024-06-02,IND_HR_GGN_02,Sector 51 IMD,Sector 51,28.4283,77.0722,105.9,171.6,79.4,11.8,2.26,28.6,253,Poor
2024-06-03,IND_HR_GGN_02,Sector 51 IMD,Sector 51,28.4283,77.0722,126.5,209.2,51.7,20.8,1.79,64.2,305,Very Poor
2024-06-04,IND_HR_GGN_02,Sector 51 IMD,Sector 51,28.4283,77.0722,156.2,306.8,74.8,11.6,3.41,56.2,327,Very Poor
2024-06-05,IND_HR_GGN_02,Sector 51 IMD,Sector 51,28.4283,77.0722,91.8,162,29.2,18.3,1.06,52.6,206,Poor
2024-06-06,IND_HR_GGN_02,Sector 51 IMD,Sector 51,28.4283,77.0722,97.3,141.6,49.3,12.1,1.62,37.2,224,Poor
2024-06-07,IND_HR_GGN_02,Sector 51 IMD,Sector 51,28.4283,77.0722,82.7,157.1,28.5,8.6,0.98,41.8,175,Moderate
2024-06-08,IND_HR_GGN_02,Sector 51 IMD,Sector 51,28.4283,77.0722,112.3,220.1,56.1,15,1.13,62.6,274,Poor
2024-06-09,IND_HR_GGN_02,Sector 51 IMD,Sector 51,28.4283,77.0722,100.3,147.3,64.3,10.7,1.42,61,234,Poor
2024-06-10,IND_HR_GGN_02,Sector 51 IMD,Sector 51,28.4283,77.0722,92.4,182.3,48.5,7.6,1.1,38.9,208,Poor
2024-06-11,IND_HR_GGN_02,Sector 51 IMD,Sector 51,28.4283,77.0722,142.9,260.9,67.2,20.6,1.78,38.6,317,Very Poor
2024-06-12,IND_HR_GGN_02,Sector 51 IMD,Sector 51,28.4283,77.0722,119.6,232.8,63.4,9.8,1.03,29,298,Poor
2024-06-13,IND_HR_GGN_02,Sector 51 IMD,Sector 51,28.4283,77.0722,96.3,180,54.1,16.6,1.5,94.3,221,Poor
2024-06-14,IND_HR_GGN_02,Sector 51 IMD,Sector 51,28.4283,77.0722,148.9,291.3,82,19.4,2.65,33.5,322,Very Poor
2024-06-15,IND_HR_GGN_02,Sector 51 IMD,Sector 51,28.4283,77.0722,159,291.3,95,18.9,2.66,45.8,330,Very Poor
2024-06-16,IND_HR_GGN_02,Sector 51 IMD,Sector 51,28.4283,77.0722,84.9,121,57.4,14.1,1.14,72.7,183,Moderate
2024-06-17,IND_HR_GGN_02,Sector 51 IMD,Sector 51,28.4283,77.0722,110.3,219.5,59.3,13,1.74,55,267,Poor
2024-06-18,IND_HR_GGN_02,Sector 51 IMD,Sector 51,28.4283,77.0722,89,173.1,45,12.5,0.49,73.2,196,Moderate
2024-06-19,IND_HR_GGN_02,Sector 51 IMD,Sector 51,28.4283,77.0722,83.4,145.2,61.3,16.9,0.69,59.1,178,Moderate
2024-06-20,IND_HR_GGN_02,Sector 51 IMD,Sector 51,28.4283,77.0722,79.4,137,60,11,2.44,34.5,164,Moderate
2024-06-21,IND_HR_GGN_02,Sector 51 IMD,Sector 51,28.4283,77.0722,106.9,207.8,41,18.7,0.55,32.6,256,Poor
2024-06-22,IND_HR_GGN_02,Sector 51 IMD,Sector 51,28.4283,77.0722,65.4,125.9,35.6,8.5,1.07,10,118,Moderate
2024-06-23,IND_HR_GGN_02,Sector 51 IMD,Sector 51,28.4283,77.0722,76.9,118.5,26.9,15.3,1.47,44.2,156,Moderate
2024-06-24,IND_HR_GGN_02,Sector 51 IMD,Sector 51,28.4283,77.0722,57.6,108.6,35.7,16.1,1.29,26.4,96,Satisfactory
2024-06-25,IND_HR_GGN_02,Sector 51 IMD,Sector 51,28.4283,77.0722,38.2,67.9,25.4,16.7,0.2,67.5,63,Satisfactory
2024-06-26,IND_HR_GGN_02,Sector 51 IMD,Sector 51,28.4283,77.0722,87.3,164.4,26.9,17.7,1.44,47,191,Moderate
2024-06-27,IND_HR_GGN_02,Sector 51 IMD,Sector 51,28.4283,77.0722,67.7,133.8,55.5,9,1.15,30.3,125,Moderate
2024-06-28,IND_HR_GGN_02,Sector 51 IMD,Sector 51,28.4283,77.0722,54.3,93.2,39.2,17.5,0.86,22.1,90,Satisfactory
2024-06-29,IND_HR_GGN_02,Sector 51 IMD,Sector 51,28.4283,77.0722,37.8,60.2,25.1,15.9,0.97,46.2,63,Satisfactory
2024-06-30,IND_HR_GGN_02,Sector 51 IMD,Sector 51,28.4283,77.0722,47.3,86.4,37.4,21.5,0.29,29.8,78,Satisfactory
2024-07-01,IND_HR_GGN_02,Sector 51 IMD,Sector 51,28.4283,77.0722,55,91.3,30.1,24.8,1.05,42.3,91,Satisfactory
2024-07-02,IND_HR_GGN_02,Sector 51 IMD,Sector 51,28.4283,77.0722,40.2,82.2,30.4,10.3,0.55,31.8,67,Satisfactory
2024-07-03,IND_HR_GGN_02,Sector 51 IMD,Sector 51,28.4283,77.0722,35.8,64.2,44.4,16.5,0.69,30.5,59,Satisfactory
2024-07-04,IND_HR_GGN_02,Sector 51 IMD,Sector 51,28.4283,77.0722,47.5,68.9,45,15.2,0.46,37.5,79,Satisfactory
2024-07-05,IND_HR_GGN_02,Sector 51 IMD,Sector 51,28.4283,77.0722,31.2,47.1,40.4,19.9,0.28,39.5,52,Satisfactory
2024-07-06,IND_HR_GGN_02,Sector 51 IMD,Sector 51,28.4283,77.0722,47.4,94.9,24.8,10.2,0.59,23.6,79,Satisfactory
2024-07-07,IND_HR_GGN_02,Sector 51 IMD,Sector 51,28.4283,77.0722,33.3,68.7,29.1,12.9,1.14,79.7,55,Satisfactory
2024-07-08,IND_HR_GGN_02,Sector 51 IMD,Sector 51,28.4283,77.0722,42.9,69.8,36.4,7,0.39,63.2,71,Satisfactory
2024-07-09,IND_HR_GGN_02,Sector 51 IMD,Sector 51,28.4283,77.0722,60.1,106.4,27.6,4.4,1.15,62.6,100,Moderate
2024-07-10,IND_HR_GGN_02,Sector 51 IMD,Sector 51,28.4283,77.0722,25.4,51.8,39.1,14.5,0.5,46.7,42,Good
2024-07-11,IND_HR_GGN_02,Sector 51 IMD,Sector 51,28.4283,77.0722,41.8,67.9,29.4,13.8,0.66,46.5,69,Satisfactory
2024-07-12,IND_HR_GGN_02,Sector 51 IMD,Sector 51,28.4283,77.0722,40.8,83.3,34.5,8.4,0.55,55.2,68,Satisfactory
2024-07-13,IND_HR_GGN_02,Sector 51 IMD,Sector 51,28.4283,77.0722,23.8,45.4,23.3,10.2,0.42,12.5,39,Good
2024-07-14,IND_HR_GGN_02,Sector 51 IMD,Sector 51,28.4283,77.0722,51,97.2,42,13.4,0.33,46.8,85,Satisfactory
2024-07-15,IND_HR_GGN_02,Sector 51 IMD,Sector 51,28.4283,77.0722,34,67.3,32.6,14.1,0.81,45.3,56,Satisfactory
2024-07-16,IND_HR_GGN_02,Sector 51 IMD,Sector 51,28.4283,77.0722,32.7,55.9,26.8,17.9,1.04,34.2,54,Satisfactory
2024-07-17,IND_HR_GGN_02,Sector 51 IMD,Sector 51,28.4283,77.0722,35.9,56.6,32.7,20.3,0.43,59.6,59,Satisfactory
2024-07-18,IND_HR_GGN_02,Sector 51 IMD,Sector 51,28.4283,77.0722,42.9,77.4,45.5,5.5,0.76,40.5,71,Satisfactory
2024-07-19,IND_HR_GGN_02,Sector 51 IMD,Sector 51,28.4283,77.0722,29.1,42.8,22.9,24.8,0.2,10,48,Good
2024-07-20,IND_HR_GGN_02,Sector 51 IMD,Sector 51,28.4283,77.0722,31.1,55.1,35.5,14.2,1.05,49.9,51,Satisfactory
2024-07-21,IND_HR_GGN_02,Sector 51 IMD,Sector 51,28.4283,77.0722,41,83.1,45.5,4.7,0.69,40.4,68,Satisfactory
2024-07-22,IND_HR_GGN_02,Sector 51 IMD,Sector 51,28.4283,77.0722,19.7,37.6,28.7,16.8,0.84,44.5,32,Good
2024-07-23,IND_HR_GGN_02,Sector 51 IMD,Sector 51,28.4283,77.0722,32.9,63.3,35.4,9.2,0.2,10.2,54,Satisfactory
2024-07-24,IND_HR_GGN_02,Sector 51 IMD,Sector 51,28.4283,77.0722,46.9,96,27.4,11.2,1.25,52.7,78,Satisfactory
2024-07-25,IND_HR_GGN_02,Sector 51 IMD,Sector 51,28.4283,77.0722,48.3,70.2,28.6,18.6,0.77,38,80,Satisfactory
2024-07-26,IND_HR_GGN_02,Sector 51 IMD,Sector 51,28.4283,77.0722,26.3,54.2,48.8,19.3,0.51,71,43,Good
2024-07-27,IND_HR_GGN_02,Sector 51 IMD,Sector 51,28.4283,77.0722,43.9,66.6,32.2,14.9,0.68,72.6,73,Satisfactory
2024-07-28,IND_HR_GGN_02,Sector 51 IMD,Sector 51,28.4283,77.0722,37,74,17.3,12.5,0.64,77.9,61,Satisfactory
2024-07-29,IND_HR_GGN_02,Sector 51 IMD,Sector 51,28.4283,77.0722,46.5,78.8,33.9,13.4,1.54,54.8,77,Satisfactory
2024-07-30,IND_HR_GGN_02,Sector 51 IMD,Sector 51,28.4283,77.0722,38,65.2,36.4,20.2,1,47.9,63,Satisfactory
2024-07-31,IND_HR_GGN_02,Sector 51 IMD,Sector 51,28.4283,77.0722,42.5,60.8,35.9,11.3,0.92,42,70,Satisfactory
2024-08-01,IND_HR_GGN_02,Sector 51 IMD,Sector 51,28.4283,77.0722,48,84.2,18.1,24.3,1,38.6,80,Satisfactory
2024-08-02,IND_HR_GGN_02,Sector 51 IMD,Sector 51,28.4283,77.0722,38.7,77,27.5,10.5,0.65,76.8,64,Satisfactory
2024-08-03,IND_HR_GGN_02,Sector 51 IMD,Sector 51,28.4283,77.0722,37.3,63.1,62.6,8.3,0.72,43.1,62,Satisfactory
2024-08-04,IND_HR_GGN_02,Sector 51 IMD,Sector 51,28.4283,77.0722,44.4,71.1,43,15.8,0.46,22.9,74,Satisfactory
2024-08-05,IND_HR_GGN_02,Sector 51 IMD,Sector 51,28.4283,77.0722,19.4,38.2,25.6,10.8,0.58,42.1,32,Good
2024-08-06,IND_HR_GGN_02,Sector 51 IMD,Sector 51,28.4283,77.0722,51.7,93.5,11.3,7.3,0.92,20.6,86,Satisfactory
2024-08-07,IND_HR_GGN_02,Sector 51 IMD,Sector 51,28.4283,77.0722,55.9,100.3,42.1,14.8,1.45,14,93,Satisfactory
2024-08-08,IND_HR_GGN_02,Sector 51 IMD,Sector 51,28.4283,77.0722,12,16.8,30,13.3,0.59,45.8,20,Good
2024-08-09,IND_HR_GGN_02,Sector 51 IMD,Sector 51,28.4283,77.0722,37.9,54,18.8,19.4,0.95,36.7,63,Satisfactory
2024-08-10,IND_HR_GGN_02,Sector 51 IMD,Sector 51,28.4283,77.0722,41.1,64.7,48,17.7,0.56,17,68,Satisfactory
2024-08-11,IND_HR_GGN_02,Sector 51 IMD,Sector 51,28.4283,77.0722,62.4,99.4,51.7,8.6,1.31,36.3,108,Moderate
2024-08-12,IND_HR_GGN_02,Sector 51 IMD,Sector 51,28.4283,77.0722,62,124.6,24.1,14.9,1.19,51.8,106,Moderate
2024-08-13,IND_HR_GGN_02,Sector 51 IMD,Sector 51,28.4283,77.0722,39.2,71.4,12.7,17.6,0.92,10,65,Satisfactory
2024-08-14,IND_HR_GGN_02,Sector 51 IMD,Sector 51,28.4283,77.0722,45,69.2,47.3,24.9,0.66,13.6,75,Satisfactory
2024-08-15,IND_HR_GGN_02,Sector 51 IMD,Sector 51,28.4283,77.0722,48.2,83.7,52.8,18.5,0.42,30.6,80,Satisfactory
2024-08-16,IND_HR_GGN_02,Sector 51 IMD,Sector 51,28.4283,77.0722,67.3,105.5,36,8.9,1.12,47.3,124,Moderate
2024-08-17,IND_HR_GGN_02,Sector 51 IMD,Sector 51,28.4283,77.0722,62.2,94.5,10.1,11.1,1.65,39.2,107,Moderate
2024-08-18,IND_HR_GGN_02,Sector 51 IMD,Sector 51,28.4283,77.0722,63.9,89.9,47.1,19.7,0.92,43.6,113,Moderate
2024-08-19,IND_HR_GGN_02,Sector 51 IMD,Sector 51,28.4283,77.0722,39,76,52.6,16.1,0.92,40.8,65,Satisfactory
2024-08-20,IND_HR_GGN_02,Sector 51 IMD,Sector 51,28.4283,77.0722,27.8,45.1,35.9,14,0.59,64.8,46,Good
2024-08-21,IND_HR_GGN_02,Sector 51 IMD,Sector 51,28.4283,77.0722,43.7,79.9,22.6,18.9,0.29,46.8,72,Satisfactory
2024-08-22,IND_HR_GGN_02,Sector 51 IMD,Sector 51,28.4283,77.0722,27.1,55,45.7,13.2,0.71,35.3,45,Good
2024-08-23,IND_HR_GGN_02,Sector 51 IMD,Sector 51,28.4283,77.0722,34.8,56.3,41.2,21.5,1.16,41.7,57,Satisfactory
2024-08-24,IND_HR_GGN_02,Sector 51 IMD,Sector 51,28.4283,77.0722,38.2,70.5,28.1,16.7,0.97,48.3,63,Satisfactory
2024-08-25,IND_HR_GGN_02,Sector 51 IMD,Sector 51,28.4283,77.0722,36.4,72.6,23,7,0.49,32.4,60,Satisfactory
2024-08-26,IND_HR_GGN_02,Sector 51 IMD,Sector 51,28.4283,77.0722,58,109.9,41.8,8.8,1.6,55.6,96,Satisfactory
2024-08-27,IND_HR_GGN_02,Sector 51 IMD,Sector 51,28.4283,77.0722,41,72.7,30.2,15,1.49,52.2,68,Satisfactory
2024-08-28,IND_HR_GGN_02,Sector 51 IMD,Sector 51,28.4283,77.0722,42.1,76.3,37.2,15.3,0.91,56,70,Satisfactory
2024-08-29,IND_HR_GGN_02,Sector 51 IMD,Sector 51,28.4283,77.0722,28.3,56.2,31.3,25.4,0.73,62.2,47,Good
2024-08-30,IND_HR_GGN_02,Sector 51 IMD,Sector 51,28.4283,77.0722,54.4,101.1,45.9,17.4,0.84,63.6,90,Satisfactory
2024-08-31,IND_HR_GGN_02,Sector 51 IMD,Sector 51,28.4283,77.0722,40.9,63.3,28.7,16.2,0.99,29.6,68,Satisfactory
2024-09-01,IND_HR_GGN_02,Sector 51 IMD,Sector 51,28.4283,77.0722,51.2,94.4,17.4,15.1,0.95,63.4,85,Satisfactory
2024-09-02,IND_HR_GGN_02,Sector 51 IMD,Sector 51,28.4283,77.0722,30.6,47.7,22.3,9.2,0.5,65.3,51,Satisfactory
2024-09-03,IND_HR_GGN_02,Sector 51 IMD,Sector 51,28.4283,77.0722,25.7,53.2,23.9,9.1,0.33,10,42,Good
2024-09-04,IND_HR_GGN_02,Sector 51 IMD,Sector 51,28.4283,77.0722,29.4,52.7,26.8,6.4,0.2,44.3,49,Good
2024-09-05,IND_HR_GGN_02,Sector 51 IMD,Sector 51,28.4283,77.0722,50.8,84.9,32.4,6.2,0.42,33.6,84,Satisfactory
2024-09-06,IND_HR_GGN_02,Sector 51 IMD,Sector 51,28.4283,77.0722,25.9,46.5,24.1,5.9,0.44,53.4,43,Good
2024-09-07,IND_HR_GGN_02,Sector 51 IMD,Sector 51,28.4283,77.0722,53.8,112.8,49,11.7,0.91,22.8,89,Satisfactory
2024-09-08,IND_HR_GGN_02,Sector 51 IMD,Sector 51,28.4283,77.0722,45.4,64.7,45.2,17.2,1.45,30.7,75,Satisfactory
2024-09-09,IND_HR_GGN_02,Sector 51 IMD,Sector 51,28.4283,77.0722,35.3,59.1,26.7,15.4,0.35,48.8,58,Satisfactory
2024-09-10,IND_HR_GGN_02,Sector 51 IMD,Sector 51,28.4283,77.0722,35.2,65.7,25.7,13.7,0.4,18.5,58,Satisfactory
2024-09-11,IND_HR_GGN_02,Sector 51 IMD,Sector 51,28.4283,77.0722,13.4,27.6,36.5,14.7,0.36,38.2,22,Good
2024-09-12,IND_HR_GGN_02,Sector 51 IMD,Sector 51,28.4283,77.0722,40.4,82.9,25.9,15,0.62,73.1,67,Satisfactory
2024-09-13,IND_HR_GGN_02,Sector 51 IMD,Sector 51,28.4283,77.0722,49.2,76.3,28.3,10.6,0.72,32.5,82,Satisfactory
2024-09-14,IND_HR_GGN_02,Sector 51 IMD,Sector 51,28.4283,77.0722,47,96.1,37.2,12.8,0.78,41.9,78,Satisfactory
2024-09-15,IND_HR_GGN_02,Sector 51 IMD,Sector 51,28.4283,77.0722,40.8,85.1,45.6,14.5,1.44,27.4,68,Satisfactory
2024-09-16,IND_HR_GGN_02,Sector 51 IMD,Sector 51,28.4283,77.0722,18.7,36.2,29.8,13.2,0.43,42.1,31,Good
2024-09-17,IND_HR_GGN_02,Sector 51 IMD,Sector 51,28.4283,77.0722,98.7,143.5,48,13.1,0.91,33.7,229,Poor
2024-09-18,IND_HR_GGN_02,Sector 51 IMD,Sector 51,28.4283,77.0722,96,143.5,71.6,5,1.05,55.7,220,Poor
2024-09-19,IND_HR_GGN_02,Sector 51 IMD,Sector 51,28.4283,77.0722,40.7,82.6,32.6,18.4,0.9,10,67,Satisfactory
2024-09-20,IND_HR_GGN_02,Sector 51 IMD,Sector 51,28.4283,77.0722,62.7,113.2,40.8,7.5,1.89,52.5,109,Moderate
2024-09-21,IND_HR_GGN_02,Sector 51 IMD,Sector 51,28.4283,77.0722,74.5,135.6,35.7,16.6,0.8,32.5,148,Moderate
2024-09-22,IND_HR_GGN_02,Sector 51 IMD,Sector 51,28.4283,77.0722,54.9,108,22.4,20.8,0.6,32.4,91,Satisfactory
2024-09-23,IND_HR_GGN_02,Sector 51 IMD,Sector 51,28.4283,77.0722,68,109.3,50,11.2,0.58,48.9,126,Moderate
2024-09-24,IND_HR_GGN_02,Sector 51 IMD,Sector 51,28.4283,77.0722,50.1,77.1,42.1,22.5,1.21,61.4,83,Satisfactory
2024-09-25,IND_HR_GGN_02,Sector 51 IMD,Sector 51,28.4283,77.0722,63,125.1,44.2,17.6,1.28,29.1,110,Moderate
2024-09-26,IND_HR_GGN_02,Sector 51 IMD,Sector 51,28.4283,77.0722,73.2,134.7,38.4,14.5,1.4,69.2,144,Moderate
2024-09-27,IND_HR_GGN_02,Sector 51 IMD,Sector 51,28.4283,77.0722,79.7,148.5,49.4,24.3,1.6,75.5,165,Moderate
2024-09-28,IND_HR_GGN_02,Sector 51 IMD,Sector 51,28.4283,77.0722,78.7,122.4,78.7,9.4,1.88,44.7,162,Moderate
2024-09-29,IND_HR_GGN_02,Sector 51 IMD,Sector 51,28.4283,77.0722,50.9,97,25.9,16.2,0.72,36.4,84,Satisfactory
2024-09-30,IND_HR_GGN_02,Sector 51 IMD,Sector 51,28.4283,77.0722,73.3,129.5,39.4,17.5,1.86,31.6,144,Moderate
2024-10-01,IND_HR_GGN_02,Sector 51 IMD,Sector 51,28.4283,77.0722,113.5,196.2,62.4,16.9,1.85,43.8,278,Poor
2024-10-02,IND_HR_GGN_02,Sector 51 IMD,Sector 51,28.4283,77.0722,56.5,81,59.9,17.5,0.86,33.9,94,Satisfactory
2024-10-03,IND_HR_GGN_02,Sector 51 IMD,Sector 51,28.4283,77.0722,99.8,152.7,56.4,20.5,0.34,48.8,232,Poor
2024-10-04,IND_HR_GGN_02,Sector 51 IMD,Sector 51,28.4283,77.0722,93.6,180.2,57,6.1,1.94,45.3,211,Poor
2024-10-05,IND_HR_GGN_02,Sector 51 IMD,Sector 51,28.4283,77.0722,99.2,200.7,65,7.8,1.25,51.7,230,Poor
2024-10-06,IND_HR_GGN_02,Sector 51 IMD,Sector 51,28.4283,77.0722,74.5,127.1,52.3,10.9,1.47,25.4,148,Moderate
2024-10-07,IND_HR_GGN_02,Sector 51 IMD,Sector 51,28.4283,77.0722,98,177.9,55.1,14.8,2.3,34.2,226,Poor
2024-10-08,IND_HR_GGN_02,Sector 51 IMD,Sector 51,28.4283,77.0722,37.5,66.2,39.3,12.5,0.47,40.6,62,Satisfactory
2024-10-09,IND_HR_GGN_02,Sector 51 IMD,Sector 51,28.4283,77.0722,61.3,104.8,45.7,13.3,0.51,33.2,104,Moderate
2024-10-10,IND_HR_GGN_02,Sector 51 IMD,Sector 51,28.4283,77.0722,86.7,171.4,44.3,8,1.81,38.4,189,Moderate
2024-10-11,IND_HR_GGN_02,Sector 51 IMD,Sector 51,28.4283,77.0722,82.4,124.1,45,17.4,2.04,29.4,174,Moderate
2024-10-12,IND_HR_GGN_02,Sector 51 IMD,Sector 51,28.4283,77.0722,96.1,199.1,47.1,8.5,0.98,42.2,220,Poor
2024-10-13,IND_HR_GGN_02,Sector 51 IMD,Sector 51,28.4283,77.0722,64.6,122.4,48.3,23.1,1.76,39.2,115,Moderate
2024-10-14,IND_HR_GGN_02,Sector 51 IMD,Sector 51,28.4283,77.0722,61.6,102.8,27.3,13.5,0.43,35.7,105,Moderate
2024-10-15,IND_HR_GGN_02,Sector 51 IMD,Sector 51,28.4283,77.0722,61.2,90.5,39.6,12.4,0.55,47.7,104,Moderate
2024-10-16,IND_HR_GGN_02,Sector 51 IMD,Sector 51,28.4283,77.0722,331.7,674,167.8,12.9,2.52,44.8,454,Severe
2024-10-17,IND_HR_GGN_02,Sector 51 IMD,Sector 51,28.4283,77.0722,276.4,432.1,116.1,17.5,5.53,41.6,417,Severe
2024-10-18,IND_HR_GGN_02,Sector 51 IMD,Sector 51,28.4283,77.0722,222.4,323.1,74.5,20.9,3.2,52.3,378,Very Poor
2024-10-19,IND_HR_GGN_02,Sector 51 IMD,Sector 51,28.4283,77.0722,328.5,610,26,10.1,3.81,24.1,452,Severe
2024-10-20,IND_HR_GGN_02,Sector 51 IMD,Sector 51,28.4283,77.0722,260.8,498.6,76.5,16.1,0.2,48.8,407,Severe
2024-10-21,IND_HR_GGN_02,Sector 51 IMD,Sector 51,28.4283,77.0722,318.9,474.9,39.5,17.4,4.41,23.5,445,Severe
2024-10-22,IND_HR_GGN_02,Sector 51 IMD,Sector 51,28.4283,77.0722,338.6,613.1,101.8,12.6,2.55,30.8,459,Severe
2024-10-23,IND_HR_GGN_02,Sector 51 IMD,Sector 51,28.4283,77.0722,238.6,467.7,136,6.3,2.88,58.3,391,Very Poor
2024-10-24,IND_HR_GGN_02,Sector 51 IMD,Sector 51,28.4283,77.0722,308.7,526.3,90.9,18.5,3.65,10,439,Severe
2024-10-25,IND_HR_GGN_02,Sector 51 IMD,Sector 51,28.4283,77.0722,256.5,489.7,104.2,18,2.72,23,404,Severe
2024-10-26,IND_HR_GGN_02,Sector 51 IMD,Sector 51,28.4283,77.0722,169.7,258.4,58.5,15.9,0.64,31.7,338,Very Poor
2024-10-27,IND_HR_GGN_02,Sector 51 IMD,Sector 51,28.4283,77.0722,230.1,341,87,17,1.47,26.7,384,Very Poor
2024-10-28,IND_HR_GGN_02,Sector 51 IMD,Sector 51,28.4283,77.0722,262.6,507,14.4,9.4,1.67,22.7,408,Severe
2024-10-29,IND_HR_GGN_02,Sector 51 IMD,Sector 51,28.4283,77.0722,284.4,492.4,82.2,10.9,4.08,57,422,Severe
2024-10-30,IND_HR_GGN_02,Sector 51 IMD,Sector 51,28.4283,77.0722,235.8,355.6,49.4,14.6,2.03,22.8,389,Very Poor
2024-10-31,IND_HR_GGN_02,Sector 51 IMD,Sector 51,28.4283,77.0722,398.2,747,162.1,12.7,3.25,30.4,498,Severe
2024-11-01,IND_HR_GGN_02,Sector 51 IMD,Sector 51,28.4283,77.0722,440.9,786.8,209,19.5,3.01,69.7,500,Severe
2024-11-02,IND_HR_GGN_02,Sector 51 IMD,Sector 51,28.4283,77.0722,496.8,757.5,154.9,16.2,5.53,19.9,500,Severe
2024-11-03,IND_HR_GGN_02,Sector 51 IMD,Sector 51,28.4283,77.0722,518.7,918.6,205.9,15.6,4.99,45.4,500,Severe
2024-11-04,IND_HR_GGN_02,Sector 51 IMD,Sector 51,28.4283,77.0722,494.9,981.1,105.1,17.9,10.25,50.7,500,Severe
2024-11-05,IND_HR_GGN_02,Sector 51 IMD,Sector 51,28.4283,77.0722,358,547.1,112.7,17.4,2.76,72.2,472,Severe
2024-11-06,IND_HR_GGN_02,Sector 51 IMD,Sector 51,28.4283,77.0722,372.2,583.6,83.3,8.6,5.37,72.9,481,Severe
2024-11-07,IND_HR_GGN_02,Sector 51 IMD,Sector 51,28.4283,77.0722,589.4,1161.8,177.8,18.6,5.71,23.8,500,Severe
2024-11-08,IND_HR_GGN_02,Sector 51 IMD,Sector 51,28.4283,77.0722,561.3,1059.3,246.5,13.3,11.4,18.1,500,Severe
2024-11-09,IND_HR_GGN_02,Sector 51 IMD,Sector 51,28.4283,77.0722,466.7,730.2,89.3,11.7,2.91,55.4,500,Severe
2024-11-10,IND_HR_GGN_02,Sector 51 IMD,Sector 51,28.4283,77.0722,526.1,939.5,199.4,15.6,3.65,47.5,500,Severe
2024-11-11,IND_HR_GGN_02,Sector 51 IMD,Sector 51,28.4283,77.0722,236.1,441.4,69.5,12.8,0.82,46.2,389,Very Poor
2024-11-12,IND_HR_GGN_02,Sector 51 IMD,Sector 51,28.4283,77.0722,296.5,543.5,116,13.6,3.98,28.6,431,Severe
2024-11-13,IND_HR_GGN_02,Sector 51 IMD,Sector 51,28.4283,77.0722,294.1,483.6,115.9,20.6,1.67,39.7,429,Severe
2024-11-14,IND_HR_GGN_02,Sector 51 IMD,Sector 51,28.4283,77.0722,193,272.3,114.6,16.2,1.68,26.2,356,Very Poor
2024-11-15,IND_HR_GGN_02,Sector 51 IMD,Sector 51,28.4283,77.0722,280.8,504,74.5,21.2,3.51,53.7,420,Severe
2024-11-16,IND_HR_GGN_02,Sector 51 IMD,Sector 51,28.4283,77.0722,280.2,478.9,93.1,13.7,5.91,36.1,420,Severe
2024-11-17,IND_HR_GGN_02,Sector 51 IMD,Sector 51,28.4283,77.0722,293.7,596.8,97.2,7.8,4.55,50.9,429,Severe
2024-11-18,IND_HR_GGN_02,Sector 51 IMD,Sector 51,28.4283,77.0722,194.5,400.4,110.3,15.3,4.09,53.1,357,Very Poor
2024-11-19,IND_HR_GGN_02,Sector 51 IMD,Sector 51,28.4283,77.0722,367.3,704.3,202.4,18.1,3.68,48.7,478,Severe
2024-11-20,IND_HR_GGN_02,Sector 51 IMD,Sector 51,28.4283,77.0722,301,578,154.4,12.5,3.83,35.3,434,Severe
2024-11-21,IND_HR_GGN_02,Sector 51 IMD,Sector 51,28.4283,77.0722,391,818.7,107.1,7.1,1.99,32.5,494,Severe
2024-11-22,IND_HR_GGN_02,Sector 51 IMD,Sector 51,28.4283,77.0722,243.2,369.1,121.9,14.2,2.22,49.7,394,Very Poor
2024-11-23,IND_HR_GGN_02,Sector 51 IMD,Sector 51,28.4283,77.0722,328.1,583.2,128.7,18.3,3.11,32.3,452,Severe
2024-11-24,IND_HR_GGN_02,Sector 51 IMD,Sector 51,28.4283,77.0722,405.3,787.1,173.1,19.3,5.17,50.2,500,Severe
2024-11-25,IND_HR_GGN_02,Sector 51 IMD,Sector 51,28.4283,77.0722,271.9,547.7,112.3,15.6,2.72,40.9,414,Severe
2024-11-26,IND_HR_GGN_02,Sector 51 IMD,Sector 51,28.4283,77.0722,348.3,550.4,120.3,22.1,4.32,51,465,Severe
2024-11-27,IND_HR_GGN_02,Sector 51 IMD,Sector 51,28.4283,77.0722,241.4,382.7,77.3,20.5,1.37,45.4,393,Very Poor
2024-11-28,IND_HR_GGN_02,Sector 51 IMD,Sector 51,28.4283,77.0722,313,602.9,125.2,4.1,6.27,42.6,442,Severe
2024-11-29,IND_HR_GGN_02,Sector 51 IMD,Sector 51,28.4283,77.0722,149.4,234.7,72,19.7,1.45,35,322,Very Poor
2024-11-30,IND_HR_GGN_02,Sector 51 IMD,Sector 51,28.4283,77.0722,369.2,744.4,149.8,16.8,4.48,45.4,479,Severe
2024-12-01,IND_HR_GGN_02,Sector 51 IMD,Sector 51,28.4283,77.0722,271.8,430.9,152.4,10.7,4.42,31.2,414,Severe
2024-12-02,IND_HR_GGN_02,Sector 51 IMD,Sector 51,28.4283,77.0722,235,432.2,74.1,7.3,3.76,52.6,388,Very Poor
2024-12-03,IND_HR_GGN_02,Sector 51 IMD,Sector 51,28.4283,77.0722,312.3,449.9,99,13.8,3.82,50.7,441,Severe
2024-12-04,IND_HR_GGN_02,Sector 51 IMD,Sector 51,28.4283,77.0722,251.6,375.6,56.9,7.2,4.24,38,401,Severe
2024-12-05,IND_HR_GGN_02,Sector 51 IMD,Sector 51,28.4283,77.0722,279.9,586.2,143,16.3,4.33,45.7,419,Severe
2024-12-06,IND_HR_GGN_02,Sector 51 IMD,Sector 51,28.4283,77.0722,187.6,290.7,104.9,8.3,3.01,45.6,352,Very Poor
2024-12-07,IND_HR_GGN_02,Sector 51 IMD,Sector 51,28.4283,77.0722,239,487.9,59,10.3,3.22,64,391,Very Poor
2024-12-08,IND_HR_GGN_02,Sector 51 IMD,Sector 51,28.4283,77.0722,229.1,427.4,118.3,21.9,1.93,19.4,383,Very Poor
2024-12-09,IND_HR_GGN_02,Sector 51 IMD,Sector 51,28.4283,77.0722,286.6,594.4,94.9,10.5,1.99,46,424,Severe
2024-12-10,IND_HR_GGN_02,Sector 51 IMD,Sector 51,28.4283,77.0722,366,539.3,139.5,17.4,3.86,11.3,477,Severe
2024-12-11,IND_HR_GGN_02,Sector 51 IMD,Sector 51,28.4283,77.0722,453.9,793.5,160.3,4,7.32,48.7,500,Severe
2024-12-12,IND_HR_GGN_02,Sector 51 IMD,Sector 51,28.4283,77.0722,214.3,418.9,95.1,13.7,2.64,39.6,372,Very Poor
2024-12-13,IND_HR_GGN_02,Sector 51 IMD,Sector 51,28.4283,77.0722,329.8,687.3,156,13.2,4.21,21.4,453,Severe
2024-12-14,IND_HR_GGN_02,Sector 51 IMD,Sector 51,28.4283,77.0722,168.6,257.4,78.1,13.7,2.58,41.8,337,Very Poor
2024-12-15,IND_HR_GGN_02,Sector 51 IMD,Sector 51,28.4283,77.0722,351.8,546.1,148.3,19.4,3.89,29.7,467,Severe
2024-12-16,IND_HR_GGN_02,Sector 51 IMD,Sector 51,28.4283,77.0722,305.3,498.9,152.9,9.2,3.65,42.5,436,Severe
2024-12-17,IND_HR_GGN_02,Sector 51 IMD,Sector 51,28.4283,77.0722,288.6,471.1,76.5,5.8,2.81,70.1,425,Severe
2024-12-18,IND_HR_GGN_02,Sector 51 IMD,Sector 51,28.4283,77.0722,296.8,544.4,102.4,12.6,5.09,51.2,431,Severe
2024-12-19,IND_HR_GGN_02,Sector 51 IMD,Sector 51,28.4283,77.0722,332,638.2,196.3,18.1,2.3,69.6,454,Severe
2024-12-20,IND_HR_GGN_02,Sector 51 IMD,Sector 51,28.4283,77.0722,215.5,343.1,72.1,16.8,3.84,31.7,373,Very Poor
2024-12-21,IND_HR_GGN_02,Sector 51 IMD,Sector 51,28.4283,77.0722,183.2,281.5,71.2,21.1,0.37,55,348,Very Poor
2024-12-22,IND_HR_GGN_02,Sector 51 IMD,Sector 51,28.4283,77.0722,252.1,353.6,143.7,11,2.53,54.9,401,Severe
2024-12-23,IND_HR_GGN_02,Sector 51 IMD,Sector 51,28.4283,77.0722,309.3,476.7,179.1,8.4,4.62,49,439,Severe
2024-12-24,IND_HR_GGN_02,Sector 51 IMD,Sector 51,28.4283,77.0722,282.7,490.5,77.1,13.6,1.56,26.2,421,Severe
2024-12-25,IND_HR_GGN_02,Sector 51 IMD,Sector 51,28.4283,77.0722,233.9,423.6,139.7,23,2.71,35.4,387,Very Poor
2024-12-26,IND_HR_GGN_02,Sector 51 IMD,Sector 51,28.4283,77.0722,360,538,84.1,12.5,3.21,41.3,473,Severe
2024-12-27,IND_HR_GGN_02,Sector 51 IMD,Sector 51,28.4283,77.0722,309.4,495.5,105.9,8.2,4.1,66.4,439,Severe
2024-12-28,IND_HR_GGN_02,Sector 51 IMD,Sector 51,28.4283,77.0722,342,569.4,117.6,23.3,3.89,63.1,461,Severe
2024-12-29,IND_HR_GGN_02,Sector 51 IMD,Sector 51,28.4283,77.0722,267.3,386.4,111.2,18,3.75,48.4,411,Severe
2024-12-30,IND_HR_GGN_02,Sector 51 IMD,Sector 51,28.4283,77.0722,219.2,448.2,102.5,6.4,3.51,30.1,376,Very Poor
2024-12-31,IND_HR_GGN_02,Sector 51 IMD,Sector 51,28.4283,77.0722,173.4,246.3,117.4,14,2.69,34.9,341,Very Poor
2024-01-01,IND_HR_GGN_03,Teri Gram,Gwal Pahari,28.4288,77.1511,257,512.6,85.1,11,2.15,37.9,404,Severe
2024-01-02,IND_HR_GGN_03,Teri Gram,Gwal Pahari,28.4288,77.1511,173.7,257.1,8.5,7.3,1.82,42.4,341,Very Poor
2024-01-03,IND_HR_GGN_03,Teri Gram,Gwal Pahari,28.4288,77.1511,249.5,515.6,59,7.7,1.38,28.2,399,Very Poor
2024-01-04,IND_HR_GGN_03,Teri Gram,Gwal Pahari,28.4288,77.1511,174.1,278.8,96.1,12.3,2.66,10,341,Very Poor
2024-01-05,IND_HR_GGN_03,Teri Gram,Gwal Pahari,28.4288,77.1511,315.7,461.4,80.6,14.4,2.29,39.9,443,Severe
2024-01-06,IND_HR_GGN_03,Teri Gram,Gwal Pahari,28.4288,77.1511,179.8,330.8,79.1,16.9,3.7,30.6,346,Very Poor
2024-01-07,IND_HR_GGN_03,Teri Gram,Gwal Pahari,28.4288,77.1511,201.9,284.3,113.6,10.6,1.52,47.4,363,Very Poor
2024-01-08,IND_HR_GGN_03,Teri Gram,Gwal Pahari,28.4288,77.1511,233.9,354.8,143.6,17.4,3.28,52.4,387,Very Poor
2024-01-09,IND_HR_GGN_03,Teri Gram,Gwal Pahari,28.4288,77.1511,149.8,249.4,56,18.8,2.79,90.9,322,Very Poor
2024-01-10,IND_HR_GGN_03,Teri Gram,Gwal Pahari,28.4288,77.1511,191,380.3,72.9,16,2.89,24.2,354,Very Poor
2024-01-11,IND_HR_GGN_03,Teri Gram,Gwal Pahari,28.4288,77.1511,130.6,262.3,48,11.8,1.34,49.9,308,Very Poor
2024-01-12,IND_HR_GGN_03,Teri Gram,Gwal Pahari,28.4288,77.1511,212.2,379.6,108.2,17.6,4.11,18,370,Very Poor
2024-01-13,IND_HR_GGN_03,Teri Gram,Gwal Pahari,28.4288,77.1511,209.4,414.7,83.5,5.7,3.01,33.2,368,Very Poor
2024-01-14,IND_HR_GGN_03,Teri Gram,Gwal Pahari,28.4288,77.1511,166.1,281.6,52.9,16.3,2.75,27.8,335,Very Poor
2024-01-15,IND_HR_GGN_03,Teri Gram,Gwal Pahari,28.4288,77.1511,232.5,462.3,96.7,19.5,4.16,35,386,Very Poor
2024-01-16,IND_HR_GGN_03,Teri Gram,Gwal Pahari,28.4288,77.1511,219.8,447.3,104.5,21.4,3.73,34.8,376,Very Poor
2024-01-17,IND_HR_GGN_03,Teri Gram,Gwal Pahari,28.4288,77.1511,320.4,595.4,179.9,16.2,3.3,51.7,446,Severe
2024-01-18,IND_HR_GGN_03,Teri Gram,Gwal Pahari,28.4288,77.1511,194.1,343.3,79.7,16,1.64,53.6,357,Very Poor
2024-01-19,IND_HR_GGN_03,Teri Gram,Gwal Pahari,28.4288,77.1511,242.5,432.3,158.5,16.5,4.64,47.6,394,Very Poor
2024-01-20,IND_HR_GGN_03,Teri Gram,Gwal Pahari,28.4288,77.1511,207.7,306.8,110.2,12.4,1.47,17.3,367,Very Poor
2024-01-21,IND_HR_GGN_03,Teri Gram,Gwal Pahari,28.4288,77.1511,203.1,348.7,73.4,11.3,1.85,25.2,363,Very Poor
2024-01-22,IND_HR_GGN_03,Teri Gram,Gwal Pahari,28.4288,77.1511,153,236.1,54.6,7.4,2.64,51.1,325,Very Poor
2024-01-23,IND_HR_GGN_03,Teri Gram,Gwal Pahari,28.4288,77.1511,139.2,262.8,48.8,7.7,1.39,37.9,314,Very Poor
2024-01-24,IND_HR_GGN_03,Teri Gram,Gwal Pahari,28.4288,77.1511,233,433.1,26.2,15.4,2.64,55.8,386,Very Poor
2024-01-25,IND_HR_GGN_03,Teri Gram,Gwal Pahari,28.4288,77.1511,216,440.9,72,17.9,0.63,35.2,373,Very Poor
2024-01-26,IND_HR_GGN_03,Teri Gram,Gwal Pahari,28.4288,77.1511,115.5,183,56.8,5,1.13,47.2,285,Poor
2024-01-27,IND_HR_GGN_03,Teri Gram,Gwal Pahari,28.4288,77.1511,232,452.1,121.6,6.5,1.56,61.2,386,Very Poor
2024-01-28,IND_HR_GGN_03,Teri Gram,Gwal Pahari,28.4288,77.1511,238.4,383.2,135.1,20.9,4.65,15.3,391,Very Poor
2024-01-29,IND_HR_GGN_03,Teri Gram,Gwal Pahari,28.4288,77.1511,206.2,352.8,95.1,9.5,2.31,59.4,366,Very Poor
2024-01-30,IND_HR_GGN_03,Teri Gram,Gwal Pahari,28.4288,77.1511,227.7,368.7,77,10.4,2.81,36.9,382,Very Poor
2024-01-31,IND_HR_GGN_03,Teri Gram,Gwal Pahari,28.4288,77.1511,279.5,474.1,105.9,17.7,3.18,37.3,419,Severe
2024-02-01,IND_HR_GGN_03,Teri Gram,Gwal Pahari,28.4288,77.1511,238.4,447.1,102,16.9,3.5,53,391,Very Poor
2024-02-02,IND_HR_GGN_03,Teri Gram,Gwal Pahari,28.4288,77.1511,162.3,299.7,59.5,12.2,2.71,55.5,332,Very Poor
2024-02-03,IND_HR_GGN_03,Teri Gram,Gwal Pahari,28.4288,77.1511,182.3,330,61,14.2,2.07,37.8,347,Very Poor
2024-02-04,IND_HR_GGN_03,Teri Gram,Gwal Pahari,28.4288,77.1511,157.8,256.3,73.8,9.4,1.6,40,329,Very Poor
2024-02-05,IND_HR_GGN_03,Teri Gram,Gwal Pahari,28.4288,77.1511,294.1,438.6,65.7,5.6,4.3,54.9,429,Severe
2024-02-06,IND_HR_GGN_03,Teri Gram,Gwal Pahari,28.4288,77.1511,176,304,102.8,11.7,1.88,51.5,343,Very Poor
2024-02-07,IND_HR_GGN_03,Teri Gram,Gwal Pahari,28.4288,77.1511,206.5,392.5,67.7,22.5,3.23,48.3,366,Very Poor
2024-02-08,IND_HR_GGN_03,Teri Gram,Gwal Pahari,28.4288,77.1511,209.4,420.1,81.6,8.6,0.41,10,368,Very Poor
2024-02-09,IND_HR_GGN_03,Teri Gram,Gwal Pahari,28.4288,77.1511,195.4,357.6,93.9,15.6,2.76,31.8,358,Very Poor
2024-02-10,IND_HR_GGN_03,Teri Gram,Gwal Pahari,28.4288,77.1511,158.7,256.7,83.5,7.8,1.33,26.4,329,Very Poor
2024-02-11,IND_HR_GGN_03,Teri Gram,Gwal Pahari,28.4288,77.1511,211.2,327.1,101.6,8.1,2.11,25.6,370,Very Poor
2024-02-12,IND_HR_GGN_03,Teri Gram,Gwal Pahari,28.4288,77.1511,174.7,269.2,75.6,13.9,1.96,29.2,342,Very Poor
2024-02-13,IND_HR_GGN_03,Teri Gram,Gwal Pahari,28.4288,77.1511,164.4,345.1,86.3,4,1.1,59.3,334,Very Poor
2024-02-14,IND_HR_GGN_03,Teri Gram,Gwal Pahari,28.4288,77.1511,231.1,376.3,87,8.7,4.12,30.6,385,Very Poor
2024-02-15,IND_HR_GGN_03,Teri Gram,Gwal Pahari,28.4288,77.1511,51.7,88.3,33.5,6.9,1.18,39.5,86,Satisfactory
2024-02-16,IND_HR_GGN_03,Teri Gram,Gwal Pahari,28.4288,77.1511,44.5,92.3,28.4,17.1,1.26,16,74,Satisfactory
2024-02-17,IND_HR_GGN_03,Teri Gram,Gwal Pahari,28.4288,77.1511,49.1,84.5,43.2,16.1,0.48,51.6,81,Satisfactory
2024-02-18,IND_HR_GGN_03,Teri Gram,Gwal Pahari,28.4288,77.1511,67,128.1,46.9,12.3,1.44,34.4,123,Moderate
2024-02-19,IND_HR_GGN_03,Teri Gram,Gwal Pahari,28.4288,77.1511,57,102.8,19.2,7,0.95,49.8,95,Satisfactory
2024-02-20,IND_HR_GGN_03,Teri Gram,Gwal Pahari,28.4288,77.1511,45.9,66.9,53.7,4,0.65,36.4,76,Satisfactory
2024-02-21,IND_HR_GGN_03,Teri Gram,Gwal Pahari,28.4288,77.1511,26.9,40.3,29.4,13.3,0.25,30.8,44,Good
2024-02-22,IND_HR_GGN_03,Teri Gram,Gwal Pahari,28.4288,77.1511,76.4,120.8,42.6,19.1,1.32,51.8,154,Moderate
2024-02-23,IND_HR_GGN_03,Teri Gram,Gwal Pahari,28.4288,77.1511,89.5,139,56.1,12.6,0.56,47,198,Moderate
2024-02-24,IND_HR_GGN_03,Teri Gram,Gwal Pahari,28.4288,77.1511,52.6,108.2,33.4,9.3,1.23,57.9,87,Satisfactory
2024-02-25,IND_HR_GGN_03,Teri Gram,Gwal Pahari,28.4288,77.1511,62.2,89.5,28.3,5.2,1.39,59.7,107,Moderate
2024-02-26,IND_HR_GGN_03,Teri Gram,Gwal Pahari,28.4288,77.1511,69.7,136.2,55.5,15,0.91,80.3,132,Moderate
2024-02-27,IND_HR_GGN_03,Teri Gram,Gwal Pahari,28.4288,77.1511,46.1,67.9,44.4,8,0.85,16.1,76,Satisfactory
2024-02-28,IND_HR_GGN_03,Teri Gram,Gwal Pahari,28.4288,77.1511,77.8,127.8,39.5,15.2,0.81,19,159,Moderate
2024-02-29,IND_HR_GGN_03,Teri Gram,Gwal Pahari,28.4288,77.1511,73.6,111,23.2,15.8,1.18,39.3,145,Moderate
2024-03-01,IND_HR_GGN_03,Teri Gram,Gwal Pahari,28.4288,77.1511,68.5,134.1,19.5,13.8,0.68,55,128,Moderate
2024-03-02,IND_HR_GGN_03,Teri Gram,Gwal Pahari,28.4288,77.1511,64.5,103.3,33.7,17.5,0.85,48.1,115,Moderate
2024-03-03,IND_HR_GGN_03,Teri Gram,Gwal Pahari,28.4288,77.1511,51.5,86,36.3,18.7,0.34,11.3,85,Satisfactory
2024-03-04,IND_HR_GGN_03,Teri Gram,Gwal Pahari,28.4288,77.1511,45,90.8,43.4,6.5,0.42,58.1,75,Satisfactory
2024-03-05,IND_HR_GGN_03,Teri Gram,Gwal Pahari,28.4288,77.1511,74.2,136.8,59.2,6,0.25,34.8,147,Moderate
2024-03-06,IND_HR_GGN_03,Teri Gram,Gwal Pahari,28.4288,77.1511,53.2,111.6,48.5,19.3,1.39,47.4,88,Satisfactory
2024-03-07,IND_HR_GGN_03,Teri Gram,Gwal Pahari,28.4288,77.1511,43.1,65,30.4,15.8,0.67,10,71,Satisfactory
2024-03-08,IND_HR_GGN_03,Teri Gram,Gwal Pahari,28.4288,77.1511,67.3,129.5,58.2,10,0.7,39.2,124,Moderate
2024-03-09,IND_HR_GGN_03,Teri Gram,Gwal Pahari,28.4288,77.1511,58.8,116.5,32.5,13.1,0.43,63.6,98,Satisfactory
2024-03-10,IND_HR_GGN_03,Teri Gram,Gwal Pahari,28.4288,77.1511,36.1,68.5,27.7,12.6,0.69,44,60,Satisfactory
2024-03-11,IND_HR_GGN_03,Teri Gram,Gwal Pahari,28.4288,77.1511,51.9,83.2,40.4,7.8,0.75,39.1,86,Satisfactory
2024-03-12,IND_HR_GGN_03,Teri Gram,Gwal Pahari,28.4288,77.1511,68.4,136.6,34.4,14.5,1.51,60.9,128,Moderate
2024-03-13,IND_HR_GGN_03,Teri Gram,Gwal Pahari,28.4288,77.1511,75.2,108.1,46.2,13.8,2.08,51.2,150,Moderate
2024-03-14,IND_HR_GGN_03,Teri Gram,Gwal Pahari,28.4288,77.1511,70.6,131.5,47,13.9,1.41,55.5,135,Moderate
2024-03-15,IND_HR_GGN_03,Teri Gram,Gwal Pahari,28.4288,77.1511,81,144.7,56.3,12.6,0.81,34.1,170,Moderate
2024-03-16,IND_HR_GGN_03,Teri Gram,Gwal Pahari,28.4288,77.1511,65.5,103.8,65.5,12,1.3,39.3,118,Moderate
2024-03-17,IND_HR_GGN_03,Teri Gram,Gwal Pahari,28.4288,77.1511,70.7,109.5,36.9,27.9,1.48,24.8,135,Moderate
2024-03-18,IND_HR_GGN_03,Teri Gram,Gwal Pahari,28.4288,77.1511,35.5,58.8,19.7,16.9,1.36,32,59,Satisfactory
2024-03-19,IND_HR_GGN_03,Teri Gram,Gwal Pahari,28.4288,77.1511,66.5,112.9,59.1,16.7,1.41,37.6,121,Moderate
2024-03-20,IND_HR_GGN_03,Teri Gram,Gwal Pahari,28.4288,77.1511,69.7,107.3,63.4,18.8,1.27,50.4,132,Moderate
2024-03-21,IND_HR_GGN_03,Teri Gram,Gwal Pahari,28.4288,77.1511,84.3,160.2,64.2,17.1,0.52,55.3,181,Moderate
2024-03-22,IND_HR_GGN_03,Teri Gram,Gwal Pahari,28.4288,77.1511,61.3,101.5,66.3,20,0.6,24.5,104,Moderate
2024-03-23,IND_HR_GGN_03,Teri Gram,Gwal Pahari,28.4288,77.1511,64.7,97,44.6,11.6,1.42,34.3,115,Moderate
2024-03-24,IND_HR_GGN_03,Teri Gram,Gwal Pahari,28.4288,77.1511,70.2,119.9,25.6,25,1.56,31.1,134,Moderate
2024-03-25,IND_HR_GGN_03,Teri Gram,Gwal Pahari,28.4288,77.1511,58.4,105,24.1,11.8,1.06,49.8,97,Satisfactory
2024-03-26,IND_HR_GGN_03,Teri Gram,Gwal Pahari,28.4288,77.1511,64.4,133.6,18.6,16.2,1.81,27.4,114,Moderate
2024-03-27,IND_HR_GGN_03,Teri Gram,Gwal Pahari,28.4288,77.1511,40.3,77.6,26.8,12.5,0.38,52.1,67,Satisfactory
2024-03-28,IND_HR_GGN_03,Teri Gram,Gwal Pahari,28.4288,77.1511,40.1,68.4,46.2,15.2,0.7,32.1,66,Satisfactory
2024-03-29,IND_HR_GGN_03,Teri Gram,Gwal Pahari,28.4288,77.1511,63.3,104.9,59.8,14.9,0.92,12.9,110,Moderate
2024-03-30,IND_HR_GGN_03,Teri Gram,Gwal Pahari,28.4288,77.1511,84.8,140.4,47.9,5.9,1.56,34.3,182,Moderate
2024-03-31,IND_HR_GGN_03,Teri Gram,Gwal Pahari,28.4288,77.1511,75.5,135.1,42.3,22.9,1.1,58.4,151,Moderate
2024-04-01,IND_HR_GGN_03,Teri Gram,Gwal Pahari,28.4288,77.1511,54.3,85.3,29.5,16,0.2,30.8,90,Satisfactory
2024-04-02,IND_HR_GGN_03,Teri Gram,Gwal Pahari,28.4288,77.1511,71.4,132.2,33.7,14.4,1.08,58.5,138,Moderate
2024-04-03,IND_HR_GGN_03,Teri Gram,Gwal Pahari,28.4288,77.1511,104.8,154.9,42.7,27.1,0.58,32.4,249,Poor
2024-04-04,IND_HR_GGN_03,Teri Gram,Gwal Pahari,28.4288,77.1511,107.8,215.4,72.3,17.7,2.2,20.5,259,Poor
2024-04-05,IND_HR_GGN_03,Teri Gram,Gwal Pahari,28.4288,77.1511,82.3,154.6,63.3,16.1,0.97,49,174,Moderate
2024-04-06,IND_HR_GGN_03,Teri Gram,Gwal Pahari,28.4288,77.1511,86.9,164.9,55.1,19.9,0.86,47.4,189,Moderate
2024-04-07,IND_HR_GGN_03,Teri Gram,Gwal Pahari,28.4288,77.1511,106.6,205.2,41.2,13.4,0.67,65.9,255,Poor
2024-04-08,IND_HR_GGN_03,Teri Gram,Gwal Pahari,28.4288,77.1511,108.9,188.2,39.3,14.5,1.51,10,263,Poor
2024-04-09,IND_HR_GGN_03,Teri Gram,Gwal Pahari,28.4288,77.1511,62.9,130.8,24,5.9,1.24,23,109,Moderate
2024-04-10,IND_HR_GGN_03,Teri Gram,Gwal Pahari,28.4288,77.1511,103,190.2,60.4,18.7,1.72,22.5,243,Poor
2024-04-11,IND_HR_GGN_03,Teri Gram,Gwal Pahari,28.4288,77.1511,104.8,183.8,63.1,15.7,0.2,62.8,249,Poor
2024-04-12,IND_HR_GGN_03,Teri Gram,Gwal Pahari,28.4288,77.1511,84.7,130.7,42.1,19.1,0.8,61.3,182,Moderate
2024-04-13,IND_HR_GGN_03,Teri Gram,Gwal Pahari,28.4288,77.1511,100.3,179.6,63.1,21.4,1.85,59.9,234,Poor
2024-04-14,IND_HR_GGN_03,Teri Gram,Gwal Pahari,28.4288,77.1511,100.4,200.3,41.5,10.7,1.61,51.7,234,Poor
2024-04-15,IND_HR_GGN_03,Teri Gram,Gwal Pahari,28.4288,77.1511,81.1,162.1,39.8,13.5,1.68,39.1,170,Moderate
2024-04-16,IND_HR_GGN_03,Teri Gram,Gwal Pahari,28.4288,77.1511,105,150.9,35.5,24.1,1.8,41.8,250,Poor
2024-04-17,IND_HR_GGN_03,Teri Gram,Gwal Pahari,28.4288,77.1511,110.8,159.7,52.2,26.8,1.09,36.5,269,Poor
2024-04-18,IND_HR_GGN_03,Teri Gram,Gwal Pahari,28.4288,77.1511,66.6,127.7,39.3,13,1.36,35.1,121,Moderate
2024-04-19,IND_HR_GGN_03,Teri Gram,Gwal Pahari,28.4288,77.1511,96.8,157.4,63,22.3,1.72,50.7,222,Poor
2024-04-20,IND_HR_GGN_03,Teri Gram,Gwal Pahari,28.4288,77.1511,32.1,51.2,45.8,10,0.69,56.4,53,Satisfactory
2024-04-21,IND_HR_GGN_03,Teri Gram,Gwal Pahari,28.4288,77.1511,16.1,32.9,26.9,16.4,0.24,51.2,26,Good
2024-04-22,IND_HR_GGN_03,Teri Gram,Gwal Pahari,28.4288,77.1511,75.4,114.5,34,22.9,0.67,49.2,151,Moderate
2024-04-23,IND_HR_GGN_03,Teri Gram,Gwal Pahari,28.4288,77.1511,62.1,129.1,38.1,10.4,0.92,42.8,107,Moderate
2024-04-24,IND_HR_GGN_03,Teri Gram,Gwal Pahari,28.4288,77.1511,75.6,138.4,34.6,14.2,0.57,19.7,152,Moderate
2024-04-25,IND_HR_GGN_03,Teri Gram,Gwal Pahari,28.4288,77.1511,66.6,120,64.7,19,0.62,26.3,121,Moderate
2024-04-26,IND_HR_GGN_03,Teri Gram,Gwal Pahari,28.4288,77.1511,89.1,169.5,59.1,17.2,1.23,39.6,197,Moderate
2024-04-27,IND_HR_GGN_03,Teri Gram,Gwal Pahari,28.4288,77.1511,75.5,108.7,33.3,11.3,1.2,20.4,151,Moderate
2024-04-28,IND_HR_GGN_03,Teri Gram,Gwal Pahari,28.4288,77.1511,93.3,142.3,70.4,7.1,2.25,54.3,211,Poor
2024-04-29,IND_HR_GGN_03,Teri Gram,Gwal Pahari,28.4288,77.1511,47.5,86,30.1,16.3,0.23,45.2,79,Satisfactory
2024-04-30,IND_HR_GGN_03,Teri Gram,Gwal Pahari,28.4288,77.1511,108.1,214.8,71.5,15.5,1.45,54.4,260,Poor
2024-05-01,IND_HR_GGN_03,Teri Gram,Gwal Pahari,28.4288,77.1511,77.4,146.6,66.4,9.1,0.67,57.3,158,Moderate
2024-05-02,IND_HR_GGN_03,Teri Gram,Gwal Pahari,28.4288,77.1511,75.6,151.3,50.2,5,2.12,36.3,152,Moderate
2024-05-03,IND_HR_GGN_03,Teri Gram,Gwal Pahari,28.4288,77.1511,79.1,163.2,41.8,19.5,1.55,40.2,163,Moderate
2024-05-04,IND_HR_GGN_03,Teri Gram,Gwal Pahari,28.4288,77.1511,94.1,163,33.4,11.6,1.45,44.9,213,Poor
2024-05-05,IND_HR_GGN_03,Teri Gram,Gwal Pahari,28.4288,77.1511,96.8,157.7,25.2,14.6,0.68,71.6,222,Poor
2024-05-06,IND_HR_GGN_03,Teri Gram,Gwal Pahari,28.4288,77.1511,84.8,178.1,27.8,19.5,1.25,50.9,182,Moderate
2024-05-07,IND_HR_GGN_03,Teri Gram,Gwal Pahari,28.4288,77.1511,52.6,90.3,54.4,17.4,0.84,36.3,87,Satisfactory
2024-05-08,IND_HR_GGN_03,Teri Gram,Gwal Pahari,28.4288,77.1511,77.6,136.7,40.7,13.1,1.03,44.4,158,Moderate
2024-05-09,IND_HR_GGN_03,Teri Gram,Gwal Pahari,28.4288,77.1511,99.8,175.5,40.1,12.3,2.07,44.6,232,Poor
2024-05-10,IND_HR_GGN_03,Teri Gram,Gwal Pahari,28.4288,77.1511,109.2,159.6,99.3,7.2,1.86,44.8,264,Poor
2024-05-11,IND_HR_GGN_03,Teri Gram,Gwal Pahari,28.4288,77.1511,89.3,172,30.8,14.3,1.77,51.4,197,Moderate
2024-05-12,IND_HR_GGN_03,Teri Gram,Gwal Pahari,28.4288,77.1511,69.5,141.3,40.1,12.2,1.03,59.4,131,Moderate
2024-05-13,IND_HR_GGN_03,Teri Gram,Gwal Pahari,28.4288,77.1511,90.5,155.7,33.5,8.7,1.04,32.9,201,Poor
2024-05-14,IND_HR_GGN_03,Teri Gram,Gwal Pahari,28.4288,77.1511,97.4,183.8,83.8,27.2,1.64,62.7,224,Poor
2024-05-15,IND_HR_GGN_03,Teri Gram,Gwal Pahari,28.4288,77.1511,71.1,126.6,36.3,13,1.16,42.7,137,Moderate
2024-05-16,IND_HR_GGN_03,Teri Gram,Gwal Pahari,28.4288,77.1511,60,91.9,25.1,13.1,1.38,65.4,100,Satisfactory
2024-05-17,IND_HR_GGN_03,Teri Gram,Gwal Pahari,28.4288,77.1511,86.6,132.7,68.7,14.2,1.18,18.5,188,Moderate
2024-05-18,IND_HR_GGN_03,Teri Gram,Gwal Pahari,28.4288,77.1511,74,116.6,38.3,10.3,1.34,62,146,Moderate
2024-05-19,IND_HR_GGN_03,Teri Gram,Gwal Pahari,28.4288,77.1511,81.1,143.1,51.4,15.8,0.54,21.4,170,Moderate
2024-05-20,IND_HR_GGN_03,Teri Gram,Gwal Pahari,28.4288,77.1511,90.8,132.7,32.8,11.8,3.07,48.7,202,Poor
2024-05-21,IND_HR_GGN_03,Teri Gram,Gwal Pahari,28.4288,77.1511,113,211.6,84.4,17.8,0.94,10,276,Poor
2024-05-22,IND_HR_GGN_03,Teri Gram,Gwal Pahari,28.4288,77.1511,102.9,190.7,110.5,14.8,1.75,10,243,Poor
2024-05-23,IND_HR_GGN_03,Teri Gram,Gwal Pahari,28.4288,77.1511,102.2,146.9,17.5,21.8,0.77,24.6,240,Poor
2024-05-24,IND_HR_GGN_03,Teri Gram,Gwal Pahari,28.4288,77.1511,120.8,179.5,43.3,9.4,2.83,21.7,300,Very Poor
2024-05-25,IND_HR_GGN_03,Teri Gram,Gwal Pahari,28.4288,77.1511,63.3,100.8,69.8,6.2,1.33,51.6,110,Moderate
2024-05-26,IND_HR_GGN_03,Teri Gram,Gwal Pahari,28.4288,77.1511,59.6,116.2,32.5,13.3,1.27,10,99,Satisfactory
2024-05-27,IND_HR_GGN_03,Teri Gram,Gwal Pahari,28.4288,77.1511,87.2,165.4,60.1,17.3,0.78,63.3,190,Moderate
2024-05-28,IND_HR_GGN_03,Teri Gram,Gwal Pahari,28.4288,77.1511,80.9,125.5,25.4,14.4,1.57,33.6,169,Moderate
2024-05-29,IND_HR_GGN_03,Teri Gram,Gwal Pahari,28.4288,77.1511,104.5,151.3,69.3,13.7,2.44,10,248,Poor
2024-05-30,IND_HR_GGN_03,Teri Gram,Gwal Pahari,28.4288,77.1511,57.7,115.2,45.4,11.7,0.38,54,96,Satisfactory
2024-05-31,IND_HR_GGN_03,Teri Gram,Gwal Pahari,28.4288,77.1511,54.6,81,35.7,17.3,1.54,16.9,91,Satisfactory
2024-06-01,IND_HR_GGN_03,Teri Gram,Gwal Pahari,28.4288,77.1511,89.1,139.4,42.5,19.8,1.5,54,197,Moderate
2024-06-02,IND_HR_GGN_03,Teri Gram,Gwal Pahari,28.4288,77.1511,108.7,222.6,39.6,15.2,0.57,31.7,262,Poor
2024-06-03,IND_HR_GGN_03,Teri Gram,Gwal Pahari,28.4288,77.1511,84.6,142.5,32.2,22.8,1.18,20.1,182,Moderate
2024-06-04,IND_HR_GGN_03,Teri Gram,Gwal Pahari,28.4288,77.1511,110.1,188.6,26,18,0.9,43.3,267,Poor
2024-06-05,IND_HR_GGN_03,Teri Gram,Gwal Pahari,28.4288,77.1511,60.1,97.2,56.6,9.1,0.81,29.2,100,Moderate
2024-06-06,IND_HR_GGN_03,Teri Gram,Gwal Pahari,28.4288,77.1511,87.6,150.6,32.5,14.7,1.08,28.7,192,Moderate
2024-06-07,IND_HR_GGN_03,Teri Gram,Gwal Pahari,28.4288,77.1511,66.7,95.6,45.6,8.2,0.2,50.3,122,Moderate
2024-06-08,IND_HR_GGN_03,Teri Gram,Gwal Pahari,28.4288,77.1511,75.3,136.8,29.5,20.3,2.09,42.7,151,Moderate
2024-06-09,IND_HR_GGN_03,Teri Gram,Gwal Pahari,28.4288,77.1511,108.7,188.2,39.3,11.2,1.99,74.5,262,Poor
2024-06-10,IND_HR_GGN_03,Teri Gram,Gwal Pahari,28.4288,77.1511,113.5,177.4,59.6,18.8,2.49,23.7,278,Poor
2024-06-11,IND_HR_GGN_03,Teri Gram,Gwal Pahari,28.4288,77.1511,66.9,120,41.9,17.1,1.42,52.1,123,Moderate
2024-06-12,IND_HR_GGN_03,Teri Gram,Gwal Pahari,28.4288,77.1511,73,151.1,32.7,9.4,1.15,49.4,143,Moderate
2024-06-13,IND_HR_GGN_03,Teri Gram,Gwal Pahari,28.4288,77.1511,62.7,114.5,41.8,8.4,1.43,43.3,109,Moderate
2024-06-14,IND_HR_GGN_03,Teri Gram,Gwal Pahari,28.4288,77.1511,53.5,96.5,46,11.8,1.41,53.7,89,Satisfactory
2024-06-15,IND_HR_GGN_03,Teri Gram,Gwal Pahari,28.4288,77.1511,95.7,151.6,45.6,20,1.41,61.5,219,Poor
2024-06-16,IND_HR_GGN_03,Teri Gram,Gwal Pahari,28.4288,77.1511,94.2,168.7,36.5,10.6,1.17,61,214,Poor
2024-06-17,IND_HR_GGN_03,Teri Gram,Gwal Pahari,28.4288,77.1511,99.9,184,40.9,4.3,1.91,62.4,233,Poor
2024-06-18,IND_HR_GGN_03,Teri Gram,Gwal Pahari,28.4288,77.1511,65.2,91.5,52.2,9.8,0.47,48.8,117,Moderate
2024-06-19,IND_HR_GGN_03,Teri Gram,Gwal Pahari,28.4288,77.1511,76.7,116.4,49.3,4,0.57,31.2,155,Moderate
2024-06-20,IND_HR_GGN_03,Teri Gram,Gwal Pahari,28.4288,77.1511,67.5,127,22.5,17.5,1.01,50.6,125,Moderate
2024-06-21,IND_HR_GGN_03,Teri Gram,Gwal Pahari,28.4288,77.1511,64.3,111.4,42.3,12.9,1.07,63.2,114,Moderate
2024-06-22,IND_HR_GGN_03,Teri Gram,Gwal Pahari,28.4288,77.1511,65.7,108.8,43,14.1,1.62,23.5,119,Moderate
2024-06-23,IND_HR_GGN_03,Teri Gram,Gwal Pahari,28.4288,77.1511,57.7,111,36.5,20.3,1.11,65.6,96,Satisfactory
2024-06-24,IND_HR_GGN_03,Teri Gram,Gwal Pahari,28.4288,77.1511,63.6,120.1,39.6,12.2,1.26,38.4,112,Moderate
2024-06-25,IND_HR_GGN_03,Teri Gram,Gwal Pahari,28.4288,77.1511,70.1,98.6,35.8,11.3,1.29,52.4,133,Moderate
2024-06-26,IND_HR_GGN_03,Teri Gram,Gwal Pahari,28.4288,77.1511,19.3,32.8,21.8,17.3,0.22,44.8,32,Good
2024-06-27,IND_HR_GGN_03,Teri Gram,Gwal Pahari,28.4288,77.1511,52.2,91.9,42.6,17.2,0.36,36.6,87,Satisfactory
2024-06-28,IND_HR_GGN_03,Teri Gram,Gwal Pahari,28.4288,77.1511,18.7,26.4,33.3,4.4,0.85,47.4,31,Good
2024-06-29,IND_HR_GGN_03,Teri Gram,Gwal Pahari,28.4288,77.1511,38.6,71.5,27.3,19.6,0.78,35.7,64,Satisfactory
2024-06-30,IND_HR_GGN_03,Teri Gram,Gwal Pahari,28.4288,77.1511,33.8,65.6,16.5,14.4,0.67,69.4,56,Satisfactory
2024-07-01,IND_HR_GGN_03,Teri Gram,Gwal Pahari,28.4288,77.1511,17.7,25.3,26.8,6.4,0.62,47.1,29,Good
2024-07-02,IND_HR_GGN_03,Teri Gram,Gwal Pahari,28.4288,77.1511,12,23.6,8,12,0.2,79.9,20,Good
2024-07-03,IND_HR_GGN_03,Teri Gram,Gwal Pahari,28.4288,77.1511,36.2,67.2,27.3,23.4,0.86,38.4,60,Satisfactory
2024-07-04,IND_HR_GGN_03,Teri Gram,Gwal Pahari,28.4288,77.1511,12,22.2,26.9,11.9,0.48,27,20,Good
2024-07-05,IND_HR_GGN_03,Teri Gram,Gwal Pahari,28.4288,77.1511,39.5,62.5,28.9,27.3,0.39,62.9,65,Satisfactory
2024-07-06,IND_HR_GGN_03,Teri Gram,Gwal Pahari,28.4288,77.1511,13.9,20.1,30.3,6.7,0.57,37,23,Good
2024-07-07,IND_HR_GGN_03,Teri Gram,Gwal Pahari,28.4288,77.1511,46.2,72.8,26,15.3,0.72,67,77,Satisfactory
2024-07-08,IND_HR_GGN_03,Teri Gram,Gwal Pahari,28.4288,77.1511,26.5,44.2,33.1,8.3,0.42,57.5,44,Good
2024-07-09,IND_HR_GGN_03,Teri Gram,Gwal Pahari,28.4288,77.1511,47.1,84.7,26.4,18.2,0.54,36.3,78,Satisfactory
2024-07-10,IND_HR_GGN_03,Teri Gram,Gwal Pahari,28.4288,77.1511,36.8,73.8,35,24.1,0.96,42.1,61,Satisfactory
2024-07-11,IND_HR_GGN_03,Teri Gram,Gwal Pahari,28.4288,77.1511,32.2,64.7,25.8,14,0.4,54.6,53,Satisfactory
2024-07-12,IND_HR_GGN_03,Teri Gram,Gwal Pahari,28.4288,77.1511,27.8,48.6,20.2,16.8,0.82,25.3,46,Good
2024-07-13,IND_HR_GGN_03,Teri Gram,Gwal Pahari,28.4288,77.1511,13.8,24.9,35.8,14.8,0.7,40.9,23,Good
2024-07-14,IND_HR_GGN_03,Teri Gram,Gwal Pahari,28.4288,77.1511,33.6,54.2,29.5,15.6,1.1,36.8,56,Satisfactory
2024-07-15,IND_HR_GGN_03,Teri Gram,Gwal Pahari,28.4288,77.1511,34.4,65.1,37.1,16.7,1.25,53.2,57,Satisfactory
2024-07-16,IND_HR_GGN_03,Teri Gram,Gwal Pahari,28.4288,77.1511,23.8,37.8,23.8,12.1,0.69,49.7,39,Good
2024-07-17,IND_HR_GGN_03,Teri Gram,Gwal Pahari,28.4288,77.1511,27.4,52.8,27.6,22.5,0.78,70.1,45,Good
2024-07-18,IND_HR_GGN_03,Teri Gram,Gwal Pahari,28.4288,77.1511,31.1,53.4,24.6,12.4,0.45,43.2,51,Satisfactory
2024-07-19,IND_HR_GGN_03,Teri Gram,Gwal Pahari,28.4288,77.1511,30.7,62.6,40.2,21,0.44,24.4,51,Satisfactory
2024-07-20,IND_HR_GGN_03,Teri Gram,Gwal Pahari,28.4288,77.1511,39.4,79.7,37.2,17.6,1.32,48.3,65,Satisfactory
2024-07-21,IND_HR_GGN_03,Teri Gram,Gwal Pahari,28.4288,77.1511,50.3,74.1,31.9,19.2,0.83,32.4,83,Satisfactory
2024-07-22,IND_HR_GGN_03,Teri Gram,Gwal Pahari,28.4288,77.1511,19.6,36.2,36.1,8.5,0.61,31.8,32,Good
2024-07-23,IND_HR_GGN_03,Teri Gram,Gwal Pahari,28.4288,77.1511,28,47.5,24.9,16.4,0.93,48.6,46,Good
2024-07-24,IND_HR_GGN_03,Teri Gram,Gwal Pahari,28.4288,77.1511,30.9,60.3,39.9,10.7,0.2,73.5,51,Satisfactory
2024-07-25,IND_HR_GGN_03,Teri Gram,Gwal Pahari,28.4288,77.1511,35.3,66,38.5,20.4,0.82,52.4,58,Satisfactory
2024-07-26,IND_HR_GGN_03,Teri Gram,Gwal Pahari,28.4288,77.1511,30.6,58.7,33.1,16,0.92,57.5,51,Satisfactory
2024-07-27,IND_HR_GGN_03,Teri Gram,Gwal Pahari,28.4288,77.1511,23.9,33.8,38.6,9.3,0.53,24.9,39,Good
2024-07-28,IND_HR_GGN_03,Teri Gram,Gwal Pahari,28.4288,77.1511,25.6,43.3,52.6,14.8,0.42,14.7,42,Good
2024-07-29,IND_HR_GGN_03,Teri Gram,Gwal Pahari,28.4288,77.1511,21.8,44.1,48.7,12.6,0.99,56,36,Good
2024-07-30,IND_HR_GGN_03,Teri Gram,Gwal Pahari,28.4288,77.1511,38.6,61.3,32.4,20.6,1.13,37,64,Satisfactory
2024-07-31,IND_HR_GGN_03,Teri Gram,Gwal Pahari,28.4288,77.1511,42.6,71.2,33.8,16.7,0.71,34,71,Satisfactory
2024-08-01,IND_HR_GGN_03,Teri Gram,Gwal Pahari,28.4288,77.1511,19.7,37.9,36.5,25.3,0.61,31.4,32,Good
2024-08-02,IND_HR_GGN_03,Teri Gram,Gwal Pahari,28.4288,77.1511,24.5,35.4,34.9,18.2,0.81,33.9,40,Good
2024-08-03,IND_HR_GGN_03,Teri Gram,Gwal Pahari,28.4288,77.1511,27.9,53,32.5,12.5,0.2,73.2,46,Good
2024-08-04,IND_HR_GGN_03,Teri Gram,Gwal Pahari,28.4288,77.1511,15.9,26.1,29.1,11.3,0.54,46.2,26,Good
2024-08-05,IND_HR_GGN_03,Teri Gram,Gwal Pahari,28.4288,77.1511,17.1,31.4,28.9,21.7,0.85,47.1,28,Good
2024-08-06,IND_HR_GGN_03,Teri Gram,Gwal Pahari,28.4288,77.1511,35.7,69.6,21.6,9.4,0.91,31.3,59,Satisfactory
2024-08-07,IND_HR_GGN_03,Teri Gram,Gwal Pahari,28.4288,77.1511,19.3,28.9,39.6,12.2,0.8,36.2,32,Good
2024-08-08,IND_HR_GGN_03,Teri Gram,Gwal Pahari,28.4288,77.1511,26.5,54.2,27.2,9.5,0.31,70,44,Good
2024-08-09,IND_HR_GGN_03,Teri Gram,Gwal Pahari,28.4288,77.1511,44.1,92.6,34.6,4,0.6,14.2,73,Satisfactory
2024-08-10,IND_HR_GGN_03,Teri Gram,Gwal Pahari,28.4288,77.1511,17.1,29.6,23.7,4,0.51,45.1,28,Good
2024-08-11,IND_HR_GGN_03,Teri Gram,Gwal Pahari,28.4288,77.1511,27.8,53.2,51.7,7.8,0.61,48,46,Good
2024-08-12,IND_HR_GGN_03,Teri Gram,Gwal Pahari,28.4288,77.1511,37.9,67,15.4,8.6,0.65,67.7,63,Satisfactory
2024-08-13,IND_HR_GGN_03,Teri Gram,Gwal Pahari,28.4288,77.1511,27.3,53.7,24.2,17.7,0.74,35.1,45,Good
2024-08-14,IND_HR_GGN_03,Teri Gram,Gwal Pahari,28.4288,77.1511,23.7,36.7,45.2,20.2,0.97,57.1,39,Good
2024-08-15,IND_HR_GGN_03,Teri Gram,Gwal Pahari,28.4288,77.1511,21,39.7,28.5,12.1,0.52,33.5,35,Good
2024-08-16,IND_HR_GGN_03,Teri Gram,Gwal Pahari,28.4288,77.1511,21.3,36.3,29.9,19.6,0.24,40,35,Good
2024-08-17,IND_HR_GGN_03,Teri Gram,Gwal Pahari,28.4288,77.1511,24.1,43.2,38.9,6.7,0.2,43.7,40,Good
2024-08-18,IND_HR_GGN_03,Teri Gram,Gwal Pahari,28.4288,77.1511,34.3,48.2,41.5,21.4,0.72,30.4,57,Satisfactory
2024-08-19,IND_HR_GGN_03,Teri Gram,Gwal Pahari,28.4288,77.1511,24.3,44.9,40.6,11.8,0.6,20.6,40,Good
2024-08-20,IND_HR_GGN_03,Teri Gram,Gwal Pahari,28.4288,77.1511,31.4,48.3,18.2,16.5,0.73,18.5,52,Satisfactory
2024-08-21,IND_HR_GGN_03,Teri Gram,Gwal Pahari,28.4288,77.1511,25.6,43.2,27.6,12.5,0.61,10,42,Good
2024-08-22,IND_HR_GGN_03,Teri Gram,Gwal Pahari,28.4288,77.1511,29.2,47.3,17.9,12,0.67,68.7,48,Good
2024-08-23,IND_HR_GGN_03,Teri Gram,Gwal Pahari,28.4288,77.1511,21.3,29.8,36.5,14.1,0.7,70.6,35,Good
2024-08-24,IND_HR_GGN_03,Teri Gram,Gwal Pahari,28.4288,77.1511,23.7,39.8,24.7,19,0.77,32.2,39,Good
2024-08-25,IND_HR_GGN_03,Teri Gram,Gwal Pahari,28.4288,77.1511,29.7,46,32.6,12.4,0.95,40.8,49,Good
2024-08-26,IND_HR_GGN_03,Teri Gram,Gwal Pahari,28.4288,77.1511,12,24,22.7,6.6,0.73,38.7,20,Good
2024-08-27,IND_HR_GGN_03,Teri Gram,Gwal Pahari,28.4288,77.1511,40.8,76.9,42.1,8.9,0.85,47.9,68,Satisfactory
2024-08-28,IND_HR_GGN_03,Teri Gram,Gwal Pahari,28.4288,77.1511,41.4,78.3,27.3,19.2,1.26,10,69,Satisfactory
2024-08-29,IND_HR_GGN_03,Teri Gram,Gwal Pahari,28.4288,77.1511,17.1,33.2,20.7,17.4,0.64,24.7,28,Good
2024-08-30,IND_HR_GGN_03,Teri Gram,Gwal Pahari,28.4288,77.1511,41.2,67.1,48.5,14.5,1.16,30.8,68,Satisfactory
2024-08-31,IND_HR_GGN_03,Teri Gram,Gwal Pahari,28.4288,77.1511,19,36.6,17.1,8.7,0.7,49.9,31,Good
2024-09-01,IND_HR_GGN_03,Teri Gram,Gwal Pahari,28.4288,77.1511,35.6,69.7,12.3,12.2,0.8,59.7,59,Satisfactory
2024-09-02,IND_HR_GGN_03,Teri Gram,Gwal Pahari,28.4288,77.1511,28.9,60.2,32.6,6.8,0.24,41.5,48,Good
2024-09-03,IND_HR_GGN_03,Teri Gram,Gwal Pahari,28.4288,77.1511,24,39.7,34.3,10,0.54,48.3,40,Good
2024-09-04,IND_HR_GGN_03,Teri Gram,Gwal Pahari,28.4288,77.1511,57.5,96.2,38.7,13.6,1.25,44.1,95,Satisfactory
2024-09-05,IND_HR_GGN_03,Teri Gram,Gwal Pahari,28.4288,77.1511,22.1,43.7,18.3,11.9,0.37,56.8,36,Good
2024-09-06,IND_HR_GGN_03,Teri Gram,Gwal Pahari,28.4288,77.1511,22,39.4,36.9,13,0.64,32.9,36,Good
2024-09-07,IND_HR_GGN_03,Teri Gram,Gwal Pahari,28.4288,77.1511,37.6,70,28.9,12.5,1.04,69.3,62,Satisfactory
2024-09-08,IND_HR_GGN_03,Teri Gram,Gwal Pahari,28.4288,77.1511,25.1,43.5,29.1,12,0.36,52.4,41,Good
2024-09-09,IND_HR_GGN_03,Teri Gram,Gwal Pahari,28.4288,77.1511,31.1,54.7,32.4,13.1,0.92,29.1,51,Satisfactory
2024-09-10,IND_HR_GGN_03,Teri Gram,Gwal Pahari,28.4288,77.1511,21.8,42.3,12.4,10.1,0.22,11.5,36,Good
2024-09-11,IND_HR_GGN_03,Teri Gram,Gwal Pahari,28.4288,77.1511,14.4,24.1,16.8,13.6,0.52,39.3,24,Good
2024-09-12,IND_HR_GGN_03,Teri Gram,Gwal Pahari,28.4288,77.1511,33.4,61.4,36.6,8.2,0.37,60.1,55,Satisfactory
2024-09-13,IND_HR_GGN_03,Teri Gram,Gwal Pahari,28.4288,77.1511,24,39.5,51.4,16.8,0.69,59.1,40,Good
2024-09-14,IND_HR_GGN_03,Teri Gram,Gwal Pahari,28.4288,77.1511,45.2,79.6,25.7,4,0.93,32.3,75,Satisfactory
2024-09-15,IND_HR_GGN_03,Teri Gram,Gwal Pahari,28.4288,77.1511,26.7,41.1,57.2,19.2,0.47,43.3,44,Good
2024-09-16,IND_HR_GGN_03,Teri Gram,Gwal Pahari,28.4288,77.1511,37.4,77.9,43,15.1,0.33,37.4,62,Satisfactory
2024-09-17,IND_HR_GGN_03,Teri Gram,Gwal Pahari,28.4288,77.1511,63.1,123.2,29.5,9.1,0.93,47.5,110,Moderate
2024-09-18,IND_HR_GGN_03,Teri Gram,Gwal Pahari,28.4288,77.1511,37.2,54.1,55.1,10.3,0.3,23.3,62,Satisfactory
2024-09-19,IND_HR_GGN_03,Teri Gram,Gwal Pahari,28.4288,77.1511,59.4,109.4,16.2,14.7,1.01,73.1,99,Satisfactory
2024-09-20,IND_HR_GGN_03,Teri Gram,Gwal Pahari,28.4288,77.1511,62.2,129.8,43.4,13.3,0.7,16.6,107,Moderate
2024-09-21,IND_HR_GGN_03,Teri Gram,Gwal Pahari,28.4288,77.1511,59.6,121.9,38.6,9.8,1.18,26.4,99,Satisfactory
2024-09-22,IND_HR_GGN_03,Teri Gram,Gwal Pahari,28.4288,77.1511,70.3,118.5,48.9,15.4,1.73,23.1,134,Moderate
2024-09-23,IND_HR_GGN_03,Teri Gram,Gwal Pahari,28.4288,77.1511,57.6,112.5,39.4,17.9,0.92,47.1,96,Satisfactory
2024-09-24,IND_HR_GGN_03,Teri Gram,Gwal Pahari,28.4288,77.1511,82.7,132,55.6,15.9,0.76,62.8,175,Moderate
2024-09-25,IND_HR_GGN_03,Teri Gram,Gwal Pahari,28.4288,77.1511,60.2,86.2,23.7,15,1.51,51.8,100,Moderate
2024-09-26,IND_HR_GGN_03,Teri Gram,Gwal Pahari,28.4288,77.1511,57.5,97.4,18.5,16.8,1.5,44.5,95,Satisfactory
2024-09-27,IND_HR_GGN_03,Teri Gram,Gwal Pahari,28.4288,77.1511,72.1,140.2,39.1,15.2,1.13,34.5,140,Moderate
2024-09-28,IND_HR_GGN_03,Teri Gram,Gwal Pahari,28.4288,77.1511,60.5,113.4,30.2,13.3,0.43,35.6,101,Moderate
2024-09-29,IND_HR_GGN_03,Teri Gram,Gwal Pahari,28.4288,77.1511,53.6,83.5,33.7,15,1.41,54.2,89,Satisfactory
2024-09-30,IND_HR_GGN_03,Teri Gram,Gwal Pahari,28.4288,77.1511,54.4,92.5,31.2,14.9,0.2,39.4,90,Satisfactory
2024-10-01,IND_HR_GGN_03,Teri Gram,Gwal Pahari,28.4288,77.1511,43.1,82.5,19.4,13,0.65,62.2,71,Satisfactory
2024-10-02,IND_HR_GGN_03,Teri Gram,Gwal Pahari,28.4288,77.1511,30.7,49.2,21.9,7.8,0.78,40.3,51,Satisfactory
2024-10-03,IND_HR_GGN_03,Teri Gram,Gwal Pahari,28.4288,77.1511,83.5,168.5,45.2,17,1.2,22.2,178,Moderate
2024-10-04,IND_HR_GGN_03,Teri Gram,Gwal Pahari,28.4288,77.1511,51.5,85.7,18.7,13.6,0.2,30.5,85,Satisfactory
2024-10-05,IND_HR_GGN_03,Teri Gram,Gwal Pahari,28.4288,77.1511,51.4,97.5,44.1,17.9,1.21,40.7,85,Satisfactory
2024-10-06,IND_HR_GGN_03,Teri Gram,Gwal Pahari,28.4288,77.1511,75,134.5,36.5,13.8,1.19,23.2,150,Moderate
2024-10-07,IND_HR_GGN_03,Teri Gram,Gwal Pahari,28.4288,77.1511,55.1,83.3,35.8,19.2,1.43,52.5,91,Satisfactory
2024-10-08,IND_HR_GGN_03,Teri Gram,Gwal Pahari,28.4288,77.1511,68.5,140.9,42,17.5,1.12,21.4,128,Moderate
2024-10-09,IND_HR_GGN_03,Teri Gram,Gwal Pahari,28.4288,77.1511,62.1,124.3,59.7,11.9,2.15,68.2,107,Moderate
2024-10-10,IND_HR_GGN_03,Teri Gram,Gwal Pahari,28.4288,77.1511,42.2,87.1,48.9,6,0.27,56.7,70,Satisfactory
2024-10-11,IND_HR_GGN_03,Teri Gram,Gwal Pahari,28.4288,77.1511,80.9,169.7,40,17.8,0.99,10,169,Moderate
2024-10-12,IND_HR_GGN_03,Teri Gram,Gwal Pahari,28.4288,77.1511,74.2,155.3,49.9,19.6,0.2,61.4,147,Moderate
2024-10-13,IND_HR_GGN_03,Teri Gram,Gwal Pahari,28.4288,77.1511,91.4,133.7,68.3,19.8,0.48,34,204,Poor
2024-10-14,IND_HR_GGN_03,Teri Gram,Gwal Pahari,28.4288,77.1511,42.2,79.5,42.2,8.4,0.2,33.8,70,Satisfactory
2024-10-15,IND_HR_GGN_03,Teri Gram,Gwal Pahari,28.4288,77.1511,75.8,119.7,51.6,18.3,1.1,10,152,Moderate
2024-10-16,IND_HR_GGN_03,Teri Gram,Gwal Pahari,28.4288,77.1511,232.9,348.7,34.3,14.7,3.78,61.4,386,Very Poor
2024-10-17,IND_HR_GGN_03,Teri Gram,Gwal Pahari,28.4288,77.1511,121.5,183.8,60.6,10,1.71,33.2,301,Very Poor
2024-10-18,IND_HR_GGN_03,Teri Gram,Gwal Pahari,28.4288,77.1511,206,312.2,74.2,18.1,1.52,30.3,366,Very Poor
2024-10-19,IND_HR_GGN_03,Teri Gram,Gwal Pahari,28.4288,77.1511,180.1,299,66.8,11.4,1.81,53.4,346,Very Poor
2024-10-20,IND_HR_GGN_03,Teri Gram,Gwal Pahari,28.4288,77.1511,177.3,250.2,66.8,16.5,1.46,48.2,344,Very Poor
2024-10-21,IND_HR_GGN_03,Teri Gram,Gwal Pahari,28.4288,77.1511,224.3,360.5,115.2,18.2,2.93,39.2,380,Very Poor
2024-10-22,IND_HR_GGN_03,Teri Gram,Gwal Pahari,28.4288,77.1511,158.3,286.2,39.9,14.7,1.54,65.9,329,Very Poor
2024-10-23,IND_HR_GGN_03,Teri Gram,Gwal Pahari,28.4288,77.1511,276.5,416.3,107.2,17.4,5.38,77,417,Severe
2024-10-24,IND_HR_GGN_03,Teri Gram,Gwal Pahari,28.4288,77.1511,234.6,427.3,94,21.9,2.61,30,388,Very Poor
2024-10-25,IND_HR_GGN_03,Teri Gram,Gwal Pahari,28.4288,77.1511,178.2,304.3,116.5,5.3,0.22,53.2,344,Very Poor
2024-10-26,IND_HR_GGN_03,Teri Gram,Gwal Pahari,28.4288,77.1511,191.1,315.4,90.5,11.8,2.27,50.4,354,Very Poor
2024-10-27,IND_HR_GGN_03,Teri Gram,Gwal Pahari,28.4288,77.1511,189.4,315,102.3,21.7,3.44,40.3,353,Very Poor
2024-10-28,IND_HR_GGN_03,Teri Gram,Gwal Pahari,28.4288,77.1511,233.6,329.8,104.6,9.9,2.91,43,387,Very Poor
2024-10-29,IND_HR_GGN_03,Teri Gram,Gwal Pahari,28.4288,77.1511,208.6,410,133.3,19.8,2.6,40.4,368,Very Poor
2024-10-30,IND_HR_GGN_03,Teri Gram,Gwal Pahari,28.4288,77.1511,161.3,325.4,111,13,2.5,29,331,Very Poor
2024-10-31,IND_HR_GGN_03,Teri Gram,Gwal Pahari,28.4288,77.1511,461.6,820.5,167.5,14.9,4.51,46.8,500,Severe
2024-11-01,IND_HR_GGN_03,Teri Gram,Gwal Pahari,28.4288,77.1511,381.9,765.4,109.4,17.1,1.87,43.6,487,Severe
2024-11-02,IND_HR_GGN_03,Teri Gram,Gwal Pahari,28.4288,77.1511,477.7,771.1,227.7,18.1,3.02,22.8,500,Severe
2024-11-03,IND_HR_GGN_03,Teri Gram,Gwal Pahari,28.4288,77.1511,368.4,628.4,58.7,19.3,5.38,19.3,478,Severe
2024-11-04,IND_HR_GGN_03,Teri Gram,Gwal Pahari,28.4288,77.1511,446.6,814.2,96.3,18,6.58,35.7,500,Severe
2024-11-05,IND_HR_GGN_03,Teri Gram,Gwal Pahari,28.4288,77.1511,454.3,835.7,182.8,6.8,4.87,47.7,500,Severe
2024-11-06,IND_HR_GGN_03,Teri Gram,Gwal Pahari,28.4288,77.1511,370.8,654.3,147.7,5.2,4.46,65.5,480,Severe
2024-11-07,IND_HR_GGN_03,Teri Gram,Gwal Pahari,28.4288,77.1511,378.4,621.8,97.1,15,4.19,27,485,Severe
2024-11-08,IND_HR_GGN_03,Teri Gram,Gwal Pahari,28.4288,77.1511,513.8,800.7,262.1,7.9,9.09,32.2,500,Severe
2024-11-09,IND_HR_GGN_03,Teri Gram,Gwal Pahari,28.4288,77.1511,465.1,669.1,222.3,4.6,4.3,26.1,500,Severe
2024-11-10,IND_HR_GGN_03,Teri Gram,Gwal Pahari,28.4288,77.1511,357.9,740.4,132.5,16.1,2.9,42.6,471,Severe
2024-11-11,IND_HR_GGN_03,Teri Gram,Gwal Pahari,28.4288,77.1511,183.3,274.9,88.3,4.7,1.35,16.1,348,Very Poor
2024-11-12,IND_HR_GGN_03,Teri Gram,Gwal Pahari,28.4288,77.1511,238.6,405.6,130.8,16.8,3.08,20.8,391,Very Poor
2024-11-13,IND_HR_GGN_03,Teri Gram,Gwal Pahari,28.4288,77.1511,200.8,370.2,100.9,18.5,1.78,16.4,362,Very Poor
2024-11-14,IND_HR_GGN_03,Teri Gram,Gwal Pahari,28.4288,77.1511,264.6,470.9,70.1,17.4,1.47,29.6,409,Severe
2024-11-15,IND_HR_GGN_03,Teri Gram,Gwal Pahari,28.4288,77.1511,197.1,350.2,68.9,18.4,1.93,35,359,Very Poor
2024-11-16,IND_HR_GGN_03,Teri Gram,Gwal Pahari,28.4288,77.1511,158.4,275.9,55.9,9.4,1.97,52.6,329,Very Poor
2024-11-17,IND_HR_GGN_03,Teri Gram,Gwal Pahari,28.4288,77.1511,187.3,342.5,94.1,11.8,3.61,57.5,351,Very Poor
2024-11-18,IND_HR_GGN_03,Teri Gram,Gwal Pahari,28.4288,77.1511,218.2,327,117.2,11.6,2.88,17.8,375,Very Poor
2024-11-19,IND_HR_GGN_03,Teri Gram,Gwal Pahari,28.4288,77.1511,285.3,532.8,83.9,17.1,3.36,48,423,Severe
2024-11-20,IND_HR_GGN_03,Teri Gram,Gwal Pahari,28.4288,77.1511,188.4,328.3,48.4,18.5,2.38,38.5,352,Very Poor
2024-11-21,IND_HR_GGN_03,Teri Gram,Gwal Pahari,28.4288,77.1511,177.1,253.8,42,20.7,3.08,25.6,343,Very Poor
2024-11-22,IND_HR_GGN_03,Teri Gram,Gwal Pahari,28.4288,77.1511,254.2,422.5,69.4,12.5,1.75,22.1,402,Severe
2024-11-23,IND_HR_GGN_03,Teri Gram,Gwal Pahari,28.4288,77.1511,139.1,240.1,60.9,14,0.84,50.3,314,Very Poor
2024-11-24,IND_HR_GGN_03,Teri Gram,Gwal Pahari,28.4288,77.1511,261.6,446.1,74.4,13.4,2.23,40,407,Severe
2024-11-25,IND_HR_GGN_03,Teri Gram,Gwal Pahari,28.4288,77.1511,257.6,401.7,134.6,21.7,0.65,46.7,405,Severe
2024-11-26,IND_HR_GGN_03,Teri Gram,Gwal Pahari,28.4288,77.1511,312.2,516.7,64.9,13,3.74,50.8,441,Severe
2024-11-27,IND_HR_GGN_03,Teri Gram,Gwal Pahari,28.4288,77.1511,130.5,212.8,92,20.2,2.08,49,308,Very Poor
2024-11-28,IND_HR_GGN_03,Teri Gram,Gwal Pahari,28.4288,77.1511,233.6,473.7,52.4,16.3,4.31,31.9,387,Very Poor
2024-11-29,IND_HR_GGN_03,Teri Gram,Gwal Pahari,28.4288,77.1511,201.6,323.7,108.5,14.1,3.89,37.4,362,Very Poor
2024-11-30,IND_HR_GGN_03,Teri Gram,Gwal Pahari,28.4288,77.1511,208.1,292.7,29.8,12.8,2.49,15.4,367,Very Poor
2024-12-01,IND_HR_GGN_03,Teri Gram,Gwal Pahari,28.4288,77.1511,212.7,354.4,66.7,16.1,3.09,75.6,371,Very Poor
2024-12-02,IND_HR_GGN_03,Teri Gram,Gwal Pahari,28.4288,77.1511,189.4,360,80.6,12.7,3.09,53.1,353,Very Poor
2024-12-03,IND_HR_GGN_03,Teri Gram,Gwal Pahari,28.4288,77.1511,172.1,259.5,55.4,13.9,1.92,27.7,340,Very Poor
2024-12-04,IND_HR_GGN_03,Teri Gram,Gwal Pahari,28.4288,77.1511,107.5,215.8,65.6,19,2.81,54.5,258,Poor
2024-12-05,IND_HR_GGN_03,Teri Gram,Gwal Pahari,28.4288,77.1511,230.6,410,23.9,12.3,3.17,29.7,385,Very Poor
2024-12-06,IND_HR_GGN_03,Teri Gram,Gwal Pahari,28.4288,77.1511,175.3,316.5,50.6,17.9,3.05,65.6,342,Very Poor
2024-12-07,IND_HR_GGN_03,Teri Gram,Gwal Pahari,28.4288,77.1511,157.3,317.3,53.9,22.7,2.41,28.4,328,Very Poor
2024-12-08,IND_HR_GGN_03,Teri Gram,Gwal Pahari,28.4288,77.1511,121.6,190.1,46.1,11,1.66,49.5,301,Very Poor
2024-12-09,IND_HR_GGN_03,Teri Gram,Gwal Pahari,28.4288,77.1511,179.2,275.2,83.9,15.4,3.33,43.3,345,Very Poor
2024-12-10,IND_HR_GGN_03,Teri Gram,Gwal Pahari,28.4288,77.1511,179.6,311.2,83.5,8.4,2.55,34.6,345,Very Poor
2024-12-11,IND_HR_GGN_03,Teri Gram,Gwal Pahari,28.4288,77.1511,244.4,414.8,104.9,22.1,2.89,77.8,395,Very Poor
2024-12-12,IND_HR_GGN_03,Teri Gram,Gwal Pahari,28.4288,77.1511,265.1,473.8,146.5,13.8,4.19,41.4,410,Severe
2024-12-13,IND_HR_GGN_03,Teri Gram,Gwal Pahari,28.4288,77.1511,229.4,465.5,118.5,20.5,2.82,40.8,384,Very Poor
2024-12-14,IND_HR_GGN_03,Teri Gram,Gwal Pahari,28.4288,77.1511,202,379.7,108,6.9,2.11,42.1,363,Very Poor
2024-12-15,IND_HR_GGN_03,Teri Gram,Gwal Pahari,28.4288,77.1511,266.4,534.3,98.6,8.7,2.89,62.3,410,Severe
2024-12-16,IND_HR_GGN_03,Teri Gram,Gwal Pahari,28.4288,77.1511,308.4,558.8,103.6,13.4,1.83,46.2,438,Severe
2024-12-17,IND_HR_GGN_03,Teri Gram,Gwal Pahari,28.4288,77.1511,243.7,376.7,42.1,22.9,3.21,44.7,395,Very Poor
2024-12-18,IND_HR_GGN_03,Teri Gram,Gwal Pahari,28.4288,77.1511,177.5,311.8,82.6,11.2,1.3,33,344,Very Poor
2024-12-19,IND_HR_GGN_03,Teri Gram,Gwal Pahari,28.4288,77.1511,219.9,397.1,40,8,1.62,38.9,376,Very Poor
2024-12-20,IND_HR_GGN_03,Teri Gram,Gwal Pahari,28.4288,77.1511,197.2,411.6,109,17.3,0.86,14,359,Very Poor
2024-12-21,IND_HR_GGN_03,Teri Gram,Gwal Pahari,28.4288,77.1511,160,255.7,57.6,7.7,2.84,56.9,330,Very Poor
2024-12-22,IND_HR_GGN_03,Teri Gram,Gwal Pahari,28.4288,77.1511,188.1,345.2,61.2,19.5,3.03,37.4,352,Very Poor
2024-12-23,IND_HR_GGN_03,Teri Gram,Gwal Pahari,28.4288,77.1511,176.4,273.6,108.3,18.3,3.51,43.4,343,Very Poor
2024-12-24,IND_HR_GGN_03,Teri Gram,Gwal Pahari,28.4288,77.1511,206.4,399,51.9,12.5,1.43,55.2,366,Very Poor
2024-12-25,IND_HR_GGN_03,Teri Gram,Gwal Pahari,28.4288,77.1511,176.4,266.3,102.1,9.7,1.32,19.6,343,Very Poor
2024-12-26,IND_HR_GGN_03,Teri Gram,Gwal Pahari,28.4288,77.1511,174.3,271.5,97.8,12.5,1.93,35.5,341,Very Poor
2024-12-27,IND_HR_GGN_03,Teri Gram,Gwal Pahari,28.4288,77.1511,248,396.5,102.1,19.7,2.16,58.2,398,Very Poor
2024-12-28,IND_HR_GGN_03,Teri Gram,Gwal Pahari,28.4288,77.1511,188.4,323.8,121.3,23.8,1.94,28.5,352,Very Poor
2024-12-29,IND_HR_GGN_03,Teri Gram,Gwal Pahari,28.4288,77.1511,237.2,487.1,61.5,13.8,2.7,10,390,Very Poor
2024-12-30,IND_HR_GGN_03,Teri Gram,Gwal Pahari,28.4288,77.1511,210.3,299.7,73.3,17.7,2.71,26.4,369,Very Poor
2024-12-31,IND_HR_GGN_03,Teri Gram,Gwal Pahari,28.4288,77.1511,166.3,307.5,57.8,14.9,3.41,44.2,335,Very Poor
2024-01-01,IND_HR_GGN_04,NISE Gwal Pahari,Aravalli Belt,28.4215,77.1582,111.4,202.7,54.5,10.8,0.86,46.2,271,Poor
2024-01-02,IND_HR_GGN_04,NISE Gwal Pahari,Aravalli Belt,28.4215,77.1582,111.3,223.4,44.2,4,1.23,40.2,271,Poor
2024-01-03,IND_HR_GGN_04,NISE Gwal Pahari,Aravalli Belt,28.4215,77.1582,207.5,425.4,118.9,16.7,1.61,42.4,367,Very Poor
2024-01-04,IND_HR_GGN_04,NISE Gwal Pahari,Aravalli Belt,28.4215,77.1582,159.7,327.4,68.7,8.6,2.25,25.9,330,Very Poor
2024-01-05,IND_HR_GGN_04,NISE Gwal Pahari,Aravalli Belt,28.4215,77.1582,198.4,298,31.9,16.6,0.29,44.6,360,Very Poor
2024-01-06,IND_HR_GGN_04,NISE Gwal Pahari,Aravalli Belt,28.4215,77.1582,154.2,315.4,68,19.8,1.88,60.4,326,Very Poor
2024-01-07,IND_HR_GGN_04,NISE Gwal Pahari,Aravalli Belt,28.4215,77.1582,202.3,284.7,69.9,8.5,2.63,40.2,363,Very Poor
2024-01-08,IND_HR_GGN_04,NISE Gwal Pahari,Aravalli Belt,28.4215,77.1582,206.2,382.6,82.3,12.2,3.56,44.3,366,Very Poor
2024-01-09,IND_HR_GGN_04,NISE Gwal Pahari,Aravalli Belt,28.4215,77.1582,193.9,287.5,64.9,20.3,3.01,30,356,Very Poor
2024-01-10,IND_HR_GGN_04,NISE Gwal Pahari,Aravalli Belt,28.4215,77.1582,227.3,331.4,112.9,11,3.5,26.9,382,Very Poor
2024-01-11,IND_HR_GGN_04,NISE Gwal Pahari,Aravalli Belt,28.4215,77.1582,200.9,359.7,77.5,19.6,1.97,39.4,362,Very Poor
2024-01-12,IND_HR_GGN_04,NISE Gwal Pahari,Aravalli Belt,28.4215,77.1582,135.3,278.5,65.7,16.4,0.67,11,311,Very Poor
2024-01-13,IND_HR_GGN_04,NISE Gwal Pahari,Aravalli Belt,28.4215,77.1582,219.8,438.8,101.3,11.7,2.73,50.3,376,Very Poor
2024-01-14,IND_HR_GGN_04,NISE Gwal Pahari,Aravalli Belt,28.4215,77.1582,136.9,205,78.7,14.9,3.08,23.6,313,Very Poor
2024-01-15,IND_HR_GGN_04,NISE Gwal Pahari,Aravalli Belt,28.4215,77.1582,146.2,295.7,59.7,16.8,1.34,53,320,Very Poor
2024-01-16,IND_HR_GGN_04,NISE Gwal Pahari,Aravalli Belt,28.4215,77.1582,181,349.5,82.2,9,2.3,22.6,346,Very Poor
2024-01-17,IND_HR_GGN_04,NISE Gwal Pahari,Aravalli Belt,28.4215,77.1582,210.3,323,99.4,13.7,2.45,61,369,Very Poor
2024-01-18,IND_HR_GGN_04,NISE Gwal Pahari,Aravalli Belt,28.4215,77.1582,227.1,330.8,82.5,14,2.73,12.9,382,Very Poor
2024-01-19,IND_HR_GGN_04,NISE Gwal Pahari,Aravalli Belt,28.4215,77.1582,206.1,313.1,56,21,1.56,34,366,Very Poor
2024-01-20,IND_HR_GGN_04,NISE Gwal Pahari,Aravalli Belt,28.4215,77.1582,287.8,492.2,141.1,14,2.82,31.3,425,Severe
2024-01-21,IND_HR_GGN_04,NISE Gwal Pahari,Aravalli Belt,28.4215,77.1582,175.1,315.9,80.3,24.3,3.4,67.2,342,Very Poor
2024-01-22,IND_HR_GGN_04,NISE Gwal Pahari,Aravalli Belt,28.4215,77.1582,180.2,253.5,67.3,16.7,2.72,34.9,346,Very Poor
2024-01-23,IND_HR_GGN_04,NISE Gwal Pahari,Aravalli Belt,28.4215,77.1582,264.2,477.9,135.1,11.6,4.9,47.9,409,Severe
2024-01-24,IND_HR_GGN_04,NISE Gwal Pahari,Aravalli Belt,28.4215,77.1582,198,328.1,106.4,12,2.86,56.7,360,Very Poor
2024-01-25,IND_HR_GGN_04,NISE Gwal Pahari,Aravalli Belt,28.4215,77.1582,199.7,358.5,122.2,4.9,3.49,54.2,361,Very Poor
2024-01-26,IND_HR_GGN_04,NISE Gwal Pahari,Aravalli Belt,28.4215,77.1582,145.2,205.7,33.6,20,2.3,10,319,Very Poor
2024-01-27,IND_HR_GGN_04,NISE Gwal Pahari,Aravalli Belt,28.4215,77.1582,200.3,327.1,47.5,19.8,3.06,44.6,361,Very Poor
2024-01-28,IND_HR_GGN_04,NISE Gwal Pahari,Aravalli Belt,28.4215,77.1582,171.6,345.2,69.4,12.7,3.09,19.4,339,Very Poor
2024-01-29,IND_HR_GGN_04,NISE Gwal Pahari,Aravalli Belt,28.4215,77.1582,224.6,327.7,18.2,18.4,2.7,48.3,380,Very Poor
2024-01-30,IND_HR_GGN_04,NISE Gwal Pahari,Aravalli Belt,28.4215,77.1582,168.4,321.1,82.1,14.7,1.55,41,337,Very Poor
2024-01-31,IND_HR_GGN_04,NISE Gwal Pahari,Aravalli Belt,28.4215,77.1582,241.8,374.9,130.5,13,3.66,66.7,393,Very Poor
2024-02-01,IND_HR_GGN_04,NISE Gwal Pahari,Aravalli Belt,28.4215,77.1582,227.1,342.1,105,15.9,3.11,10,382,Very Poor
2024-02-02,IND_HR_GGN_04,NISE Gwal Pahari,Aravalli Belt,28.4215,77.1582,169.1,347.1,66.9,14.4,2.33,36.3,337,Very Poor
2024-02-03,IND_HR_GGN_04,NISE Gwal Pahari,Aravalli Belt,28.4215,77.1582,145.6,205.1,77.2,10.8,1.5,38.2,319,Very Poor
2024-02-04,IND_HR_GGN_04,NISE Gwal Pahari,Aravalli Belt,28.4215,77.1582,186.6,389.5,67.8,10.7,2.91,57.2,351,Very Poor
2024-02-05,IND_HR_GGN_04,NISE Gwal Pahari,Aravalli Belt,28.4215,77.1582,221.1,315.2,95.2,12,2.11,44.5,377,Very Poor
2024-02-06,IND_HR_GGN_04,NISE Gwal Pahari,Aravalli Belt,28.4215,77.1582,168.5,260.6,118,13.1,0.68,53.7,337,Very Poor
2024-02-07,IND_HR_GGN_04,NISE Gwal Pahari,Aravalli Belt,28.4215,77.1582,121.1,241.8,41.4,10.7,1.49,22.5,300,Very Poor
2024-02-08,IND_HR_GGN_04,NISE Gwal Pahari,Aravalli Belt,28.4215,77.1582,211.3,345.9,71.8,12.9,2.54,52,370,Very Poor
2024-02-09,IND_HR_GGN_04,NISE Gwal Pahari,Aravalli Belt,28.4215,77.1582,199.7,342.7,52,12.1,0.28,25,361,Very Poor
2024-02-10,IND_HR_GGN_04,NISE Gwal Pahari,Aravalli Belt,28.4215,77.1582,216,383.7,72.1,17.2,3.08,42.3,373,Very Poor
2024-02-11,IND_HR_GGN_04,NISE Gwal Pahari,Aravalli Belt,28.4215,77.1582,208.1,400.5,119.3,15.6,2.46,50.5,367,Very Poor
2024-02-12,IND_HR_GGN_04,NISE Gwal Pahari,Aravalli Belt,28.4215,77.1582,160,224.7,78.8,10.8,1.32,36.5,330,Very Poor
2024-02-13,IND_HR_GGN_04,NISE Gwal Pahari,Aravalli Belt,28.4215,77.1582,187.4,320.4,102.6,16.7,3.08,59.1,351,Very Poor
2024-02-14,IND_HR_GGN_04,NISE Gwal Pahari,Aravalli Belt,28.4215,77.1582,138.1,245.7,97.9,20.5,1.58,24.6,313,Very Poor
2024-02-15,IND_HR_GGN_04,NISE Gwal Pahari,Aravalli Belt,28.4215,77.1582,62.6,129.8,18.4,22.7,0.38,40.1,108,Moderate
2024-02-16,IND_HR_GGN_04,NISE Gwal Pahari,Aravalli Belt,28.4215,77.1582,39.6,80.8,35.2,17.7,1.3,45.7,66,Satisfactory
2024-02-17,IND_HR_GGN_04,NISE Gwal Pahari,Aravalli Belt,28.4215,77.1582,65.8,128,38.4,16.9,0.65,73.9,119,Moderate
2024-02-18,IND_HR_GGN_04,NISE Gwal Pahari,Aravalli Belt,28.4215,77.1582,78.6,110.9,66.7,12.5,1.54,71.7,162,Moderate
2024-02-19,IND_HR_GGN_04,NISE Gwal Pahari,Aravalli Belt,28.4215,77.1582,67.7,135,48.9,4.6,0.85,47.8,125,Moderate
2024-02-20,IND_HR_GGN_04,NISE Gwal Pahari,Aravalli Belt,28.4215,77.1582,23.5,34.4,19,25.2,0.4,56.8,39,Good
2024-02-21,IND_HR_GGN_04,NISE Gwal Pahari,Aravalli Belt,28.4215,77.1582,46,68.5,36.3,12.3,0.83,54.8,76,Satisfactory
2024-02-22,IND_HR_GGN_04,NISE Gwal Pahari,Aravalli Belt,28.4215,77.1582,56.1,88.7,43.5,16,0.25,54.7,93,Satisfactory
2024-02-23,IND_HR_GGN_04,NISE Gwal Pahari,Aravalli Belt,28.4215,77.1582,64.1,93.5,42.7,16.8,0.52,27.2,113,Moderate
2024-02-24,IND_HR_GGN_04,NISE Gwal Pahari,Aravalli Belt,28.4215,77.1582,63.1,124,38.7,13.6,1.25,41.9,110,Moderate
2024-02-25,IND_HR_GGN_04,NISE Gwal Pahari,Aravalli Belt,28.4215,77.1582,59.8,95.2,25.6,18.9,1.32,27.6,99,Satisfactory
2024-02-26,IND_HR_GGN_04,NISE Gwal Pahari,Aravalli Belt,28.4215,77.1582,61.9,95.6,32.9,23.5,1.31,41.5,106,Moderate
2024-02-27,IND_HR_GGN_04,NISE Gwal Pahari,Aravalli Belt,28.4215,77.1582,47.3,78.5,25.1,15,0.93,15,78,Satisfactory
2024-02-28,IND_HR_GGN_04,NISE Gwal Pahari,Aravalli Belt,28.4215,77.1582,67.9,104.7,49.9,13,0.97,55.3,126,Moderate
2024-02-29,IND_HR_GGN_04,NISE Gwal Pahari,Aravalli Belt,28.4215,77.1582,66.8,114.4,38,13.5,0.89,51.3,122,Moderate
2024-03-01,IND_HR_GGN_04,NISE Gwal Pahari,Aravalli Belt,28.4215,77.1582,58,98.4,32.3,7.1,0.52,47.6,96,Satisfactory
2024-03-02,IND_HR_GGN_04,NISE Gwal Pahari,Aravalli Belt,28.4215,77.1582,54.8,107.1,16,16.4,0.86,55,91,Satisfactory
2024-03-03,IND_HR_GGN_04,NISE Gwal Pahari,Aravalli Belt,28.4215,77.1582,54.7,93.9,46,14.1,0.57,49.1,91,Satisfactory
2024-03-04,IND_HR_GGN_04,NISE Gwal Pahari,Aravalli Belt,28.4215,77.1582,36.1,58.4,38.5,16.4,0.99,15.7,60,Satisfactory
2024-03-05,IND_HR_GGN_04,NISE Gwal Pahari,Aravalli Belt,28.4215,77.1582,59,83.8,42.5,11.7,0.33,33,98,Satisfactory
2024-03-06,IND_HR_GGN_04,NISE Gwal Pahari,Aravalli Belt,28.4215,77.1582,56.3,97.2,39.7,14.3,0.24,66.3,93,Satisfactory
2024-03-07,IND_HR_GGN_04,NISE Gwal Pahari,Aravalli Belt,28.4215,77.1582,67.7,133.5,34.2,10.9,1.21,33.3,125,Moderate
2024-03-08,IND_HR_GGN_04,NISE Gwal Pahari,Aravalli Belt,28.4215,77.1582,72.5,135.5,40,16.4,1.74,69.6,141,Moderate
2024-03-09,IND_HR_GGN_04,NISE Gwal Pahari,Aravalli Belt,28.4215,77.1582,60.4,96.1,40.7,10,0.54,28.2,101,Moderate
2024-03-10,IND_HR_GGN_04,NISE Gwal Pahari,Aravalli Belt,28.4215,77.1582,45.5,79.5,23.1,13.1,0.88,17.4,75,Satisfactory
2024-03-11,IND_HR_GGN_04,NISE Gwal Pahari,Aravalli Belt,28.4215,77.1582,75.5,147.8,63.4,16.2,0.67,47.9,151,Moderate
2024-03-12,IND_HR_GGN_04,NISE Gwal Pahari,Aravalli Belt,28.4215,77.1582,55.6,104.8,27.4,10,0.47,26.4,92,Satisfactory
2024-03-13,IND_HR_GGN_04,NISE Gwal Pahari,Aravalli Belt,28.4215,77.1582,65.8,116.1,53.3,14.4,0.45,34.8,119,Moderate
2024-03-14,IND_HR_GGN_04,NISE Gwal Pahari,Aravalli Belt,28.4215,77.1582,48.2,76.9,27.1,16.8,1.36,58.7,80,Satisfactory
2024-03-15,IND_HR_GGN_04,NISE Gwal Pahari,Aravalli Belt,28.4215,77.1582,77,133.7,40.4,7.1,1.6,28.3,156,Moderate
2024-03-16,IND_HR_GGN_04,NISE Gwal Pahari,Aravalli Belt,28.4215,77.1582,74,118.7,25.4,15.9,1.28,34.5,146,Moderate
2024-03-17,IND_HR_GGN_04,NISE Gwal Pahari,Aravalli Belt,28.4215,77.1582,34.9,69.3,22.8,21.3,0.67,48.7,58,Satisfactory
2024-03-18,IND_HR_GGN_04,NISE Gwal Pahari,Aravalli Belt,28.4215,77.1582,49.2,93,32.8,9.2,0.34,50.6,82,Satisfactory
2024-03-19,IND_HR_GGN_04,NISE Gwal Pahari,Aravalli Belt,28.4215,77.1582,63.4,106.5,66,16.9,1.14,72.8,111,Moderate
2024-03-20,IND_HR_GGN_04,NISE Gwal Pahari,Aravalli Belt,28.4215,77.1582,59.6,118.9,43.5,9.4,0.61,45.6,99,Satisfactory
2024-03-21,IND_HR_GGN_04,NISE Gwal Pahari,Aravalli Belt,28.4215,77.1582,52.4,75.6,35,16.9,0.78,56.3,87,Satisfactory
2024-03-22,IND_HR_GGN_04,NISE Gwal Pahari,Aravalli Belt,28.4215,77.1582,42.2,86.2,31.5,10.2,1.02,33.7,70,Satisfactory
2024-03-23,IND_HR_GGN_04,NISE Gwal Pahari,Aravalli Belt,28.4215,77.1582,60.3,106.5,48.7,11.7,1.29,42.3,100,Moderate
2024-03-24,IND_HR_GGN_04,NISE Gwal Pahari,Aravalli Belt,28.4215,77.1582,57.8,109,72.8,21.7,0.99,33.5,96,Satisfactory
2024-03-25,IND_HR_GGN_04,NISE Gwal Pahari,Aravalli Belt,28.4215,77.1582,54.4,76.8,31.7,16.9,0.7,28.4,90,Satisfactory
2024-03-26,IND_HR_GGN_04,NISE Gwal Pahari,Aravalli Belt,28.4215,77.1582,50.4,91.1,46.2,15.4,0.91,64.2,84,Satisfactory
2024-03-27,IND_HR_GGN_04,NISE Gwal Pahari,Aravalli Belt,28.4215,77.1582,50.7,104.3,36,12.3,0.56,59.9,84,Satisfactory
2024-03-28,IND_HR_GGN_04,NISE Gwal Pahari,Aravalli Belt,28.4215,77.1582,48.9,99.6,26.5,15.1,0.79,54.7,81,Satisfactory
2024-03-29,IND_HR_GGN_04,NISE Gwal Pahari,Aravalli Belt,28.4215,77.1582,53.9,108.5,47.8,13.2,0.74,78,89,Satisfactory
2024-03-30,IND_HR_GGN_04,NISE Gwal Pahari,Aravalli Belt,28.4215,77.1582,61.5,120.9,41.6,8.9,0.6,28.3,105,Moderate
2024-03-31,IND_HR_GGN_04,NISE Gwal Pahari,Aravalli Belt,28.4215,77.1582,104.5,183.9,56.5,4,1.62,37.7,248,Poor
2024-04-01,IND_HR_GGN_04,NISE Gwal Pahari,Aravalli Belt,28.4215,77.1582,48.6,71.2,43.6,4,1.65,46.9,81,Satisfactory
2024-04-02,IND_HR_GGN_04,NISE Gwal Pahari,Aravalli Belt,28.4215,77.1582,84.8,147,39.6,15.5,1.36,23.7,182,Moderate
2024-04-03,IND_HR_GGN_04,NISE Gwal Pahari,Aravalli Belt,28.4215,77.1582,82.4,147.7,23.9,21.7,2.13,21.8,174,Moderate
2024-04-04,IND_HR_GGN_04,NISE Gwal Pahari,Aravalli Belt,28.4215,77.1582,65.5,115.5,18.7,13.8,1.72,79.8,118,Moderate
2024-04-05,IND_HR_GGN_04,NISE Gwal Pahari,Aravalli Belt,28.4215,77.1582,81.8,138.7,32.4,18,1.33,25.1,172,Moderate
2024-04-06,IND_HR_GGN_04,NISE Gwal Pahari,Aravalli Belt,28.4215,77.1582,49.6,92.9,37.1,17.3,0.2,12.3,82,Satisfactory
2024-04-07,IND_HR_GGN_04,NISE Gwal Pahari,Aravalli Belt,28.4215,77.1582,43.2,84.2,38.4,16.1,0.84,50,72,Satisfactory
2024-04-08,IND_HR_GGN_04,NISE Gwal Pahari,Aravalli Belt,28.4215,77.1582,51.1,90,45.3,20.7,1.22,46.4,85,Satisfactory
2024-04-09,IND_HR_GGN_04,NISE Gwal Pahari,Aravalli Belt,28.4215,77.1582,108.2,200.4,66.4,20.3,0.74,46.5,260,Poor
2024-04-10,IND_HR_GGN_04,NISE Gwal Pahari,Aravalli Belt,28.4215,77.1582,48.2,74.3,31.1,9,0.81,44.3,80,Satisfactory
2024-04-11,IND_HR_GGN_04,NISE Gwal Pahari,Aravalli Belt,28.4215,77.1582,116.8,235.9,39.1,17.7,1.94,73.4,289,Poor
2024-04-12,IND_HR_GGN_04,NISE Gwal Pahari,Aravalli Belt,28.4215,77.1582,71.8,149,47.5,18.4,0.79,22.1,139,Moderate
2024-04-13,IND_HR_GGN_04,NISE Gwal Pahari,Aravalli Belt,28.4215,77.1582,72.2,141.3,41.4,12.9,0.96,35.1,140,Moderate
2024-04-14,IND_HR_GGN_04,NISE Gwal Pahari,Aravalli Belt,28.4215,77.1582,54.1,102,54.8,18.3,1.33,60.2,90,Satisfactory
2024-04-15,IND_HR_GGN_04,NISE Gwal Pahari,Aravalli Belt,28.4215,77.1582,73.7,107.2,35.2,13.8,0.46,44.1,145,Moderate
2024-04-16,IND_HR_GGN_04,NISE Gwal Pahari,Aravalli Belt,28.4215,77.1582,65.4,99.7,36.7,14.9,0.93,56.8,118,Moderate
2024-04-17,IND_HR_GGN_04,NISE Gwal Pahari,Aravalli Belt,28.4215,77.1582,86.7,142.4,39.3,22.5,1.25,48.5,189,Moderate
2024-04-18,IND_HR_GGN_04,NISE Gwal Pahari,Aravalli Belt,28.4215,77.1582,46.5,71.2,34.7,19.5,0.63,39.1,77,Satisfactory
2024-04-19,IND_HR_GGN_04,NISE Gwal Pahari,Aravalli Belt,28.4215,77.1582,102.6,199.4,75.5,13.5,1.75,69.9,242,Poor
2024-04-20,IND_HR_GGN_04,NISE Gwal Pahari,Aravalli Belt,28.4215,77.1582,52.8,98.6,48,13.5,0.88,18.5,88,Satisfactory
2024-04-21,IND_HR_GGN_04,NISE Gwal Pahari,Aravalli Belt,28.4215,77.1582,67.3,136.6,54.6,23.1,0.84,26.7,124,Moderate
2024-04-22,IND_HR_GGN_04,NISE Gwal Pahari,Aravalli Belt,28.4215,77.1582,93.8,190.5,54.4,9.1,0.42,45.2,212,Poor
2024-04-23,IND_HR_GGN_04,NISE Gwal Pahari,Aravalli Belt,28.4215,77.1582,64.1,130.2,32.8,6.5,0.83,38.6,113,Moderate
2024-04-24,IND_HR_GGN_04,NISE Gwal Pahari,Aravalli Belt,28.4215,77.1582,86.2,164.3,77.9,16,1.5,26.3,187,Moderate
2024-04-25,IND_HR_GGN_04,NISE Gwal Pahari,Aravalli Belt,28.4215,77.1582,75,131,43.6,9.4,0.66,50.1,150,Moderate
2024-04-26,IND_HR_GGN_04,NISE Gwal Pahari,Aravalli Belt,28.4215,77.1582,88.5,143.2,52.1,13.7,1.33,51.2,195,Moderate
2024-04-27,IND_HR_GGN_04,NISE Gwal Pahari,Aravalli Belt,28.4215,77.1582,93.4,182.9,66.3,21.5,2.25,26.1,211,Poor
2024-04-28,IND_HR_GGN_04,NISE Gwal Pahari,Aravalli Belt,28.4215,77.1582,68.1,116.2,57,14.2,1.45,38.1,126,Moderate
2024-04-29,IND_HR_GGN_04,NISE Gwal Pahari,Aravalli Belt,28.4215,77.1582,83.3,118.9,45.3,4,1.33,34.6,177,Moderate
2024-04-30,IND_HR_GGN_04,NISE Gwal Pahari,Aravalli Belt,28.4215,77.1582,71.5,134.2,51.5,13.3,0.86,70,138,Moderate
2024-05-01,IND_HR_GGN_04,NISE Gwal Pahari,Aravalli Belt,28.4215,77.1582,63.8,115.6,43.9,10.4,1.13,37.5,112,Moderate
2024-05-02,IND_HR_GGN_04,NISE Gwal Pahari,Aravalli Belt,28.4215,77.1582,115.6,200.7,50.3,22.6,1.03,25.8,285,Poor
2024-05-03,IND_HR_GGN_04,NISE Gwal Pahari,Aravalli Belt,28.4215,77.1582,71.2,141.6,45.7,22,1.33,23.3,137,Moderate
2024-05-04,IND_HR_GGN_04,NISE Gwal Pahari,Aravalli Belt,28.4215,77.1582,62.8,123.3,29.6,7.4,1.47,37.1,109,Moderate
2024-05-05,IND_HR_GGN_04,NISE Gwal Pahari,Aravalli Belt,28.4215,77.1582,69.8,130.3,46.7,19.7,0.87,36.6,132,Moderate
2024-05-06,IND_HR_GGN_04,NISE Gwal Pahari,Aravalli Belt,28.4215,77.1582,83.6,145.1,63.3,25.3,0.77,27.2,178,Moderate
2024-05-07,IND_HR_GGN_04,NISE Gwal Pahari,Aravalli Belt,28.4215,77.1582,59,97.9,31.1,15.7,1.72,69.4,98,Satisfactory
2024-05-08,IND_HR_GGN_04,NISE Gwal Pahari,Aravalli Belt,28.4215,77.1582,82,161.4,60,11.3,0.62,44.1,173,Moderate
2024-05-09,IND_HR_GGN_04,NISE Gwal Pahari,Aravalli Belt,28.4215,77.1582,49.1,92.6,28.8,13.1,1.24,36.6,81,Satisfactory
2024-05-10,IND_HR_GGN_04,NISE Gwal Pahari,Aravalli Belt,28.4215,77.1582,103.8,195.6,69,14.9,2.05,30.5,246,Poor
2024-05-11,IND_HR_GGN_04,NISE Gwal Pahari,Aravalli Belt,28.4215,77.1582,93.9,171.4,58.3,10.8,1.27,18.2,213,Poor
2024-05-12,IND_HR_GGN_04,NISE Gwal Pahari,Aravalli Belt,28.4215,77.1582,70.6,130.8,57.3,8.2,0.89,47.8,135,Moderate
2024-05-13,IND_HR_GGN_04,NISE Gwal Pahari,Aravalli Belt,28.4215,77.1582,77.5,158.7,55,13.3,0.58,11.2,158,Moderate
2024-05-14,IND_HR_GGN_04,NISE Gwal Pahari,Aravalli Belt,28.4215,77.1582,45.8,94,40.6,16.3,0.49,21.8,76,Satisfactory
2024-05-15,IND_HR_GGN_04,NISE Gwal Pahari,Aravalli Belt,28.4215,77.1582,92.2,154.4,39.8,13.8,1.35,48.6,207,Poor
2024-05-16,IND_HR_GGN_04,NISE Gwal Pahari,Aravalli Belt,28.4215,77.1582,103.9,207.9,49.2,16.4,2.24,42.9,246,Poor
2024-05-17,IND_HR_GGN_04,NISE Gwal Pahari,Aravalli Belt,28.4215,77.1582,119.9,245.3,65.8,15.8,0.37,10.4,299,Poor
2024-05-18,IND_HR_GGN_04,NISE Gwal Pahari,Aravalli Belt,28.4215,77.1582,93.9,155.7,47.4,25.4,1.43,31.7,213,Poor
2024-05-19,IND_HR_GGN_04,NISE Gwal Pahari,Aravalli Belt,28.4215,77.1582,118.1,167.2,77.3,8.5,0.86,56,293,Poor
2024-05-20,IND_HR_GGN_04,NISE Gwal Pahari,Aravalli Belt,28.4215,77.1582,99.9,144.2,45.2,9.7,1.59,45.1,233,Poor
2024-05-21,IND_HR_GGN_04,NISE Gwal Pahari,Aravalli Belt,28.4215,77.1582,81.5,135.4,18.2,23.4,1.73,10,171,Moderate
2024-05-22,IND_HR_GGN_04,NISE Gwal Pahari,Aravalli Belt,28.4215,77.1582,83.9,169.1,40.4,13.5,1.79,52,179,Moderate
2024-05-23,IND_HR_GGN_04,NISE Gwal Pahari,Aravalli Belt,28.4215,77.1582,76.9,127.8,60.4,17.1,0.87,62.1,156,Moderate
2024-05-24,IND_HR_GGN_04,NISE Gwal Pahari,Aravalli Belt,28.4215,77.1582,43.2,76,44.7,10.6,1.11,31.1,72,Satisfactory
2024-05-25,IND_HR_GGN_04,NISE Gwal Pahari,Aravalli Belt,28.4215,77.1582,67.8,131.3,41.8,10.4,1.1,10.2,126,Moderate
2024-05-26,IND_HR_GGN_04,NISE Gwal Pahari,Aravalli Belt,28.4215,77.1582,74.9,149.2,8,19.6,1.37,20.7,149,Moderate
2024-05-27,IND_HR_GGN_04,NISE Gwal Pahari,Aravalli Belt,28.4215,77.1582,46.5,72,44,5.5,0.2,35.8,77,Satisfactory
2024-05-28,IND_HR_GGN_04,NISE Gwal Pahari,Aravalli Belt,28.4215,77.1582,63.1,95.4,42.4,19.2,1.23,45.6,110,Moderate
2024-05-29,IND_HR_GGN_04,NISE Gwal Pahari,Aravalli Belt,28.4215,77.1582,104.3,195.1,38.1,15.3,1.39,44.5,247,Poor
2024-05-30,IND_HR_GGN_04,NISE Gwal Pahari,Aravalli Belt,28.4215,77.1582,74.8,147.5,43.1,13.8,0.81,36,149,Moderate
2024-05-31,IND_HR_GGN_04,NISE Gwal Pahari,Aravalli Belt,28.4215,77.1582,89.4,157.2,47.6,6.7,1.11,29.2,198,Moderate
2024-06-01,IND_HR_GGN_04,NISE Gwal Pahari,Aravalli Belt,28.4215,77.1582,119.7,232.3,76.8,14.2,1.24,48.2,299,Poor
2024-06-02,IND_HR_GGN_04,NISE Gwal Pahari,Aravalli Belt,28.4215,77.1582,65.5,112.3,40.1,13.9,0.33,44.8,118,Moderate
2024-06-03,IND_HR_GGN_04,NISE Gwal Pahari,Aravalli Belt,28.4215,77.1582,51.9,107.8,49.1,23.9,0.84,43.2,86,Satisfactory
2024-06-04,IND_HR_GGN_04,NISE Gwal Pahari,Aravalli Belt,28.4215,77.1582,62.9,129.2,17,10.2,1.05,12.3,109,Moderate
2024-06-05,IND_HR_GGN_04,NISE Gwal Pahari,Aravalli Belt,28.4215,77.1582,77.6,127,44.3,9,1.68,54.1,158,Moderate
2024-06-06,IND_HR_GGN_04,NISE Gwal Pahari,Aravalli Belt,28.4215,77.1582,97,194.8,72.1,8.5,0.97,23.3,223,Poor
2024-06-07,IND_HR_GGN_04,NISE Gwal Pahari,Aravalli Belt,28.4215,77.1582,69,102.9,52.2,12.9,0.81,53,130,Moderate
2024-06-08,IND_HR_GGN_04,NISE Gwal Pahari,Aravalli Belt,28.4215,77.1582,57.9,113.3,38.2,11,1.09,43.9,96,Satisfactory
2024-06-09,IND_HR_GGN_04,NISE Gwal Pahari,Aravalli Belt,28.4215,77.1582,87.8,172,50.6,22,0.81,54.6,192,Moderate
2024-06-10,IND_HR_GGN_04,NISE Gwal Pahari,Aravalli Belt,28.4215,77.1582,78.6,132,15.2,14.2,2.06,71.6,162,Moderate
2024-06-11,IND_HR_GGN_04,NISE Gwal Pahari,Aravalli Belt,28.4215,77.1582,89.6,126.9,34.7,18,1.05,43,198,Moderate
2024-06-12,IND_HR_GGN_04,NISE Gwal Pahari,Aravalli Belt,28.4215,77.1582,87.1,123.8,50.3,29.2,1.97,63.2,190,Moderate
2024-06-13,IND_HR_GGN_04,NISE Gwal Pahari,Aravalli Belt,28.4215,77.1582,50.5,89.9,47.4,8.9,0.2,10,84,Satisfactory
2024-06-14,IND_HR_GGN_04,NISE Gwal Pahari,Aravalli Belt,28.4215,77.1582,77,150.1,54.5,15.1,1.62,31.2,156,Moderate
2024-06-15,IND_HR_GGN_04,NISE Gwal Pahari,Aravalli Belt,28.4215,77.1582,96.4,147.2,58.8,15.1,1.3,34.5,221,Poor
2024-06-16,IND_HR_GGN_04,NISE Gwal Pahari,Aravalli Belt,28.4215,77.1582,58,93.4,60.8,8.8,1.02,68,96,Satisfactory
2024-06-17,IND_HR_GGN_04,NISE Gwal Pahari,Aravalli Belt,28.4215,77.1582,81,169,52.3,19.6,1.3,75.1,170,Moderate
2024-06-18,IND_HR_GGN_04,NISE Gwal Pahari,Aravalli Belt,28.4215,77.1582,104.6,159.4,48.4,13.7,3.04,49,248,Poor
2024-06-19,IND_HR_GGN_04,NISE Gwal Pahari,Aravalli Belt,28.4215,77.1582,64.4,104.9,26.8,16.3,1.1,44,114,Moderate
2024-06-20,IND_HR_GGN_04,NISE Gwal Pahari,Aravalli Belt,28.4215,77.1582,52.2,104.6,52.6,10.5,1.18,18.2,87,Satisfactory
2024-06-21,IND_HR_GGN_04,NISE Gwal Pahari,Aravalli Belt,28.4215,77.1582,69.5,108.7,44.5,9.9,0.71,38.8,131,Moderate
2024-06-22,IND_HR_GGN_04,NISE Gwal Pahari,Aravalli Belt,28.4215,77.1582,70.1,109.7,56.5,15.7,1.06,26.2,133,Moderate
2024-06-23,IND_HR_GGN_04,NISE Gwal Pahari,Aravalli Belt,28.4215,77.1582,60.4,119,15.9,17.6,1.01,16.5,101,Moderate
2024-06-24,IND_HR_GGN_04,NISE Gwal Pahari,Aravalli Belt,28.4215,77.1582,66.5,121,47.3,23.1,0.53,76.9,121,Moderate
2024-06-25,IND_HR_GGN_04,NISE Gwal Pahari,Aravalli Belt,28.4215,77.1582,55.4,101.2,39.8,15.1,1.17,47.2,92,Satisfactory
2024-06-26,IND_HR_GGN_04,NISE Gwal Pahari,Aravalli Belt,28.4215,77.1582,65.8,136.3,41.3,12.8,0.45,56.3,119,Moderate
2024-06-27,IND_HR_GGN_04,NISE Gwal Pahari,Aravalli Belt,28.4215,77.1582,46.2,92.2,59,12.2,0.96,53.2,77,Satisfactory
2024-06-28,IND_HR_GGN_04,NISE Gwal Pahari,Aravalli Belt,28.4215,77.1582,32.7,49.4,24.4,7.5,1.03,45.2,54,Satisfactory
2024-06-29,IND_HR_GGN_04,NISE Gwal Pahari,Aravalli Belt,28.4215,77.1582,27.9,44.1,30.5,14.7,0.7,37.9,46,Good
2024-06-30,IND_HR_GGN_04,NISE Gwal Pahari,Aravalli Belt,28.4215,77.1582,47,91.3,38.7,15.3,0.72,59.2,78,Satisfactory
2024-07-01,IND_HR_GGN_04,NISE Gwal Pahari,Aravalli Belt,28.4215,77.1582,19.3,34.8,37.1,21.5,0.2,25.6,32,Good
2024-07-02,IND_HR_GGN_04,NISE Gwal Pahari,Aravalli Belt,28.4215,77.1582,34.8,72.3,27,13,0.3,52.2,57,Satisfactory
2024-07-03,IND_HR_GGN_04,NISE Gwal Pahari,Aravalli Belt,28.4215,77.1582,40.2,79.2,33.6,10.5,0.87,39.3,67,Satisfactory
2024-07-04,IND_HR_GGN_04,NISE Gwal Pahari,Aravalli Belt,28.4215,77.1582,20.3,41,16,18.7,0.58,32.4,33,Good
2024-07-05,IND_HR_GGN_04,NISE Gwal Pahari,Aravalli Belt,28.4215,77.1582,30.2,51.5,39,12.8,0.68,53.8,50,Satisfactory
2024-07-06,IND_HR_GGN_04,NISE Gwal Pahari,Aravalli Belt,28.4215,77.1582,35.2,66.5,34.1,16.6,0.9,67,58,Satisfactory
2024-07-07,IND_HR_GGN_04,NISE Gwal Pahari,Aravalli Belt,28.4215,77.1582,36.9,66.1,19.5,9.5,0.58,25,61,Satisfactory
2024-07-08,IND_HR_GGN_04,NISE Gwal Pahari,Aravalli Belt,28.4215,77.1582,45.4,85.3,54,15.7,1.1,60.4,75,Satisfactory
2024-07-09,IND_HR_GGN_04,NISE Gwal Pahari,Aravalli Belt,28.4215,77.1582,30.1,47.1,41.5,18.6,0.7,63.9,50,Satisfactory
2024-07-10,IND_HR_GGN_04,NISE Gwal Pahari,Aravalli Belt,28.4215,77.1582,19.7,40.3,30.9,14,0.7,53.3,32,Good
2024-07-11,IND_HR_GGN_04,NISE Gwal Pahari,Aravalli Belt,28.4215,77.1582,44.4,74.8,30.1,19.9,0.58,50,74,Satisfactory
2024-07-12,IND_HR_GGN_04,NISE Gwal Pahari,Aravalli Belt,28.4215,77.1582,33.1,59.3,30.9,22.3,0.67,38.4,55,Satisfactory
2024-07-13,IND_HR_GGN_04,NISE Gwal Pahari,Aravalli Belt,28.4215,77.1582,12,21.5,13.3,14.1,0.39,53.1,20,Good
2024-07-14,IND_HR_GGN_04,NISE Gwal Pahari,Aravalli Belt,28.4215,77.1582,23.8,49.6,28,11.8,0.69,10,39,Good
2024-07-15,IND_HR_GGN_04,NISE Gwal Pahari,Aravalli Belt,28.4215,77.1582,26.7,38,24,15.8,0.93,38.3,44,Good
2024-07-16,IND_HR_GGN_04,NISE Gwal Pahari,Aravalli Belt,28.4215,77.1582,27.9,47.5,28.5,8.7,0.85,49.7,46,Good
2024-07-17,IND_HR_GGN_04,NISE Gwal Pahari,Aravalli Belt,28.4215,77.1582,18,33.3,20.8,18.1,0.45,20.3,30,Good
2024-07-18,IND_HR_GGN_04,NISE Gwal Pahari,Aravalli Belt,28.4215,77.1582,15,26.5,25.9,12.9,0.6,10.9,25,Good
2024-07-19,IND_HR_GGN_04,NISE Gwal Pahari,Aravalli Belt,28.4215,77.1582,30,62.6,28.3,12.8,0.56,26.4,50,Good
2024-07-20,IND_HR_GGN_04,NISE Gwal Pahari,Aravalli Belt,28.4215,77.1582,46.7,83.8,43.5,12.7,1.08,25.9,77,Satisfactory
2024-07-21,IND_HR_GGN_04,NISE Gwal Pahari,Aravalli Belt,28.4215,77.1582,36.8,69.1,34.5,14.3,0.77,42.9,61,Satisfactory
2024-07-22,IND_HR_GGN_04,NISE Gwal Pahari,Aravalli Belt,28.4215,77.1582,12,17,23.2,8.1,0.46,41,20,Good
2024-07-23,IND_HR_GGN_04,NISE Gwal Pahari,Aravalli Belt,28.4215,77.1582,23,35.9,35.4,21.7,0.56,38.8,38,Good
2024-07-24,IND_HR_GGN_04,NISE Gwal Pahari,Aravalli Belt,28.4215,77.1582,20.9,34,42.9,16.6,0.46,22.2,34,Good
2024-07-25,IND_HR_GGN_04,NISE Gwal Pahari,Aravalli Belt,28.4215,77.1582,40.2,58,32.2,7.3,0.91,32.5,67,Satisfactory
2024-07-26,IND_HR_GGN_04,NISE Gwal Pahari,Aravalli Belt,28.4215,77.1582,23.9,45.6,32.8,16.8,0.6,48.5,39,Good
2024-07-27,IND_HR_GGN_04,NISE Gwal Pahari,Aravalli Belt,28.4215,77.1582,41.2,75.1,56.7,22.1,0.24,50.9,68,Satisfactory
2024-07-28,IND_HR_GGN_04,NISE Gwal Pahari,Aravalli Belt,28.4215,77.1582,31.1,49.8,34.6,7.6,0.61,30.2,51,Satisfactory
2024-07-29,IND_HR_GGN_04,NISE Gwal Pahari,Aravalli Belt,28.4215,77.1582,16.7,33.9,38.1,22.9,0.35,25.1,27,Good
2024-07-30,IND_HR_GGN_04,NISE Gwal Pahari,Aravalli Belt,28.4215,77.1582,32.7,49.1,38.4,9.1,0.71,33.5,54,Satisfactory
2024-07-31,IND_HR_GGN_04,NISE Gwal Pahari,Aravalli Belt,28.4215,77.1582,21.6,43.9,35.3,12.9,0.78,55.4,36,Good
2024-08-01,IND_HR_GGN_04,NISE Gwal Pahari,Aravalli Belt,28.4215,77.1582,22.4,46.8,36,13.1,0.72,39.3,37,Good
2024-08-02,IND_HR_GGN_04,NISE Gwal Pahari,Aravalli Belt,28.4215,77.1582,32.2,59.9,27.8,19.8,0.73,39.8,53,Satisfactory
2024-08-03,IND_HR_GGN_04,NISE Gwal Pahari,Aravalli Belt,28.4215,77.1582,25.4,45.2,22.7,15.6,0.68,85.6,42,Good
2024-08-04,IND_HR_GGN_04,NISE Gwal Pahari,Aravalli Belt,28.4215,77.1582,32.1,64.1,56.8,7.1,1.15,49.8,53,Satisfactory
2024-08-05,IND_HR_GGN_04,NISE Gwal Pahari,Aravalli Belt,28.4215,77.1582,35.3,60.8,20.5,6.4,0.49,10,58,Satisfactory
2024-08-06,IND_HR_GGN_04,NISE Gwal Pahari,Aravalli Belt,28.4215,77.1582,56.5,105.1,29.7,10.4,0.49,58.6,94,Satisfactory
2024-08-07,IND_HR_GGN_04,NISE Gwal Pahari,Aravalli Belt,28.4215,77.1582,33,48.2,31.2,17.3,0.2,48.3,55,Satisfactory
2024-08-08,IND_HR_GGN_04,NISE Gwal Pahari,Aravalli Belt,28.4215,77.1582,26.8,47,39.2,19.2,0.67,44.2,44,Good
2024-08-09,IND_HR_GGN_04,NISE Gwal Pahari,Aravalli Belt,28.4215,77.1582,38.7,71.9,33,9.4,0.91,54.8,64,Satisfactory
2024-08-10,IND_HR_GGN_04,NISE Gwal Pahari,Aravalli Belt,28.4215,77.1582,17.5,27.8,8,4,0.62,17.9,29,Good
2024-08-11,IND_HR_GGN_04,NISE Gwal Pahari,Aravalli Belt,28.4215,77.1582,17.9,29.8,29.4,18.6,0.2,35.5,29,Good
2024-08-12,IND_HR_GGN_04,NISE Gwal Pahari,Aravalli Belt,28.4215,77.1582,20.8,40.9,44.1,4,0.2,14.4,34,Good
2024-08-13,IND_HR_GGN_04,NISE Gwal Pahari,Aravalli Belt,28.4215,77.1582,19.2,33.8,38.6,9.6,0.92,23.3,32,Good
2024-08-14,IND_HR_GGN_04,NISE Gwal Pahari,Aravalli Belt,28.4215,77.1582,28.8,42.2,36.1,10.7,0.36,35.1,48,Good
2024-08-15,IND_HR_GGN_04,NISE Gwal Pahari,Aravalli Belt,28.4215,77.1582,26.4,44.1,42.6,8,0.31,50.1,44,Good
2024-08-16,IND_HR_GGN_04,NISE Gwal Pahari,Aravalli Belt,28.4215,77.1582,47.4,81.9,23.9,13.2,0.76,64.1,79,Satisfactory
2024-08-17,IND_HR_GGN_04,NISE Gwal Pahari,Aravalli Belt,28.4215,77.1582,28.8,55.9,34.2,18.4,0.92,22.9,48,Good
2024-08-18,IND_HR_GGN_04,NISE Gwal Pahari,Aravalli Belt,28.4215,77.1582,33.6,54,27.8,10.2,0.93,10,56,Satisfactory
2024-08-19,IND_HR_GGN_04,NISE Gwal Pahari,Aravalli Belt,28.4215,77.1582,40.5,58.8,39.8,14.1,0.3,50.7,67,Satisfactory
2024-08-20,IND_HR_GGN_04,NISE Gwal Pahari,Aravalli Belt,28.4215,77.1582,24.5,45.3,29.4,14,0.57,60.2,40,Good
2024-08-21,IND_HR_GGN_04,NISE Gwal Pahari,Aravalli Belt,28.4215,77.1582,46.1,94.8,39.7,15.8,0.63,42,76,Satisfactory
2024-08-22,IND_HR_GGN_04,NISE Gwal Pahari,Aravalli Belt,28.4215,77.1582,17.5,33.2,21.7,22,0.59,43.7,29,Good
2024-08-23,IND_HR_GGN_04,NISE Gwal Pahari,Aravalli Belt,28.4215,77.1582,13.8,22.3,27.6,15.5,0.74,31.3,23,Good
2024-08-24,IND_HR_GGN_04,NISE Gwal Pahari,Aravalli Belt,28.4215,77.1582,46.6,88.5,29,9.9,0.72,24.6,77,Satisfactory
2024-08-25,IND_HR_GGN_04,NISE Gwal Pahari,Aravalli Belt,28.4215,77.1582,25.9,41.5,37.9,17.6,0.72,53.6,43,Good
2024-08-26,IND_HR_GGN_04,NISE Gwal Pahari,Aravalli Belt,28.4215,77.1582,22.2,35.8,27.6,5.8,0.67,54.5,37,Good
2024-08-27,IND_HR_GGN_04,NISE Gwal Pahari,Aravalli Belt,28.4215,77.1582,19.6,37,23.8,13,0.35,39.6,32,Good
2024-08-28,IND_HR_GGN_04,NISE Gwal Pahari,Aravalli Belt,28.4215,77.1582,20,29.9,28,11.5,0.2,73.1,33,Good
2024-08-29,IND_HR_GGN_04,NISE Gwal Pahari,Aravalli Belt,28.4215,77.1582,31.7,44.7,25.8,14.5,0.71,56.7,52,Satisfactory
2024-08-30,IND_HR_GGN_04,NISE Gwal Pahari,Aravalli Belt,28.4215,77.1582,32.2,61.5,42.5,9.9,0.59,43.3,53,Satisfactory
2024-08-31,IND_HR_GGN_04,NISE Gwal Pahari,Aravalli Belt,28.4215,77.1582,31.9,56.2,35.2,4,0.54,27.4,53,Satisfactory
2024-09-01,IND_HR_GGN_04,NISE Gwal Pahari,Aravalli Belt,28.4215,77.1582,34.7,67.4,22.5,9.6,0.57,49.2,57,Satisfactory
2024-09-02,IND_HR_GGN_04,NISE Gwal Pahari,Aravalli Belt,28.4215,77.1582,32.8,58.9,30.2,12.4,0.21,51.5,54,Satisfactory
2024-09-03,IND_HR_GGN_04,NISE Gwal Pahari,Aravalli Belt,28.4215,77.1582,38.3,66.9,43.2,9.3,0.4,22.4,63,Satisfactory
2024-09-04,IND_HR_GGN_04,NISE Gwal Pahari,Aravalli Belt,28.4215,77.1582,31.6,48.4,47.9,8.5,0.92,39.9,52,Satisfactory
2024-09-05,IND_HR_GGN_04,NISE Gwal Pahari,Aravalli Belt,28.4215,77.1582,43.4,78.8,23.7,15.5,1.09,47.8,72,Satisfactory
2024-09-06,IND_HR_GGN_04,NISE Gwal Pahari,Aravalli Belt,28.4215,77.1582,31.1,64.6,38.5,6.6,0.84,52.7,51,Satisfactory
2024-09-07,IND_HR_GGN_04,NISE Gwal Pahari,Aravalli Belt,28.4215,77.1582,30.5,50.4,16.7,15.7,0.53,38,50,Satisfactory
2024-09-08,IND_HR_GGN_04,NISE Gwal Pahari,Aravalli Belt,28.4215,77.1582,28.3,41.2,15.8,15.2,0.74,26.7,47,Good
2024-09-09,IND_HR_GGN_04,NISE Gwal Pahari,Aravalli Belt,28.4215,77.1582,25.1,52.6,11.7,22.1,0.46,32.7,41,Good
2024-09-10,IND_HR_GGN_04,NISE Gwal Pahari,Aravalli Belt,28.4215,77.1582,28.9,60.4,45.1,11.7,0.99,37.2,48,Good
2024-09-11,IND_HR_GGN_04,NISE Gwal Pahari,Aravalli Belt,28.4215,77.1582,26,37.3,37.2,17.9,1.09,24.6,43,Good
2024-09-12,IND_HR_GGN_04,NISE Gwal Pahari,Aravalli Belt,28.4215,77.1582,16.7,32,34.6,11.8,0.36,58.5,27,Good
2024-09-13,IND_HR_GGN_04,NISE Gwal Pahari,Aravalli Belt,28.4215,77.1582,50.4,95.4,30.8,14.5,0.94,46.1,84,Satisfactory
2024-09-14,IND_HR_GGN_04,NISE Gwal Pahari,Aravalli Belt,28.4215,77.1582,36.4,52.8,27.5,18.6,1.04,43.7,60,Satisfactory
2024-09-15,IND_HR_GGN_04,NISE Gwal Pahari,Aravalli Belt,28.4215,77.1582,29.9,42.7,11.6,10.7,0.2,70.5,49,Good
2024-09-16,IND_HR_GGN_04,NISE Gwal Pahari,Aravalli Belt,28.4215,77.1582,36.9,59.7,20.4,11.8,1,62.9,61,Satisfactory
2024-09-17,IND_HR_GGN_04,NISE Gwal Pahari,Aravalli Belt,28.4215,77.1582,56.9,112.4,17.5,20.4,1.38,45.1,94,Satisfactory
2024-09-18,IND_HR_GGN_04,NISE Gwal Pahari,Aravalli Belt,28.4215,77.1582,50.3,90.9,34.2,5.5,1.08,28.5,83,Satisfactory
2024-09-19,IND_HR_GGN_04,NISE Gwal Pahari,Aravalli Belt,28.4215,77.1582,54.1,80.7,37.1,20.4,0.65,25.4,90,Satisfactory
2024-09-20,IND_HR_GGN_04,NISE Gwal Pahari,Aravalli Belt,28.4215,77.1582,83.3,146.2,25.9,7.4,1.04,37.1,177,Moderate
2024-09-21,IND_HR_GGN_04,NISE Gwal Pahari,Aravalli Belt,28.4215,77.1582,44.8,66.8,43.6,8,1.1,39.1,74,Satisfactory
2024-09-22,IND_HR_GGN_04,NISE Gwal Pahari,Aravalli Belt,28.4215,77.1582,38.7,57.9,32.8,19,1.19,26.3,64,Satisfactory
2024-09-23,IND_HR_GGN_04,NISE Gwal Pahari,Aravalli Belt,28.4215,77.1582,74.2,151.4,56.5,19.8,0.82,41.9,147,Moderate
2024-09-24,IND_HR_GGN_04,NISE Gwal Pahari,Aravalli Belt,28.4215,77.1582,53.7,99.2,36.2,20.3,1.33,21.3,89,Satisfactory
2024-09-25,IND_HR_GGN_04,NISE Gwal Pahari,Aravalli Belt,28.4215,77.1582,66.7,120,54.3,18.8,0.63,20.4,122,Moderate
2024-09-26,IND_HR_GGN_04,NISE Gwal Pahari,Aravalli Belt,28.4215,77.1582,63.9,94.3,21.8,20,1.63,33.6,113,Moderate
2024-09-27,IND_HR_GGN_04,NISE Gwal Pahari,Aravalli Belt,28.4215,77.1582,33.2,64.7,40.9,10.2,0.95,34.3,55,Satisfactory
2024-09-28,IND_HR_GGN_04,NISE Gwal Pahari,Aravalli Belt,28.4215,77.1582,76.6,120.2,13.7,15.3,0.66,47.7,155,Moderate
2024-09-29,IND_HR_GGN_04,NISE Gwal Pahari,Aravalli Belt,28.4215,77.1582,53.4,92.6,29.7,8.5,0.69,22.7,89,Satisfactory
2024-09-30,IND_HR_GGN_04,NISE Gwal Pahari,Aravalli Belt,28.4215,77.1582,51.2,104.2,53.7,9.2,1.05,51,85,Satisfactory
2024-10-01,IND_HR_GGN_04,NISE Gwal Pahari,Aravalli Belt,28.4215,77.1582,38.3,79.8,45.5,20.3,1.04,75.4,63,Satisfactory
2024-10-02,IND_HR_GGN_04,NISE Gwal Pahari,Aravalli Belt,28.4215,77.1582,56.9,106.1,47.4,15,1.59,67.6,94,Satisfactory
2024-10-03,IND_HR_GGN_04,NISE Gwal Pahari,Aravalli Belt,28.4215,77.1582,35.3,49.9,26.2,8.4,0.37,62.5,58,Satisfactory
2024-10-04,IND_HR_GGN_04,NISE Gwal Pahari,Aravalli Belt,28.4215,77.1582,49.9,98.4,44.5,4,0.23,24,83,Satisfactory
2024-10-05,IND_HR_GGN_04,NISE Gwal Pahari,Aravalli Belt,28.4215,77.1582,47.5,67.6,30.8,14,1.15,40.4,79,Satisfactory
2024-10-06,IND_HR_GGN_04,NISE Gwal Pahari,Aravalli Belt,28.4215,77.1582,47.3,75,36.7,13.9,1.02,53.4,78,Satisfactory
2024-10-07,IND_HR_GGN_04,NISE Gwal Pahari,Aravalli Belt,28.4215,77.1582,53.7,95.1,49.4,10.6,0.74,15,89,Satisfactory
2024-10-08,IND_HR_GGN_04,NISE Gwal Pahari,Aravalli Belt,28.4215,77.1582,57.6,83.7,70.6,6.3,1.34,69,96,Satisfactory
2024-10-09,IND_HR_GGN_04,NISE Gwal Pahari,Aravalli Belt,28.4215,77.1582,57.4,106.1,37.1,9.8,0.76,36,95,Satisfactory
2024-10-10,IND_HR_GGN_04,NISE Gwal Pahari,Aravalli Belt,28.4215,77.1582,63.4,111.2,45,16,0.79,40.3,111,Moderate
2024-10-11,IND_HR_GGN_04,NISE Gwal Pahari,Aravalli Belt,28.4215,77.1582,54.8,109.7,39.1,6.2,1.18,37.3,91,Satisfactory
2024-10-12,IND_HR_GGN_04,NISE Gwal Pahari,Aravalli Belt,28.4215,77.1582,50.1,100.4,58.8,18.2,1.08,46.2,83,Satisfactory
2024-10-13,IND_HR_GGN_04,NISE Gwal Pahari,Aravalli Belt,28.4215,77.1582,36,63.8,43.1,4,0.5,41,60,Satisfactory
2024-10-14,IND_HR_GGN_04,NISE Gwal Pahari,Aravalli Belt,28.4215,77.1582,53.8,97.8,36.8,7.7,0.79,54.9,89,Satisfactory
2024-10-15,IND_HR_GGN_04,NISE Gwal Pahari,Aravalli Belt,28.4215,77.1582,65.1,100.7,38.7,14.6,1.19,33.8,116,Moderate
2024-10-16,IND_HR_GGN_04,NISE Gwal Pahari,Aravalli Belt,28.4215,77.1582,261.2,505.4,27.1,11.1,1.17,44.8,407,Severe
2024-10-17,IND_HR_GGN_04,NISE Gwal Pahari,Aravalli Belt,28.4215,77.1582,165.6,324.5,74.9,19.9,1.54,48.9,335,Very Poor
2024-10-18,IND_HR_GGN_04,NISE Gwal Pahari,Aravalli Belt,28.4215,77.1582,212.5,345.2,55,20,2.14,11.1,371,Very Poor
2024-10-19,IND_HR_GGN_04,NISE Gwal Pahari,Aravalli Belt,28.4215,77.1582,246.4,425.3,94.9,20,2.41,50.4,397,Very Poor
2024-10-20,IND_HR_GGN_04,NISE Gwal Pahari,Aravalli Belt,28.4215,77.1582,103.4,187.6,63,22.6,2.45,10,244,Poor
2024-10-21,IND_HR_GGN_04,NISE Gwal Pahari,Aravalli Belt,28.4215,77.1582,254.3,518.1,84.4,5.8,2.13,24.4,402,Severe
2024-10-22,IND_HR_GGN_04,NISE Gwal Pahari,Aravalli Belt,28.4215,77.1582,223.7,424,56.9,18.1,2.01,31,379,Very Poor
2024-10-23,IND_HR_GGN_04,NISE Gwal Pahari,Aravalli Belt,28.4215,77.1582,126,235,66.2,28.6,2.07,57,304,Very Poor
2024-10-24,IND_HR_GGN_04,NISE Gwal Pahari,Aravalli Belt,28.4215,77.1582,187.2,264.2,83.2,18.5,3.85,32.9,351,Very Poor
2024-10-25,IND_HR_GGN_04,NISE Gwal Pahari,Aravalli Belt,28.4215,77.1582,170.7,292.1,38.2,19.2,2.04,35.2,339,Very Poor
2024-10-26,IND_HR_GGN_04,NISE Gwal Pahari,Aravalli Belt,28.4215,77.1582,191.2,301.3,80.8,8.1,2.17,58.5,354,Very Poor
2024-10-27,IND_HR_GGN_04,NISE Gwal Pahari,Aravalli Belt,28.4215,77.1582,208.8,320.8,105.7,15.6,2.57,56.4,368,Very Poor
2024-10-28,IND_HR_GGN_04,NISE Gwal Pahari,Aravalli Belt,28.4215,77.1582,209.2,400.5,60.3,10.6,4.79,10,368,Very Poor
2024-10-29,IND_HR_GGN_04,NISE Gwal Pahari,Aravalli Belt,28.4215,77.1582,193.2,278.2,75.8,11.5,2.26,54.3,356,Very Poor
2024-10-30,IND_HR_GGN_04,NISE Gwal Pahari,Aravalli Belt,28.4215,77.1582,201.9,363.5,78.5,21.1,1.53,68.8,363,Very Poor
2024-10-31,IND_HR_GGN_04,NISE Gwal Pahari,Aravalli Belt,28.4215,77.1582,353.3,531.8,50.5,11.9,6.02,49.6,468,Severe
2024-11-01,IND_HR_GGN_04,NISE Gwal Pahari,Aravalli Belt,28.4215,77.1582,395.5,755.1,156.6,18.5,4.43,29.5,497,Severe
2024-11-02,IND_HR_GGN_04,NISE Gwal Pahari,Aravalli Belt,28.4215,77.1582,370.7,660.1,89.2,11.8,3.2,61.5,480,Severe
2024-11-03,IND_HR_GGN_04,NISE Gwal Pahari,Aravalli Belt,28.4215,77.1582,421.4,781.1,131.6,9.8,2.2,50.2,500,Severe
2024-11-04,IND_HR_GGN_04,NISE Gwal Pahari,Aravalli Belt,28.4215,77.1582,439.5,718.4,141.8,23.6,4.85,44.6,500,Severe
2024-11-05,IND_HR_GGN_04,NISE Gwal Pahari,Aravalli Belt,28.4215,77.1582,460.2,743,176,11.7,5.45,56.6,500,Severe
2024-11-06,IND_HR_GGN_04,NISE Gwal Pahari,Aravalli Belt,28.4215,77.1582,411.3,842.3,146,20.4,4.96,63.7,500,Severe
2024-11-07,IND_HR_GGN_04,NISE Gwal Pahari,Aravalli Belt,28.4215,77.1582,405.3,737.1,133.9,9.7,5.18,49.9,500,Severe
2024-11-08,IND_HR_GGN_04,NISE Gwal Pahari,Aravalli Belt,28.4215,77.1582,437.6,883.1,122.3,13.2,2.27,18.1,500,Severe
2024-11-09,IND_HR_GGN_04,NISE Gwal Pahari,Aravalli Belt,28.4215,77.1582,377.2,775.7,55.7,12.8,4.84,42.3,484,Severe
2024-11-10,IND_HR_GGN_04,NISE Gwal Pahari,Aravalli Belt,28.4215,77.1582,461.9,936.7,191.5,7.4,7.05,33.9,500,Severe
2024-11-11,IND_HR_GGN_04,NISE Gwal Pahari,Aravalli Belt,28.4215,77.1582,236.3,388.3,105,11.2,3.83,33.5,389,Very Poor
2024-11-12,IND_HR_GGN_04,NISE Gwal Pahari,Aravalli Belt,28.4215,77.1582,115.6,184.1,46.7,19.1,0.86,77.1,285,Poor
2024-11-13,IND_HR_GGN_04,NISE Gwal Pahari,Aravalli Belt,28.4215,77.1582,151.9,266,48.9,10.9,0.98,43.5,324,Very Poor
2024-11-14,IND_HR_GGN_04,NISE Gwal Pahari,Aravalli Belt,28.4215,77.1582,281.1,422.1,135.3,8.5,6.82,79.5,420,Severe
2024-11-15,IND_HR_GGN_04,NISE Gwal Pahari,Aravalli Belt,28.4215,77.1582,189,342.7,51.9,11.4,3.12,70.9,353,Very Poor
2024-11-16,IND_HR_GGN_04,NISE Gwal Pahari,Aravalli Belt,28.4215,77.1582,269.6,397.6,58.2,12.5,3.61,39.4,413,Severe
2024-11-17,IND_HR_GGN_04,NISE Gwal Pahari,Aravalli Belt,28.4215,77.1582,162.6,304.2,73.2,18.7,2.43,49.7,332,Very Poor
2024-11-18,IND_HR_GGN_04,NISE Gwal Pahari,Aravalli Belt,28.4215,77.1582,224,456.3,93.3,13.2,2.28,53.6,380,Very Poor
2024-11-19,IND_HR_GGN_04,NISE Gwal Pahari,Aravalli Belt,28.4215,77.1582,188.2,286.1,92.1,10.1,3.89,68.6,352,Very Poor
2024-11-20,IND_HR_GGN_04,NISE Gwal Pahari,Aravalli Belt,28.4215,77.1582,249.4,520.7,84.1,19.3,3.27,40.2,399,Very Poor
2024-11-21,IND_HR_GGN_04,NISE Gwal Pahari,Aravalli Belt,28.4215,77.1582,176.4,274.2,82,23.5,2.17,55.7,343,Very Poor
2024-11-22,IND_HR_GGN_04,NISE Gwal Pahari,Aravalli Belt,28.4215,77.1582,177.9,366.1,84.6,10.8,1.81,28.2,344,Very Poor
2024-11-23,IND_HR_GGN_04,NISE Gwal Pahari,Aravalli Belt,28.4215,77.1582,171,348,97.3,5.6,1.39,41.5,339,Very Poor
2024-11-24,IND_HR_GGN_04,NISE Gwal Pahari,Aravalli Belt,28.4215,77.1582,201.7,387,49.6,16.2,1.56,42,362,Very Poor
2024-11-25,IND_HR_GGN_04,NISE Gwal Pahari,Aravalli Belt,28.4215,77.1582,198.7,295.2,129.6,17.5,2.94,28,360,Very Poor
2024-11-26,IND_HR_GGN_04,NISE Gwal Pahari,Aravalli Belt,28.4215,77.1582,239.7,456.9,132.3,25.4,4.21,65.2,392,Very Poor
2024-11-27,IND_HR_GGN_04,NISE Gwal Pahari,Aravalli Belt,28.4215,77.1582,174.6,300.9,114.2,11.2,2.46,18.1,342,Very Poor
2024-11-28,IND_HR_GGN_04,NISE Gwal Pahari,Aravalli Belt,28.4215,77.1582,191.7,308.3,118.2,22.1,4.69,40.9,355,Very Poor
2024-11-29,IND_HR_GGN_04,NISE Gwal Pahari,Aravalli Belt,28.4215,77.1582,193.2,316.6,99.8,9.2,1.62,43.6,356,Very Poor
2024-11-30,IND_HR_GGN_04,NISE Gwal Pahari,Aravalli Belt,28.4215,77.1582,210.2,338.9,62.6,19,1.99,42.1,369,Very Poor
2024-12-01,IND_HR_GGN_04,NISE Gwal Pahari,Aravalli Belt,28.4215,77.1582,185.2,366.3,82.7,16.6,2.04,33.4,350,Very Poor
2024-12-02,IND_HR_GGN_04,NISE Gwal Pahari,Aravalli Belt,28.4215,77.1582,181.5,362.5,79.6,8.9,3.4,31.6,347,Very Poor
2024-12-03,IND_HR_GGN_04,NISE Gwal Pahari,Aravalli Belt,28.4215,77.1582,224.3,324,110.2,13.5,3.84,30.7,380,Very Poor
2024-12-04,IND_HR_GGN_04,NISE Gwal Pahari,Aravalli Belt,28.4215,77.1582,152.4,309.7,65.5,15.1,1.59,47.7,324,Very Poor
2024-12-05,IND_HR_GGN_04,NISE Gwal Pahari,Aravalli Belt,28.4215,77.1582,193.7,358.8,75.7,14.2,1.15,30.9,356,Very Poor
2024-12-06,IND_HR_GGN_04,NISE Gwal Pahari,Aravalli Belt,28.4215,77.1582,184.5,323.9,44.2,16.1,1.98,44.2,349,Very Poor
2024-12-07,IND_HR_GGN_04,NISE Gwal Pahari,Aravalli Belt,28.4215,77.1582,118.5,202.1,66.7,15.6,2.01,18.3,295,Poor
2024-12-08,IND_HR_GGN_04,NISE Gwal Pahari,Aravalli Belt,28.4215,77.1582,144.6,253.2,17.7,10.4,2.15,34.1,318,Very Poor
2024-12-09,IND_HR_GGN_04,NISE Gwal Pahari,Aravalli Belt,28.4215,77.1582,211.7,326.6,68.3,13.9,1.89,29.2,370,Very Poor
2024-12-10,IND_HR_GGN_04,NISE Gwal Pahari,Aravalli Belt,28.4215,77.1582,206.5,376.6,73.5,16.5,2.38,10,366,Very Poor
2024-12-11,IND_HR_GGN_04,NISE Gwal Pahari,Aravalli Belt,28.4215,77.1582,212,411,102.4,19.1,4.07,10,370,Very Poor
2024-12-12,IND_HR_GGN_04,NISE Gwal Pahari,Aravalli Belt,28.4215,77.1582,198.3,348.9,87.7,19.6,1,37.7,360,Very Poor
2024-12-13,IND_HR_GGN_04,NISE Gwal Pahari,Aravalli Belt,28.4215,77.1582,240.5,475.6,78,13.7,0.2,36.3,392,Very Poor
2024-12-14,IND_HR_GGN_04,NISE Gwal Pahari,Aravalli Belt,28.4215,77.1582,145.9,217.1,71.2,19.3,2.06,33,319,Very Poor
2024-12-15,IND_HR_GGN_04,NISE Gwal Pahari,Aravalli Belt,28.4215,77.1582,239.9,430.7,112.6,7.5,1.76,40.6,392,Very Poor
2024-12-16,IND_HR_GGN_04,NISE Gwal Pahari,Aravalli Belt,28.4215,77.1582,217.9,433.5,112.3,20.4,2.6,49.2,375,Very Poor
2024-12-17,IND_HR_GGN_04,NISE Gwal Pahari,Aravalli Belt,28.4215,77.1582,219.8,314.8,101.2,14.7,2.63,29.8,376,Very Poor
2024-12-18,IND_HR_GGN_04,NISE Gwal Pahari,Aravalli Belt,28.4215,77.1582,221.6,366.4,135.7,5.6,3.99,49.6,378,Very Poor
2024-12-19,IND_HR_GGN_04,NISE Gwal Pahari,Aravalli Belt,28.4215,77.1582,157,221.3,42.1,4.9,1.07,27,328,Very Poor
2024-12-20,IND_HR_GGN_04,NISE Gwal Pahari,Aravalli Belt,28.4215,77.1582,194.4,328.5,112.9,16,1.82,64.7,357,Very Poor
2024-12-21,IND_HR_GGN_04,NISE Gwal Pahari,Aravalli Belt,28.4215,77.1582,174.6,254.5,72.5,15.2,2.37,61.8,342,Very Poor
2024-12-22,IND_HR_GGN_04,NISE Gwal Pahari,Aravalli Belt,28.4215,77.1582,210.7,369.1,75,9.1,4.1,37,369,Very Poor
2024-12-23,IND_HR_GGN_04,NISE Gwal Pahari,Aravalli Belt,28.4215,77.1582,215.7,373.9,108.1,7.7,3.57,30.1,373,Very Poor
2024-12-24,IND_HR_GGN_04,NISE Gwal Pahari,Aravalli Belt,28.4215,77.1582,211.2,337.2,108.5,18.6,2.85,29.6,370,Very Poor
2024-12-25,IND_HR_GGN_04,NISE Gwal Pahari,Aravalli Belt,28.4215,77.1582,166,261.1,56.5,7,2.25,22.7,335,Very Poor
2024-12-26,IND_HR_GGN_04,NISE Gwal Pahari,Aravalli Belt,28.4215,77.1582,179.1,334.3,122.7,19.2,2.07,48.6,345,Very Poor
2024-12-27,IND_HR_GGN_04,NISE Gwal Pahari,Aravalli Belt,28.4215,77.1582,210.7,364.9,60.1,16.5,3.22,50,369,Very Poor
2024-12-28,IND_HR_GGN_04,NISE Gwal Pahari,Aravalli Belt,28.4215,77.1582,152.3,236.4,75.5,10.7,2.63,53.3,324,Very Poor
2024-12-29,IND_HR_GGN_04,NISE Gwal Pahari,Aravalli Belt,28.4215,77.1582,179.1,326.5,89,14.7,0.81,38,345,Very Poor
2024-12-30,IND_HR_GGN_04,NISE Gwal Pahari,Aravalli Belt,28.4215,77.1582,228.1,432.4,102.5,4,2.08,37.2,383,Very Poor
2024-12-31,IND_HR_GGN_04,NISE Gwal Pahari,Aravalli Belt,28.4215,77.1582,254.7,530.7,98.2,8.2,1.83,32.8,403,Severe
