timestamp_ist,city,latitude,longitude,temperature_c,relative_humidity_pct,precipitation_mm,surface_pressure_hpa,wind_speed_kmh,wind_direction
2024-01-01 00:00,Gurugram,28.4595,77.0266,6.1,86,0,1021.7,7.2,SW
2024-01-01 01:00,Gurugram,28.4595,77.0266,4,94,0,1019.6,8.9,ESE
2024-01-01 02:00,Gurugram,28.4595,77.0266,4.7,86,0,1020.3,7.7,Calm
2024-01-01 03:00,Gurugram,28.4595,77.0266,6.1,92,0,1020,4.6,W
2024-01-01 04:00,Gurugram,28.4595,77.0266,3.1,80,0,1019.1,8.7,NW
2024-01-01 05:00,Gurugram,28.4595,77.0266,3.8,91,0,1021.3,6.6,WNW
2024-01-01 06:00,Gurugram,28.4595,77.0266,8.1,98,0,1018.7,9.9,NW
2024-01-01 07:00,Gurugram,28.4595,77.0266,8,77,0,1021.1,5.4,WNW
2024-01-01 08:00,Gurugram,28.4595,77.0266,7.3,75,0,1020.6,6.3,WNW
2024-01-01 09:00,Gurugram,28.4595,77.0266,10.8,71,0,1020.1,11.1,NW
2024-01-01 10:00,Gurugram,28.4595,77.0266,10.7,72,0,1019.3,7.9,NW
2024-01-01 11:00,Gurugram,28.4595,77.0266,12.3,61,0,1018.5,3.2,WNW
2024-01-01 12:00,Gurugram,28.4595,77.0266,14.9,67,0,1019.6,19.9,NW
2024-01-01 13:00,Gurugram,28.4595,77.0266,12,67,0,1019.6,13.8,NW
2024-01-01 14:00,Gurugram,28.4595,77.0266,13,64,0,1019.3,13.6,ESE
2024-01-01 15:00,Gurugram,28.4595,77.0266,15.3,50,0,1020,2.9,WNW
2024-01-01 16:00,Gurugram,28.4595,77.0266,14.3,67,0,1020.5,2.1,SE
2024-01-01 17:00,Gurugram,28.4595,77.0266,16,68,0,1018.4,15.4,E
2024-01-01 18:00,Gurugram,28.4595,77.0266,12.8,70,0,1018.6,4.5,ESE
2024-01-01 19:00,Gurugram,28.4595,77.0266,10.6,70,0,1017.9,10,WNW
2024-01-01 20:00,Gurugram,28.4595,77.0266,14.2,73,10.3,1019.8,6.5,ESE
2024-01-01 21:00,Gurugram,28.4595,77.0266,9.4,81,0,1021.3,2.2,NW
2024-01-01 22:00,Gurugram,28.4595,77.0266,8.3,91,0,1017.8,5.8,W
2024-01-01 23:00,Gurugram,28.4595,77.0266,4,77,0,1018.5,11.1,WNW
2024-01-02 00:00,Gurugram,28.4595,77.0266,4.2,93,0,1017.5,8.1,W
2024-01-02 01:00,Gurugram,28.4595,77.0266,4.3,88,0,1018.5,22,ESE
2024-01-02 02:00,Gurugram,28.4595,77.0266,2,89,0,1016.7,12.9,W
2024-01-02 03:00,Gurugram,28.4595,77.0266,3.9,81,0,1020.6,11.5,W
2024-01-02 04:00,Gurugram,28.4595,77.0266,2.4,88,0,1020.1,10,NW
2024-01-02 05:00,Gurugram,28.4595,77.0266,3.6,83,0,1019.5,5,W
2024-01-02 06:00,Gurugram,28.4595,77.0266,4.1,83,0,1020.3,5,WNW
2024-01-02 07:00,Gurugram,28.4595,77.0266,9.8,76,0,1020.3,9,WNW
2024-01-02 08:00,Gurugram,28.4595,77.0266,8.1,77,0,1019.2,5.8,WNW
2024-01-02 09:00,Gurugram,28.4595,77.0266,7.9,73,0,1017.6,19.9,NW
2024-01-02 10:00,Gurugram,28.4595,77.0266,12.9,72,0,1018.4,12.8,NW
2024-01-02 11:00,Gurugram,28.4595,77.0266,10.8,58,0,1019.2,16.4,ESE
2024-01-02 12:00,Gurugram,28.4595,77.0266,14.7,56,0,1018.3,1.5,W
2024-01-02 13:00,Gurugram,28.4595,77.0266,11.9,65,0,1021.3,11.4,NW
2024-01-02 14:00,Gurugram,28.4595,77.0266,13.6,56,0,1019.5,3.2,NW
2024-01-02 15:00,Gurugram,28.4595,77.0266,16.6,67,0,1019.4,18.1,W
2024-01-02 16:00,Gurugram,28.4595,77.0266,17.4,62,0,1020.4,12.3,SE
2024-01-02 17:00,Gurugram,28.4595,77.0266,15.7,66,0,1019.6,13.3,NW
2024-01-02 18:00,Gurugram,28.4595,77.0266,14.1,73,0,1018.9,13.7,WNW
2024-01-02 19:00,Gurugram,28.4595,77.0266,12.5,66,0,1021.1,6.2,E
2024-01-02 20:00,Gurugram,28.4595,77.0266,8.8,68,0,1019.8,23.4,NW
2024-01-02 21:00,Gurugram,28.4595,77.0266,8.5,81,0,1018.7,12.8,NW
2024-01-02 22:00,Gurugram,28.4595,77.0266,7.2,82,0,1019.5,10.1,SW
2024-01-02 23:00,Gurugram,28.4595,77.0266,8.4,82,0,1018.6,6.7,NW
2024-01-03 00:00,Gurugram,28.4595,77.0266,5.7,95,0,1018.1,8.5,W
2024-01-03 01:00,Gurugram,28.4595,77.0266,2,87,0,1020,17.6,WNW
2024-01-03 02:00,Gurugram,28.4595,77.0266,4,90,0,1018.4,7.6,NW
2024-01-03 03:00,Gurugram,28.4595,77.0266,2.5,91,0,1018.1,6.1,NW
2024-01-03 04:00,Gurugram,28.4595,77.0266,2.2,85,0,1019.3,12,WNW
2024-01-03 05:00,Gurugram,28.4595,77.0266,5.2,89,0,1020.3,8.9,ESE
2024-01-03 06:00,Gurugram,28.4595,77.0266,6.9,95,0,1016.5,6.2,NW
2024-01-03 07:00,Gurugram,28.4595,77.0266,8.1,86,0,1018.2,15.7,ESE
2024-01-03 08:00,Gurugram,28.4595,77.0266,6.5,80,0,1016.4,4.7,W
2024-01-03 09:00,Gurugram,28.4595,77.0266,9.1,75,0,1015,7.7,WNW
2024-01-03 10:00,Gurugram,28.4595,77.0266,12,74,0,1019.1,5.2,W
2024-01-03 11:00,Gurugram,28.4595,77.0266,14.7,73,0,1017.5,23.1,NW
2024-01-03 12:00,Gurugram,28.4595,77.0266,13.4,69,0,1020,12.6,WNW
2024-01-03 13:00,Gurugram,28.4595,77.0266,15,61,0,1017.6,10.9,W
2024-01-03 14:00,Gurugram,28.4595,77.0266,14,63,0,1019.7,5.4,WNW
2024-01-03 15:00,Gurugram,28.4595,77.0266,14,64,0,1019.4,23.1,WNW
2024-01-03 16:00,Gurugram,28.4595,77.0266,17.4,55,0,1017.9,3.4,ESE
2024-01-03 17:00,Gurugram,28.4595,77.0266,17.7,64,0,1018.4,7.6,W
2024-01-03 18:00,Gurugram,28.4595,77.0266,14.1,52,0,1019.2,8.3,W
2024-01-03 19:00,Gurugram,28.4595,77.0266,14.7,71,0,1019.7,3.4,E
2024-01-03 20:00,Gurugram,28.4595,77.0266,12,76,0,1020.7,9.5,Calm
2024-01-03 21:00,Gurugram,28.4595,77.0266,8.5,80,0,1019.3,5.9,W
2024-01-03 22:00,Gurugram,28.4595,77.0266,8.6,77,0,1019,19.1,WNW
2024-01-03 23:00,Gurugram,28.4595,77.0266,9.2,85,0,1019.1,4,SE
2024-01-04 00:00,Gurugram,28.4595,77.0266,4.9,95,0,1018.5,13.3,NW
2024-01-04 01:00,Gurugram,28.4595,77.0266,6.8,97,0,1018.2,9.6,WNW
2024-01-04 02:00,Gurugram,28.4595,77.0266,2,90,0,1017.7,15.2,W
2024-01-04 03:00,Gurugram,28.4595,77.0266,4.6,92,0,1019.3,8.1,Calm
2024-01-04 04:00,Gurugram,28.4595,77.0266,3.5,97,0,1017.8,5.1,Calm
2024-01-04 05:00,Gurugram,28.4595,77.0266,3.4,80,0,1019,20.8,SE
2024-01-04 06:00,Gurugram,28.4595,77.0266,5.2,85,0,1018.8,20.6,WNW
2024-01-04 07:00,Gurugram,28.4595,77.0266,2.8,92,0,1019.6,13.5,W
2024-01-04 08:00,Gurugram,28.4595,77.0266,7.5,86,0,1019.1,12.1,NW
2024-01-04 09:00,Gurugram,28.4595,77.0266,10.2,78,0,1017.9,10.7,SE
2024-01-04 10:00,Gurugram,28.4595,77.0266,13.9,63,0,1017.5,12.5,ESE
2024-01-04 11:00,Gurugram,28.4595,77.0266,11.9,68,0,1020.1,28.4,SE
2024-01-04 12:00,Gurugram,28.4595,77.0266,12.7,62,0,1018.3,3.9,NW
2024-01-04 13:00,Gurugram,28.4595,77.0266,14.3,65,0,1020.5,9,WNW
2024-01-04 14:00,Gurugram,28.4595,77.0266,17.5,57,0,1015.7,6.6,W
2024-01-04 15:00,Gurugram,28.4595,77.0266,16.7,55,0,1019,9.5,NW
2024-01-04 16:00,Gurugram,28.4595,77.0266,14.9,49,0,1019.8,3.7,WNW
2024-01-04 17:00,Gurugram,28.4595,77.0266,16.2,70,0,1018.9,4.8,NW
2024-01-04 18:00,Gurugram,28.4595,77.0266,14.4,63,0,1019.1,4.5,Calm
2024-01-04 19:00,Gurugram,28.4595,77.0266,14.6,69,0,1019.5,12.4,ESE
2024-01-04 20:00,Gurugram,28.4595,77.0266,10,72,0,1019.8,8.9,W
2024-01-04 21:00,Gurugram,28.4595,77.0266,9,70,0,1019.5,2.9,NW
2024-01-04 22:00,Gurugram,28.4595,77.0266,7.2,72,0,1020.3,2.9,WNW
2024-01-04 23:00,Gurugram,28.4595,77.0266,3.7,77,0,1018.2,2.2,NW
2024-01-05 00:00,Gurugram,28.4595,77.0266,5.5,82,0,1020.6,7.9,W
2024-01-05 01:00,Gurugram,28.4595,77.0266,4.4,91,0,1017.3,8.3,SE
2024-01-05 02:00,Gurugram,28.4595,77.0266,3.3,86,0,1019.7,8.6,NW
2024-01-05 03:00,Gurugram,28.4595,77.0266,2.6,98,0,1019,5.6,NW
2024-01-05 04:00,Gurugram,28.4595,77.0266,2,97,0,1021.3,7.2,NW
2024-01-05 05:00,Gurugram,28.4595,77.0266,3.1,94,0,1018.9,8,ESE
2024-01-05 06:00,Gurugram,28.4595,77.0266,4.3,86,0,1019.4,8.9,E
2024-01-05 07:00,Gurugram,28.4595,77.0266,4.8,93,0,1016.6,10.7,ESE
2024-01-05 08:00,Gurugram,28.4595,77.0266,7.6,79,0,1019.6,15.9,W
2024-01-05 09:00,Gurugram,28.4595,77.0266,10.3,76,0,1018.9,5.3,NW
2024-01-05 10:00,Gurugram,28.4595,77.0266,14.6,73,0,1019.5,13.7,ESE
2024-01-05 11:00,Gurugram,28.4595,77.0266,13.1,73,0,1017.4,6,NW
2024-01-05 12:00,Gurugram,28.4595,77.0266,14.6,69,0,1018,12.4,WNW
2024-01-05 13:00,Gurugram,28.4595,77.0266,15,60,0,1018.8,9.2,NW
2024-01-05 14:00,Gurugram,28.4595,77.0266,12.4,59,0,1018.5,28.2,WNW
2024-01-05 15:00,Gurugram,28.4595,77.0266,16,65,0,1018.9,10.5,WNW
2024-01-05 16:00,Gurugram,28.4595,77.0266,15.9,66,0,1018.8,14.3,ESE
2024-01-05 17:00,Gurugram,28.4595,77.0266,19.6,61,0,1018,1.5,NW
2024-01-05 18:00,Gurugram,28.4595,77.0266,13.8,56,0,1018.3,15,SE
2024-01-05 19:00,Gurugram,28.4595,77.0266,13.3,67,0,1017.7,5.5,E
2024-01-05 20:00,Gurugram,28.4595,77.0266,11.1,76,0,1021.9,8.4,WNW
2024-01-05 21:00,Gurugram,28.4595,77.0266,7.4,87,0,1019,7.1,NW
2024-01-05 22:00,Gurugram,28.4595,77.0266,9.9,73,0,1020.7,4.2,W
2024-01-05 23:00,Gurugram,28.4595,77.0266,7.6,81,0,1017.3,21.5,SE
2024-01-06 00:00,Gurugram,28.4595,77.0266,6.3,85,0,1018.2,16.7,NW
2024-01-06 01:00,Gurugram,28.4595,77.0266,2.2,98,0,1017.8,4.8,SE
2024-01-06 02:00,Gurugram,28.4595,77.0266,5.7,91,0,1018.8,4.6,ESE
2024-01-06 03:00,Gurugram,28.4595,77.0266,2,86,0,1018.6,12.1,Calm
2024-01-06 04:00,Gurugram,28.4595,77.0266,4.2,94,0,1017,14.8,SE
2024-01-06 05:00,Gurugram,28.4595,77.0266,7.8,87,0,1018.9,8.9,NW
2024-01-06 06:00,Gurugram,28.4595,77.0266,3.1,80,0,1018.7,5.7,WNW
2024-01-06 07:00,Gurugram,28.4595,77.0266,5.2,79,0,1018.7,8,NW
2024-01-06 08:00,Gurugram,28.4595,77.0266,8,91,0,1019.7,2.6,NW
2024-01-06 09:00,Gurugram,28.4595,77.0266,8.6,79,0,1019.5,3.3,ESE
2024-01-06 10:00,Gurugram,28.4595,77.0266,8.4,73,0,1020.3,15.5,SW
2024-01-06 11:00,Gurugram,28.4595,77.0266,12.8,67,0,1018.7,6.3,Calm
2024-01-06 12:00,Gurugram,28.4595,77.0266,12.1,68,0,1019.4,8.5,NW
2024-01-06 13:00,Gurugram,28.4595,77.0266,15.9,65,0,1018.1,10.5,NW
2024-01-06 14:00,Gurugram,28.4595,77.0266,14.1,64,0,1018.6,8.4,W
2024-01-06 15:00,Gurugram,28.4595,77.0266,18.8,62,0,1019,10.8,NW
2024-01-06 16:00,Gurugram,28.4595,77.0266,14.3,67,0,1017.7,15.2,NW
2024-01-06 17:00,Gurugram,28.4595,77.0266,14.5,64,0,1018.4,5.5,SE
2024-01-06 18:00,Gurugram,28.4595,77.0266,15.5,60,0,1016.8,15.7,SE
2024-01-06 19:00,Gurugram,28.4595,77.0266,10.5,65,0,1019.8,10.5,E
2024-01-06 20:00,Gurugram,28.4595,77.0266,11.6,61,0,1019.9,12.5,WNW
2024-01-06 21:00,Gurugram,28.4595,77.0266,11.8,89,0,1016.9,15.1,W
2024-01-06 22:00,Gurugram,28.4595,77.0266,4.9,86,0,1019.7,9.7,SE
2024-01-06 23:00,Gurugram,28.4595,77.0266,6.5,79,0,1019.5,32,NW
2024-01-07 00:00,Gurugram,28.4595,77.0266,5.3,86,0,1018.5,4.1,SE
2024-01-07 01:00,Gurugram,28.4595,77.0266,5.2,86,0,1018.5,15.3,NW
2024-01-07 02:00,Gurugram,28.4595,77.0266,2,98,0,1018.8,6.2,SE
2024-01-07 03:00,Gurugram,28.4595,77.0266,2,83,0,1016.5,10.9,SE
2024-01-07 04:00,Gurugram,28.4595,77.0266,4.1,92,0,1020.9,8.3,NW
2024-01-07 05:00,Gurugram,28.4595,77.0266,4.3,89,0,1015.5,8,ESE
2024-01-07 06:00,Gurugram,28.4595,77.0266,5.3,92,0,1016.4,7.6,NW
2024-01-07 07:00,Gurugram,28.4595,77.0266,6.8,84,0,1019.4,12.4,W
2024-01-07 08:00,Gurugram,28.4595,77.0266,6.5,70,0,1019.2,4.8,ESE
2024-01-07 09:00,Gurugram,28.4595,77.0266,9.8,75,0,1020.1,5.9,ESE
2024-01-07 10:00,Gurugram,28.4595,77.0266,11.6,67,0,1018.2,4.5,Calm
2024-01-07 11:00,Gurugram,28.4595,77.0266,11.4,70,0,1017,20.6,NW
2024-01-07 12:00,Gurugram,28.4595,77.0266,17.4,75,0,1018.2,14.2,WNW
2024-01-07 13:00,Gurugram,28.4595,77.0266,15.9,53,0,1019.1,6.1,E
2024-01-07 14:00,Gurugram,28.4595,77.0266,13.5,57,0,1017.3,12,W
2024-01-07 15:00,Gurugram,28.4595,77.0266,17.1,58,0,1016.8,4.6,E
2024-01-07 16:00,Gurugram,28.4595,77.0266,13.9,60,0,1018.1,9.3,WNW
2024-01-07 17:00,Gurugram,28.4595,77.0266,16.4,68,0,1017.2,7.7,SE
2024-01-07 18:00,Gurugram,28.4595,77.0266,16.1,65,0,1017.9,7.6,E
2024-01-07 19:00,Gurugram,28.4595,77.0266,11.2,72,0,1017.4,6.8,SE
2024-01-07 20:00,Gurugram,28.4595,77.0266,12.8,69,0,1018.8,31.4,E
2024-01-07 21:00,Gurugram,28.4595,77.0266,10.1,78,0,1017.6,13.4,NW
2024-01-07 22:00,Gurugram,28.4595,77.0266,9.2,85,0,1017.5,26.2,WNW
2024-01-07 23:00,Gurugram,28.4595,77.0266,9.6,80,0,1019,6.6,NW
2024-01-08 00:00,Gurugram,28.4595,77.0266,4.3,92,0,1016.5,4.7,NW
2024-01-08 01:00,Gurugram,28.4595,77.0266,2.4,90,0,1016.8,10.5,WNW
2024-01-08 02:00,Gurugram,28.4595,77.0266,2,98,0,1018.3,9.3,Calm
2024-01-08 03:00,Gurugram,28.4595,77.0266,2,91,0,1016.8,13.3,W
2024-01-08 04:00,Gurugram,28.4595,77.0266,2.9,94,0,1019.4,15.7,E
2024-01-08 05:00,Gurugram,28.4595,77.0266,4.3,90,0,1016.6,2.3,SW
2024-01-08 06:00,Gurugram,28.4595,77.0266,5.2,87,0,1017.7,27,NW
2024-01-08 07:00,Gurugram,28.4595,77.0266,7.6,86,0,1016.8,10.8,NW
2024-01-08 08:00,Gurugram,28.4595,77.0266,7.7,84,0,1019.6,12.8,NW
2024-01-08 09:00,Gurugram,28.4595,77.0266,12,69,0,1016.6,20.8,W
2024-01-08 10:00,Gurugram,28.4595,77.0266,10.5,82,0,1020.2,5.4,NW
2024-01-08 11:00,Gurugram,28.4595,77.0266,17.5,58,0,1018,8.6,SE
2024-01-08 12:00,Gurugram,28.4595,77.0266,15.1,62,0,1017.6,4.4,NW
2024-01-08 13:00,Gurugram,28.4595,77.0266,13.4,63,0,1015.4,4.9,NW
2024-01-08 14:00,Gurugram,28.4595,77.0266,13.7,65,0,1019.9,15.7,WNW
2024-01-08 15:00,Gurugram,28.4595,77.0266,16.7,71,0,1018.5,19.5,W
2024-01-08 16:00,Gurugram,28.4595,77.0266,15.2,51,0,1016.4,3.2,E
2024-01-08 17:00,Gurugram,28.4595,77.0266,16.3,61,0,1017.2,11.2,Calm
2024-01-08 18:00,Gurugram,28.4595,77.0266,14.8,54,0,1015.9,17.2,E
2024-01-08 19:00,Gurugram,28.4595,77.0266,12.5,70,0,1016.9,15.2,NW
2024-01-08 20:00,Gurugram,28.4595,77.0266,9.5,75,0,1017.7,9.9,W
2024-01-08 21:00,Gurugram,28.4595,77.0266,6.6,86,0,1019.8,11.2,WNW
2024-01-08 22:00,Gurugram,28.4595,77.0266,6.9,81,0,1020.9,11.4,NW
2024-01-08 23:00,Gurugram,28.4595,77.0266,7.6,91,0,1018.5,10.8,W
2024-01-09 00:00,Gurugram,28.4595,77.0266,5.1,91,0,1015.8,12.2,WNW
2024-01-09 01:00,Gurugram,28.4595,77.0266,2,87,0,1020.4,8.1,WNW
2024-01-09 02:00,Gurugram,28.4595,77.0266,3.3,83,0,1015.5,25.7,NW
2024-01-09 03:00,Gurugram,28.4595,77.0266,3.5,94,0,1018.7,5.4,Calm
2024-01-09 04:00,Gurugram,28.4595,77.0266,2,83,0,1017.7,17.8,ESE
2024-01-09 05:00,Gurugram,28.4595,77.0266,3.9,98,0,1019.1,6,NW
2024-01-09 06:00,Gurugram,28.4595,77.0266,4.8,87,0,1016.7,12.6,SW
2024-01-09 07:00,Gurugram,28.4595,77.0266,4,92,0,1018.9,6.1,SW
2024-01-09 08:00,Gurugram,28.4595,77.0266,8.2,78,0,1019.4,12.2,SE
2024-01-09 09:00,Gurugram,28.4595,77.0266,10.3,79,0,1018.1,8.9,W
2024-01-09 10:00,Gurugram,28.4595,77.0266,12.9,74,0,1017.6,13.7,WNW
2024-01-09 11:00,Gurugram,28.4595,77.0266,14.4,69,0,1018.9,5.6,WNW
2024-01-09 12:00,Gurugram,28.4595,77.0266,11.4,64,0,1019.2,5.6,WNW
2024-01-09 13:00,Gurugram,28.4595,77.0266,13.2,66,0,1017.1,19.5,SW
2024-01-09 14:00,Gurugram,28.4595,77.0266,16.5,57,0,1016.9,22.6,ESE
2024-01-09 15:00,Gurugram,28.4595,77.0266,16.7,55,0,1016.9,8.3,NW
2024-01-09 16:00,Gurugram,28.4595,77.0266,16.5,70,0,1014.9,11.6,W
2024-01-09 17:00,Gurugram,28.4595,77.0266,21.8,68,0,1018.8,3,W
2024-01-09 18:00,Gurugram,28.4595,77.0266,14.9,67,0,1017.6,9.6,SE
2024-01-09 19:00,Gurugram,28.4595,77.0266,14.6,80,0,1017.3,7.1,NW
2024-01-09 20:00,Gurugram,28.4595,77.0266,12.7,72,0,1017.1,24.9,ESE
2024-01-09 21:00,Gurugram,28.4595,77.0266,10.5,85,0,1018.2,6.9,WNW
2024-01-09 22:00,Gurugram,28.4595,77.0266,7,82,0,1016.8,25.1,NW
2024-01-09 23:00,Gurugram,28.4595,77.0266,7.4,78,0,1018.7,6.7,ESE
2024-01-10 00:00,Gurugram,28.4595,77.0266,3.2,98,0,1016.9,13,WNW
2024-01-10 01:00,Gurugram,28.4595,77.0266,3.2,96,0,1016,22.7,ESE
2024-01-10 02:00,Gurugram,28.4595,77.0266,2.1,91,0,1018.1,8.5,NW
2024-01-10 03:00,Gurugram,28.4595,77.0266,2.9,97,0,1016.4,22,Calm
2024-01-10 04:00,Gurugram,28.4595,77.0266,7.1,89,0,1017.3,15.1,SE
2024-01-10 05:00,Gurugram,28.4595,77.0266,2,95,0,1018.5,9.6,NW
2024-01-10 06:00,Gurugram,28.4595,77.0266,5.9,74,0,1017.5,12,ESE
2024-01-10 07:00,Gurugram,28.4595,77.0266,3.1,79,0,1017.5,19.5,NW
2024-01-10 08:00,Gurugram,28.4595,77.0266,6.7,87,0,1016.9,11.6,W
2024-01-10 09:00,Gurugram,28.4595,77.0266,11.2,76,0,1017.6,3.8,NW
2024-01-10 10:00,Gurugram,28.4595,77.0266,11,75,0,1016.6,15.2,WNW
2024-01-10 11:00,Gurugram,28.4595,77.0266,10.5,62,0,1018,15.5,Calm
2024-01-10 12:00,Gurugram,28.4595,77.0266,12.5,78,0,1017,11.3,NW
2024-01-10 13:00,Gurugram,28.4595,77.0266,16.1,71,0,1017.2,6.8,W
2024-01-10 14:00,Gurugram,28.4595,77.0266,14.2,62,0,1016.2,14.6,NW
2024-01-10 15:00,Gurugram,28.4595,77.0266,16.1,60,0,1018,4.3,W
2024-01-10 16:00,Gurugram,28.4595,77.0266,15.6,69,0,1016.7,11.9,NW
2024-01-10 17:00,Gurugram,28.4595,77.0266,13.7,76,0,1016.1,11.5,NW
2024-01-10 18:00,Gurugram,28.4595,77.0266,17.7,72,0,1016.8,9.8,WNW
2024-01-10 19:00,Gurugram,28.4595,77.0266,13.6,83,0,1018.4,17.5,NW
2024-01-10 20:00,Gurugram,28.4595,77.0266,7.3,68,0,1018.1,7.5,SW
2024-01-10 21:00,Gurugram,28.4595,77.0266,9.6,72,0,1014.7,5.2,SW
2024-01-10 22:00,Gurugram,28.4595,77.0266,6.4,74,0,1016.6,5.8,E
2024-01-10 23:00,Gurugram,28.4595,77.0266,7.5,87,0,1019.1,17.9,NW
2024-01-11 00:00,Gurugram,28.4595,77.0266,3.2,89,0,1018.7,13.3,NW
2024-01-11 01:00,Gurugram,28.4595,77.0266,3.4,90,0,1015.7,12.6,W
2024-01-11 02:00,Gurugram,28.4595,77.0266,3.8,97,0,1018.2,12,Calm
2024-01-11 03:00,Gurugram,28.4595,77.0266,4.2,98,0,1015.4,8.5,W
2024-01-11 04:00,Gurugram,28.4595,77.0266,2,83,0,1016.2,4.9,WNW
2024-01-11 05:00,Gurugram,28.4595,77.0266,3,87,0,1015.9,5.1,SE
2024-01-11 06:00,Gurugram,28.4595,77.0266,3.7,93,0,1018,12.2,NW
2024-01-11 07:00,Gurugram,28.4595,77.0266,4.8,82,0,1017.2,7.3,E
2024-01-11 08:00,Gurugram,28.4595,77.0266,10.7,77,0,1017.8,6,Calm
2024-01-11 09:00,Gurugram,28.4595,77.0266,9.9,84,0,1014.8,8.7,Calm
2024-01-11 10:00,Gurugram,28.4595,77.0266,8.6,66,0,1018.2,18.5,NW
2024-01-11 11:00,Gurugram,28.4595,77.0266,14.1,68,0,1019.1,10.2,W
2024-01-11 12:00,Gurugram,28.4595,77.0266,17.6,69,0,1017.4,24.5,W
2024-01-11 13:00,Gurugram,28.4595,77.0266,16.7,61,0,1019.5,12.7,NW
2024-01-11 14:00,Gurugram,28.4595,77.0266,12.7,68,0,1018.2,42.4,W
2024-01-11 15:00,Gurugram,28.4595,77.0266,14.8,59,0,1019.3,11.4,W
2024-01-11 16:00,Gurugram,28.4595,77.0266,17.8,71,0,1016.9,10.7,WNW
2024-01-11 17:00,Gurugram,28.4595,77.0266,13.5,64,0,1017.5,10.3,NW
2024-01-11 18:00,Gurugram,28.4595,77.0266,14.6,71,0,1016.3,7.2,NW
2024-01-11 19:00,Gurugram,28.4595,77.0266,13.8,74,0,1015.4,8.3,Calm
2024-01-11 20:00,Gurugram,28.4595,77.0266,9.2,70,0,1016.2,27.1,SE
2024-01-11 21:00,Gurugram,28.4595,77.0266,9.1,65,0,1017.5,7.4,ESE
2024-01-11 22:00,Gurugram,28.4595,77.0266,2,84,0,1015.6,10.3,NW
2024-01-11 23:00,Gurugram,28.4595,77.0266,4.1,85,0,1017.3,10.4,W
2024-01-12 00:00,Gurugram,28.4595,77.0266,4.1,92,0,1014.3,7.8,NW
2024-01-12 01:00,Gurugram,28.4595,77.0266,2,89,0,1016.5,7.7,W
2024-01-12 02:00,Gurugram,28.4595,77.0266,5.8,90,0,1017.2,9,W
2024-01-12 03:00,Gurugram,28.4595,77.0266,2,98,0,1016.1,15.1,E
2024-01-12 04:00,Gurugram,28.4595,77.0266,2.1,83,0,1016.5,20.1,NW
2024-01-12 05:00,Gurugram,28.4595,77.0266,3.8,95,0,1016.9,4.2,NW
2024-01-12 06:00,Gurugram,28.4595,77.0266,7.1,85,0,1016.5,24.3,SW
2024-01-12 07:00,Gurugram,28.4595,77.0266,3.3,83,0,1017.3,14,SW
2024-01-12 08:00,Gurugram,28.4595,77.0266,9.6,80,0,1014.9,14.4,WNW
2024-01-12 09:00,Gurugram,28.4595,77.0266,9.2,73,0,1015.5,6.3,NW
2024-01-12 10:00,Gurugram,28.4595,77.0266,9.1,77,0,1015.7,32.6,WNW
2024-01-12 11:00,Gurugram,28.4595,77.0266,13.2,78,0,1016.7,5.8,W
2024-01-12 12:00,Gurugram,28.4595,77.0266,14.1,70,0,1019.1,10.8,SE
2024-01-12 13:00,Gurugram,28.4595,77.0266,13.7,65,0,1017.6,11.7,ESE
2024-01-12 14:00,Gurugram,28.4595,77.0266,15.6,57,0,1014.9,23.5,NW
2024-01-12 15:00,Gurugram,28.4595,77.0266,15,66,0,1017.2,6.1,ESE
2024-01-12 16:00,Gurugram,28.4595,77.0266,15.6,76,0,1016.3,11.1,NW
2024-01-12 17:00,Gurugram,28.4595,77.0266,16,62,0,1016.4,3.2,NW
2024-01-12 18:00,Gurugram,28.4595,77.0266,16.6,65,0,1016,9.9,WNW
2024-01-12 19:00,Gurugram,28.4595,77.0266,10.2,67,0,1016.6,12.3,NW
2024-01-12 20:00,Gurugram,28.4595,77.0266,14.7,71,0,1014.8,7,SE
2024-01-12 21:00,Gurugram,28.4595,77.0266,5.6,61,0,1016.8,3.7,WNW
2024-01-12 22:00,Gurugram,28.4595,77.0266,7.2,84,0,1017.3,24.7,W
2024-01-12 23:00,Gurugram,28.4595,77.0266,7,80,0,1016,4.9,W
2024-01-13 00:00,Gurugram,28.4595,77.0266,5,79,0,1016,5.2,Calm
2024-01-13 01:00,Gurugram,28.4595,77.0266,2.4,95,0,1015.2,6.3,SW
2024-01-13 02:00,Gurugram,28.4595,77.0266,2.5,86,0,1016.2,19.1,SE
2024-01-13 03:00,Gurugram,28.4595,77.0266,2,91,0,1016.8,9.2,WNW
2024-01-13 04:00,Gurugram,28.4595,77.0266,2,98,0,1016.5,3.3,NW
2024-01-13 05:00,Gurugram,28.4595,77.0266,5,82,0,1017.5,6.3,W
2024-01-13 06:00,Gurugram,28.4595,77.0266,5.2,79,0,1017.8,19,WNW
2024-01-13 07:00,Gurugram,28.4595,77.0266,4.6,87,0,1016,3.9,NW
2024-01-13 08:00,Gurugram,28.4595,77.0266,9.1,89,0,1016.4,4.8,NW
2024-01-13 09:00,Gurugram,28.4595,77.0266,9.7,68,0,1015.4,5.1,WNW
2024-01-13 10:00,Gurugram,28.4595,77.0266,12.3,76,0,1016.1,9.4,W
2024-01-13 11:00,Gurugram,28.4595,77.0266,13.5,74,0,1016.7,10.5,W
2024-01-13 12:00,Gurugram,28.4595,77.0266,12.2,55,0,1017.6,8.5,SE
2024-01-13 13:00,Gurugram,28.4595,77.0266,13.7,70,0,1016.6,9.1,WNW
2024-01-13 14:00,Gurugram,28.4595,77.0266,16.7,69,0,1017.1,4.5,WNW
2024-01-13 15:00,Gurugram,28.4595,77.0266,16.7,61,0,1015.1,8.4,W
2024-01-13 16:00,Gurugram,28.4595,77.0266,15.4,71,0,1017,8.3,Calm
2024-01-13 17:00,Gurugram,28.4595,77.0266,15,72,0,1015.6,5.1,NW
2024-01-13 18:00,Gurugram,28.4595,77.0266,16,68,0,1018.6,20.3,W
2024-01-13 19:00,Gurugram,28.4595,77.0266,11.3,68,0,1018.9,18.1,WNW
2024-01-13 20:00,Gurugram,28.4595,77.0266,11.8,68,0,1018.5,4.1,NW
2024-01-13 21:00,Gurugram,28.4595,77.0266,8.8,78,0,1015.6,12.6,WNW
2024-01-13 22:00,Gurugram,28.4595,77.0266,7,85,0,1017.5,12,W
2024-01-13 23:00,Gurugram,28.4595,77.0266,7.8,83,0,1013.7,11,W
2024-01-14 00:00,Gurugram,28.4595,77.0266,6,75,0,1017.7,8.3,NW
2024-01-14 01:00,Gurugram,28.4595,77.0266,4.9,98,0,1016.4,11,W
2024-01-14 02:00,Gurugram,28.4595,77.0266,5.2,94,0,1014.3,8.6,NW
2024-01-14 03:00,Gurugram,28.4595,77.0266,2.6,91,0,1017.2,6.2,WNW
2024-01-14 04:00,Gurugram,28.4595,77.0266,4,98,10.4,1016,12.5,NW
2024-01-14 05:00,Gurugram,28.4595,77.0266,2.9,98,0,1016,2.4,E
2024-01-14 06:00,Gurugram,28.4595,77.0266,5.1,72,0,1017.1,14.6,NW
2024-01-14 07:00,Gurugram,28.4595,77.0266,5.6,88,0,1017.6,9.7,WNW
2024-01-14 08:00,Gurugram,28.4595,77.0266,7.6,73,0,1016.8,7.4,WNW
2024-01-14 09:00,Gurugram,28.4595,77.0266,10.2,81,0,1013.7,14.4,W
2024-01-14 10:00,Gurugram,28.4595,77.0266,9.3,75,0,1016.8,11.1,SE
2024-01-14 11:00,Gurugram,28.4595,77.0266,16.1,74,0,1015.2,20.4,ESE
2024-01-14 12:00,Gurugram,28.4595,77.0266,11.9,64,0,1017,17,ESE
2024-01-14 13:00,Gurugram,28.4595,77.0266,12.5,54,0,1016.8,5.2,NW
2024-01-14 14:00,Gurugram,28.4595,77.0266,17.4,61,0,1016.1,7,SW
2024-01-14 15:00,Gurugram,28.4595,77.0266,17,65,0,1016.3,6.4,WNW
2024-01-14 16:00,Gurugram,28.4595,77.0266,16.5,70,0,1014.2,6.4,NW
2024-01-14 17:00,Gurugram,28.4595,77.0266,15.8,58,0,1018.3,22.5,W
2024-01-14 18:00,Gurugram,28.4595,77.0266,13.7,74,0,1016.7,4,W
2024-01-14 19:00,Gurugram,28.4595,77.0266,10.7,67,0,1016.7,17.5,NW
2024-01-14 20:00,Gurugram,28.4595,77.0266,10.9,76,0,1016.7,22.9,Calm
2024-01-14 21:00,Gurugram,28.4595,77.0266,7.9,75,0,1014.2,15.7,W
2024-01-14 22:00,Gurugram,28.4595,77.0266,9.2,83,0,1017.5,13.2,WNW
2024-01-14 23:00,Gurugram,28.4595,77.0266,5.6,91,0,1015.9,3.9,WNW
2024-01-15 00:00,Gurugram,28.4595,77.0266,3,81,0,1016.2,3.4,NW
2024-01-15 01:00,Gurugram,28.4595,77.0266,2.9,87,0,1015.4,11.9,Calm
2024-01-15 02:00,Gurugram,28.4595,77.0266,3.5,94,0,1014.6,8.2,ESE
2024-01-15 03:00,Gurugram,28.4595,77.0266,2,98,0,1015.4,4.2,W
2024-01-15 04:00,Gurugram,28.4595,77.0266,2,87,0,1015.9,14.6,W
2024-01-15 05:00,Gurugram,28.4595,77.0266,3.9,98,0,1016.1,12.8,SE
2024-01-15 06:00,Gurugram,28.4595,77.0266,4.9,98,0,1015.5,14.7,W
2024-01-15 07:00,Gurugram,28.4595,77.0266,4.9,85,0,1016,14.8,NW
2024-01-15 08:00,Gurugram,28.4595,77.0266,6.5,80,0,1015.7,17.7,ESE
2024-01-15 09:00,Gurugram,28.4595,77.0266,9.5,74,0,1014.4,7.4,W
2024-01-15 10:00,Gurugram,28.4595,77.0266,8.1,74,0,1016.1,4.5,Calm
2024-01-15 11:00,Gurugram,28.4595,77.0266,9.8,62,0,1016,21.9,ESE
2024-01-15 12:00,Gurugram,28.4595,77.0266,12.4,67,0,1015.3,3.4,WNW
2024-01-15 13:00,Gurugram,28.4595,77.0266,14.3,74,0,1017.2,3.7,NW
2024-01-15 14:00,Gurugram,28.4595,77.0266,15.9,60,0,1016.1,6.4,WNW
2024-01-15 15:00,Gurugram,28.4595,77.0266,18.2,62,0,1016.6,20.3,ESE
2024-01-15 16:00,Gurugram,28.4595,77.0266,16.9,53,0,1015.1,6.9,NW
2024-01-15 17:00,Gurugram,28.4595,77.0266,14.4,67,0,1015.3,3.8,W
2024-01-15 18:00,Gurugram,28.4595,77.0266,13.6,69,0,1015.8,5.2,SE
2024-01-15 19:00,Gurugram,28.4595,77.0266,10.5,71,0,1014.6,5.1,NW
2024-01-15 20:00,Gurugram,28.4595,77.0266,10.7,73,0,1013.9,10.6,ESE
2024-01-15 21:00,Gurugram,28.4595,77.0266,8.5,76,0,1017.7,5.9,NW
2024-01-15 22:00,Gurugram,28.4595,77.0266,8,85,0,1015.4,1.5,NW
2024-01-15 23:00,Gurugram,28.4595,77.0266,4.3,85,0,1015.9,38.5,NW
2024-01-16 00:00,Gurugram,28.4595,77.0266,5.4,91,0,1016.2,2.1,W
2024-01-16 01:00,Gurugram,28.4595,77.0266,6.2,93,0,1015.6,3.1,Calm
2024-01-16 02:00,Gurugram,28.4595,77.0266,2.6,98,0,1014.5,14.3,SE
2024-01-16 03:00,Gurugram,28.4595,77.0266,3.3,97,0,1017.1,4.3,NW
2024-01-16 04:00,Gurugram,28.4595,77.0266,4,94,0,1015.3,13.6,NW
2024-01-16 05:00,Gurugram,28.4595,77.0266,2.7,98,0,1016.6,12.1,W
2024-01-16 06:00,Gurugram,28.4595,77.0266,4.8,91,0,1017.6,6.7,NW
2024-01-16 07:00,Gurugram,28.4595,77.0266,5.8,94,0,1014.4,13.5,SE
2024-01-16 08:00,Gurugram,28.4595,77.0266,7.5,86,0,1016.9,8.4,NW
2024-01-16 09:00,Gurugram,28.4595,77.0266,7.6,67,2.3,1016.1,14.6,NW
2024-01-16 10:00,Gurugram,28.4595,77.0266,10.8,82,0,1014.9,20.3,WNW
2024-01-16 11:00,Gurugram,28.4595,77.0266,13.2,72,0,1016.5,4.1,ESE
2024-01-16 12:00,Gurugram,28.4595,77.0266,16.2,67,0,1016.1,10.3,NW
2024-01-16 13:00,Gurugram,28.4595,77.0266,16.4,67,0,1015.2,10.7,NW
2024-01-16 14:00,Gurugram,28.4595,77.0266,19.2,62,0,1018.2,10.5,W
2024-01-16 15:00,Gurugram,28.4595,77.0266,14.2,65,0,1016.4,13.7,WNW
2024-01-16 16:00,Gurugram,28.4595,77.0266,16.9,60,0,1014.7,12.2,Calm
2024-01-16 17:00,Gurugram,28.4595,77.0266,15,73,0,1016.4,3.8,NW
2024-01-16 18:00,Gurugram,28.4595,77.0266,17.6,67,0,1015.7,4.3,NW
2024-01-16 19:00,Gurugram,28.4595,77.0266,10.8,69,0,1014.6,7.8,W
2024-01-16 20:00,Gurugram,28.4595,77.0266,9.2,69,0,1015.7,10.4,NW
2024-01-16 21:00,Gurugram,28.4595,77.0266,8,80,0,1016.4,10.8,WNW
2024-01-16 22:00,Gurugram,28.4595,77.0266,3.5,83,0,1014.8,11.4,NW
2024-01-16 23:00,Gurugram,28.4595,77.0266,4.8,88,0,1014.3,12.6,E
2024-01-17 00:00,Gurugram,28.4595,77.0266,3.1,83,0,1014.1,12.4,WNW
2024-01-17 01:00,Gurugram,28.4595,77.0266,3.7,82,0,1014.1,9,SE
2024-01-17 02:00,Gurugram,28.4595,77.0266,3.4,97,0,1016.4,20.4,SW
2024-01-17 03:00,Gurugram,28.4595,77.0266,5.9,98,0,1016.2,3.5,SW
2024-01-17 04:00,Gurugram,28.4595,77.0266,4.5,87,0,1014.6,2.1,W
2024-01-17 05:00,Gurugram,28.4595,77.0266,2.4,98,0,1015.5,10.2,Calm
2024-01-17 06:00,Gurugram,28.4595,77.0266,2.8,91,0,1014.1,11.7,W
2024-01-17 07:00,Gurugram,28.4595,77.0266,6.7,86,0,1014.9,10.1,NW
2024-01-17 08:00,Gurugram,28.4595,77.0266,5,80,0,1014.9,6.7,E
2024-01-17 09:00,Gurugram,28.4595,77.0266,12.3,70,0,1016.1,12,WNW
2024-01-17 10:00,Gurugram,28.4595,77.0266,12.8,81,0,1017.1,5,NW
2024-01-17 11:00,Gurugram,28.4595,77.0266,11.4,66,0,1014.4,3.3,SE
2024-01-17 12:00,Gurugram,28.4595,77.0266,10.5,63,0,1014.7,17.1,W
2024-01-17 13:00,Gurugram,28.4595,77.0266,17.1,71,14.5,1016,6.3,E
2024-01-17 14:00,Gurugram,28.4595,77.0266,15.1,53,0,1014,9.9,SE
2024-01-17 15:00,Gurugram,28.4595,77.0266,17.7,54,0,1014.6,5.8,WNW
2024-01-17 16:00,Gurugram,28.4595,77.0266,12.4,64,0,1016.7,6.4,NW
2024-01-17 17:00,Gurugram,28.4595,77.0266,13.6,67,0,1017.2,15.1,ESE
2024-01-17 18:00,Gurugram,28.4595,77.0266,13.6,71,0,1014.6,9.4,W
2024-01-17 19:00,Gurugram,28.4595,77.0266,12.4,69,0,1014.7,9.5,NW
2024-01-17 20:00,Gurugram,28.4595,77.0266,9.9,90,0,1016.5,3.2,NW
2024-01-17 21:00,Gurugram,28.4595,77.0266,10.1,77,0,1016.9,8.9,NW
2024-01-17 22:00,Gurugram,28.4595,77.0266,5.4,81,0,1015.4,5.7,W
2024-01-17 23:00,Gurugram,28.4595,77.0266,5.5,81,0,1014.9,29.3,NW
2024-01-18 00:00,Gurugram,28.4595,77.0266,4.6,90,0,1016.1,5.3,NW
2024-01-18 01:00,Gurugram,28.4595,77.0266,4.3,95,0,1015.9,20,W
2024-01-18 02:00,Gurugram,28.4595,77.0266,4,98,0,1015.4,10.2,NW
2024-01-18 03:00,Gurugram,28.4595,77.0266,2,85,0,1017.6,4.1,NW
2024-01-18 04:00,Gurugram,28.4595,77.0266,2,92,0,1015.7,15,SW
2024-01-18 05:00,Gurugram,28.4595,77.0266,5.7,94,0,1014.1,19.4,ESE
2024-01-18 06:00,Gurugram,28.4595,77.0266,5,93,0,1015.9,24.4,NW
2024-01-18 07:00,Gurugram,28.4595,77.0266,4.4,86,0,1014.6,11,E
2024-01-18 08:00,Gurugram,28.4595,77.0266,10.1,86,0,1015.2,5.7,NW
2024-01-18 09:00,Gurugram,28.4595,77.0266,9.2,74,0,1016.4,5.6,W
2024-01-18 10:00,Gurugram,28.4595,77.0266,12.8,84,0,1016.5,11.3,WNW
2024-01-18 11:00,Gurugram,28.4595,77.0266,12.4,77,0,1011.9,3.1,ESE
2024-01-18 12:00,Gurugram,28.4595,77.0266,17.3,60,0,1014.8,4.3,WNW
2024-01-18 13:00,Gurugram,28.4595,77.0266,17.8,59,0,1014.8,9.4,NW
2024-01-18 14:00,Gurugram,28.4595,77.0266,14.8,58,0,1015.4,14.8,W
2024-01-18 15:00,Gurugram,28.4595,77.0266,17.3,68,0,1014.4,7.7,ESE
2024-01-18 16:00,Gurugram,28.4595,77.0266,16.4,56,0,1015.1,24.1,W
2024-01-18 17:00,Gurugram,28.4595,77.0266,17.1,64,0,1015.3,12,ESE
2024-01-18 18:00,Gurugram,28.4595,77.0266,11.9,71,0,1013.4,7.3,WNW
2024-01-18 19:00,Gurugram,28.4595,77.0266,13.5,71,0,1015.2,5.7,SE
2024-01-18 20:00,Gurugram,28.4595,77.0266,12.6,76,0,1016.6,4.5,W
2024-01-18 21:00,Gurugram,28.4595,77.0266,5.8,72,0,1014,13.7,NW
2024-01-18 22:00,Gurugram,28.4595,77.0266,5.2,86,0,1015.6,5.4,E
2024-01-18 23:00,Gurugram,28.4595,77.0266,2.1,82,0,1015.5,11.4,SE
2024-01-19 00:00,Gurugram,28.4595,77.0266,3.9,87,0,1013,3.7,Calm
2024-01-19 01:00,Gurugram,28.4595,77.0266,4.7,93,0,1014.8,4.3,W
2024-01-19 02:00,Gurugram,28.4595,77.0266,5.4,94,0,1015.1,8.9,ESE
2024-01-19 03:00,Gurugram,28.4595,77.0266,2.6,94,0,1016.7,4.3,E
2024-01-19 04:00,Gurugram,28.4595,77.0266,5.7,89,0,1014.8,17.4,NW
2024-01-19 05:00,Gurugram,28.4595,77.0266,2,90,0,1015.7,2.6,SW
2024-01-19 06:00,Gurugram,28.4595,77.0266,2,89,0,1014.4,3.8,NW
2024-01-19 07:00,Gurugram,28.4595,77.0266,5.7,78,0,1015.6,18.2,NW
2024-01-19 08:00,Gurugram,28.4595,77.0266,8,80,0,1016.3,16.6,NW
2024-01-19 09:00,Gurugram,28.4595,77.0266,8.9,81,0,1013.2,18.3,W
2024-01-19 10:00,Gurugram,28.4595,77.0266,7,67,0,1015.4,4.7,NW
2024-01-19 11:00,Gurugram,28.4595,77.0266,12.1,78,0,1015.9,8.8,NW
2024-01-19 12:00,Gurugram,28.4595,77.0266,11.3,76,0,1015.1,10.2,W
2024-01-19 13:00,Gurugram,28.4595,77.0266,15.8,58,0,1015.5,7.7,WNW
2024-01-19 14:00,Gurugram,28.4595,77.0266,15.9,72,0,1016.1,12.8,SE
2024-01-19 15:00,Gurugram,28.4595,77.0266,13.8,63,0,1013.6,15.9,NW
2024-01-19 16:00,Gurugram,28.4595,77.0266,14.4,67,0,1015.7,8.5,NW
2024-01-19 17:00,Gurugram,28.4595,77.0266,12.7,63,0,1016.7,4.1,NW
2024-01-19 18:00,Gurugram,28.4595,77.0266,13.5,74,0,1014.7,12.6,W
2024-01-19 19:00,Gurugram,28.4595,77.0266,14,74,0,1014.5,9.8,WNW
2024-01-19 20:00,Gurugram,28.4595,77.0266,8.9,70,0,1014.5,14.9,WNW
2024-01-19 21:00,Gurugram,28.4595,77.0266,9.9,72,0,1015.6,12.9,WNW
2024-01-19 22:00,Gurugram,28.4595,77.0266,6.4,74,0,1016.9,18.8,SE
2024-01-19 23:00,Gurugram,28.4595,77.0266,4.3,87,0,1017.7,9.7,NW
2024-01-20 00:00,Gurugram,28.4595,77.0266,4.2,93,0,1016.9,21.6,W
2024-01-20 01:00,Gurugram,28.4595,77.0266,2,96,0,1014.6,20.9,NW
2024-01-20 02:00,Gurugram,28.4595,77.0266,2,93,0,1014,13.9,NW
2024-01-20 03:00,Gurugram,28.4595,77.0266,2,87,0,1013.2,16.2,NW
2024-01-20 04:00,Gurugram,28.4595,77.0266,6.3,89,0,1015.5,18.9,WNW
2024-01-20 05:00,Gurugram,28.4595,77.0266,3.4,98,0,1018.5,8,WNW
2024-01-20 06:00,Gurugram,28.4595,77.0266,3.1,87,0,1015.2,19.1,E
2024-01-20 07:00,Gurugram,28.4595,77.0266,6.1,87,0,1015.4,11.4,E
2024-01-20 08:00,Gurugram,28.4595,77.0266,7.1,76,0,1014.9,14.3,W
2024-01-20 09:00,Gurugram,28.4595,77.0266,8.6,81,0,1015.7,15.6,NW
2024-01-20 10:00,Gurugram,28.4595,77.0266,11.8,72,0,1014.3,13.9,SE
2024-01-20 11:00,Gurugram,28.4595,77.0266,13.6,78,0,1015.4,10.1,SE
2024-01-20 12:00,Gurugram,28.4595,77.0266,12.6,73,0,1014.6,17.1,SE
2024-01-20 13:00,Gurugram,28.4595,77.0266,13.6,63,0,1015.6,33.3,NW
2024-01-20 14:00,Gurugram,28.4595,77.0266,14.8,64,0,1015,34.6,ESE
2024-01-20 15:00,Gurugram,28.4595,77.0266,11.4,61,0,1015.6,12,E
2024-01-20 16:00,Gurugram,28.4595,77.0266,12.6,56,0,1013.9,18.1,W
2024-01-20 17:00,Gurugram,28.4595,77.0266,17.1,61,0,1016.3,33.6,ESE
2024-01-20 18:00,Gurugram,28.4595,77.0266,16.6,69,0,1016.2,7.5,SE
2024-01-20 19:00,Gurugram,28.4595,77.0266,11.8,73,0,1014.6,14.2,WNW
2024-01-20 20:00,Gurugram,28.4595,77.0266,11.7,76,0,1014.3,14.4,SE
2024-01-20 21:00,Gurugram,28.4595,77.0266,9.6,77,0,1013.5,32.4,SE
2024-01-20 22:00,Gurugram,28.4595,77.0266,12.9,88,0,1013.6,20.5,SW
2024-01-20 23:00,Gurugram,28.4595,77.0266,7.8,87,0,1014.5,10.1,SW
2024-01-21 00:00,Gurugram,28.4595,77.0266,4.2,94,0,1014.9,10.9,W
2024-01-21 01:00,Gurugram,28.4595,77.0266,2,81,0,1015,6.1,NW
2024-01-21 02:00,Gurugram,28.4595,77.0266,2,70,0,1016.9,4.5,NW
2024-01-21 03:00,Gurugram,28.4595,77.0266,2.9,96,0,1014.1,13.5,SW
2024-01-21 04:00,Gurugram,28.4595,77.0266,2,85,0,1014,12.6,WNW
2024-01-21 05:00,Gurugram,28.4595,77.0266,2,91,0,1014.6,8.8,WNW
2024-01-21 06:00,Gurugram,28.4595,77.0266,3.2,88,0,1013.7,5.9,WNW
2024-01-21 07:00,Gurugram,28.4595,77.0266,3.8,96,0,1016.6,7.6,NW
2024-01-21 08:00,Gurugram,28.4595,77.0266,10.4,85,0,1016.9,27.7,W
2024-01-21 09:00,Gurugram,28.4595,77.0266,10.6,80,0,1015.7,5.4,SE
2024-01-21 10:00,Gurugram,28.4595,77.0266,10.7,80,0,1015.9,3.3,NW
2024-01-21 11:00,Gurugram,28.4595,77.0266,14.9,74,0,1014.6,13.8,ESE
2024-01-21 12:00,Gurugram,28.4595,77.0266,13.7,66,0,1015.6,7.4,ESE
2024-01-21 13:00,Gurugram,28.4595,77.0266,13.1,72,0,1016.3,15.5,W
2024-01-21 14:00,Gurugram,28.4595,77.0266,18,58,0,1014.4,14.4,WNW
2024-01-21 15:00,Gurugram,28.4595,77.0266,16.5,66,0,1016.5,3.8,E
2024-01-21 16:00,Gurugram,28.4595,77.0266,13.4,55,0,1014.7,13.6,WNW
2024-01-21 17:00,Gurugram,28.4595,77.0266,14.3,67,0,1014.6,7.9,WNW
2024-01-21 18:00,Gurugram,28.4595,77.0266,12,70,0,1013.7,17.3,W
2024-01-21 19:00,Gurugram,28.4595,77.0266,9.8,82,0,1015,17.3,SW
2024-01-21 20:00,Gurugram,28.4595,77.0266,12.4,66,0,1016.1,4.7,WNW
2024-01-21 21:00,Gurugram,28.4595,77.0266,12.4,75,0,1012,3.5,ESE
2024-01-21 22:00,Gurugram,28.4595,77.0266,4.8,88,0,1015.2,16.8,WNW
2024-01-21 23:00,Gurugram,28.4595,77.0266,6.8,89,0,1015.6,15.7,NW
2024-01-22 00:00,Gurugram,28.4595,77.0266,3.2,91,8.6,1014.7,4.9,NW
2024-01-22 01:00,Gurugram,28.4595,77.0266,2.5,86,0,1012.2,16.9,NW
2024-01-22 02:00,Gurugram,28.4595,77.0266,2,90,0,1012.9,9.3,NW
2024-01-22 03:00,Gurugram,28.4595,77.0266,2,98,0,1014.4,1.9,W
2024-01-22 04:00,Gurugram,28.4595,77.0266,2.8,93,0,1012.5,7,NW
2024-01-22 05:00,Gurugram,28.4595,77.0266,2,94,0,1017.7,7.4,E
2024-01-22 06:00,Gurugram,28.4595,77.0266,4.9,89,0,1016.1,1.5,Calm
2024-01-22 07:00,Gurugram,28.4595,77.0266,5.7,80,0,1013.3,18.9,WNW
2024-01-22 08:00,Gurugram,28.4595,77.0266,6.9,89,0,1015.6,19.6,WNW
2024-01-22 09:00,Gurugram,28.4595,77.0266,7.4,82,0,1015.3,21.5,WNW
2024-01-22 10:00,Gurugram,28.4595,77.0266,9.7,89,0,1014.1,4.4,W
2024-01-22 11:00,Gurugram,28.4595,77.0266,13.6,66,0,1015.7,7,W
2024-01-22 12:00,Gurugram,28.4595,77.0266,14.5,73,0,1012,8.2,WNW
2024-01-22 13:00,Gurugram,28.4595,77.0266,12.9,58,0,1014.1,3.7,WNW
2024-01-22 14:00,Gurugram,28.4595,77.0266,15.5,66,0,1013.9,11.5,W
2024-01-22 15:00,Gurugram,28.4595,77.0266,16.9,70,0,1016.7,5.1,W
2024-01-22 16:00,Gurugram,28.4595,77.0266,12.3,52,0,1013.4,9.6,ESE
2024-01-22 17:00,Gurugram,28.4595,77.0266,15.6,65,0,1015.3,6.1,SW
2024-01-22 18:00,Gurugram,28.4595,77.0266,12.4,65,0,1013.7,13.4,SE
2024-01-22 19:00,Gurugram,28.4595,77.0266,13.3,67,0,1015.8,16.3,NW
2024-01-22 20:00,Gurugram,28.4595,77.0266,9.3,78,0,1014,8.9,ESE
2024-01-22 21:00,Gurugram,28.4595,77.0266,5.8,86,0,1013.1,8.4,WNW
2024-01-22 22:00,Gurugram,28.4595,77.0266,4.4,82,0,1014.5,12.4,SE
2024-01-22 23:00,Gurugram,28.4595,77.0266,5.8,88,0,1015.5,2.3,E
2024-01-23 00:00,Gurugram,28.4595,77.0266,4.9,91,0,1014.9,7,NW
2024-01-23 01:00,Gurugram,28.4595,77.0266,2,92,0,1012.5,5.2,NW
2024-01-23 02:00,Gurugram,28.4595,77.0266,3.9,87,0,1012.4,19.8,WNW
2024-01-23 03:00,Gurugram,28.4595,77.0266,2,98,0,1013.5,31.8,NW
2024-01-23 04:00,Gurugram,28.4595,77.0266,2.6,95,0,1013.1,3.8,ESE
2024-01-23 05:00,Gurugram,28.4595,77.0266,2,95,0,1013.2,10.2,ESE
2024-01-23 06:00,Gurugram,28.4595,77.0266,3.3,85,0,1013.7,4.4,WNW
2024-01-23 07:00,Gurugram,28.4595,77.0266,5.9,84,0,1015,5,WNW
2024-01-23 08:00,Gurugram,28.4595,77.0266,5.8,82,0,1013.9,10.3,W
2024-01-23 09:00,Gurugram,28.4595,77.0266,8.3,70,0,1012.9,8,NW
2024-01-23 10:00,Gurugram,28.4595,77.0266,12.5,65,0,1013.2,10.2,ESE
2024-01-23 11:00,Gurugram,28.4595,77.0266,11.2,68,0,1014.8,4.9,W
2024-01-23 12:00,Gurugram,28.4595,77.0266,15.1,72,0,1014.1,10.3,W
2024-01-23 13:00,Gurugram,28.4595,77.0266,12.6,62,0,1013.4,19.3,ESE
2024-01-23 14:00,Gurugram,28.4595,77.0266,16.3,59,0,1015,14.8,ESE
2024-01-23 15:00,Gurugram,28.4595,77.0266,18.1,59,0,1015.2,3.4,NW
2024-01-23 16:00,Gurugram,28.4595,77.0266,10.9,62,0,1015.2,23,SE
2024-01-23 17:00,Gurugram,28.4595,77.0266,13.2,64,0,1014.2,4.5,W
2024-01-23 18:00,Gurugram,28.4595,77.0266,14.7,82,0,1013.2,5.1,ESE
2024-01-23 19:00,Gurugram,28.4595,77.0266,11.9,78,0.7,1014,16.4,NW
2024-01-23 20:00,Gurugram,28.4595,77.0266,11.4,82,0,1013.4,10.5,NW
2024-01-23 21:00,Gurugram,28.4595,77.0266,7.9,86,0,1011.1,8.7,SE
2024-01-23 22:00,Gurugram,28.4595,77.0266,7.5,77,0,1014,7.6,WNW
2024-01-23 23:00,Gurugram,28.4595,77.0266,5.5,79,0,1011.7,7.8,W
2024-01-24 00:00,Gurugram,28.4595,77.0266,6.5,83,0,1013.2,8,W
2024-01-24 01:00,Gurugram,28.4595,77.0266,3.9,98,0,1013.3,13,W
2024-01-24 02:00,Gurugram,28.4595,77.0266,3.4,91,0,1015.9,14,NW
2024-01-24 03:00,Gurugram,28.4595,77.0266,2,87,0,1012.6,8,NW
2024-01-24 04:00,Gurugram,28.4595,77.0266,2,91,0,1014.3,20.7,NW
2024-01-24 05:00,Gurugram,28.4595,77.0266,2.6,91,0,1013.7,10.4,WNW
2024-01-24 06:00,Gurugram,28.4595,77.0266,5.2,92,7.3,1014.6,11.4,SW
2024-01-24 07:00,Gurugram,28.4595,77.0266,5,88,0,1013.2,18.2,WNW
2024-01-24 08:00,Gurugram,28.4595,77.0266,7.9,78,0,1012.1,6.1,SE
2024-01-24 09:00,Gurugram,28.4595,77.0266,12.8,83,0,1014.2,13.2,NW
2024-01-24 10:00,Gurugram,28.4595,77.0266,12.3,72,0,1014.1,5.5,E
2024-01-24 11:00,Gurugram,28.4595,77.0266,11.7,71,0,1014.3,5.1,WNW
2024-01-24 12:00,Gurugram,28.4595,77.0266,15.8,73,0,1013.7,21.8,WNW
2024-01-24 13:00,Gurugram,28.4595,77.0266,13.9,62,0,1013.6,25.3,ESE
2024-01-24 14:00,Gurugram,28.4595,77.0266,11.6,61,0,1015,11.4,WNW
2024-01-24 15:00,Gurugram,28.4595,77.0266,13.7,68,0,1014.9,6.8,WNW
2024-01-24 16:00,Gurugram,28.4595,77.0266,11.9,60,0,1013.1,12.8,NW
2024-01-24 17:00,Gurugram,28.4595,77.0266,14,64,0,1013.9,10,NW
2024-01-24 18:00,Gurugram,28.4595,77.0266,13.7,72,0.1,1012.6,15.3,SE
2024-01-24 19:00,Gurugram,28.4595,77.0266,15.3,84,0,1014.7,9.8,SW
2024-01-24 20:00,Gurugram,28.4595,77.0266,11.3,79,0,1014.6,9.9,NW
2024-01-24 21:00,Gurugram,28.4595,77.0266,8.6,82,0,1015.7,5.2,W
2024-01-24 22:00,Gurugram,28.4595,77.0266,8.8,86,0,1014.9,7.2,NW
2024-01-24 23:00,Gurugram,28.4595,77.0266,2,80,0,1014.3,8.6,NW
2024-01-25 00:00,Gurugram,28.4595,77.0266,4.9,91,0,1016.9,13.2,WNW
2024-01-25 01:00,Gurugram,28.4595,77.0266,4.8,92,0,1014.2,6.5,ESE
2024-01-25 02:00,Gurugram,28.4595,77.0266,2,96,0,1014.5,23.6,NW
2024-01-25 03:00,Gurugram,28.4595,77.0266,4.6,95,0,1011.6,9.7,SE
2024-01-25 04:00,Gurugram,28.4595,77.0266,3.4,96,0,1014.8,3.9,NW
2024-01-25 05:00,Gurugram,28.4595,77.0266,2.7,91,0,1016.7,8.1,ESE
2024-01-25 06:00,Gurugram,28.4595,77.0266,5.6,90,0,1014.1,14.4,W
2024-01-25 07:00,Gurugram,28.4595,77.0266,9.9,80,0,1014.7,8.2,WNW
2024-01-25 08:00,Gurugram,28.4595,77.0266,7.7,81,0,1015.1,5.1,ESE
2024-01-25 09:00,Gurugram,28.4595,77.0266,9.5,88,0,1016,7.4,NW
2024-01-25 10:00,Gurugram,28.4595,77.0266,9.9,77,0,1014.5,6.4,NW
2024-01-25 11:00,Gurugram,28.4595,77.0266,10.8,72,0,1011.9,13,NW
2024-01-25 12:00,Gurugram,28.4595,77.0266,15.1,80,0,1014.1,6.3,WNW
2024-01-25 13:00,Gurugram,28.4595,77.0266,13.1,58,0,1014.7,2.5,NW
2024-01-25 14:00,Gurugram,28.4595,77.0266,15.5,58,0,1014.6,6,WNW
2024-01-25 15:00,Gurugram,28.4595,77.0266,14.7,75,0.2,1013.6,17,NW
2024-01-25 16:00,Gurugram,28.4595,77.0266,16.2,65,0,1013.4,12.7,NW
2024-01-25 17:00,Gurugram,28.4595,77.0266,15.3,65,0,1013.4,3,SW
2024-01-25 18:00,Gurugram,28.4595,77.0266,15.5,62,0,1013.6,16.2,SE
2024-01-25 19:00,Gurugram,28.4595,77.0266,11.4,75,0,1014,18.8,NW
2024-01-25 20:00,Gurugram,28.4595,77.0266,10.3,79,0,1014.4,13.5,ESE
2024-01-25 21:00,Gurugram,28.4595,77.0266,7.3,73,0,1014.2,5.4,W
2024-01-25 22:00,Gurugram,28.4595,77.0266,6.6,82,0,1013.3,17.2,NW
2024-01-25 23:00,Gurugram,28.4595,77.0266,6.5,85,0,1012.4,8.6,WNW
2024-01-26 00:00,Gurugram,28.4595,77.0266,5.9,92,0,1014,6.3,SW
2024-01-26 01:00,Gurugram,28.4595,77.0266,2,86,0,1013.2,8.6,ESE
2024-01-26 02:00,Gurugram,28.4595,77.0266,4.4,98,0,1015.5,12.1,ESE
2024-01-26 03:00,Gurugram,28.4595,77.0266,5,98,0,1014.7,13.5,W
2024-01-26 04:00,Gurugram,28.4595,77.0266,3.6,92,0,1014,10.7,W
2024-01-26 05:00,Gurugram,28.4595,77.0266,6.8,91,0,1012.7,9.3,WNW
2024-01-26 06:00,Gurugram,28.4595,77.0266,3.1,89,0,1011.9,5.2,ESE
2024-01-26 07:00,Gurugram,28.4595,77.0266,3.6,82,0,1013.6,12.7,ESE
2024-01-26 08:00,Gurugram,28.4595,77.0266,4.2,81,0,1013.7,10.8,NW
2024-01-26 09:00,Gurugram,28.4595,77.0266,11.8,78,0,1011.5,13.3,W
2024-01-26 10:00,Gurugram,28.4595,77.0266,11.9,85,0,1014.1,9,W
2024-01-26 11:00,Gurugram,28.4595,77.0266,12.2,78,0,1013.6,14.1,NW
2024-01-26 12:00,Gurugram,28.4595,77.0266,14.2,75,0,1010.4,13.2,WNW
2024-01-26 13:00,Gurugram,28.4595,77.0266,12.7,69,0,1012.5,7.6,E
2024-01-26 14:00,Gurugram,28.4595,77.0266,19.8,58,0,1012.6,9.5,Calm
2024-01-26 15:00,Gurugram,28.4595,77.0266,15.8,64,0,1012.1,14.8,SE
2024-01-26 16:00,Gurugram,28.4595,77.0266,15.6,71,0,1014,15.4,NW
2024-01-26 17:00,Gurugram,28.4595,77.0266,16,59,0,1015.7,18.5,WNW
2024-01-26 18:00,Gurugram,28.4595,77.0266,14.5,73,0,1014.1,6.3,NW
2024-01-26 19:00,Gurugram,28.4595,77.0266,12.7,86,0,1014.3,7.8,W
2024-01-26 20:00,Gurugram,28.4595,77.0266,9.3,82,0,1012.6,22.5,SE
2024-01-26 21:00,Gurugram,28.4595,77.0266,9.9,88,0,1014.2,28.3,E
2024-01-26 22:00,Gurugram,28.4595,77.0266,10.8,85,0,1013.3,11.4,E
2024-01-26 23:00,Gurugram,28.4595,77.0266,8.3,93,0,1013.6,9.4,NW
2024-01-27 00:00,Gurugram,28.4595,77.0266,7.4,86,0,1012.6,28.3,NW
2024-01-27 01:00,Gurugram,28.4595,77.0266,2.6,97,0,1011.4,23.7,SW
2024-01-27 02:00,Gurugram,28.4595,77.0266,2,98,0,1014.4,14.9,SE
2024-01-27 03:00,Gurugram,28.4595,77.0266,2.4,96,0,1013.5,9.1,WNW
2024-01-27 04:00,Gurugram,28.4595,77.0266,2.9,98,0,1013,12,WNW
2024-01-27 05:00,Gurugram,28.4595,77.0266,5.5,89,0,1015.5,3.2,W
2024-01-27 06:00,Gurugram,28.4595,77.0266,2,89,0,1012.1,16.4,W
2024-01-27 07:00,Gurugram,28.4595,77.0266,8.6,88,0,1014.1,6.5,NW
2024-01-27 08:00,Gurugram,28.4595,77.0266,7.1,77,0,1015.8,21.8,WNW
2024-01-27 09:00,Gurugram,28.4595,77.0266,8.3,81,0,1013.8,2.6,W
2024-01-27 10:00,Gurugram,28.4595,77.0266,9,65,0,1011.9,6.7,NW
2024-01-27 11:00,Gurugram,28.4595,77.0266,9.4,78,0,1014.5,10.6,Calm
2024-01-27 12:00,Gurugram,28.4595,77.0266,15.2,69,0,1012.7,10.2,NW
2024-01-27 13:00,Gurugram,28.4595,77.0266,14.9,63,0,1012.6,6.1,W
2024-01-27 14:00,Gurugram,28.4595,77.0266,13.1,60,0,1012.2,10.5,W
2024-01-27 15:00,Gurugram,28.4595,77.0266,13.3,63,0,1015.3,9,WNW
2024-01-27 16:00,Gurugram,28.4595,77.0266,14.8,69,0,1012.8,10.5,NW
2024-01-27 17:00,Gurugram,28.4595,77.0266,17.7,70,0,1012.2,7.3,W
2024-01-27 18:00,Gurugram,28.4595,77.0266,13.2,65,0,1014.8,18.1,NW
2024-01-27 19:00,Gurugram,28.4595,77.0266,9.7,67,0,1011.4,12.1,WNW
2024-01-27 20:00,Gurugram,28.4595,77.0266,10.4,80,0,1013.4,7.5,NW
2024-01-27 21:00,Gurugram,28.4595,77.0266,8.6,75,0,1012.5,14,NW
2024-01-27 22:00,Gurugram,28.4595,77.0266,2.6,84,4.5,1014,6.7,SW
2024-01-27 23:00,Gurugram,28.4595,77.0266,5.8,88,0,1012.8,6.8,ESE
2024-01-28 00:00,Gurugram,28.4595,77.0266,4.1,92,0,1011.4,2.9,NW
2024-01-28 01:00,Gurugram,28.4595,77.0266,4.8,98,0,1013.3,12.6,SW
2024-01-28 02:00,Gurugram,28.4595,77.0266,6.2,87,0,1012.5,11,NW
2024-01-28 03:00,Gurugram,28.4595,77.0266,4.7,83,0,1014.1,5.6,NW
2024-01-28 04:00,Gurugram,28.4595,77.0266,2.4,91,0,1013.2,5.5,NW
2024-01-28 05:00,Gurugram,28.4595,77.0266,2,98,0,1015.6,12.7,ESE
2024-01-28 06:00,Gurugram,28.4595,77.0266,9.2,98,0.6,1012.4,7.7,W
2024-01-28 07:00,Gurugram,28.4595,77.0266,6,98,0,1014.5,12.7,NW
2024-01-28 08:00,Gurugram,28.4595,77.0266,7.5,82,0,1012.7,3.1,NW
2024-01-28 09:00,Gurugram,28.4595,77.0266,9.1,69,0,1012.9,4.4,W
2024-01-28 10:00,Gurugram,28.4595,77.0266,11.2,62,0,1014,17,W
2024-01-28 11:00,Gurugram,28.4595,77.0266,12.1,68,0,1011.9,11.4,SE
2024-01-28 12:00,Gurugram,28.4595,77.0266,12.7,68,0,1014.5,14.8,WNW
2024-01-28 13:00,Gurugram,28.4595,77.0266,13.8,74,0,1013.9,7.8,ESE
2024-01-28 14:00,Gurugram,28.4595,77.0266,15.4,70,0,1014,6,ESE
2024-01-28 15:00,Gurugram,28.4595,77.0266,14.7,66,0,1014.2,16.3,W
2024-01-28 16:00,Gurugram,28.4595,77.0266,14.1,60,0,1013.8,1.5,WNW
2024-01-28 17:00,Gurugram,28.4595,77.0266,15,61,0,1013.9,9.6,NW
2024-01-28 18:00,Gurugram,28.4595,77.0266,13.3,71,0,1014.7,14.3,W
2024-01-28 19:00,Gurugram,28.4595,77.0266,15.1,76,0,1013.1,7.7,ESE
2024-01-28 20:00,Gurugram,28.4595,77.0266,6.1,78,0,1012.9,29.9,NW
2024-01-28 21:00,Gurugram,28.4595,77.0266,11.1,73,0,1013.7,9.8,WNW
2024-01-28 22:00,Gurugram,28.4595,77.0266,9.7,87,0,1013.2,12.8,WNW
2024-01-28 23:00,Gurugram,28.4595,77.0266,2.2,90,0,1014.2,5.7,NW
2024-01-29 00:00,Gurugram,28.4595,77.0266,4,84,0,1015.1,23.7,NW
2024-01-29 01:00,Gurugram,28.4595,77.0266,2.9,88,0,1011.7,10.4,NW
2024-01-29 02:00,Gurugram,28.4595,77.0266,2,98,0,1013,8,WNW
2024-01-29 03:00,Gurugram,28.4595,77.0266,2,93,0,1011.6,10.1,WNW
2024-01-29 04:00,Gurugram,28.4595,77.0266,2,98,0,1012.6,4,W
2024-01-29 05:00,Gurugram,28.4595,77.0266,6.7,96,0,1012.7,13.6,NW
2024-01-29 06:00,Gurugram,28.4595,77.0266,6.3,87,0,1012.4,6.8,W
2024-01-29 07:00,Gurugram,28.4595,77.0266,8.2,87,0,1013.9,12.1,NW
2024-01-29 08:00,Gurugram,28.4595,77.0266,8.8,84,0,1013.3,3,NW
2024-01-29 09:00,Gurugram,28.4595,77.0266,7.2,75,0,1012.1,3.9,WNW
2024-01-29 10:00,Gurugram,28.4595,77.0266,9.9,70,0,1013.9,10.4,ESE
2024-01-29 11:00,Gurugram,28.4595,77.0266,13.3,76,20,1012.7,22.3,SE
2024-01-29 12:00,Gurugram,28.4595,77.0266,11.6,74,0,1012.2,2.7,NW
2024-01-29 13:00,Gurugram,28.4595,77.0266,16.1,70,0,1011.6,6.6,W
2024-01-29 14:00,Gurugram,28.4595,77.0266,15,74,0,1011.1,4.3,WNW
2024-01-29 15:00,Gurugram,28.4595,77.0266,15,61,0,1012.3,7.6,ESE
2024-01-29 16:00,Gurugram,28.4595,77.0266,16.7,75,0,1012.9,10,NW
2024-01-29 17:00,Gurugram,28.4595,77.0266,15.6,61,0,1014,8.4,ESE
2024-01-29 18:00,Gurugram,28.4595,77.0266,13.1,63,0,1010.4,1.9,W
2024-01-29 19:00,Gurugram,28.4595,77.0266,14.5,62,13.5,1015.1,3.1,SE
2024-01-29 20:00,Gurugram,28.4595,77.0266,8.9,73,0,1011.9,4.4,Calm
2024-01-29 21:00,Gurugram,28.4595,77.0266,10.3,77,0,1012.4,7.1,SW
2024-01-29 22:00,Gurugram,28.4595,77.0266,8.6,87,0,1012.4,5.8,W
2024-01-29 23:00,Gurugram,28.4595,77.0266,5.4,89,0,1012.1,7.3,E
2024-01-30 00:00,Gurugram,28.4595,77.0266,5.2,83,0,1012.2,9.1,NW
2024-01-30 01:00,Gurugram,28.4595,77.0266,2,90,0,1012.3,7.9,NW
2024-01-30 02:00,Gurugram,28.4595,77.0266,4.6,92,0,1012.4,24.8,W
2024-01-30 03:00,Gurugram,28.4595,77.0266,2.4,84,0,1014.5,25.3,Calm
2024-01-30 04:00,Gurugram,28.4595,77.0266,2,88,0,1011.7,10.2,ESE
2024-01-30 05:00,Gurugram,28.4595,77.0266,5.5,88,0,1014.8,6.3,NW
2024-01-30 06:00,Gurugram,28.4595,77.0266,3.4,98,0,1013.3,7.9,W
2024-01-30 07:00,Gurugram,28.4595,77.0266,3.5,88,0,1010.7,11.2,NW
2024-01-30 08:00,Gurugram,28.4595,77.0266,4.8,88,0,1011.6,5.2,WNW
2024-01-30 09:00,Gurugram,28.4595,77.0266,10.3,71,0,1011.5,11.3,NW
2024-01-30 10:00,Gurugram,28.4595,77.0266,8.6,83,0,1012.6,8.1,NW
2024-01-30 11:00,Gurugram,28.4595,77.0266,15.6,80,0,1014.2,22.9,NW
2024-01-30 12:00,Gurugram,28.4595,77.0266,10.1,57,0,1013.6,5.1,ESE
2024-01-30 13:00,Gurugram,28.4595,77.0266,17.9,63,0,1011.4,19.6,W
2024-01-30 14:00,Gurugram,28.4595,77.0266,15.9,68,0,1014.1,11.2,NW
2024-01-30 15:00,Gurugram,28.4595,77.0266,15.6,69,0,1011.4,6,WNW
2024-01-30 16:00,Gurugram,28.4595,77.0266,14.5,61,0,1011.5,14.4,ESE
2024-01-30 17:00,Gurugram,28.4595,77.0266,15.6,65,0,1013.9,1.5,Calm
2024-01-30 18:00,Gurugram,28.4595,77.0266,13.8,66,0,1013.8,7.1,E
2024-01-30 19:00,Gurugram,28.4595,77.0266,14.5,73,0,1013.6,8.3,NW
2024-01-30 20:00,Gurugram,28.4595,77.0266,11.1,83,0,1012.6,6.2,NW
2024-01-30 21:00,Gurugram,28.4595,77.0266,9.5,75,0,1012.5,16.8,NW
2024-01-30 22:00,Gurugram,28.4595,77.0266,6.9,90,0,1011.2,28.4,WNW
2024-01-30 23:00,Gurugram,28.4595,77.0266,5.9,83,0,1012.6,5.1,W
2024-01-31 00:00,Gurugram,28.4595,77.0266,5.2,85,0,1011.6,16,NW
2024-01-31 01:00,Gurugram,28.4595,77.0266,2,98,6.3,1012.2,9.9,SW
2024-01-31 02:00,Gurugram,28.4595,77.0266,2,98,0,1015.1,15.1,SE
2024-01-31 03:00,Gurugram,28.4595,77.0266,4.1,98,0,1012.8,11,WNW
2024-01-31 04:00,Gurugram,28.4595,77.0266,3.3,86,0,1011,8.5,W
2024-01-31 05:00,Gurugram,28.4595,77.0266,3.3,90,0,1013.9,36.3,W
2024-01-31 06:00,Gurugram,28.4595,77.0266,4.7,95,0,1014,10.6,W
2024-01-31 07:00,Gurugram,28.4595,77.0266,6.7,88,0,1014.1,15.9,E
2024-01-31 08:00,Gurugram,28.4595,77.0266,6.6,77,0,1011.8,6.3,NW
2024-01-31 09:00,Gurugram,28.4595,77.0266,7.9,83,0,1012.2,22,ESE
2024-01-31 10:00,Gurugram,28.4595,77.0266,11.3,72,0,1010.9,9.6,NW
2024-01-31 11:00,Gurugram,28.4595,77.0266,10.8,83,0,1014.2,3.8,WNW
2024-01-31 12:00,Gurugram,28.4595,77.0266,14.6,79,0,1012.5,7.5,W
2024-01-31 13:00,Gurugram,28.4595,77.0266,11.9,70,0,1010.7,10.5,NW
2024-01-31 14:00,Gurugram,28.4595,77.0266,17.4,74,0,1014.4,10.2,NW
2024-01-31 15:00,Gurugram,28.4595,77.0266,16.6,65,0,1011.6,9,NW
2024-01-31 16:00,Gurugram,28.4595,77.0266,16,70,0,1011.9,9.9,WNW
2024-01-31 17:00,Gurugram,28.4595,77.0266,16.7,76,0,1011.1,4.8,W
2024-01-31 18:00,Gurugram,28.4595,77.0266,16.9,71,0,1010.9,9.7,Calm
2024-01-31 19:00,Gurugram,28.4595,77.0266,14.4,71,0,1012.8,7,NW
2024-01-31 20:00,Gurugram,28.4595,77.0266,7.7,66,0,1011.5,12.8,NW
2024-01-31 21:00,Gurugram,28.4595,77.0266,7,79,0,1010.5,10,WNW
2024-01-31 22:00,Gurugram,28.4595,77.0266,6.5,89,0,1013.6,6.5,NW
2024-01-31 23:00,Gurugram,28.4595,77.0266,6.1,93,0,1013,13.2,NW
2024-02-01 00:00,Gurugram,28.4595,77.0266,5.7,94,0,1014.3,16.6,W
2024-02-01 01:00,Gurugram,28.4595,77.0266,2.4,90,0,1011.7,11.5,E
2024-02-01 02:00,Gurugram,28.4595,77.0266,3.4,83,0,1012.2,5.7,E
2024-02-01 03:00,Gurugram,28.4595,77.0266,2,92,0,1012.4,26.3,NW
2024-02-01 04:00,Gurugram,28.4595,77.0266,2,93,0,1012.3,9.2,NW
2024-02-01 05:00,Gurugram,28.4595,77.0266,2,91,0,1012.4,11.3,WNW
2024-02-01 06:00,Gurugram,28.4595,77.0266,3.1,94,0,1011.7,2.6,WNW
2024-02-01 07:00,Gurugram,28.4595,77.0266,3.7,98,0,1010,9.9,ESE
2024-02-01 08:00,Gurugram,28.4595,77.0266,5.9,85,0,1012.5,15,WNW
2024-02-01 09:00,Gurugram,28.4595,77.0266,11.2,79,0,1012.8,8.1,NW
2024-02-01 10:00,Gurugram,28.4595,77.0266,9.3,74,0,1011.7,12.3,NW
2024-02-01 11:00,Gurugram,28.4595,77.0266,17.3,73,0,1015.1,12.5,SW
2024-02-01 12:00,Gurugram,28.4595,77.0266,14.8,64,0,1011.6,15.6,WNW
2024-02-01 13:00,Gurugram,28.4595,77.0266,15.3,68,0,1011.4,9.4,SE
2024-02-01 14:00,Gurugram,28.4595,77.0266,14.1,68,0,1012.7,7.3,WNW
2024-02-01 15:00,Gurugram,28.4595,77.0266,17.1,66,0,1012.4,4.2,ESE
2024-02-01 16:00,Gurugram,28.4595,77.0266,14.6,68,0,1010.2,12.6,NW
2024-02-01 17:00,Gurugram,28.4595,77.0266,15.2,70,0,1013.1,25.3,ESE
2024-02-01 18:00,Gurugram,28.4595,77.0266,18.5,59,0,1011.6,5.8,SE
2024-02-01 19:00,Gurugram,28.4595,77.0266,12.4,76,0,1013.6,14.4,NW
2024-02-01 20:00,Gurugram,28.4595,77.0266,13.1,72,0,1012.6,23.2,NW
2024-02-01 21:00,Gurugram,28.4595,77.0266,8.1,73,0,1011.8,6.3,WNW
2024-02-01 22:00,Gurugram,28.4595,77.0266,7.6,77,0,1013.7,16.9,W
2024-02-01 23:00,Gurugram,28.4595,77.0266,9.3,90,0,1011.5,3.8,W
2024-02-02 00:00,Gurugram,28.4595,77.0266,3.7,89,0,1010.3,17,W
2024-02-02 01:00,Gurugram,28.4595,77.0266,7,83,0,1010.3,2.7,ESE
2024-02-02 02:00,Gurugram,28.4595,77.0266,4.4,97,0,1012.2,2,WNW
2024-02-02 03:00,Gurugram,28.4595,77.0266,2,86,0,1014.1,5.1,W
2024-02-02 04:00,Gurugram,28.4595,77.0266,4.3,95,0.4,1011.7,12.8,NW
2024-02-02 05:00,Gurugram,28.4595,77.0266,5.5,94,0,1012.8,10.5,NW
2024-02-02 06:00,Gurugram,28.4595,77.0266,5.9,96,0,1012.3,17.3,WNW
2024-02-02 07:00,Gurugram,28.4595,77.0266,3.3,98,0,1011.4,9.2,ESE
2024-02-02 08:00,Gurugram,28.4595,77.0266,6.4,76,0,1009.9,4.7,SE
2024-02-02 09:00,Gurugram,28.4595,77.0266,9,80,0,1012.1,10.7,ESE
2024-02-02 10:00,Gurugram,28.4595,77.0266,10.9,74,0,1012.9,13.6,WNW
2024-02-02 11:00,Gurugram,28.4595,77.0266,13.8,75,0,1012.4,12.3,NW
2024-02-02 12:00,Gurugram,28.4595,77.0266,14.3,71,0,1011.5,12.7,WNW
2024-02-02 13:00,Gurugram,28.4595,77.0266,12.6,65,0,1011.3,14.6,NW
2024-02-02 14:00,Gurugram,28.4595,77.0266,16.4,63,0,1011.1,9.7,W
2024-02-02 15:00,Gurugram,28.4595,77.0266,17,58,0,1011.1,17.3,NW
2024-02-02 16:00,Gurugram,28.4595,77.0266,16.7,71,0,1011.9,3.4,NW
2024-02-02 17:00,Gurugram,28.4595,77.0266,17,70,0,1011.7,17.9,W
2024-02-02 18:00,Gurugram,28.4595,77.0266,15.5,75,0,1012.5,17.5,NW
2024-02-02 19:00,Gurugram,28.4595,77.0266,13.5,71,0,1010.7,9.3,W
2024-02-02 20:00,Gurugram,28.4595,77.0266,11,72,0,1011.9,11.6,W
2024-02-02 21:00,Gurugram,28.4595,77.0266,6.4,73,0,1011.9,13.1,SE
2024-02-02 22:00,Gurugram,28.4595,77.0266,8.5,86,0,1011.3,33.8,NW
2024-02-02 23:00,Gurugram,28.4595,77.0266,6.5,81,0,1012.3,8.8,NW
2024-02-03 00:00,Gurugram,28.4595,77.0266,5.4,98,0,1010.6,9,ESE
2024-02-03 01:00,Gurugram,28.4595,77.0266,2,85,0,1013.1,4.4,NW
2024-02-03 02:00,Gurugram,28.4595,77.0266,2,96,0,1012.2,21.6,E
2024-02-03 03:00,Gurugram,28.4595,77.0266,4.9,98,0,1012.3,12.5,NW
2024-02-03 04:00,Gurugram,28.4595,77.0266,3.1,98,0,1011.6,7.8,W
2024-02-03 05:00,Gurugram,28.4595,77.0266,5.1,94,0,1011.3,10,NW
2024-02-03 06:00,Gurugram,28.4595,77.0266,4.9,85,0,1010.8,15.5,WNW
2024-02-03 07:00,Gurugram,28.4595,77.0266,6.3,79,0,1010.7,10.4,E
2024-02-03 08:00,Gurugram,28.4595,77.0266,9.5,88,0,1009.8,12.4,W
2024-02-03 09:00,Gurugram,28.4595,77.0266,8.5,89,0,1011.8,4.9,ESE
2024-02-03 10:00,Gurugram,28.4595,77.0266,11.3,73,0,1012.5,5.4,NW
2024-02-03 11:00,Gurugram,28.4595,77.0266,11.9,66,0,1010.2,18.8,SW
2024-02-03 12:00,Gurugram,28.4595,77.0266,13.3,55,0,1013.2,6.5,W
2024-02-03 13:00,Gurugram,28.4595,77.0266,14.5,61,0,1009.8,14.3,NW
2024-02-03 14:00,Gurugram,28.4595,77.0266,16.1,65,0,1012.7,5.4,NW
2024-02-03 15:00,Gurugram,28.4595,77.0266,15.1,75,0,1010.6,2.4,NW
2024-02-03 16:00,Gurugram,28.4595,77.0266,18,70,0,1013,17,NW
2024-02-03 17:00,Gurugram,28.4595,77.0266,13.5,69,0,1012.6,7,SW
2024-02-03 18:00,Gurugram,28.4595,77.0266,13.7,67,0,1014.8,23,WNW
2024-02-03 19:00,Gurugram,28.4595,77.0266,11.9,69,0,1010.9,6.1,NW
2024-02-03 20:00,Gurugram,28.4595,77.0266,13.7,85,0,1009,3.9,WNW
2024-02-03 21:00,Gurugram,28.4595,77.0266,9.8,81,0,1009.4,5.7,WNW
2024-02-03 22:00,Gurugram,28.4595,77.0266,9.6,71,0,1011.4,9.9,NW
2024-02-03 23:00,Gurugram,28.4595,77.0266,3.5,83,0,1011.9,31.9,NW
2024-02-04 00:00,Gurugram,28.4595,77.0266,5.4,85,0,1010.6,21.1,NW
2024-02-04 01:00,Gurugram,28.4595,77.0266,5.5,90,0,1011.9,16.8,W
2024-02-04 02:00,Gurugram,28.4595,77.0266,3.4,98,0,1012.5,23.3,WNW
2024-02-04 03:00,Gurugram,28.4595,77.0266,4.9,94,0,1012.1,8.9,SW
2024-02-04 04:00,Gurugram,28.4595,77.0266,2.3,94,0,1011.4,7.1,WNW
2024-02-04 05:00,Gurugram,28.4595,77.0266,6.4,98,0,1010.4,17.5,WNW
2024-02-04 06:00,Gurugram,28.4595,77.0266,9.1,86,0,1012.4,9.6,SW
2024-02-04 07:00,Gurugram,28.4595,77.0266,5.6,98,0,1013.1,5.5,WNW
2024-02-04 08:00,Gurugram,28.4595,77.0266,7,80,0,1010.7,1.5,WNW
2024-02-04 09:00,Gurugram,28.4595,77.0266,12.1,81,0,1010,5.1,WNW
2024-02-04 10:00,Gurugram,28.4595,77.0266,14.1,74,0,1012.8,13,ESE
2024-02-04 11:00,Gurugram,28.4595,77.0266,11.8,73,0,1011.8,5.6,WNW
2024-02-04 12:00,Gurugram,28.4595,77.0266,13.4,72,0,1011.8,15.6,W
2024-02-04 13:00,Gurugram,28.4595,77.0266,14.7,70,0,1013.5,3.8,WNW
2024-02-04 14:00,Gurugram,28.4595,77.0266,13.4,61,0,1009.3,5.2,W
2024-02-04 15:00,Gurugram,28.4595,77.0266,14.4,58,0,1011.2,23.4,SE
2024-02-04 16:00,Gurugram,28.4595,77.0266,14,81,0,1011.9,16.7,WNW
2024-02-04 17:00,Gurugram,28.4595,77.0266,13.8,64,0,1013.8,10,NW
2024-02-04 18:00,Gurugram,28.4595,77.0266,14.1,74,0,1011.4,10,W
2024-02-04 19:00,Gurugram,28.4595,77.0266,13.2,63,0,1010.8,5.8,SW
2024-02-04 20:00,Gurugram,28.4595,77.0266,14,74,0,1011.7,19.1,ESE
2024-02-04 21:00,Gurugram,28.4595,77.0266,7.7,79,0,1012.3,19.3,NW
2024-02-04 22:00,Gurugram,28.4595,77.0266,9.6,87,0,1012.9,8.9,Calm
2024-02-04 23:00,Gurugram,28.4595,77.0266,5.9,71,0,1013.2,8.7,WNW
2024-02-05 00:00,Gurugram,28.4595,77.0266,4.9,92,0,1008.9,6.8,Calm
2024-02-05 01:00,Gurugram,28.4595,77.0266,5.2,86,0,1010.3,11.4,NW
2024-02-05 02:00,Gurugram,28.4595,77.0266,2,96,0,1012.2,2.5,Calm
2024-02-05 03:00,Gurugram,28.4595,77.0266,3.8,89,0,1011.5,9.4,NW
2024-02-05 04:00,Gurugram,28.4595,77.0266,3.6,89,0,1011.7,16.8,ESE
2024-02-05 05:00,Gurugram,28.4595,77.0266,4.9,91,0,1010.4,10.7,ESE
2024-02-05 06:00,Gurugram,28.4595,77.0266,5.5,84,0,1011.5,14.4,ESE
2024-02-05 07:00,Gurugram,28.4595,77.0266,10.8,85,0,1010.9,12.1,SE
2024-02-05 08:00,Gurugram,28.4595,77.0266,6.8,77,0,1011.8,10.9,WNW
2024-02-05 09:00,Gurugram,28.4595,77.0266,8.6,69,0,1011.8,9.8,NW
2024-02-05 10:00,Gurugram,28.4595,77.0266,10.2,82,0,1011.6,15.6,WNW
2024-02-05 11:00,Gurugram,28.4595,77.0266,11.9,65,0,1011.5,8.5,W
2024-02-05 12:00,Gurugram,28.4595,77.0266,13.1,68,0,1011,5,W
2024-02-05 13:00,Gurugram,28.4595,77.0266,17.4,72,0,1013.1,20.3,NW
2024-02-05 14:00,Gurugram,28.4595,77.0266,18.4,62,0,1012.5,14.7,NW
2024-02-05 15:00,Gurugram,28.4595,77.0266,15.1,60,0,1011.3,2.3,WNW
2024-02-05 16:00,Gurugram,28.4595,77.0266,14.4,67,0,1012.2,11.5,ESE
2024-02-05 17:00,Gurugram,28.4595,77.0266,16.1,74,0,1013.6,2.1,E
2024-02-05 18:00,Gurugram,28.4595,77.0266,13.2,62,0,1010.1,4,NW
2024-02-05 19:00,Gurugram,28.4595,77.0266,14,72,0,1010.4,12.3,SW
2024-02-05 20:00,Gurugram,28.4595,77.0266,11.6,66,0,1011.3,19.8,SW
2024-02-05 21:00,Gurugram,28.4595,77.0266,6.9,78,0,1011.6,28.5,NW
2024-02-05 22:00,Gurugram,28.4595,77.0266,10.7,84,0,1010.6,23.5,WNW
2024-02-05 23:00,Gurugram,28.4595,77.0266,9.6,82,2.4,1012,3,W
2024-02-06 00:00,Gurugram,28.4595,77.0266,4,88,0,1010.9,25.2,W
2024-02-06 01:00,Gurugram,28.4595,77.0266,3.4,85,0,1012.3,15.6,W
2024-02-06 02:00,Gurugram,28.4595,77.0266,3.9,95,0,1010.2,16.3,WNW
2024-02-06 03:00,Gurugram,28.4595,77.0266,3.8,98,0,1009.9,6.6,NW
2024-02-06 04:00,Gurugram,28.4595,77.0266,4.6,88,0,1010.7,13,NW
2024-02-06 05:00,Gurugram,28.4595,77.0266,7.7,89,0,1010.8,12.4,NW
2024-02-06 06:00,Gurugram,28.4595,77.0266,4.8,94,0,1009.9,12.9,ESE
2024-02-06 07:00,Gurugram,28.4595,77.0266,5,95,0,1011.1,14.2,NW
2024-02-06 08:00,Gurugram,28.4595,77.0266,5.5,75,0,1010.2,9.7,SE
2024-02-06 09:00,Gurugram,28.4595,77.0266,8.4,79,0,1013.2,8.5,WNW
2024-02-06 10:00,Gurugram,28.4595,77.0266,11.3,78,0,1010.9,10.3,WNW
2024-02-06 11:00,Gurugram,28.4595,77.0266,16.2,72,0,1011.4,18.5,E
2024-02-06 12:00,Gurugram,28.4595,77.0266,13.3,55,0,1009.5,16.2,NW
2024-02-06 13:00,Gurugram,28.4595,77.0266,15.7,70,0,1011.6,17.9,NW
2024-02-06 14:00,Gurugram,28.4595,77.0266,15.9,75,0,1010,12.5,Calm
2024-02-06 15:00,Gurugram,28.4595,77.0266,18.3,66,0,1012.1,5.3,W
2024-02-06 16:00,Gurugram,28.4595,77.0266,20.5,59,0,1009.1,6.8,NW
2024-02-06 17:00,Gurugram,28.4595,77.0266,14.4,64,0,1010.9,16.1,NW
2024-02-06 18:00,Gurugram,28.4595,77.0266,13.4,80,0,1012.2,19,E
2024-02-06 19:00,Gurugram,28.4595,77.0266,14.8,78,0,1011.2,17.5,W
2024-02-06 20:00,Gurugram,28.4595,77.0266,12.6,80,0,1010.8,10.4,NW
2024-02-06 21:00,Gurugram,28.4595,77.0266,13,82,0,1012.6,11.3,E
2024-02-06 22:00,Gurugram,28.4595,77.0266,9,80,0,1010,10.6,WNW
2024-02-06 23:00,Gurugram,28.4595,77.0266,5.8,86,0,1009.6,3.5,Calm
2024-02-07 00:00,Gurugram,28.4595,77.0266,6.2,90,0,1009.5,4.8,NW
2024-02-07 01:00,Gurugram,28.4595,77.0266,6.1,96,0,1009.5,13.9,W
2024-02-07 02:00,Gurugram,28.4595,77.0266,5,98,0,1011.2,8.1,NW
2024-02-07 03:00,Gurugram,28.4595,77.0266,4.2,98,0,1010.4,2,WNW
2024-02-07 04:00,Gurugram,28.4595,77.0266,5.4,86,0,1011.9,10.7,NW
2024-02-07 05:00,Gurugram,28.4595,77.0266,6.2,94,0,1011.3,5.1,NW
2024-02-07 06:00,Gurugram,28.4595,77.0266,7.7,95,0,1011.2,4.7,NW
2024-02-07 07:00,Gurugram,28.4595,77.0266,7.7,91,0,1008.7,3.4,NW
2024-02-07 08:00,Gurugram,28.4595,77.0266,7.8,80,0,1011.4,6,Calm
2024-02-07 09:00,Gurugram,28.4595,77.0266,10,97,0,1012.2,1.5,NW
2024-02-07 10:00,Gurugram,28.4595,77.0266,13.6,68,0,1010.9,5.1,WNW
2024-02-07 11:00,Gurugram,28.4595,77.0266,11.5,66,0,1009.6,14,W
2024-02-07 12:00,Gurugram,28.4595,77.0266,15,71,0,1008.9,12.1,W
2024-02-07 13:00,Gurugram,28.4595,77.0266,14.7,80,0,1011.9,17.6,ESE
2024-02-07 14:00,Gurugram,28.4595,77.0266,16.1,60,0,1010.9,12.8,ESE
2024-02-07 15:00,Gurugram,28.4595,77.0266,18.6,63,0,1009.1,1.5,Calm
2024-02-07 16:00,Gurugram,28.4595,77.0266,16.4,72,0,1011.2,8,ESE
2024-02-07 17:00,Gurugram,28.4595,77.0266,15.5,67,0,1010.7,7.6,SE
2024-02-07 18:00,Gurugram,28.4595,77.0266,11.9,67,0,1012.6,4.8,W
2024-02-07 19:00,Gurugram,28.4595,77.0266,14.4,76,0,1009.8,3.4,W
2024-02-07 20:00,Gurugram,28.4595,77.0266,12.6,78,0,1011.2,13.5,WNW
2024-02-07 21:00,Gurugram,28.4595,77.0266,13.7,86,2.8,1012.2,9.4,NW
2024-02-07 22:00,Gurugram,28.4595,77.0266,7.5,92,0,1011.3,4.3,NW
2024-02-07 23:00,Gurugram,28.4595,77.0266,6.9,89,0,1010.5,3.1,WNW
2024-02-08 00:00,Gurugram,28.4595,77.0266,5.7,92,0,1010.1,15.8,WNW
2024-02-08 01:00,Gurugram,28.4595,77.0266,7.1,94,0,1010.1,14.2,W
2024-02-08 02:00,Gurugram,28.4595,77.0266,3.4,97,0,1009.9,14.4,NW
2024-02-08 03:00,Gurugram,28.4595,77.0266,3.8,95,0,1009.7,13.9,WNW
2024-02-08 04:00,Gurugram,28.4595,77.0266,4.7,94,0,1011.9,13.9,SW
2024-02-08 05:00,Gurugram,28.4595,77.0266,4.6,98,0,1011.8,13,WNW
2024-02-08 06:00,Gurugram,28.4595,77.0266,4.4,98,0,1011.4,6.4,NW
2024-02-08 07:00,Gurugram,28.4595,77.0266,6.9,78,0,1010.8,13.7,WNW
2024-02-08 08:00,Gurugram,28.4595,77.0266,10.1,84,0,1010.7,10.3,E
2024-02-08 09:00,Gurugram,28.4595,77.0266,8,76,0,1008.6,5.2,SW
2024-02-08 10:00,Gurugram,28.4595,77.0266,11.8,74,0,1011.3,9.5,E
2024-02-08 11:00,Gurugram,28.4595,77.0266,11.8,75,0,1010.5,19,NW
2024-02-08 12:00,Gurugram,28.4595,77.0266,16.6,73,0,1009.1,11.3,WNW
2024-02-08 13:00,Gurugram,28.4595,77.0266,12.7,66,0,1011.8,12.2,Calm
2024-02-08 14:00,Gurugram,28.4595,77.0266,15.1,54,0,1010.3,4.5,WNW
2024-02-08 15:00,Gurugram,28.4595,77.0266,17,59,0,1011.4,5.5,NW
2024-02-08 16:00,Gurugram,28.4595,77.0266,18.9,71,0,1011,10.3,NW
2024-02-08 17:00,Gurugram,28.4595,77.0266,15.4,51,0,1009.4,8.6,Calm
2024-02-08 18:00,Gurugram,28.4595,77.0266,13.4,77,0,1011.4,7.8,WNW
2024-02-08 19:00,Gurugram,28.4595,77.0266,16.5,76,0,1009.7,4.6,SW
2024-02-08 20:00,Gurugram,28.4595,77.0266,8.9,84,0,1008.5,5.4,NW
2024-02-08 21:00,Gurugram,28.4595,77.0266,5.9,79,0,1011.4,3.2,ESE
2024-02-08 22:00,Gurugram,28.4595,77.0266,9,72,0,1010.7,6.8,NW
2024-02-08 23:00,Gurugram,28.4595,77.0266,5.7,90,0,1010.6,8.6,NW
2024-02-09 00:00,Gurugram,28.4595,77.0266,3.5,98,0,1011.2,9,W
2024-02-09 01:00,Gurugram,28.4595,77.0266,5.6,98,0,1008.9,18.6,WNW
2024-02-09 02:00,Gurugram,28.4595,77.0266,4.1,90,0,1009.1,1.9,W
2024-02-09 03:00,Gurugram,28.4595,77.0266,2.4,95,0,1008.9,24.7,Calm
2024-02-09 04:00,Gurugram,28.4595,77.0266,2,91,0,1009.7,13.9,NW
2024-02-09 05:00,Gurugram,28.4595,77.0266,5.9,88,0,1010.7,9.9,NW
2024-02-09 06:00,Gurugram,28.4595,77.0266,6.5,96,0,1012.7,5.1,W
2024-02-09 07:00,Gurugram,28.4595,77.0266,6.5,80,0,1010,7,E
2024-02-09 08:00,Gurugram,28.4595,77.0266,11.6,78,0,1010.5,13.7,SE
2024-02-09 09:00,Gurugram,28.4595,77.0266,8,73,0,1008.6,5.8,WNW
2024-02-09 10:00,Gurugram,28.4595,77.0266,8.9,67,0,1009.6,14.5,ESE
2024-02-09 11:00,Gurugram,28.4595,77.0266,11.9,73,0,1007.8,9.4,NW
2024-02-09 12:00,Gurugram,28.4595,77.0266,14.5,76,0,1013,9.3,NW
2024-02-09 13:00,Gurugram,28.4595,77.0266,16,66,0,1008,13.7,W
2024-02-09 14:00,Gurugram,28.4595,77.0266,15.8,56,0,1009.7,4.3,SE
2024-02-09 15:00,Gurugram,28.4595,77.0266,17.1,70,0,1010.1,7.7,WNW
2024-02-09 16:00,Gurugram,28.4595,77.0266,14,76,0,1012.4,8.7,W
2024-02-09 17:00,Gurugram,28.4595,77.0266,18.2,63,0,1010.5,13.3,WNW
2024-02-09 18:00,Gurugram,28.4595,77.0266,14.4,66,0,1008.6,17.7,WNW
2024-02-09 19:00,Gurugram,28.4595,77.0266,15.2,76,0,1009.9,4,E
2024-02-09 20:00,Gurugram,28.4595,77.0266,12.2,86,0,1010.4,9.4,WNW
2024-02-09 21:00,Gurugram,28.4595,77.0266,10.8,77,0,1009.5,3.8,NW
2024-02-09 22:00,Gurugram,28.4595,77.0266,9.3,76,0,1009.4,9.3,SE
2024-02-09 23:00,Gurugram,28.4595,77.0266,7.5,91,0,1009.3,12.3,W
2024-02-10 00:00,Gurugram,28.4595,77.0266,6.6,95,0,1009.1,7.1,ESE
2024-02-10 01:00,Gurugram,28.4595,77.0266,6.8,93,0,1008.9,18.2,SW
2024-02-10 02:00,Gurugram,28.4595,77.0266,4.1,91,0,1009,12.4,NW
2024-02-10 03:00,Gurugram,28.4595,77.0266,4.8,98,0,1009.6,11.8,WNW
2024-02-10 04:00,Gurugram,28.4595,77.0266,3.6,98,0,1010.9,10.1,W
2024-02-10 05:00,Gurugram,28.4595,77.0266,7,88,0,1008.5,13.6,WNW
2024-02-10 06:00,Gurugram,28.4595,77.0266,4.2,91,0,1009.1,19.1,SE
2024-02-10 07:00,Gurugram,28.4595,77.0266,10,79,0,1010.1,10.5,ESE
2024-02-10 08:00,Gurugram,28.4595,77.0266,8.3,88,0,1010.7,7.3,ESE
2024-02-10 09:00,Gurugram,28.4595,77.0266,7.5,78,0,1011.8,31.4,SE
2024-02-10 10:00,Gurugram,28.4595,77.0266,11.9,73,0,1010.9,10.4,NW
2024-02-10 11:00,Gurugram,28.4595,77.0266,12.1,72,0,1010.2,8.6,ESE
2024-02-10 12:00,Gurugram,28.4595,77.0266,16.1,70,0,1010,13.2,SE
2024-02-10 13:00,Gurugram,28.4595,77.0266,14.5,72,0,1009.9,2.5,SE
2024-02-10 14:00,Gurugram,28.4595,77.0266,15.5,69,0,1008.6,3.8,WNW
2024-02-10 15:00,Gurugram,28.4595,77.0266,13.1,64,0,1010.5,2,WNW
2024-02-10 16:00,Gurugram,28.4595,77.0266,15.5,70,0,1009.5,2.4,NW
2024-02-10 17:00,Gurugram,28.4595,77.0266,11.3,69,0,1010.2,4.9,E
2024-02-10 18:00,Gurugram,28.4595,77.0266,11.8,67,0,1008.9,7.1,W
2024-02-10 19:00,Gurugram,28.4595,77.0266,14.7,72,0,1009.9,6.8,W
2024-02-10 20:00,Gurugram,28.4595,77.0266,13.1,75,3.9,1008.9,8.8,NW
2024-02-10 21:00,Gurugram,28.4595,77.0266,10.8,83,0,1010.7,11.4,W
2024-02-10 22:00,Gurugram,28.4595,77.0266,6.6,82,0,1009.7,7.2,NW
2024-02-10 23:00,Gurugram,28.4595,77.0266,6.7,85,0,1010.2,11.6,SW
2024-02-11 00:00,Gurugram,28.4595,77.0266,5.5,98,0,1009.3,19,E
2024-02-11 01:00,Gurugram,28.4595,77.0266,2.4,98,0,1010.6,26.9,NW
2024-02-11 02:00,Gurugram,28.4595,77.0266,6.6,90,0,1010.2,20.9,W
2024-02-11 03:00,Gurugram,28.4595,77.0266,5.2,98,1.1,1008.8,24.8,W
2024-02-11 04:00,Gurugram,28.4595,77.0266,3.5,95,0,1008.7,8.9,SE
2024-02-11 05:00,Gurugram,28.4595,77.0266,4.6,95,0,1010.8,2.7,ESE
2024-02-11 06:00,Gurugram,28.4595,77.0266,5.9,91,0,1007,8.4,Calm
2024-02-11 07:00,Gurugram,28.4595,77.0266,3.2,95,0,1011.5,4.6,WNW
2024-02-11 08:00,Gurugram,28.4595,77.0266,8,86,0,1008.9,9,NW
2024-02-11 09:00,Gurugram,28.4595,77.0266,8.9,80,0,1010.6,3.8,W
2024-02-11 10:00,Gurugram,28.4595,77.0266,10,82,0,1010.2,10,ESE
2024-02-11 11:00,Gurugram,28.4595,77.0266,12.9,74,0,1009.4,5.6,NW
2024-02-11 12:00,Gurugram,28.4595,77.0266,18,70,0,1010.2,5.5,NW
2024-02-11 13:00,Gurugram,28.4595,77.0266,16.9,69,0,1009.9,17.7,SE
2024-02-11 14:00,Gurugram,28.4595,77.0266,15.4,65,0,1010.7,10.2,ESE
2024-02-11 15:00,Gurugram,28.4595,77.0266,17.7,65,0,1008.9,9.3,NW
2024-02-11 16:00,Gurugram,28.4595,77.0266,18.9,62,0,1010.6,15.2,E
2024-02-11 17:00,Gurugram,28.4595,77.0266,17.4,62,0,1007.5,11.5,NW
2024-02-11 18:00,Gurugram,28.4595,77.0266,14.8,63,0,1010.5,15,NW
2024-02-11 19:00,Gurugram,28.4595,77.0266,12.2,64,0,1009.8,8.5,WNW
2024-02-11 20:00,Gurugram,28.4595,77.0266,13.1,71,0,1010.4,14.5,E
2024-02-11 21:00,Gurugram,28.4595,77.0266,10.8,79,0,1010.5,2.8,ESE
2024-02-11 22:00,Gurugram,28.4595,77.0266,10.1,84,0,1011.5,8.4,WNW
2024-02-11 23:00,Gurugram,28.4595,77.0266,8,86,0,1009.9,11,NW
2024-02-12 00:00,Gurugram,28.4595,77.0266,7.5,76,0,1008.5,7,ESE
2024-02-12 01:00,Gurugram,28.4595,77.0266,3.6,98,0,1011.7,8.6,W
2024-02-12 02:00,Gurugram,28.4595,77.0266,6.3,98,0,1010,15.5,Calm
2024-02-12 03:00,Gurugram,28.4595,77.0266,4.1,98,0,1010.6,15.8,ESE
2024-02-12 04:00,Gurugram,28.4595,77.0266,7.7,98,0,1009.1,10.9,NW
2024-02-12 05:00,Gurugram,28.4595,77.0266,3.4,87,0,1009.1,19.5,ESE
2024-02-12 06:00,Gurugram,28.4595,77.0266,8.8,98,5.2,1009.7,4.4,NW
2024-02-12 07:00,Gurugram,28.4595,77.0266,7.3,82,0,1010.2,7.8,Calm
2024-02-12 08:00,Gurugram,28.4595,77.0266,7.4,85,0,1009.9,8,NW
2024-02-12 09:00,Gurugram,28.4595,77.0266,9.4,72,0,1008.4,18.5,NW
2024-02-12 10:00,Gurugram,28.4595,77.0266,11.3,76,0,1011.4,12.4,WNW
2024-02-12 11:00,Gurugram,28.4595,77.0266,14.2,75,0,1008.2,21.5,NW
2024-02-12 12:00,Gurugram,28.4595,77.0266,15.8,68,0,1010,2.9,WNW
2024-02-12 13:00,Gurugram,28.4595,77.0266,14.8,71,0,1009.6,11.1,WNW
2024-02-12 14:00,Gurugram,28.4595,77.0266,16.5,66,0,1012.6,9.4,WNW
2024-02-12 15:00,Gurugram,28.4595,77.0266,20.6,62,0,1009.1,1.5,WNW
2024-02-12 16:00,Gurugram,28.4595,77.0266,19.6,62,0,1008.1,5.5,E
2024-02-12 17:00,Gurugram,28.4595,77.0266,16.7,72,0,1010.4,4.5,WNW
2024-02-12 18:00,Gurugram,28.4595,77.0266,14.9,65,0,1009,12.3,SW
2024-02-12 19:00,Gurugram,28.4595,77.0266,13.7,78,0,1010.9,18,NW
2024-02-12 20:00,Gurugram,28.4595,77.0266,13,83,0,1010.7,7.4,NW
2024-02-12 21:00,Gurugram,28.4595,77.0266,8.4,70,0,1010.5,4.3,W
2024-02-12 22:00,Gurugram,28.4595,77.0266,8.1,91,0,1008.7,3.7,NW
2024-02-12 23:00,Gurugram,28.4595,77.0266,4,98,0,1010.6,22.1,WNW
2024-02-13 00:00,Gurugram,28.4595,77.0266,6.5,92,0,1012.1,5.9,SW
2024-02-13 01:00,Gurugram,28.4595,77.0266,5.9,96,0,1008.9,1.5,W
2024-02-13 02:00,Gurugram,28.4595,77.0266,3.2,98,0,1009.1,6.4,WNW
2024-02-13 03:00,Gurugram,28.4595,77.0266,6.7,93,0,1009.2,2.9,SE
2024-02-13 04:00,Gurugram,28.4595,77.0266,2,95,0,1009,9.7,NW
2024-02-13 05:00,Gurugram,28.4595,77.0266,2.1,85,0,1009.5,9.1,W
2024-02-13 06:00,Gurugram,28.4595,77.0266,6.2,91,0,1009.4,7.4,NW
2024-02-13 07:00,Gurugram,28.4595,77.0266,9,90,0,1009.3,3.2,NW
2024-02-13 08:00,Gurugram,28.4595,77.0266,11.7,87,0,1008.3,8.9,NW
2024-02-13 09:00,Gurugram,28.4595,77.0266,9.5,86,0,1010.8,8,SW
2024-02-13 10:00,Gurugram,28.4595,77.0266,14,71,0,1009.8,8.6,NW
2024-02-13 11:00,Gurugram,28.4595,77.0266,13.5,69,0,1010.5,6.8,WNW
2024-02-13 12:00,Gurugram,28.4595,77.0266,14.6,81,0,1010.1,13.9,NW
2024-02-13 13:00,Gurugram,28.4595,77.0266,17.6,66,0,1006.2,16.1,WNW
2024-02-13 14:00,Gurugram,28.4595,77.0266,17.8,67,0,1010.5,3.7,WNW
2024-02-13 15:00,Gurugram,28.4595,77.0266,14,64,0,1010.4,13.3,WNW
2024-02-13 16:00,Gurugram,28.4595,77.0266,19.3,60,0,1009.7,16.6,ESE
2024-02-13 17:00,Gurugram,28.4595,77.0266,18.5,77,0,1012,28.4,SW
2024-02-13 18:00,Gurugram,28.4595,77.0266,13.8,66,0,1010.6,10.1,NW
2024-02-13 19:00,Gurugram,28.4595,77.0266,14.3,66,0,1010.6,6.9,NW
2024-02-13 20:00,Gurugram,28.4595,77.0266,12.9,73,3.4,1007.3,14.7,E
2024-02-13 21:00,Gurugram,28.4595,77.0266,10.8,68,0,1011,7,Calm
2024-02-13 22:00,Gurugram,28.4595,77.0266,7.7,80,0,1010.2,17.1,WNW
2024-02-13 23:00,Gurugram,28.4595,77.0266,5.9,82,0,1007.8,8.6,WNW
2024-02-14 00:00,Gurugram,28.4595,77.0266,5.8,94,0,1009.5,5.6,NW
2024-02-14 01:00,Gurugram,28.4595,77.0266,6.9,89,0,1007.1,9.8,WNW
2024-02-14 02:00,Gurugram,28.4595,77.0266,5.2,98,0,1010,7.9,NW
2024-02-14 03:00,Gurugram,28.4595,77.0266,3.3,98,0,1009.4,7.4,Calm
2024-02-14 04:00,Gurugram,28.4595,77.0266,5.6,98,0,1008.4,2.1,NW
2024-02-14 05:00,Gurugram,28.4595,77.0266,2,91,0,1010,16.4,WNW
2024-02-14 06:00,Gurugram,28.4595,77.0266,7.9,91,0,1008.3,16.4,W
2024-02-14 07:00,Gurugram,28.4595,77.0266,4.1,78,0,1009.3,12.1,WNW
2024-02-14 08:00,Gurugram,28.4595,77.0266,8.1,83,0,1010.5,12.7,WNW
2024-02-14 09:00,Gurugram,28.4595,77.0266,8.4,75,0,1008.8,4.9,Calm
2024-02-14 10:00,Gurugram,28.4595,77.0266,9.8,80,0,1008,1.5,WNW
2024-02-14 11:00,Gurugram,28.4595,77.0266,15.8,88,0,1010.5,10.4,SW
2024-02-14 12:00,Gurugram,28.4595,77.0266,14.2,72,0,1009.3,8.5,NW
2024-02-14 13:00,Gurugram,28.4595,77.0266,16.7,55,0,1011.6,10.2,NW
2024-02-14 14:00,Gurugram,28.4595,77.0266,16.7,63,0,1009.8,1.5,SW
2024-02-14 15:00,Gurugram,28.4595,77.0266,17.8,66,0,1010.1,13.6,NW
2024-02-14 16:00,Gurugram,28.4595,77.0266,16.9,66,0,1009.6,4.9,ESE
2024-02-14 17:00,Gurugram,28.4595,77.0266,13.8,62,0,1009.8,4.2,WNW
2024-02-14 18:00,Gurugram,28.4595,77.0266,16.8,71,0,1009.9,23.4,WNW
2024-02-14 19:00,Gurugram,28.4595,77.0266,12.8,65,0,1010,20.3,W
2024-02-14 20:00,Gurugram,28.4595,77.0266,9.3,70,0,1007.8,2,ESE
2024-02-14 21:00,Gurugram,28.4595,77.0266,9.7,84,0,1008.1,5.7,SW
2024-02-14 22:00,Gurugram,28.4595,77.0266,11.5,78,0,1010,7.5,NW
2024-02-14 23:00,Gurugram,28.4595,77.0266,8.7,91,0,1009.3,18.9,ESE
2024-02-15 00:00,Gurugram,28.4595,77.0266,5.4,82,0,1008,14.2,WNW
2024-02-15 01:00,Gurugram,28.4595,77.0266,4.3,98,0,1009.3,3.3,ESE
2024-02-15 02:00,Gurugram,28.4595,77.0266,3.7,90,0,1010.9,9.7,NW
2024-02-15 03:00,Gurugram,28.4595,77.0266,7.8,93,0,1009.2,7.5,WNW
2024-02-15 04:00,Gurugram,28.4595,77.0266,5,96,0,1009.5,7.7,NW
2024-02-15 05:00,Gurugram,28.4595,77.0266,5.7,89,0,1009.5,6,WNW
2024-02-15 06:00,Gurugram,28.4595,77.0266,7.8,91,0,1008.2,7.5,ESE
2024-02-15 07:00,Gurugram,28.4595,77.0266,7.8,91,0,1008.9,13.3,NW
2024-02-15 08:00,Gurugram,28.4595,77.0266,8.4,89,0,1006.4,8.1,ESE
2024-02-15 09:00,Gurugram,28.4595,77.0266,10.2,84,0,1007.8,8.6,WNW
2024-02-15 10:00,Gurugram,28.4595,77.0266,12.1,75,0,1008.9,14.3,NW
2024-02-15 11:00,Gurugram,28.4595,77.0266,13.8,71,0,1007.5,11.6,WNW
2024-02-15 12:00,Gurugram,28.4595,77.0266,16.5,83,0,1008.9,14.4,E
2024-02-15 13:00,Gurugram,28.4595,77.0266,16.3,72,0,1008.6,5,Calm
2024-02-15 14:00,Gurugram,28.4595,77.0266,18.2,60,0,1010.5,9.2,WNW
2024-02-15 15:00,Gurugram,28.4595,77.0266,16.9,65,0,1011.4,9,NW
2024-02-15 16:00,Gurugram,28.4595,77.0266,17,63,0,1008.9,8.2,NW
2024-02-15 17:00,Gurugram,28.4595,77.0266,12.6,66,0,1009.4,7.3,SE
2024-02-15 18:00,Gurugram,28.4595,77.0266,16.8,62,0,1010.4,19.9,W
2024-02-15 19:00,Gurugram,28.4595,77.0266,14.4,70,0,1008.9,6.8,NW
2024-02-15 20:00,Gurugram,28.4595,77.0266,14.1,87,0,1009.4,17.1,WNW
2024-02-15 21:00,Gurugram,28.4595,77.0266,5.4,83,0,1007.3,25.3,SE
2024-02-15 22:00,Gurugram,28.4595,77.0266,12.7,69,0,1009.6,4.3,WNW
2024-02-15 23:00,Gurugram,28.4595,77.0266,7.1,95,0,1010.5,3.3,ESE
2024-02-16 00:00,Gurugram,28.4595,77.0266,8.1,97,0,1007.4,1.8,NW
2024-02-16 01:00,Gurugram,28.4595,77.0266,3.2,90,0,1006.7,17,ESE
2024-02-16 02:00,Gurugram,28.4595,77.0266,5.5,98,0,1010.3,17.2,WNW
2024-02-16 03:00,Gurugram,28.4595,77.0266,2.3,90,0,1008.3,4.5,W
2024-02-16 04:00,Gurugram,28.4595,77.0266,3.3,91,0,1007.8,14.5,W
2024-02-16 05:00,Gurugram,28.4595,77.0266,8.5,98,0,1008.8,5.4,WNW
2024-02-16 06:00,Gurugram,28.4595,77.0266,5.8,89,0,1008.1,9.4,WNW
2024-02-16 07:00,Gurugram,28.4595,77.0266,7.8,76,0,1007.5,16.3,NW
2024-02-16 08:00,Gurugram,28.4595,77.0266,10.6,83,0,1006.9,11.7,Calm
2024-02-16 09:00,Gurugram,28.4595,77.0266,11.6,79,0,1010.9,5.1,SW
2024-02-16 10:00,Gurugram,28.4595,77.0266,12.6,83,0,1010.7,9.8,W
2024-02-16 11:00,Gurugram,28.4595,77.0266,14.6,72,0,1008.4,7.2,NW
2024-02-16 12:00,Gurugram,28.4595,77.0266,19.6,67,0,1011.9,14.4,NW
2024-02-16 13:00,Gurugram,28.4595,77.0266,16.2,73,0,1010.3,11.5,E
2024-02-16 14:00,Gurugram,28.4595,77.0266,17.3,66,0,1008.7,11.4,SW
2024-02-16 15:00,Gurugram,28.4595,77.0266,19.1,60,0,1011.5,4.8,NW
2024-02-16 16:00,Gurugram,28.4595,77.0266,19,72,0,1006.3,4.7,ESE
2024-02-16 17:00,Gurugram,28.4595,77.0266,18.5,68,0,1008.5,10.2,W
2024-02-16 18:00,Gurugram,28.4595,77.0266,16.4,69,0,1010.8,15.5,NW
2024-02-16 19:00,Gurugram,28.4595,77.0266,11.9,73,0,1008.3,22.2,WNW
2024-02-16 20:00,Gurugram,28.4595,77.0266,15.3,69,0,1010.1,2.4,ESE
2024-02-16 21:00,Gurugram,28.4595,77.0266,8.6,76,0,1007.6,9.5,NW
2024-02-16 22:00,Gurugram,28.4595,77.0266,9.6,84,0,1007.9,16.4,NW
2024-02-16 23:00,Gurugram,28.4595,77.0266,6.1,86,0,1009.2,13.6,NW
2024-02-17 00:00,Gurugram,28.4595,77.0266,6.1,98,0,1009.3,11.2,SW
2024-02-17 01:00,Gurugram,28.4595,77.0266,5.8,94,0,1008.8,16.2,W
2024-02-17 02:00,Gurugram,28.4595,77.0266,5.1,98,0,1008,4.5,W
2024-02-17 03:00,Gurugram,28.4595,77.0266,5.1,95,0,1007.4,13.9,ESE
2024-02-17 04:00,Gurugram,28.4595,77.0266,7.4,98,0,1011.4,16.8,Calm
2024-02-17 05:00,Gurugram,28.4595,77.0266,6,95,0,1008.9,4,NW
2024-02-17 06:00,Gurugram,28.4595,77.0266,5.8,90,0,1009.8,11.5,NW
2024-02-17 07:00,Gurugram,28.4595,77.0266,9.3,87,0,1009.7,14.5,NW
2024-02-17 08:00,Gurugram,28.4595,77.0266,11.3,78,0,1007.9,15.2,SW
2024-02-17 09:00,Gurugram,28.4595,77.0266,8.6,83,0,1008.6,2.2,WNW
2024-02-17 10:00,Gurugram,28.4595,77.0266,13.6,75,0,1007.6,6.1,SE
2024-02-17 11:00,Gurugram,28.4595,77.0266,15.3,69,0,1009.4,1.5,NW
2024-02-17 12:00,Gurugram,28.4595,77.0266,14.9,76,0,1008.3,19.8,WNW
2024-02-17 13:00,Gurugram,28.4595,77.0266,18.9,59,0,1010.5,7.4,NW
2024-02-17 14:00,Gurugram,28.4595,77.0266,16.8,63,0,1006.6,4.6,WNW
2024-02-17 15:00,Gurugram,28.4595,77.0266,17.5,71,0,1009.1,4.2,NW
2024-02-17 16:00,Gurugram,28.4595,77.0266,16.8,67,0,1011.6,6.3,W
2024-02-17 17:00,Gurugram,28.4595,77.0266,16.5,66,0,1007.6,16.9,SE
2024-02-17 18:00,Gurugram,28.4595,77.0266,13.4,70,0,1008.7,5,SW
2024-02-17 19:00,Gurugram,28.4595,77.0266,11.5,73,0,1008.1,21.3,NW
2024-02-17 20:00,Gurugram,28.4595,77.0266,15.4,67,0,1009.6,3.3,ESE
2024-02-17 21:00,Gurugram,28.4595,77.0266,9.3,77,0,1006.1,29.4,E
2024-02-17 22:00,Gurugram,28.4595,77.0266,7.4,93,0,1007.1,6.4,NW
2024-02-17 23:00,Gurugram,28.4595,77.0266,3.7,83,0,1007.3,21.6,W
2024-02-18 00:00,Gurugram,28.4595,77.0266,5.2,88,0,1009.4,19.8,W
2024-02-18 01:00,Gurugram,28.4595,77.0266,2.9,89,0,1008.1,19.7,NW
2024-02-18 02:00,Gurugram,28.4595,77.0266,7.6,93,0,1007.5,8.9,NW
2024-02-18 03:00,Gurugram,28.4595,77.0266,6.3,91,0,1008.8,3.7,NW
2024-02-18 04:00,Gurugram,28.4595,77.0266,3.4,97,0,1008.6,10.8,W
2024-02-18 05:00,Gurugram,28.4595,77.0266,9.4,94,0,1008.1,5.4,NW
2024-02-18 06:00,Gurugram,28.4595,77.0266,8.1,95,0,1007.7,19.8,NW
2024-02-18 07:00,Gurugram,28.4595,77.0266,7.1,81,0,1007.2,10.4,ESE
2024-02-18 08:00,Gurugram,28.4595,77.0266,4.8,81,0,1010,9.5,WNW
2024-02-18 09:00,Gurugram,28.4595,77.0266,15.1,78,0,1010.1,5.6,NW
2024-02-18 10:00,Gurugram,28.4595,77.0266,10.1,78,0,1006.7,7,WNW
2024-02-18 11:00,Gurugram,28.4595,77.0266,11.2,67,0,1007.8,13,Calm
2024-02-18 12:00,Gurugram,28.4595,77.0266,17.4,74,0,1008.8,11.8,NW
2024-02-18 13:00,Gurugram,28.4595,77.0266,21,74,0,1007.2,14.5,NW
2024-02-18 14:00,Gurugram,28.4595,77.0266,19.7,59,0,1009.2,15.2,NW
2024-02-18 15:00,Gurugram,28.4595,77.0266,18.5,62,0,1008.6,16,NW
2024-02-18 16:00,Gurugram,28.4595,77.0266,18.3,62,0,1009.3,4.1,W
2024-02-18 17:00,Gurugram,28.4595,77.0266,18.1,82,0,1011.1,12.1,Calm
2024-02-18 18:00,Gurugram,28.4595,77.0266,16.9,66,0,1006.3,11.6,W
2024-02-18 19:00,Gurugram,28.4595,77.0266,14.7,82,0,1010.1,3.2,WNW
2024-02-18 20:00,Gurugram,28.4595,77.0266,12.8,68,0,1007.7,12.5,WNW
2024-02-18 21:00,Gurugram,28.4595,77.0266,10.8,74,0,1009.1,19.6,NW
2024-02-18 22:00,Gurugram,28.4595,77.0266,7.9,79,0,1009,12.7,NW
2024-02-18 23:00,Gurugram,28.4595,77.0266,7.2,82,0,1010,3.5,SE
2024-02-19 00:00,Gurugram,28.4595,77.0266,3.4,88,0,1008.2,5.4,WNW
2024-02-19 01:00,Gurugram,28.4595,77.0266,5.3,88,0,1007.2,11.1,NW
2024-02-19 02:00,Gurugram,28.4595,77.0266,3,89,0,1008.4,4.8,NW
2024-02-19 03:00,Gurugram,28.4595,77.0266,2.6,98,0,1010.2,13.3,WNW
2024-02-19 04:00,Gurugram,28.4595,77.0266,5.1,98,0,1008.6,9.6,SE
2024-02-19 05:00,Gurugram,28.4595,77.0266,8,98,0,1007.5,15.8,WNW
2024-02-19 06:00,Gurugram,28.4595,77.0266,8.1,93,0,1008,7.8,SE
2024-02-19 07:00,Gurugram,28.4595,77.0266,5,87,0,1008.5,11.3,W
2024-02-19 08:00,Gurugram,28.4595,77.0266,7.6,80,0,1008.3,5.9,NW
2024-02-19 09:00,Gurugram,28.4595,77.0266,12.8,74,0,1008.1,26.3,Calm
2024-02-19 10:00,Gurugram,28.4595,77.0266,11,78,0,1009.3,9.4,NW
2024-02-19 11:00,Gurugram,28.4595,77.0266,13.9,65,0,1010.6,4,NW
2024-02-19 12:00,Gurugram,28.4595,77.0266,16.7,63,0,1009.3,17.1,SE
2024-02-19 13:00,Gurugram,28.4595,77.0266,15,73,0,1008.9,7.7,NW
2024-02-19 14:00,Gurugram,28.4595,77.0266,17.6,76,0,1009.4,16.6,WNW
2024-02-19 15:00,Gurugram,28.4595,77.0266,15.2,67,0,1008.9,7.8,E
2024-02-19 16:00,Gurugram,28.4595,77.0266,16.3,72,0,1008.3,1.9,W
2024-02-19 17:00,Gurugram,28.4595,77.0266,17.3,65,0,1007.5,4.7,NW
2024-02-19 18:00,Gurugram,28.4595,77.0266,12.8,61,0,1007.5,9.2,W
2024-02-19 19:00,Gurugram,28.4595,77.0266,15.1,76,0,1008.1,3.8,SE
2024-02-19 20:00,Gurugram,28.4595,77.0266,12.7,79,0,1008.5,7.5,WNW
2024-02-19 21:00,Gurugram,28.4595,77.0266,12.1,80,0,1009.5,15.4,W
2024-02-19 22:00,Gurugram,28.4595,77.0266,9.8,82,0,1008,12.3,Calm
2024-02-19 23:00,Gurugram,28.4595,77.0266,10.3,93,0,1007.7,10.2,Calm
2024-02-20 00:00,Gurugram,28.4595,77.0266,6.9,84,0,1008.3,7.7,WNW
2024-02-20 01:00,Gurugram,28.4595,77.0266,4.8,88,0,1008.5,20.4,NW
2024-02-20 02:00,Gurugram,28.4595,77.0266,5.2,88,0,1007.2,10.4,ESE
2024-02-20 03:00,Gurugram,28.4595,77.0266,5.7,95,0,1007.1,6,NW
2024-02-20 04:00,Gurugram,28.4595,77.0266,5,87,0,1008.7,15.1,W
2024-02-20 05:00,Gurugram,28.4595,77.0266,5.7,88,0,1007.8,12.9,WNW
2024-02-20 06:00,Gurugram,28.4595,77.0266,5.4,86,0,1009.4,5.4,ESE
2024-02-20 07:00,Gurugram,28.4595,77.0266,6.8,85,0,1008.3,18.3,WNW
2024-02-20 08:00,Gurugram,28.4595,77.0266,7,74,0,1007.9,10.5,SW
2024-02-20 09:00,Gurugram,28.4595,77.0266,14.4,80,0,1006.5,11.4,NW
2024-02-20 10:00,Gurugram,28.4595,77.0266,10.7,83,0,1008,18.9,NW
2024-02-20 11:00,Gurugram,28.4595,77.0266,13.2,73,0,1006.8,3.5,SE
2024-02-20 12:00,Gurugram,28.4595,77.0266,14.5,78,0,1006.4,5.6,WNW
2024-02-20 13:00,Gurugram,28.4595,77.0266,18.5,74,0,1009.8,19.1,WNW
2024-02-20 14:00,Gurugram,28.4595,77.0266,17,69,0,1007.4,5.3,SW
2024-02-20 15:00,Gurugram,28.4595,77.0266,20,65,0,1009,9.5,W
2024-02-20 16:00,Gurugram,28.4595,77.0266,16.3,65,0,1006.6,20.7,W
2024-02-20 17:00,Gurugram,28.4595,77.0266,17.4,71,0,1007.1,4.4,NW
2024-02-20 18:00,Gurugram,28.4595,77.0266,14.3,66,0,1007,2,ESE
2024-02-20 19:00,Gurugram,28.4595,77.0266,18.3,61,0,1008.8,4,WNW
2024-02-20 20:00,Gurugram,28.4595,77.0266,10.8,78,0,1008.5,9.4,WNW
2024-02-20 21:00,Gurugram,28.4595,77.0266,11.8,73,0,1006.4,8.2,SE
2024-02-20 22:00,Gurugram,28.4595,77.0266,10.7,77,0,1006.2,7.6,W
2024-02-20 23:00,Gurugram,28.4595,77.0266,8.7,87,0,1008.5,7.1,Calm
2024-02-21 00:00,Gurugram,28.4595,77.0266,6.4,89,0,1009.3,5.3,SE
2024-02-21 01:00,Gurugram,28.4595,77.0266,5.5,84,0,1009.2,7.3,ESE
2024-02-21 02:00,Gurugram,28.4595,77.0266,5.2,95,0,1006.8,12,W
2024-02-21 03:00,Gurugram,28.4595,77.0266,4.6,98,0,1007.2,14.3,WNW
2024-02-21 04:00,Gurugram,28.4595,77.0266,6.8,87,0,1008.3,12.8,NW
2024-02-21 05:00,Gurugram,28.4595,77.0266,9.7,98,0,1008.4,7.2,NW
2024-02-21 06:00,Gurugram,28.4595,77.0266,5.8,80,0,1008,8.2,NW
2024-02-21 07:00,Gurugram,28.4595,77.0266,5.6,98,0,1007.2,15.4,Calm
2024-02-21 08:00,Gurugram,28.4595,77.0266,9.5,81,0,1008.2,15.3,WNW
2024-02-21 09:00,Gurugram,28.4595,77.0266,16,80,0,1007.9,25,ESE
2024-02-21 10:00,Gurugram,28.4595,77.0266,11.6,64,0,1007.9,7.6,W
2024-02-21 11:00,Gurugram,28.4595,77.0266,17.6,71,0,1008.7,3.8,W
2024-02-21 12:00,Gurugram,28.4595,77.0266,19,70,0,1009,9.9,W
2024-02-21 13:00,Gurugram,28.4595,77.0266,16,66,0,1008.1,13.2,NW
2024-02-21 14:00,Gurugram,28.4595,77.0266,18.7,61,0,1008,16,E
2024-02-21 15:00,Gurugram,28.4595,77.0266,20.8,59,0,1007.5,6.7,SW
2024-02-21 16:00,Gurugram,28.4595,77.0266,17,72,0,1007.8,10.9,W
2024-02-21 17:00,Gurugram,28.4595,77.0266,16.6,66,0,1008.6,14,E
2024-02-21 18:00,Gurugram,28.4595,77.0266,14.9,78,0,1008.3,9.4,NW
2024-02-21 19:00,Gurugram,28.4595,77.0266,12.8,69,0,1007,8.2,NW
2024-02-21 20:00,Gurugram,28.4595,77.0266,11.9,73,0,1007,12.1,W
2024-02-21 21:00,Gurugram,28.4595,77.0266,9.2,84,0,1006.9,1.9,SE
2024-02-21 22:00,Gurugram,28.4595,77.0266,9.7,73,0,1009.1,7.8,NW
2024-02-21 23:00,Gurugram,28.4595,77.0266,6.7,79,0,1005.7,27.3,W
2024-02-22 00:00,Gurugram,28.4595,77.0266,7.3,96,0,1005.8,11.7,NW
2024-02-22 01:00,Gurugram,28.4595,77.0266,3.1,85,0,1006.7,27.7,Calm
2024-02-22 02:00,Gurugram,28.4595,77.0266,5.8,83,0,1008.4,10.3,ESE
2024-02-22 03:00,Gurugram,28.4595,77.0266,6.5,98,0,1007.2,18.2,WNW
2024-02-22 04:00,Gurugram,28.4595,77.0266,2,85,0,1006.5,7.1,Calm
2024-02-22 05:00,Gurugram,28.4595,77.0266,6.6,93,0,1007.9,7.8,NW
2024-02-22 06:00,Gurugram,28.4595,77.0266,9.1,90,0,1008,6.1,WNW
2024-02-22 07:00,Gurugram,28.4595,77.0266,6.1,70,0,1008.4,17.4,NW
2024-02-22 08:00,Gurugram,28.4595,77.0266,12.8,81,0,1009.1,5.2,WNW
2024-02-22 09:00,Gurugram,28.4595,77.0266,12.3,82,0,1009,2.5,NW
2024-02-22 10:00,Gurugram,28.4595,77.0266,11.9,77,0,1008.1,16.2,NW
2024-02-22 11:00,Gurugram,28.4595,77.0266,14.7,77,0,1007.4,4.8,SW
2024-02-22 12:00,Gurugram,28.4595,77.0266,17.1,66,0,1008,14.9,WNW
2024-02-22 13:00,Gurugram,28.4595,77.0266,17.3,70,0,1007,8.1,WNW
2024-02-22 14:00,Gurugram,28.4595,77.0266,18.8,60,0,1008.5,35.7,W
2024-02-22 15:00,Gurugram,28.4595,77.0266,16.4,56,0,1006.9,24.9,ESE
2024-02-22 16:00,Gurugram,28.4595,77.0266,18.1,57,0,1006.6,41.1,Calm
2024-02-22 17:00,Gurugram,28.4595,77.0266,14.6,57,0,1008.6,4.4,W
2024-02-22 18:00,Gurugram,28.4595,77.0266,15.9,75,0,1005.7,9.3,ESE
2024-02-22 19:00,Gurugram,28.4595,77.0266,13.1,63,0,1006.8,2.5,WNW
2024-02-22 20:00,Gurugram,28.4595,77.0266,11.9,77,0,1008.2,12.5,NW
2024-02-22 21:00,Gurugram,28.4595,77.0266,13.7,78,0,1007.4,4.8,WNW
2024-02-22 22:00,Gurugram,28.4595,77.0266,11.8,82,0,1007.3,9.7,WNW
2024-02-22 23:00,Gurugram,28.4595,77.0266,9.4,95,0,1006.2,1.5,WNW
2024-02-23 00:00,Gurugram,28.4595,77.0266,5.1,87,0,1006.1,1.6,ESE
2024-02-23 01:00,Gurugram,28.4595,77.0266,5.5,96,0,1007.1,5.3,WNW
2024-02-23 02:00,Gurugram,28.4595,77.0266,7.6,94,0,1005.5,5.9,Calm
2024-02-23 03:00,Gurugram,28.4595,77.0266,5.4,93,0,1007.3,20.5,Calm
2024-02-23 04:00,Gurugram,28.4595,77.0266,9.6,98,0,1008.6,7.3,W
2024-02-23 05:00,Gurugram,28.4595,77.0266,6.7,83,0,1008.5,13.2,W
2024-02-23 06:00,Gurugram,28.4595,77.0266,7.4,97,0,1007.9,2.3,WNW
2024-02-23 07:00,Gurugram,28.4595,77.0266,7.9,90,0,1007.5,11.4,WNW
2024-02-23 08:00,Gurugram,28.4595,77.0266,10.2,80,0,1007.2,10.9,Calm
2024-02-23 09:00,Gurugram,28.4595,77.0266,11.4,89,0,1007.3,14.5,NW
2024-02-23 10:00,Gurugram,28.4595,77.0266,14.6,64,0,1006.3,10.6,WNW
2024-02-23 11:00,Gurugram,28.4595,77.0266,16.6,68,0,1006.6,26.4,NW
2024-02-23 12:00,Gurugram,28.4595,77.0266,14.8,61,0,1005.5,7.6,ESE
2024-02-23 13:00,Gurugram,28.4595,77.0266,14.9,68,0,1008.3,5,NW
2024-02-23 14:00,Gurugram,28.4595,77.0266,14.6,58,0,1007.1,14.9,E
2024-02-23 15:00,Gurugram,28.4595,77.0266,19.1,67,0,1009.4,11.5,WNW
2024-02-23 16:00,Gurugram,28.4595,77.0266,16,63,0,1006.6,5.2,SW
2024-02-23 17:00,Gurugram,28.4595,77.0266,13.4,63,0,1007.3,13.4,Calm
2024-02-23 18:00,Gurugram,28.4595,77.0266,17,71,0,1008,17.6,SE
2024-02-23 19:00,Gurugram,28.4595,77.0266,19.4,70,0,1007.7,11.8,W
2024-02-23 20:00,Gurugram,28.4595,77.0266,13.3,69,0,1007.2,10.6,NW
2024-02-23 21:00,Gurugram,28.4595,77.0266,13.2,96,0,1009.2,3.4,SW
2024-02-23 22:00,Gurugram,28.4595,77.0266,10.1,80,0,1006.3,7.4,SE
2024-02-23 23:00,Gurugram,28.4595,77.0266,8.2,73,0,1008,5,NW
2024-02-24 00:00,Gurugram,28.4595,77.0266,8.9,84,0,1006.6,13.6,WNW
2024-02-24 01:00,Gurugram,28.4595,77.0266,5.7,84,0,1006.9,3.5,NW
2024-02-24 02:00,Gurugram,28.4595,77.0266,6,98,0,1007.4,3.7,W
2024-02-24 03:00,Gurugram,28.4595,77.0266,5.9,96,0,1006.9,4.6,NW
2024-02-24 04:00,Gurugram,28.4595,77.0266,4.3,96,0,1006.9,5.7,W
2024-02-24 05:00,Gurugram,28.4595,77.0266,8,90,0,1005.4,4.2,ESE
2024-02-24 06:00,Gurugram,28.4595,77.0266,6.9,88,0,1008,7.2,WNW
2024-02-24 07:00,Gurugram,28.4595,77.0266,7.2,84,0,1005.4,7.7,SW
2024-02-24 08:00,Gurugram,28.4595,77.0266,11.1,82,0,1008.6,16.4,SE
2024-02-24 09:00,Gurugram,28.4595,77.0266,10.2,84,0,1007,5.1,WNW
2024-02-24 10:00,Gurugram,28.4595,77.0266,13.5,77,0,1008.1,5.8,SW
2024-02-24 11:00,Gurugram,28.4595,77.0266,15,74,0,1004.5,13.1,E
2024-02-24 12:00,Gurugram,28.4595,77.0266,18.4,71,0,1007,14.7,ESE
2024-02-24 13:00,Gurugram,28.4595,77.0266,18.3,71,0,1007.1,10.1,NW
2024-02-24 14:00,Gurugram,28.4595,77.0266,18,66,0,1006.1,13,WNW
2024-02-24 15:00,Gurugram,28.4595,77.0266,19.8,66,0,1008,2.4,E
2024-02-24 16:00,Gurugram,28.4595,77.0266,20.6,72,0,1006.4,15.4,W
2024-02-24 17:00,Gurugram,28.4595,77.0266,18.4,62,0,1006.1,9.1,W
2024-02-24 18:00,Gurugram,28.4595,77.0266,16.4,63,0,1006.7,13.3,Calm
2024-02-24 19:00,Gurugram,28.4595,77.0266,12.7,64,0,1008.1,10.7,NW
2024-02-24 20:00,Gurugram,28.4595,77.0266,11.6,76,0,1007.4,7.1,NW
2024-02-24 21:00,Gurugram,28.4595,77.0266,11.3,68,0,1007.5,11.8,E
2024-02-24 22:00,Gurugram,28.4595,77.0266,9,86,0,1007.9,6.4,NW
2024-02-24 23:00,Gurugram,28.4595,77.0266,8.2,86,0,1006.8,29.2,WNW
2024-02-25 00:00,Gurugram,28.4595,77.0266,7.5,96,0,1008,3.1,SW
2024-02-25 01:00,Gurugram,28.4595,77.0266,7.3,88,0,1007.3,15.2,ESE
2024-02-25 02:00,Gurugram,28.4595,77.0266,5.6,92,0,1007.8,11.3,W
2024-02-25 03:00,Gurugram,28.4595,77.0266,6.3,98,0,1006,9.3,W
2024-02-25 04:00,Gurugram,28.4595,77.0266,5.8,98,0,1007,5.6,NW
2024-02-25 05:00,Gurugram,28.4595,77.0266,2.8,88,0,1007.9,11.6,W
2024-02-25 06:00,Gurugram,28.4595,77.0266,5.7,90,0,1008.8,9.1,W
2024-02-25 07:00,Gurugram,28.4595,77.0266,8.5,88,0,1008,2.8,NW
2024-02-25 08:00,Gurugram,28.4595,77.0266,8.1,85,0,1008.1,13.6,SE
2024-02-25 09:00,Gurugram,28.4595,77.0266,13.1,77,0,1005.2,11.9,WNW
2024-02-25 10:00,Gurugram,28.4595,77.0266,16.4,83,0,1006.6,5,NW
2024-02-25 11:00,Gurugram,28.4595,77.0266,17.4,60,0,1007.5,16.8,NW
2024-02-25 12:00,Gurugram,28.4595,77.0266,16.2,66,0,1005.4,16.2,WNW
2024-02-25 13:00,Gurugram,28.4595,77.0266,20.3,68,0,1007.4,4,SW
2024-02-25 14:00,Gurugram,28.4595,77.0266,18.5,67,0,1006.5,11.9,WNW
2024-02-25 15:00,Gurugram,28.4595,77.0266,17.9,72,0,1006.5,14.6,NW
2024-02-25 16:00,Gurugram,28.4595,77.0266,17.1,71,0,1007,3.3,NW
2024-02-25 17:00,Gurugram,28.4595,77.0266,17.1,64,0,1007.3,2,W
2024-02-25 18:00,Gurugram,28.4595,77.0266,15.9,76,0,1007.8,8,NW
2024-02-25 19:00,Gurugram,28.4595,77.0266,15.5,67,0,1005.6,6.5,NW
2024-02-25 20:00,Gurugram,28.4595,77.0266,13.9,80,0,1008,9,ESE
2024-02-25 21:00,Gurugram,28.4595,77.0266,12,90,0,1007.6,22.7,SE
2024-02-25 22:00,Gurugram,28.4595,77.0266,11.1,90,0,1006.6,14.8,E
2024-02-25 23:00,Gurugram,28.4595,77.0266,10.9,87,0,1008,5.8,SE
2024-02-26 00:00,Gurugram,28.4595,77.0266,9.2,87,0,1004.7,10.4,WNW
2024-02-26 01:00,Gurugram,28.4595,77.0266,3.8,82,0,1006.9,9.7,ESE
2024-02-26 02:00,Gurugram,28.4595,77.0266,2,95,0,1006,16,W
2024-02-26 03:00,Gurugram,28.4595,77.0266,7.3,87,0,1005.4,15.1,NW
2024-02-26 04:00,Gurugram,28.4595,77.0266,3.4,88,0,1004.9,8.9,WNW
2024-02-26 05:00,Gurugram,28.4595,77.0266,6.1,84,0,1007.4,13.3,NW
2024-02-26 06:00,Gurugram,28.4595,77.0266,5.4,86,0,1007.3,17.7,NW
2024-02-26 07:00,Gurugram,28.4595,77.0266,5.6,86,0,1008.1,13.7,NW
2024-02-26 08:00,Gurugram,28.4595,77.0266,11.4,84,0,1007.5,5.7,Calm
2024-02-26 09:00,Gurugram,28.4595,77.0266,13.5,75,0,1006.3,5.9,SE
2024-02-26 10:00,Gurugram,28.4595,77.0266,12.8,81,0,1009.9,2.9,WNW
2024-02-26 11:00,Gurugram,28.4595,77.0266,10.7,70,0,1007.9,5.6,NW
2024-02-26 12:00,Gurugram,28.4595,77.0266,15.7,63,0,1005.3,6,NW
2024-02-26 13:00,Gurugram,28.4595,77.0266,18.5,67,0,1006.5,1.5,WNW
2024-02-26 14:00,Gurugram,28.4595,77.0266,15.7,76,0,1007,4.4,W
2024-02-26 15:00,Gurugram,28.4595,77.0266,19,66,0,1006.4,3.7,SE
2024-02-26 16:00,Gurugram,28.4595,77.0266,18.4,62,0,1009.1,7,NW
2024-02-26 17:00,Gurugram,28.4595,77.0266,18.8,56,0,1006.3,10,WNW
2024-02-26 18:00,Gurugram,28.4595,77.0266,16.9,67,0,1006.2,5.5,Calm
2024-02-26 19:00,Gurugram,28.4595,77.0266,13.6,72,0,1007.6,21.1,NW
2024-02-26 20:00,Gurugram,28.4595,77.0266,16,72,0,1006.8,4.3,WNW
2024-02-26 21:00,Gurugram,28.4595,77.0266,11.8,69,0,1006.4,1.5,NW
2024-02-26 22:00,Gurugram,28.4595,77.0266,10.4,77,0,1009.3,8.7,NW
2024-02-26 23:00,Gurugram,28.4595,77.0266,7.2,95,0,1008.5,14.3,SE
2024-02-27 00:00,Gurugram,28.4595,77.0266,6.9,98,0,1004.8,6.8,ESE
2024-02-27 01:00,Gurugram,28.4595,77.0266,5.1,86,0,1008.7,7.3,WNW
2024-02-27 02:00,Gurugram,28.4595,77.0266,5.7,97,0,1006.3,24.9,WNW
2024-02-27 03:00,Gurugram,28.4595,77.0266,8.9,86,0,1007.8,15,SE
2024-02-27 04:00,Gurugram,28.4595,77.0266,3.6,98,0,1008.9,10.5,NW
2024-02-27 05:00,Gurugram,28.4595,77.0266,3.8,93,0,1007.5,9,NW
2024-02-27 06:00,Gurugram,28.4595,77.0266,10.4,95,0,1009.2,1.8,SW
2024-02-27 07:00,Gurugram,28.4595,77.0266,8.7,76,0,1007.5,18.6,SE
2024-02-27 08:00,Gurugram,28.4595,77.0266,9.4,86,0,1007.2,9,SE
2024-02-27 09:00,Gurugram,28.4595,77.0266,14.2,78,0,1007.7,3.4,W
2024-02-27 10:00,Gurugram,28.4595,77.0266,12.9,80,0,1005,12.9,NW
2024-02-27 11:00,Gurugram,28.4595,77.0266,18.8,76,0,1006.2,15.3,SW
2024-02-27 12:00,Gurugram,28.4595,77.0266,18.1,68,0,1005.2,7.2,WNW
2024-02-27 13:00,Gurugram,28.4595,77.0266,17,62,0,1006.3,6.2,NW
2024-02-27 14:00,Gurugram,28.4595,77.0266,22.5,69,0,1007,8.2,WNW
2024-02-27 15:00,Gurugram,28.4595,77.0266,17.7,63,0,1006.3,5.4,NW
2024-02-27 16:00,Gurugram,28.4595,77.0266,19.9,59,0,1006.3,4.2,NW
2024-02-27 17:00,Gurugram,28.4595,77.0266,18.5,60,0,1004.9,8.7,NW
2024-02-27 18:00,Gurugram,28.4595,77.0266,19.2,59,0,1005.9,14.9,NW
2024-02-27 19:00,Gurugram,28.4595,77.0266,18.4,68,0,1008.5,23.6,NW
2024-02-27 20:00,Gurugram,28.4595,77.0266,14,81,0,1005.8,9,NW
2024-02-27 21:00,Gurugram,28.4595,77.0266,10.9,80,0,1006.1,21.2,NW
2024-02-27 22:00,Gurugram,28.4595,77.0266,11.4,79,0,1006.8,4.1,NW
2024-02-27 23:00,Gurugram,28.4595,77.0266,7.8,91,0,1006.9,14.6,NW
2024-02-28 00:00,Gurugram,28.4595,77.0266,11.5,84,0,1006.1,7.1,NW
2024-02-28 01:00,Gurugram,28.4595,77.0266,7.1,92,0,1004.6,28.7,WNW
2024-02-28 02:00,Gurugram,28.4595,77.0266,5.5,92,0,1006.9,5.8,W
2024-02-28 03:00,Gurugram,28.4595,77.0266,6.3,98,0,1008.6,10.5,WNW
2024-02-28 04:00,Gurugram,28.4595,77.0266,3.8,83,0,1008.5,2.7,NW
2024-02-28 05:00,Gurugram,28.4595,77.0266,5.1,86,0,1005.4,6.7,SW
2024-02-28 06:00,Gurugram,28.4595,77.0266,10,79,0,1006.8,16.2,WNW
2024-02-28 07:00,Gurugram,28.4595,77.0266,8,84,0,1009.3,14.2,ESE
2024-02-28 08:00,Gurugram,28.4595,77.0266,8.9,89,0,1006.3,10.6,ESE
2024-02-28 09:00,Gurugram,28.4595,77.0266,13.4,75,0,1006.6,14.6,NW
2024-02-28 10:00,Gurugram,28.4595,77.0266,16.3,71,0,1004.5,8.5,W
2024-02-28 11:00,Gurugram,28.4595,77.0266,17,76,0,1007.5,22.4,W
2024-02-28 12:00,Gurugram,28.4595,77.0266,18.9,74,0,1006.6,2.6,WNW
2024-02-28 13:00,Gurugram,28.4595,77.0266,16.7,65,0,1005.2,10.4,ESE
2024-02-28 14:00,Gurugram,28.4595,77.0266,16.2,68,0,1007.1,2.9,SE
2024-02-28 15:00,Gurugram,28.4595,77.0266,21.7,57,0,1007.5,4.4,WNW
2024-02-28 16:00,Gurugram,28.4595,77.0266,18.2,72,0,1005.5,6.3,NW
2024-02-28 17:00,Gurugram,28.4595,77.0266,17.6,78,0,1004.3,7.2,WNW
2024-02-28 18:00,Gurugram,28.4595,77.0266,19.5,71,0,1006.5,8.6,NW
2024-02-28 19:00,Gurugram,28.4595,77.0266,16.7,58,0,1007.1,8.7,NW
2024-02-28 20:00,Gurugram,28.4595,77.0266,15,71,0,1006.6,6.1,WNW
2024-02-28 21:00,Gurugram,28.4595,77.0266,16.4,82,0,1007.7,9.2,NW
2024-02-28 22:00,Gurugram,28.4595,77.0266,9.6,80,0,1004.2,3.6,SW
2024-02-28 23:00,Gurugram,28.4595,77.0266,10.9,93,0,1005.1,15.2,W
2024-02-29 00:00,Gurugram,28.4595,77.0266,8.1,92,0,1006.4,13.2,WNW
2024-02-29 01:00,Gurugram,28.4595,77.0266,7.5,87,0,1004.2,22.2,NW
2024-02-29 02:00,Gurugram,28.4595,77.0266,9.1,93,0,1005.2,11.8,NW
2024-02-29 03:00,Gurugram,28.4595,77.0266,7.1,88,0,1005.5,12.7,SE
2024-02-29 04:00,Gurugram,28.4595,77.0266,7.3,92,0,1007.3,12.6,WNW
2024-02-29 05:00,Gurugram,28.4595,77.0266,8.9,88,0,1007.7,5,NW
2024-02-29 06:00,Gurugram,28.4595,77.0266,7.4,96,0,1007,10.3,SE
2024-02-29 07:00,Gurugram,28.4595,77.0266,7.9,98,0,1008.4,6.9,NW
2024-02-29 08:00,Gurugram,28.4595,77.0266,9.1,73,0,1007.8,11,WNW
2024-02-29 09:00,Gurugram,28.4595,77.0266,9.1,67,0,1007.1,12.1,Calm
2024-02-29 10:00,Gurugram,28.4595,77.0266,18,73,0,1007,14.1,NW
2024-02-29 11:00,Gurugram,28.4595,77.0266,13.9,62,0,1005.4,12.5,ESE
2024-02-29 12:00,Gurugram,28.4595,77.0266,16.8,68,0,1004.4,12.8,SW
2024-02-29 13:00,Gurugram,28.4595,77.0266,17.8,70,0,1005.3,7.2,NW
2024-02-29 14:00,Gurugram,28.4595,77.0266,19.5,73,0,1007.1,35.7,E
2024-02-29 15:00,Gurugram,28.4595,77.0266,20.6,64,0,1005.7,12.2,WNW
2024-02-29 16:00,Gurugram,28.4595,77.0266,20.5,62,0,1006.8,9.5,E
2024-02-29 17:00,Gurugram,28.4595,77.0266,17.2,53,0,1003.9,17.7,NW
2024-02-29 18:00,Gurugram,28.4595,77.0266,16.9,68,0,1006.7,7.6,Calm
2024-02-29 19:00,Gurugram,28.4595,77.0266,16.4,71,0,1005.1,3.1,W
2024-02-29 20:00,Gurugram,28.4595,77.0266,13.9,78,0,1005.2,5.7,W
2024-02-29 21:00,Gurugram,28.4595,77.0266,15.5,74,0,1008.1,4.3,SE
2024-02-29 22:00,Gurugram,28.4595,77.0266,11.8,79,0,1008.7,11.2,WNW
2024-02-29 23:00,Gurugram,28.4595,77.0266,10.7,77,0,1004.8,15,NW
2024-03-01 00:00,Gurugram,28.4595,77.0266,9.4,75,0,1005.6,3.9,NW
2024-03-01 01:00,Gurugram,28.4595,77.0266,9.3,84,0,1005.8,13.1,WNW
2024-03-01 02:00,Gurugram,28.4595,77.0266,6.9,83,0,1006.8,12.5,W
2024-03-01 03:00,Gurugram,28.4595,77.0266,4,95,0,1005.4,21.6,SE
2024-03-01 04:00,Gurugram,28.4595,77.0266,7.3,89,0,1005,16.6,WNW
2024-03-01 05:00,Gurugram,28.4595,77.0266,6,88,0,1006.3,5.7,WNW
2024-03-01 06:00,Gurugram,28.4595,77.0266,7.3,83,0,1006,7.2,SE
2024-03-01 07:00,Gurugram,28.4595,77.0266,10.6,66,0,1007,7.6,NW
2024-03-01 08:00,Gurugram,28.4595,77.0266,13.4,91,0,1005.1,19.9,ESE
2024-03-01 09:00,Gurugram,28.4595,77.0266,12.9,72,0,1005.7,22.4,NW
2024-03-01 10:00,Gurugram,28.4595,77.0266,15.1,72,0,1006.9,12.3,NW
2024-03-01 11:00,Gurugram,28.4595,77.0266,19.1,62,0,1005.9,3.3,W
2024-03-01 12:00,Gurugram,28.4595,77.0266,17.8,73,0,1003.9,8.3,NW
2024-03-01 13:00,Gurugram,28.4595,77.0266,23.1,66,0,1007.9,27.9,NW
2024-03-01 14:00,Gurugram,28.4595,77.0266,20.1,59,0,1005.8,9.7,W
2024-03-01 15:00,Gurugram,28.4595,77.0266,16.1,61,0,1005.8,1.5,WNW
2024-03-01 16:00,Gurugram,28.4595,77.0266,20.5,74,0,1009,9.1,W
2024-03-01 17:00,Gurugram,28.4595,77.0266,19.1,65,0,1008.5,18.3,Calm
2024-03-01 18:00,Gurugram,28.4595,77.0266,19.7,66,0,1007.1,2.7,W
2024-03-01 19:00,Gurugram,28.4595,77.0266,17.3,65,0,1004.6,3.4,W
2024-03-01 20:00,Gurugram,28.4595,77.0266,14.3,63,0,1007.6,19.4,WNW
2024-03-01 21:00,Gurugram,28.4595,77.0266,10.6,77,0,1003.8,13.5,W
2024-03-01 22:00,Gurugram,28.4595,77.0266,10.8,84,0,1006.1,13.2,NW
2024-03-01 23:00,Gurugram,28.4595,77.0266,8,92,0,1005.4,2.2,W
2024-03-02 00:00,Gurugram,28.4595,77.0266,7.4,75,0,1004.9,6.1,NW
2024-03-02 01:00,Gurugram,28.4595,77.0266,8.4,84,0,1006,12.5,NW
2024-03-02 02:00,Gurugram,28.4595,77.0266,9.7,89,0,1006.5,4.2,W
2024-03-02 03:00,Gurugram,28.4595,77.0266,7.2,93,0,1006.7,11.9,W
2024-03-02 04:00,Gurugram,28.4595,77.0266,4.6,91,0,1005.6,4.3,WNW
2024-03-02 05:00,Gurugram,28.4595,77.0266,8.2,90,0,1005.5,3.1,WNW
2024-03-02 06:00,Gurugram,28.4595,77.0266,10.6,91,0,1006.8,12.2,WNW
2024-03-02 07:00,Gurugram,28.4595,77.0266,8.6,80,0,1006.8,9.7,ESE
2024-03-02 08:00,Gurugram,28.4595,77.0266,11.1,87,0,1005.9,8.4,NW
2024-03-02 09:00,Gurugram,28.4595,77.0266,13,80,0,1004.7,8.9,WNW
2024-03-02 10:00,Gurugram,28.4595,77.0266,13.3,72,0,1003.7,8.9,NW
2024-03-02 11:00,Gurugram,28.4595,77.0266,17.4,80,0,1006.5,2.5,NW
2024-03-02 12:00,Gurugram,28.4595,77.0266,17.4,77,0,1006.9,15,WNW
2024-03-02 13:00,Gurugram,28.4595,77.0266,19.4,70,0,1005.5,18.8,NW
2024-03-02 14:00,Gurugram,28.4595,77.0266,17.7,45,0,1006.2,23.6,WNW
2024-03-02 15:00,Gurugram,28.4595,77.0266,18.7,72,0,1007.3,11,SW
2024-03-02 16:00,Gurugram,28.4595,77.0266,20.6,68,0,1008.2,3.1,ESE
2024-03-02 17:00,Gurugram,28.4595,77.0266,18,77,0,1005.3,14.7,SE
2024-03-02 18:00,Gurugram,28.4595,77.0266,20.7,75,0,1005.6,10,W
2024-03-02 19:00,Gurugram,28.4595,77.0266,15.5,80,0,1006.3,10.5,E
2024-03-02 20:00,Gurugram,28.4595,77.0266,15.1,79,0,1004.3,5,NW
2024-03-02 21:00,Gurugram,28.4595,77.0266,14.7,86,0,1003.2,11.9,WNW
2024-03-02 22:00,Gurugram,28.4595,77.0266,8.8,94,0,1004.1,15,W
2024-03-02 23:00,Gurugram,28.4595,77.0266,6.6,87,0,1005.4,10.1,E
2024-03-03 00:00,Gurugram,28.4595,77.0266,5.8,79,0,1004.7,6.7,NW
2024-03-03 01:00,Gurugram,28.4595,77.0266,9.8,89,0,1004.6,7.1,NW
2024-03-03 02:00,Gurugram,28.4595,77.0266,5.9,94,0,1005.6,10.7,Calm
2024-03-03 03:00,Gurugram,28.4595,77.0266,11.3,93,0,1005.5,6.8,NW
2024-03-03 04:00,Gurugram,28.4595,77.0266,5.9,85,0,1004.7,4,NW
2024-03-03 05:00,Gurugram,28.4595,77.0266,7.9,81,0,1003.6,14.6,WNW
2024-03-03 06:00,Gurugram,28.4595,77.0266,11.4,84,0,1006.1,9.4,WNW
2024-03-03 07:00,Gurugram,28.4595,77.0266,13.5,90,0,1006.8,10.2,SE
2024-03-03 08:00,Gurugram,28.4595,77.0266,15.2,91,0,1004.8,5.9,WNW
2024-03-03 09:00,Gurugram,28.4595,77.0266,15.4,83,0,1005.1,4,W
2024-03-03 10:00,Gurugram,28.4595,77.0266,16.7,80,0,1006.5,5.2,NW
2024-03-03 11:00,Gurugram,28.4595,77.0266,17.5,70,0,1006.8,6.4,W
2024-03-03 12:00,Gurugram,28.4595,77.0266,19.2,57,0,1005,3.8,WNW
2024-03-03 13:00,Gurugram,28.4595,77.0266,17.8,62,0,1005.4,6.8,NW
2024-03-03 14:00,Gurugram,28.4595,77.0266,18,62,0,1007.3,8.4,SW
2024-03-03 15:00,Gurugram,28.4595,77.0266,19.7,60,0,1006.6,16.1,NW
2024-03-03 16:00,Gurugram,28.4595,77.0266,19.2,63,0,1004.2,13.7,ESE
2024-03-03 17:00,Gurugram,28.4595,77.0266,18,67,0,1003.5,13.1,SW
2024-03-03 18:00,Gurugram,28.4595,77.0266,19,72,0,1005.2,4.1,NW
2024-03-03 19:00,Gurugram,28.4595,77.0266,18.2,68,0,1004.4,12.6,NW
2024-03-03 20:00,Gurugram,28.4595,77.0266,15,62,0,1006.1,15.9,WNW
2024-03-03 21:00,Gurugram,28.4595,77.0266,15.8,75,0,1006.4,6.8,NW
2024-03-03 22:00,Gurugram,28.4595,77.0266,9.4,82,0,1005.9,3.9,ESE
2024-03-03 23:00,Gurugram,28.4595,77.0266,9.6,92,0,1004.6,12.1,WNW
2024-03-04 00:00,Gurugram,28.4595,77.0266,7.5,85,0,1003.9,13.6,Calm
2024-03-04 01:00,Gurugram,28.4595,77.0266,4.4,93,0,1006.2,9,E
2024-03-04 02:00,Gurugram,28.4595,77.0266,6.9,94,0,1006.4,14.9,E
2024-03-04 03:00,Gurugram,28.4595,77.0266,6.6,93,0,1006.7,9.4,NW
2024-03-04 04:00,Gurugram,28.4595,77.0266,9.8,97,0,1005,4.8,NW
2024-03-04 05:00,Gurugram,28.4595,77.0266,8.9,86,0,1005.3,9.3,NW
2024-03-04 06:00,Gurugram,28.4595,77.0266,6.9,85,0,1006.4,10,ESE
2024-03-04 07:00,Gurugram,28.4595,77.0266,13.5,85,0,1005.4,8.9,NW
2024-03-04 08:00,Gurugram,28.4595,77.0266,13.9,77,0,1004.7,3.3,SE
2024-03-04 09:00,Gurugram,28.4595,77.0266,14.4,80,0,1004.4,21.1,W
2024-03-04 10:00,Gurugram,28.4595,77.0266,14.6,69,0,1006.2,27.8,W
2024-03-04 11:00,Gurugram,28.4595,77.0266,14.9,71,0,1005,7.8,W
2024-03-04 12:00,Gurugram,28.4595,77.0266,17.3,66,0,1004.7,8.3,W
2024-03-04 13:00,Gurugram,28.4595,77.0266,21,66,0,1005.9,9.3,NW
2024-03-04 14:00,Gurugram,28.4595,77.0266,23,60,0,1004.5,8.6,NW
2024-03-04 15:00,Gurugram,28.4595,77.0266,22.6,60,0,1004.7,4.9,WNW
2024-03-04 16:00,Gurugram,28.4595,77.0266,18.8,64,0,1005.4,14.2,ESE
2024-03-04 17:00,Gurugram,28.4595,77.0266,17,66,0,1004.8,14.6,NW
2024-03-04 18:00,Gurugram,28.4595,77.0266,18.2,67,0,1007.1,8.5,SE
2024-03-04 19:00,Gurugram,28.4595,77.0266,13.4,80,0,1006,8.1,SE
2024-03-04 20:00,Gurugram,28.4595,77.0266,15.6,68,0,1005.5,8,NW
2024-03-04 21:00,Gurugram,28.4595,77.0266,13.1,77,0,1007.1,14,W
2024-03-04 22:00,Gurugram,28.4595,77.0266,10.8,72,0,1005.5,9.2,WNW
2024-03-04 23:00,Gurugram,28.4595,77.0266,7.2,87,0,1006.7,7.7,NW
2024-03-05 00:00,Gurugram,28.4595,77.0266,9.9,81,0,1004,3.9,SE
2024-03-05 01:00,Gurugram,28.4595,77.0266,7,89,0,1004.5,15.3,Calm
2024-03-05 02:00,Gurugram,28.4595,77.0266,5.2,89,0,1004.1,5.6,W
2024-03-05 03:00,Gurugram,28.4595,77.0266,2,94,0,1005.8,3.9,SW
2024-03-05 04:00,Gurugram,28.4595,77.0266,7.2,88,0,1003.4,12.6,W
2024-03-05 05:00,Gurugram,28.4595,77.0266,11.1,87,0,1005.6,9.1,W
2024-03-05 06:00,Gurugram,28.4595,77.0266,12,96,0,1004.6,28.6,WNW
2024-03-05 07:00,Gurugram,28.4595,77.0266,9.5,86,0,1005.4,3.5,NW
2024-03-05 08:00,Gurugram,28.4595,77.0266,10.8,78,0,1005.2,6.2,NW
2024-03-05 09:00,Gurugram,28.4595,77.0266,14.4,76,0,1005.9,12.6,WNW
2024-03-05 10:00,Gurugram,28.4595,77.0266,13.4,83,0,1007.9,8.9,W
2024-03-05 11:00,Gurugram,28.4595,77.0266,17.4,68,0,1007.6,10,WNW
2024-03-05 12:00,Gurugram,28.4595,77.0266,19.5,62,0,1006.2,10,ESE
2024-03-05 13:00,Gurugram,28.4595,77.0266,21.4,60,0,1004.8,2.6,NW
2024-03-05 14:00,Gurugram,28.4595,77.0266,19.7,59,0,1005.4,10.4,WNW
2024-03-05 15:00,Gurugram,28.4595,77.0266,19.7,59,0,1004.7,13.7,WNW
2024-03-05 16:00,Gurugram,28.4595,77.0266,18.3,55,0,1004.3,5.1,NW
2024-03-05 17:00,Gurugram,28.4595,77.0266,17.7,57,0,1002.9,5.3,SW
2024-03-05 18:00,Gurugram,28.4595,77.0266,17.7,62,0,1004.9,6.9,ESE
2024-03-05 19:00,Gurugram,28.4595,77.0266,17.5,73,0,1005.5,3.8,NW
2024-03-05 20:00,Gurugram,28.4595,77.0266,16.9,71,0,1005.9,4.7,ESE
2024-03-05 21:00,Gurugram,28.4595,77.0266,12.1,76,0,1005.3,9.4,W
2024-03-05 22:00,Gurugram,28.4595,77.0266,14.6,89,0,1004.4,17.9,W
2024-03-05 23:00,Gurugram,28.4595,77.0266,9.8,92,0,1004.6,6.4,Calm
2024-03-06 00:00,Gurugram,28.4595,77.0266,9.1,86,0,1006.2,22.2,W
2024-03-06 01:00,Gurugram,28.4595,77.0266,6.8,86,0,1003,6.3,E
2024-03-06 02:00,Gurugram,28.4595,77.0266,3.1,86,0,1004.4,14.5,SW
2024-03-06 03:00,Gurugram,28.4595,77.0266,8.8,96,0,1005.1,5.5,NW
2024-03-06 04:00,Gurugram,28.4595,77.0266,8.8,90,0,1004.5,11.3,NW
2024-03-06 05:00,Gurugram,28.4595,77.0266,7.6,88,0,1003.2,20.5,WNW
2024-03-06 06:00,Gurugram,28.4595,77.0266,9.3,83,0,1006.2,12.8,ESE
2024-03-06 07:00,Gurugram,28.4595,77.0266,11.4,80,0,1006.4,8.3,SE
2024-03-06 08:00,Gurugram,28.4595,77.0266,9.3,83,0,1003.9,8,SE
2024-03-06 09:00,Gurugram,28.4595,77.0266,12.8,69,0,1001.2,11.4,WNW
2024-03-06 10:00,Gurugram,28.4595,77.0266,16.9,79,0,1007.4,13.5,ESE
2024-03-06 11:00,Gurugram,28.4595,77.0266,14.7,66,0,1004.5,14.4,ESE
2024-03-06 12:00,Gurugram,28.4595,77.0266,18.9,66,0,1003.9,9.5,NW
2024-03-06 13:00,Gurugram,28.4595,77.0266,16.9,56,0,1004.9,11.1,NW
2024-03-06 14:00,Gurugram,28.4595,77.0266,20.9,62,0,1005.4,5.3,W
2024-03-06 15:00,Gurugram,28.4595,77.0266,20.2,60,0,1004.3,12,ESE
2024-03-06 16:00,Gurugram,28.4595,77.0266,17.1,62,0,1005.2,5.6,W
2024-03-06 17:00,Gurugram,28.4595,77.0266,21.5,73,0,1004.9,10.1,NW
2024-03-06 18:00,Gurugram,28.4595,77.0266,17,67,0,1004.2,7.3,NW
2024-03-06 19:00,Gurugram,28.4595,77.0266,15.5,65,0,1003.1,19.3,ESE
2024-03-06 20:00,Gurugram,28.4595,77.0266,15.8,69,0,1006.6,9.5,Calm
2024-03-06 21:00,Gurugram,28.4595,77.0266,15.8,81,0,1005.7,20.5,SW
2024-03-06 22:00,Gurugram,28.4595,77.0266,10.2,89,0,1004.1,8.9,WNW
2024-03-06 23:00,Gurugram,28.4595,77.0266,10.6,86,0,1005.5,22.5,E
2024-03-07 00:00,Gurugram,28.4595,77.0266,10.1,92,0,1003.8,12.3,NW
2024-03-07 01:00,Gurugram,28.4595,77.0266,9.6,93,0,1004.8,2.7,E
2024-03-07 02:00,Gurugram,28.4595,77.0266,8,98,0,1005.6,7.4,WNW
2024-03-07 03:00,Gurugram,28.4595,77.0266,6.8,80,0,1005.4,5.9,SE
2024-03-07 04:00,Gurugram,28.4595,77.0266,6.2,95,0,1004.4,4,NW
2024-03-07 05:00,Gurugram,28.4595,77.0266,8.5,96,0,1005.9,5.7,E
2024-03-07 06:00,Gurugram,28.4595,77.0266,7.4,79,0,1004.9,6.5,W
2024-03-07 07:00,Gurugram,28.4595,77.0266,5.4,79,0,1004.2,2.9,NW
2024-03-07 08:00,Gurugram,28.4595,77.0266,13.1,76,0,1006.9,8.2,WNW
2024-03-07 09:00,Gurugram,28.4595,77.0266,15.6,72,0,1003.5,12,NW
2024-03-07 10:00,Gurugram,28.4595,77.0266,11.4,70,0,1005.4,29.1,WNW
2024-03-07 11:00,Gurugram,28.4595,77.0266,15.4,71,0,1006.6,18.3,WNW
2024-03-07 12:00,Gurugram,28.4595,77.0266,19.7,71,0,1002.8,8,W
2024-03-07 13:00,Gurugram,28.4595,77.0266,23.3,70,0,1006.8,9.3,SE
2024-03-07 14:00,Gurugram,28.4595,77.0266,20.3,57,0,1006.9,12.7,Calm
2024-03-07 15:00,Gurugram,28.4595,77.0266,19.1,57,0,1004.3,8.4,NW
2024-03-07 16:00,Gurugram,28.4595,77.0266,19.9,70,0,1005.2,9.6,NW
2024-03-07 17:00,Gurugram,28.4595,77.0266,22.1,68,0,1004,5.7,WNW
2024-03-07 18:00,Gurugram,28.4595,77.0266,17.4,67,0,1003.9,9.1,NW
2024-03-07 19:00,Gurugram,28.4595,77.0266,15.8,72,0,1003.5,9.9,SE
2024-03-07 20:00,Gurugram,28.4595,77.0266,14.8,73,0,1006.9,4.1,WNW
2024-03-07 21:00,Gurugram,28.4595,77.0266,12.2,80,0,1004.6,12.5,W
2024-03-07 22:00,Gurugram,28.4595,77.0266,12.5,79,0,1003.2,12.8,NW
2024-03-07 23:00,Gurugram,28.4595,77.0266,13.6,86,0,1006.1,13.1,ESE
2024-03-08 00:00,Gurugram,28.4595,77.0266,10.1,78,0,1005.5,5.8,Calm
2024-03-08 01:00,Gurugram,28.4595,77.0266,8.1,85,0,1005.2,20.5,WNW
2024-03-08 02:00,Gurugram,28.4595,77.0266,7.3,87,0,1003.9,7.5,Calm
2024-03-08 03:00,Gurugram,28.4595,77.0266,4.8,89,0,1004.2,4.4,NW
2024-03-08 04:00,Gurugram,28.4595,77.0266,9.5,86,0,1007.2,19.7,NW
2024-03-08 05:00,Gurugram,28.4595,77.0266,8.4,86,0,1005.2,4.9,Calm
2024-03-08 06:00,Gurugram,28.4595,77.0266,9.2,78,0,1004.1,11,ESE
2024-03-08 07:00,Gurugram,28.4595,77.0266,16.6,87,0,1005.6,6.4,NW
2024-03-08 08:00,Gurugram,28.4595,77.0266,13,80,0,1005.7,3.2,WNW
2024-03-08 09:00,Gurugram,28.4595,77.0266,12.8,66,0,1006.9,4.8,WNW
2024-03-08 10:00,Gurugram,28.4595,77.0266,15.1,68,0,1004.8,18.5,ESE
2024-03-08 11:00,Gurugram,28.4595,77.0266,19.5,71,0,1005.6,9.4,SE
2024-03-08 12:00,Gurugram,28.4595,77.0266,19,63,0,1005.3,6.7,NW
2024-03-08 13:00,Gurugram,28.4595,77.0266,17.2,59,0,1003.9,7.8,W
2024-03-08 14:00,Gurugram,28.4595,77.0266,22.1,62,0,1003.1,4.4,WNW
2024-03-08 15:00,Gurugram,28.4595,77.0266,19.4,64,0,1005.5,5.4,W
2024-03-08 16:00,Gurugram,28.4595,77.0266,23.8,54,0,1005.5,14.4,WNW
2024-03-08 17:00,Gurugram,28.4595,77.0266,21.7,67,0,1001.8,10.4,WNW
2024-03-08 18:00,Gurugram,28.4595,77.0266,17.9,61,0,1005.3,9.1,NW
2024-03-08 19:00,Gurugram,28.4595,77.0266,19.7,69,0,1004.6,8.2,WNW
2024-03-08 20:00,Gurugram,28.4595,77.0266,16,73,0,1005.2,2.9,NW
2024-03-08 21:00,Gurugram,28.4595,77.0266,15.7,73,0,1004.1,8.6,NW
2024-03-08 22:00,Gurugram,28.4595,77.0266,13.3,74,0,1006.5,14.4,WNW
2024-03-08 23:00,Gurugram,28.4595,77.0266,9.4,82,0,1005.9,6.3,NW
2024-03-09 00:00,Gurugram,28.4595,77.0266,8.6,97,0,1002.9,8.7,W
2024-03-09 01:00,Gurugram,28.4595,77.0266,10.6,81,0,1003.4,1.7,NW
2024-03-09 02:00,Gurugram,28.4595,77.0266,7.5,98,0,1004.6,17.6,WNW
2024-03-09 03:00,Gurugram,28.4595,77.0266,7.1,90,0,1003.8,20.7,Calm
2024-03-09 04:00,Gurugram,28.4595,77.0266,6.4,91,0,1005.8,20.6,NW
2024-03-09 05:00,Gurugram,28.4595,77.0266,9.5,83,0,1003.3,3.1,WNW
2024-03-09 06:00,Gurugram,28.4595,77.0266,13.5,82,0,1005.8,15.1,ESE
2024-03-09 07:00,Gurugram,28.4595,77.0266,9.2,81,0,1001.6,1.5,NW
2024-03-09 08:00,Gurugram,28.4595,77.0266,12.7,74,0,1004.1,15.6,W
2024-03-09 09:00,Gurugram,28.4595,77.0266,16.9,75,0,1006.2,9,NW
2024-03-09 10:00,Gurugram,28.4595,77.0266,15.9,70,0,1004.5,7.3,NW
2024-03-09 11:00,Gurugram,28.4595,77.0266,18.4,80,0,1004.6,15.1,E
2024-03-09 12:00,Gurugram,28.4595,77.0266,17,59,0,1005.5,9.7,NW
2024-03-09 13:00,Gurugram,28.4595,77.0266,20.8,64,0,1005.2,5.4,WNW
2024-03-09 14:00,Gurugram,28.4595,77.0266,20.3,63,0,1004.4,13.3,NW
2024-03-09 15:00,Gurugram,28.4595,77.0266,22.6,55,0,1006.1,17.2,NW
2024-03-09 16:00,Gurugram,28.4595,77.0266,22.8,66,0,1004.7,14.4,NW
2024-03-09 17:00,Gurugram,28.4595,77.0266,24.6,61,0,1005.2,15,WNW
2024-03-09 18:00,Gurugram,28.4595,77.0266,20,51,0,1005.7,4.4,W
2024-03-09 19:00,Gurugram,28.4595,77.0266,18.2,73,0,1001.6,6.6,ESE
2024-03-09 20:00,Gurugram,28.4595,77.0266,16.4,66,0,1003.7,10.5,WNW
2024-03-09 21:00,Gurugram,28.4595,77.0266,13.7,70,0,1003.8,19.5,W
2024-03-09 22:00,Gurugram,28.4595,77.0266,13.3,84,0,1005.3,5.5,SE
2024-03-09 23:00,Gurugram,28.4595,77.0266,10.6,82,0,1006.6,18.9,Calm
2024-03-10 00:00,Gurugram,28.4595,77.0266,10.3,92,0,1002.1,2.6,WNW
2024-03-10 01:00,Gurugram,28.4595,77.0266,11.3,96,0,1003.9,17.6,SW
2024-03-10 02:00,Gurugram,28.4595,77.0266,6.5,87,0,1005.7,16.7,WNW
2024-03-10 03:00,Gurugram,28.4595,77.0266,10.1,96,0,1002.3,25.2,SE
2024-03-10 04:00,Gurugram,28.4595,77.0266,10.7,86,0,1004.8,15.5,W
2024-03-10 05:00,Gurugram,28.4595,77.0266,8.7,98,0,1004.9,11.1,E
2024-03-10 06:00,Gurugram,28.4595,77.0266,6.1,83,0,1005,7.4,WNW
2024-03-10 07:00,Gurugram,28.4595,77.0266,10.2,90,0,1003,6.8,ESE
2024-03-10 08:00,Gurugram,28.4595,77.0266,15.2,85,0,1004.3,8.8,WNW
2024-03-10 09:00,Gurugram,28.4595,77.0266,14.5,78,0,1002.9,7,E
2024-03-10 10:00,Gurugram,28.4595,77.0266,14.4,68,0,1005.7,13.3,Calm
2024-03-10 11:00,Gurugram,28.4595,77.0266,16.9,68,0,1003.1,15.3,NW
2024-03-10 12:00,Gurugram,28.4595,77.0266,20.7,53,0,1004.4,5.3,WNW
2024-03-10 13:00,Gurugram,28.4595,77.0266,21.2,65,0,1006.9,15.8,NW
2024-03-10 14:00,Gurugram,28.4595,77.0266,20.4,64,0,1005.7,11.5,NW
2024-03-10 15:00,Gurugram,28.4595,77.0266,20.4,62,0,1002.3,7.7,SW
2024-03-10 16:00,Gurugram,28.4595,77.0266,20.1,44,0,1004,17.4,W
2024-03-10 17:00,Gurugram,28.4595,77.0266,18.5,56,0,1004.5,5.8,WNW
2024-03-10 18:00,Gurugram,28.4595,77.0266,22.1,61,0,1004.2,4,ESE
2024-03-10 19:00,Gurugram,28.4595,77.0266,17.2,70,0,1004.9,5.6,W
2024-03-10 20:00,Gurugram,28.4595,77.0266,18.4,74,0,1005.1,6.6,NW
2024-03-10 21:00,Gurugram,28.4595,77.0266,17.3,75,0,1006.6,17,NW
2024-03-10 22:00,Gurugram,28.4595,77.0266,14.7,84,0,1003.8,28.5,W
2024-03-10 23:00,Gurugram,28.4595,77.0266,10.5,78,0,1005.3,16.5,NW
2024-03-11 00:00,Gurugram,28.4595,77.0266,10.9,90,0,1004,9.4,NW
2024-03-11 01:00,Gurugram,28.4595,77.0266,9.1,92,0,1006.1,2.3,NW
2024-03-11 02:00,Gurugram,28.4595,77.0266,6.9,93,0,1004.7,6,E
2024-03-11 03:00,Gurugram,28.4595,77.0266,8.9,90,0,1004.3,23.8,NW
2024-03-11 04:00,Gurugram,28.4595,77.0266,6.4,98,0,1003.9,14.8,SE
2024-03-11 05:00,Gurugram,28.4595,77.0266,11.3,92,0,1003.2,2.2,W
2024-03-11 06:00,Gurugram,28.4595,77.0266,9.3,81,0,1005.3,1.5,NW
2024-03-11 07:00,Gurugram,28.4595,77.0266,11.9,85,0,1003.2,14.4,W
2024-03-11 08:00,Gurugram,28.4595,77.0266,13.6,84,0,1002,19.2,WNW
2024-03-11 09:00,Gurugram,28.4595,77.0266,14.3,72,0,1003.1,4.7,SE
2024-03-11 10:00,Gurugram,28.4595,77.0266,17.5,79,0,1004.4,5.8,SW
2024-03-11 11:00,Gurugram,28.4595,77.0266,17.2,71,0,1002.8,16.2,NW
2024-03-11 12:00,Gurugram,28.4595,77.0266,20.9,51,0,1003.3,7.7,SE
2024-03-11 13:00,Gurugram,28.4595,77.0266,18,65,0,1002,8.3,NW
2024-03-11 14:00,Gurugram,28.4595,77.0266,21.3,59,0,1003.2,8.1,NW
2024-03-11 15:00,Gurugram,28.4595,77.0266,24.8,64,0,1006.3,10,NW
2024-03-11 16:00,Gurugram,28.4595,77.0266,19.3,67,0,1003.5,11.2,ESE
2024-03-11 17:00,Gurugram,28.4595,77.0266,19.2,64,0,1004.1,24.9,NW
2024-03-11 18:00,Gurugram,28.4595,77.0266,20.3,75,0,1006.9,7.3,WNW
2024-03-11 19:00,Gurugram,28.4595,77.0266,18.3,67,0,1004.6,8.3,SE
2024-03-11 20:00,Gurugram,28.4595,77.0266,17.1,76,0,1004.6,4.4,SE
2024-03-11 21:00,Gurugram,28.4595,77.0266,15.7,81,0,1003.1,9.9,E
2024-03-11 22:00,Gurugram,28.4595,77.0266,14.2,79,0,1004.5,16.9,NW
2024-03-11 23:00,Gurugram,28.4595,77.0266,13.5,88,0,1006.3,5.8,W
2024-03-12 00:00,Gurugram,28.4595,77.0266,11.1,83,0,1002.6,5.2,SW
2024-03-12 01:00,Gurugram,28.4595,77.0266,8.9,86,0,1003.9,16.1,NW
2024-03-12 02:00,Gurugram,28.4595,77.0266,9.9,82,0,1002.7,11.2,SE
2024-03-12 03:00,Gurugram,28.4595,77.0266,11.9,92,0,1006,5.3,NW
2024-03-12 04:00,Gurugram,28.4595,77.0266,8.5,92,0,1002.7,10.3,W
2024-03-12 05:00,Gurugram,28.4595,77.0266,7.6,96,0,1003.2,4.9,ESE
2024-03-12 06:00,Gurugram,28.4595,77.0266,12.4,91,0,1002.7,7.5,SW
2024-03-12 07:00,Gurugram,28.4595,77.0266,11.5,81,0,1002.4,8,WNW
2024-03-12 08:00,Gurugram,28.4595,77.0266,9.4,73,0,1004.2,15.9,SE
2024-03-12 09:00,Gurugram,28.4595,77.0266,16.5,78,0,1003.7,12.9,NW
2024-03-12 10:00,Gurugram,28.4595,77.0266,15.7,78,0,1004.5,16.5,WNW
2024-03-12 11:00,Gurugram,28.4595,77.0266,18.1,73,0,1004.8,7.4,WNW
2024-03-12 12:00,Gurugram,28.4595,77.0266,20.2,72,0,1002.1,12.2,W
2024-03-12 13:00,Gurugram,28.4595,77.0266,21,61,0,1004.4,2.8,WNW
2024-03-12 14:00,Gurugram,28.4595,77.0266,22.5,58,0,1003,5.1,Calm
2024-03-12 15:00,Gurugram,28.4595,77.0266,20.7,56,0,1004.3,3.9,NW
2024-03-12 16:00,Gurugram,28.4595,77.0266,22.2,61,0,1004.5,14.6,NW
2024-03-12 17:00,Gurugram,28.4595,77.0266,20.1,62,0,1003.8,22.5,Calm
2024-03-12 18:00,Gurugram,28.4595,77.0266,20.9,66,0,1005.7,8.2,WNW
2024-03-12 19:00,Gurugram,28.4595,77.0266,19.3,67,0,1002.4,12.7,W
2024-03-12 20:00,Gurugram,28.4595,77.0266,15,71,0,1002.7,12.5,NW
2024-03-12 21:00,Gurugram,28.4595,77.0266,16.9,71,0,1004.4,21.3,NW
2024-03-12 22:00,Gurugram,28.4595,77.0266,12.3,85,0,1006.6,7.5,NW
2024-03-12 23:00,Gurugram,28.4595,77.0266,13.2,84,0,1003,9.8,NW
2024-03-13 00:00,Gurugram,28.4595,77.0266,11.3,85,0,1003.9,5.3,W
2024-03-13 01:00,Gurugram,28.4595,77.0266,12.9,84,0,1005.4,4.2,ESE
2024-03-13 02:00,Gurugram,28.4595,77.0266,8.5,82,0,1005,13.7,E
2024-03-13 03:00,Gurugram,28.4595,77.0266,8.1,98,0,1004.7,6,NW
2024-03-13 04:00,Gurugram,28.4595,77.0266,8.9,93,0,1003.1,6.2,WNW
2024-03-13 05:00,Gurugram,28.4595,77.0266,9,79,0,1003.9,12,W
2024-03-13 06:00,Gurugram,28.4595,77.0266,12,91,0,1004,7.9,NW
2024-03-13 07:00,Gurugram,28.4595,77.0266,9,88,0,1005.2,13.8,SE
2024-03-13 08:00,Gurugram,28.4595,77.0266,11.6,80,0,1003.8,14,WNW
2024-03-13 09:00,Gurugram,28.4595,77.0266,13.3,85,0,1005.6,10.3,Calm
2024-03-13 10:00,Gurugram,28.4595,77.0266,18.6,73,0,1003.9,9.6,NW
2024-03-13 11:00,Gurugram,28.4595,77.0266,21.5,59,0,1004.1,22.3,NW
2024-03-13 12:00,Gurugram,28.4595,77.0266,19.6,67,0,1003.8,8.6,WNW
2024-03-13 13:00,Gurugram,28.4595,77.0266,20.5,64,0,1003.7,14.3,NW
2024-03-13 14:00,Gurugram,28.4595,77.0266,21.6,57,0,1003.8,4.9,ESE
2024-03-13 15:00,Gurugram,28.4595,77.0266,23.8,64,0,1004,9.5,SW
2024-03-13 16:00,Gurugram,28.4595,77.0266,19.8,51,0,1002,14.4,NW
2024-03-13 17:00,Gurugram,28.4595,77.0266,21.3,68,0,1003.6,5.4,NW
2024-03-13 18:00,Gurugram,28.4595,77.0266,21.6,60,0,1006,8.9,NW
2024-03-13 19:00,Gurugram,28.4595,77.0266,19.4,62,0,1001.8,9.3,WNW
2024-03-13 20:00,Gurugram,28.4595,77.0266,17.2,71,0,1003.6,5.6,WNW
2024-03-13 21:00,Gurugram,28.4595,77.0266,17,78,0,1003.3,6.2,ESE
2024-03-13 22:00,Gurugram,28.4595,77.0266,8.7,80,0,1004.3,4.9,ESE
2024-03-13 23:00,Gurugram,28.4595,77.0266,13.2,78,0,1004.5,2,W
2024-03-14 00:00,Gurugram,28.4595,77.0266,9.6,83,0,1004,5,W
2024-03-14 01:00,Gurugram,28.4595,77.0266,6.5,81,0,1001.4,10.3,SE
2024-03-14 02:00,Gurugram,28.4595,77.0266,10.1,88,0,1001.4,6.4,WNW
2024-03-14 03:00,Gurugram,28.4595,77.0266,11.4,97,0,1000.6,8.9,NW
2024-03-14 04:00,Gurugram,28.4595,77.0266,8.9,90,0,1003.6,9.7,NW
2024-03-14 05:00,Gurugram,28.4595,77.0266,11.5,93,0,1001.8,8.1,NW
2024-03-14 06:00,Gurugram,28.4595,77.0266,13.7,95,0,1001,14.3,WNW
2024-03-14 07:00,Gurugram,28.4595,77.0266,14.5,79,0,1002.7,26.6,WNW
2024-03-14 08:00,Gurugram,28.4595,77.0266,16.7,78,0,1003,5.1,NW
2024-03-14 09:00,Gurugram,28.4595,77.0266,16.8,88,0,1003.7,15.9,ESE
2024-03-14 10:00,Gurugram,28.4595,77.0266,17.2,80,0,1003.8,5.6,W
2024-03-14 11:00,Gurugram,28.4595,77.0266,15.8,58,0,1003.9,11.5,NW
2024-03-14 12:00,Gurugram,28.4595,77.0266,19.6,67,0,1004.8,3.9,ESE
2024-03-14 13:00,Gurugram,28.4595,77.0266,19.5,62,0,1003.4,11,W
2024-03-14 14:00,Gurugram,28.4595,77.0266,25.6,66,0,1004.7,7.2,NW
2024-03-14 15:00,Gurugram,28.4595,77.0266,21.6,56,0,1003.4,7.1,Calm
2024-03-14 16:00,Gurugram,28.4595,77.0266,21.9,56,0,1003.3,10.2,NW
2024-03-14 17:00,Gurugram,28.4595,77.0266,22,58,0,1003.1,4.7,SE
2024-03-14 18:00,Gurugram,28.4595,77.0266,20.1,61,0,1003.7,4.7,Calm
2024-03-14 19:00,Gurugram,28.4595,77.0266,21.7,73,0,1004.6,7.4,ESE
2024-03-14 20:00,Gurugram,28.4595,77.0266,16,64,0,1004.6,15.7,W
2024-03-14 21:00,Gurugram,28.4595,77.0266,15.8,71,0,1004.5,7.5,SW
2024-03-14 22:00,Gurugram,28.4595,77.0266,12.4,68,0,1004.2,26.9,NW
2024-03-14 23:00,Gurugram,28.4595,77.0266,9.8,89,0,1002.4,31.2,NW
2024-03-15 00:00,Gurugram,28.4595,77.0266,9.9,93,0,1007,8.8,W
2024-03-15 01:00,Gurugram,28.4595,77.0266,9.9,86,0,1002,21.8,E
2024-03-15 02:00,Gurugram,28.4595,77.0266,8.6,88,0,1003.8,5.2,W
2024-03-15 03:00,Gurugram,28.4595,77.0266,7.9,93,0,1007.2,9.5,Calm
2024-03-15 04:00,Gurugram,28.4595,77.0266,6.8,98,0,1004.7,10.5,NW
2024-03-15 05:00,Gurugram,28.4595,77.0266,9.9,90,0,1002.8,12.9,SE
2024-03-15 06:00,Gurugram,28.4595,77.0266,8.3,81,0,1005.1,3.4,SW
2024-03-15 07:00,Gurugram,28.4595,77.0266,13.8,73,0,1003.9,10.1,WNW
2024-03-15 08:00,Gurugram,28.4595,77.0266,14.1,72,0,1002.7,18.3,Calm
2024-03-15 09:00,Gurugram,28.4595,77.0266,13,75,0,1003.9,1.9,NW
2024-03-15 10:00,Gurugram,28.4595,77.0266,16.8,67,0,1003.2,5.4,Calm
2024-03-15 11:00,Gurugram,28.4595,77.0266,17.5,69,0,1003.4,18.6,SW
2024-03-15 12:00,Gurugram,28.4595,77.0266,20.8,61,0,1003.7,6.3,NW
2024-03-15 13:00,Gurugram,28.4595,77.0266,23.7,56,0,1004.5,9.9,W
2024-03-15 14:00,Gurugram,28.4595,77.0266,18.5,53,0,1004.7,11.7,W
2024-03-15 15:00,Gurugram,28.4595,77.0266,22.3,69,0,1002.8,5.4,NW
2024-03-15 16:00,Gurugram,28.4595,77.0266,21.6,66,0,1004.1,4.2,NW
2024-03-15 17:00,Gurugram,28.4595,77.0266,22.5,72,0,1003.3,8.1,NW
2024-03-15 18:00,Gurugram,28.4595,77.0266,20.6,68,0,1004.6,16.6,W
2024-03-15 19:00,Gurugram,28.4595,77.0266,17.5,65,0,1002.4,10.2,WNW
2024-03-15 20:00,Gurugram,28.4595,77.0266,16.8,79,0,1003.6,4.3,SW
2024-03-15 21:00,Gurugram,28.4595,77.0266,14.2,75,0,1001.4,14.4,WNW
2024-03-15 22:00,Gurugram,28.4595,77.0266,15.9,80,0,1004.5,4.5,W
2024-03-15 23:00,Gurugram,28.4595,77.0266,12.4,82,0,1005.8,11.5,NW
2024-03-16 00:00,Gurugram,28.4595,77.0266,14.7,68,0,1005.4,8.3,W
2024-03-16 01:00,Gurugram,28.4595,77.0266,10.1,97,0,1004.5,6.9,SW
2024-03-16 02:00,Gurugram,28.4595,77.0266,8.3,92,0,1004.2,7.8,WNW
2024-03-16 03:00,Gurugram,28.4595,77.0266,6.6,92,0,1006,8.5,NW
2024-03-16 04:00,Gurugram,28.4595,77.0266,6.3,89,0,1002.8,9,W
2024-03-16 05:00,Gurugram,28.4595,77.0266,7.4,89,0,1003.2,10.5,WNW
2024-03-16 06:00,Gurugram,28.4595,77.0266,11.8,82,0,1005.2,15.6,WNW
2024-03-16 07:00,Gurugram,28.4595,77.0266,13.5,86,0,1003.3,23.5,NW
2024-03-16 08:00,Gurugram,28.4595,77.0266,11.3,71,0,1002.4,9.2,WNW
2024-03-16 09:00,Gurugram,28.4595,77.0266,17.5,76,0,1001.7,14.7,ESE
2024-03-16 10:00,Gurugram,28.4595,77.0266,16.7,74,0,1002.5,9.8,SW
2024-03-16 11:00,Gurugram,28.4595,77.0266,19.4,66,0,1005.6,7.5,W
2024-03-16 12:00,Gurugram,28.4595,77.0266,23.4,66,0,1003.4,10.8,NW
2024-03-16 13:00,Gurugram,28.4595,77.0266,23.1,56,0,1002.6,3.4,NW
2024-03-16 14:00,Gurugram,28.4595,77.0266,21.7,54,0,1003.4,4.9,Calm
2024-03-16 15:00,Gurugram,28.4595,77.0266,20.8,61,0,1003.9,4.1,SW
2024-03-16 16:00,Gurugram,28.4595,77.0266,18.3,64,0,1001.3,10.5,NW
2024-03-16 17:00,Gurugram,28.4595,77.0266,20.2,50,0,1002.4,2.3,SW
2024-03-16 18:00,Gurugram,28.4595,77.0266,20.1,67,0,1001.7,3.8,Calm
2024-03-16 19:00,Gurugram,28.4595,77.0266,17.3,64,0,1005.3,2.7,WNW
2024-03-16 20:00,Gurugram,28.4595,77.0266,17.3,70,0,1003.4,9.3,ESE
2024-03-16 21:00,Gurugram,28.4595,77.0266,16,67,0,1003.3,6.9,W
2024-03-16 22:00,Gurugram,28.4595,77.0266,13.8,73,0,1003.3,7.9,WNW
2024-03-16 23:00,Gurugram,28.4595,77.0266,11.4,88,0,1002.2,11.5,NW
2024-03-17 00:00,Gurugram,28.4595,77.0266,11.8,85,0,1004,8.7,WNW
2024-03-17 01:00,Gurugram,28.4595,77.0266,11.3,85,0,1005.6,7.3,SW
2024-03-17 02:00,Gurugram,28.4595,77.0266,7.9,88,0,1002.6,2.2,SE
2024-03-17 03:00,Gurugram,28.4595,77.0266,12.1,92,0,1004.4,11.5,WNW
2024-03-17 04:00,Gurugram,28.4595,77.0266,9.6,92,0,1003.2,2.1,W
2024-03-17 05:00,Gurugram,28.4595,77.0266,10.5,87,0,1002.5,10.2,WNW
2024-03-17 06:00,Gurugram,28.4595,77.0266,12.8,92,0,1004.5,39.3,WNW
2024-03-17 07:00,Gurugram,28.4595,77.0266,13.3,88,0,1001.4,12.7,ESE
2024-03-17 08:00,Gurugram,28.4595,77.0266,16.1,81,0,1001.7,6,W
2024-03-17 09:00,Gurugram,28.4595,77.0266,16.6,75,0,1005.5,15.3,NW
2024-03-17 10:00,Gurugram,28.4595,77.0266,16.7,74,0,1002.9,25.6,NW
2024-03-17 11:00,Gurugram,28.4595,77.0266,20,69,0,1004.8,16.7,W
2024-03-17 12:00,Gurugram,28.4595,77.0266,18.6,70,0,1003.2,19.8,ESE
2024-03-17 13:00,Gurugram,28.4595,77.0266,21.9,67,0,1000.3,5.1,WNW
2024-03-17 14:00,Gurugram,28.4595,77.0266,22.3,54,0,1004.2,7,W
2024-03-17 15:00,Gurugram,28.4595,77.0266,22.2,53,0,1003.8,13.8,SE
2024-03-17 16:00,Gurugram,28.4595,77.0266,22.1,56,0,1002.5,8.6,W
2024-03-17 17:00,Gurugram,28.4595,77.0266,18.3,67,0,1004.7,4.9,Calm
2024-03-17 18:00,Gurugram,28.4595,77.0266,19.7,54,0,1004.5,12.8,NW
2024-03-17 19:00,Gurugram,28.4595,77.0266,19.5,69,0,1002.5,13.7,SW
2024-03-17 20:00,Gurugram,28.4595,77.0266,18.1,73,0,1004.7,7.5,NW
2024-03-17 21:00,Gurugram,28.4595,77.0266,14.2,81,0,1003.6,4.4,W
2024-03-17 22:00,Gurugram,28.4595,77.0266,16.7,79,0,1003.5,6.8,WNW
2024-03-17 23:00,Gurugram,28.4595,77.0266,11.3,74,0,1002.5,7.1,WNW
2024-03-18 00:00,Gurugram,28.4595,77.0266,13.5,79,0,1002.1,9.8,Calm
2024-03-18 01:00,Gurugram,28.4595,77.0266,11.5,80,0,1004.9,3.9,NW
2024-03-18 02:00,Gurugram,28.4595,77.0266,8.9,85,0,1003.7,8.2,ESE
2024-03-18 03:00,Gurugram,28.4595,77.0266,13,88,0,1004.4,6.5,SE
2024-03-18 04:00,Gurugram,28.4595,77.0266,7.9,82,0,1002.7,12.9,NW
2024-03-18 05:00,Gurugram,28.4595,77.0266,12.4,96,0,1003.8,45,Calm
2024-03-18 06:00,Gurugram,28.4595,77.0266,13.5,77,0,1002.8,10.2,W
2024-03-18 07:00,Gurugram,28.4595,77.0266,11.9,90,0,1004,8.8,SW
2024-03-18 08:00,Gurugram,28.4595,77.0266,17.1,85,0,1001.6,11.4,W
2024-03-18 09:00,Gurugram,28.4595,77.0266,15.9,80,0,1001.6,13.9,W
2024-03-18 10:00,Gurugram,28.4595,77.0266,18.5,66,0,1001.9,1.5,WNW
2024-03-18 11:00,Gurugram,28.4595,77.0266,20,69,0,1003.2,8.8,SE
2024-03-18 12:00,Gurugram,28.4595,77.0266,20.7,56,0,1000.6,14.9,NW
2024-03-18 13:00,Gurugram,28.4595,77.0266,23.4,67,0,1003.8,2.9,W
2024-03-18 14:00,Gurugram,28.4595,77.0266,24,59,0,1004,10.1,NW
2024-03-18 15:00,Gurugram,28.4595,77.0266,19.7,57,0,1001.1,15.8,NW
2024-03-18 16:00,Gurugram,28.4595,77.0266,25,52,0,1002.7,25.1,NW
2024-03-18 17:00,Gurugram,28.4595,77.0266,19,46,0,1005.5,10.8,SW
2024-03-18 18:00,Gurugram,28.4595,77.0266,22.8,57,0,1002.7,12.8,W
2024-03-18 19:00,Gurugram,28.4595,77.0266,21.6,73,0,1002,12.1,W
2024-03-18 20:00,Gurugram,28.4595,77.0266,16,68,0,1002.8,3.4,E
2024-03-18 21:00,Gurugram,28.4595,77.0266,15.6,73,0,1004.6,30.6,ESE
2024-03-18 22:00,Gurugram,28.4595,77.0266,12.7,82,0,1001.9,11.3,NW
2024-03-18 23:00,Gurugram,28.4595,77.0266,12.7,92,0,1003.9,8,W
2024-03-19 00:00,Gurugram,28.4595,77.0266,11.4,92,0,1003.6,18.6,Calm
2024-03-19 01:00,Gurugram,28.4595,77.0266,12.3,81,0,1003.1,5.7,NW
2024-03-19 02:00,Gurugram,28.4595,77.0266,12.6,77,0,1002.7,12.2,W
2024-03-19 03:00,Gurugram,28.4595,77.0266,12.6,98,0,1004.2,7.5,W
2024-03-19 04:00,Gurugram,28.4595,77.0266,9.3,98,0,1001.7,5.5,WNW
2024-03-19 05:00,Gurugram,28.4595,77.0266,10.6,88,0,1003.6,9.3,Calm
2024-03-19 06:00,Gurugram,28.4595,77.0266,8.9,77,0,1001.2,10.1,WNW
2024-03-19 07:00,Gurugram,28.4595,77.0266,11.9,87,0,1004.3,8.6,NW
2024-03-19 08:00,Gurugram,28.4595,77.0266,16.6,77,0,1004,32.4,Calm
2024-03-19 09:00,Gurugram,28.4595,77.0266,19.5,73,0,1002.6,10.1,ESE
2024-03-19 10:00,Gurugram,28.4595,77.0266,16,75,0,1002.8,7.3,WNW
2024-03-19 11:00,Gurugram,28.4595,77.0266,18.7,68,0,1003.7,9.9,NW
2024-03-19 12:00,Gurugram,28.4595,77.0266,21.1,56,0,1001.5,13.8,SW
2024-03-19 13:00,Gurugram,28.4595,77.0266,22.7,59,0,1002.7,11.8,NW
2024-03-19 14:00,Gurugram,28.4595,77.0266,21.4,63,0,1003.1,21.8,W
2024-03-19 15:00,Gurugram,28.4595,77.0266,23.8,62,0,1001.1,10.8,NW
2024-03-19 16:00,Gurugram,28.4595,77.0266,22,61,0,1004.2,1.7,Calm
2024-03-19 17:00,Gurugram,28.4595,77.0266,22.2,66,0,1005.6,10.1,ESE
2024-03-19 18:00,Gurugram,28.4595,77.0266,22.1,61,0,1006,10.2,W
2024-03-19 19:00,Gurugram,28.4595,77.0266,19.8,67,0,1000.8,16.2,ESE
2024-03-19 20:00,Gurugram,28.4595,77.0266,17.5,50,0,1004.5,2.2,SW
2024-03-19 21:00,Gurugram,28.4595,77.0266,16.4,71,0,1002.4,12.5,Calm
2024-03-19 22:00,Gurugram,28.4595,77.0266,14.7,82,0,1003,14.9,SE
2024-03-19 23:00,Gurugram,28.4595,77.0266,12.6,79,0,1001.9,10.3,SE
2024-03-20 00:00,Gurugram,28.4595,77.0266,11.7,81,0,1003.7,14.1,WNW
2024-03-20 01:00,Gurugram,28.4595,77.0266,14,80,0,1000,5,WNW
2024-03-20 02:00,Gurugram,28.4595,77.0266,11.5,94,0,1001.5,15.4,SE
2024-03-20 03:00,Gurugram,28.4595,77.0266,9.8,92,0,1000.3,4.4,ESE
2024-03-20 04:00,Gurugram,28.4595,77.0266,11.8,93,0,1002.3,6.3,SW
2024-03-20 05:00,Gurugram,28.4595,77.0266,10.6,76,0,1002.6,13.4,NW
2024-03-20 06:00,Gurugram,28.4595,77.0266,14.3,83,0,1001.1,26.7,ESE
2024-03-20 07:00,Gurugram,28.4595,77.0266,14.2,79,0,1003.6,24,W
2024-03-20 08:00,Gurugram,28.4595,77.0266,14.9,76,0,1003.5,11.3,SE
2024-03-20 09:00,Gurugram,28.4595,77.0266,17.6,70,0,1004,3,NW
2024-03-20 10:00,Gurugram,28.4595,77.0266,15.6,68,0,1004.7,6.4,SE
2024-03-20 11:00,Gurugram,28.4595,77.0266,18,71,0,1002.7,7.7,WNW
2024-03-20 12:00,Gurugram,28.4595,77.0266,19.2,51,0,1003.2,1.5,ESE
2024-03-20 13:00,Gurugram,28.4595,77.0266,22.7,71,0,1001.8,4.4,W
2024-03-20 14:00,Gurugram,28.4595,77.0266,26.2,62,0,1003.1,15.7,WNW
2024-03-20 15:00,Gurugram,28.4595,77.0266,27.3,58,0,1003.1,23.1,ESE
2024-03-20 16:00,Gurugram,28.4595,77.0266,24.2,65,0,1004.8,17.1,Calm
2024-03-20 17:00,Gurugram,28.4595,77.0266,23.3,52,0,1003.6,6.7,WNW
2024-03-20 18:00,Gurugram,28.4595,77.0266,18.1,59,0,1003.6,13.8,ESE
2024-03-20 19:00,Gurugram,28.4595,77.0266,19.1,65,0,1002.6,9.1,NW
2024-03-20 20:00,Gurugram,28.4595,77.0266,17.1,78,0,999.1,4.3,SE
2024-03-20 21:00,Gurugram,28.4595,77.0266,15.7,73,0,1003,11,WNW
2024-03-20 22:00,Gurugram,28.4595,77.0266,14.8,80,0,1002.4,13,WNW
2024-03-20 23:00,Gurugram,28.4595,77.0266,12.7,78,0,1001.6,5,SE
2024-03-21 00:00,Gurugram,28.4595,77.0266,8.9,87,0,1003.7,3.5,WNW
2024-03-21 01:00,Gurugram,28.4595,77.0266,12.7,96,0,1004,6.8,NW
2024-03-21 02:00,Gurugram,28.4595,77.0266,8.8,94,0,1001.7,18.6,Calm
2024-03-21 03:00,Gurugram,28.4595,77.0266,11,88,0,1002.9,14.5,W
2024-03-21 04:00,Gurugram,28.4595,77.0266,14.5,92,0,1002.7,7.1,W
2024-03-21 05:00,Gurugram,28.4595,77.0266,9.7,90,0,1004.2,5.3,W
2024-03-21 06:00,Gurugram,28.4595,77.0266,7.9,87,0,1003.4,9.1,E
2024-03-21 07:00,Gurugram,28.4595,77.0266,13.3,87,0,1003.7,4.2,NW
2024-03-21 08:00,Gurugram,28.4595,77.0266,17.3,84,0,1002.4,10.3,NW
2024-03-21 09:00,Gurugram,28.4595,77.0266,20.6,73,0,1003.4,8.3,WNW
2024-03-21 10:00,Gurugram,28.4595,77.0266,16.5,73,0,1003.9,1.5,W
2024-03-21 11:00,Gurugram,28.4595,77.0266,21.2,63,0,1005.6,7.3,NW
2024-03-21 12:00,Gurugram,28.4595,77.0266,20.8,57,0,1002.2,1.5,ESE
2024-03-21 13:00,Gurugram,28.4595,77.0266,22.5,59,0,1002.4,10.8,NW
2024-03-21 14:00,Gurugram,28.4595,77.0266,28.1,58,0,1002,3.9,SE
2024-03-21 15:00,Gurugram,28.4595,77.0266,20.8,48,0,1002.3,2.6,ESE
2024-03-21 16:00,Gurugram,28.4595,77.0266,23.8,64,0,1004.5,7.8,NW
2024-03-21 17:00,Gurugram,28.4595,77.0266,23.5,44,0,1001.9,7.4,NW
2024-03-21 18:00,Gurugram,28.4595,77.0266,23.6,79,0,1003.3,11,SE
2024-03-21 19:00,Gurugram,28.4595,77.0266,20.5,75,0,1004.1,4.1,SE
2024-03-21 20:00,Gurugram,28.4595,77.0266,19.3,68,0,1004.3,19.9,SE
2024-03-21 21:00,Gurugram,28.4595,77.0266,16.3,73,0,1004.6,14,WNW
2024-03-21 22:00,Gurugram,28.4595,77.0266,15.8,79,0,1003.4,20.3,Calm
2024-03-21 23:00,Gurugram,28.4595,77.0266,13.2,77,0,1003.3,8.1,ESE
2024-03-22 00:00,Gurugram,28.4595,77.0266,13.8,85,0,1002.1,4.9,NW
2024-03-22 01:00,Gurugram,28.4595,77.0266,11,85,0,1000.4,23.2,WNW
2024-03-22 02:00,Gurugram,28.4595,77.0266,11.7,87,0,1002,13.9,W
2024-03-22 03:00,Gurugram,28.4595,77.0266,10.7,89,0,1002.9,7.7,NW
2024-03-22 04:00,Gurugram,28.4595,77.0266,13,80,0,1004,8.9,SW
2024-03-22 05:00,Gurugram,28.4595,77.0266,11.5,86,0,1004.5,6.8,ESE
2024-03-22 06:00,Gurugram,28.4595,77.0266,9.5,85,0,1002.8,16,NW
2024-03-22 07:00,Gurugram,28.4595,77.0266,16.3,81,0,1004.1,11.5,SW
2024-03-22 08:00,Gurugram,28.4595,77.0266,14,76,0,1002.9,12.4,WNW
2024-03-22 09:00,Gurugram,28.4595,77.0266,16.1,80,0,1003,4.6,WNW
2024-03-22 10:00,Gurugram,28.4595,77.0266,17.9,67,0,1002.4,8.4,SE
2024-03-22 11:00,Gurugram,28.4595,77.0266,23,67,0,1002.2,10.2,W
2024-03-22 12:00,Gurugram,28.4595,77.0266,18,70,0,1002,2.8,WNW
2024-03-22 13:00,Gurugram,28.4595,77.0266,28.5,60,0,1002.1,11.4,NW
2024-03-22 14:00,Gurugram,28.4595,77.0266,25.4,60,0,1001.9,9.6,WNW
2024-03-22 15:00,Gurugram,28.4595,77.0266,24.2,57,0,1003.8,15.2,W
2024-03-22 16:00,Gurugram,28.4595,77.0266,23.4,66,0,1004.3,16.7,W
2024-03-22 17:00,Gurugram,28.4595,77.0266,23.4,58,0,1001.8,26.2,W
2024-03-22 18:00,Gurugram,28.4595,77.0266,22.8,70,0,1001.7,10,W
2024-03-22 19:00,Gurugram,28.4595,77.0266,21.7,65,0,1002.5,7.3,WNW
2024-03-22 20:00,Gurugram,28.4595,77.0266,20,64,0,1001.7,4.1,W
2024-03-22 21:00,Gurugram,28.4595,77.0266,17.4,77,0,1001.5,3.6,NW
2024-03-22 22:00,Gurugram,28.4595,77.0266,15.2,75,0,1002.3,8.8,NW
2024-03-22 23:00,Gurugram,28.4595,77.0266,13.7,84,0,1003,3.4,W
2024-03-23 00:00,Gurugram,28.4595,77.0266,12.6,67,0,1002.9,3.8,NW
2024-03-23 01:00,Gurugram,28.4595,77.0266,13.9,86,0,1002.3,9,NW
2024-03-23 02:00,Gurugram,28.4595,77.0266,12.3,84,0,1002,7,NW
2024-03-23 03:00,Gurugram,28.4595,77.0266,5.7,81,0,1003.4,4.9,NW
2024-03-23 04:00,Gurugram,28.4595,77.0266,12.4,84,0,1003.1,7.3,WNW
2024-03-23 05:00,Gurugram,28.4595,77.0266,12.2,82,0,1002.8,14.3,WNW
2024-03-23 06:00,Gurugram,28.4595,77.0266,12.9,83,0,1002,11.5,NW
2024-03-23 07:00,Gurugram,28.4595,77.0266,13.6,72,0,1004.2,16.3,NW
2024-03-23 08:00,Gurugram,28.4595,77.0266,17.9,78,0,1001.1,8.1,NW
2024-03-23 09:00,Gurugram,28.4595,77.0266,19.2,81,0,1002,6.8,WNW
2024-03-23 10:00,Gurugram,28.4595,77.0266,17.8,70,0,1001.4,9.9,SE
2024-03-23 11:00,Gurugram,28.4595,77.0266,21.5,70,0,1002.6,3.9,NW
2024-03-23 12:00,Gurugram,28.4595,77.0266,20.4,69,0,1001.8,7.7,W
2024-03-23 13:00,Gurugram,28.4595,77.0266,20.7,67,0,1002.7,7.2,NW
2024-03-23 14:00,Gurugram,28.4595,77.0266,22.7,69,0,1003.3,35.3,NW
2024-03-23 15:00,Gurugram,28.4595,77.0266,25.6,55,0,1004.1,18.1,WNW
2024-03-23 16:00,Gurugram,28.4595,77.0266,25.5,54,0,1002.9,13.3,WNW
2024-03-23 17:00,Gurugram,28.4595,77.0266,24.1,64,0,1002.9,11.8,NW
2024-03-23 18:00,Gurugram,28.4595,77.0266,23.4,66,0,1003.1,22,NW
2024-03-23 19:00,Gurugram,28.4595,77.0266,21.7,70,0,999.9,11.7,NW
2024-03-23 20:00,Gurugram,28.4595,77.0266,18,80,0,1002.7,5.4,SE
2024-03-23 21:00,Gurugram,28.4595,77.0266,18.3,73,0,1001.3,5.1,NW
2024-03-23 22:00,Gurugram,28.4595,77.0266,17.3,79,0,1001.8,14.5,NW
2024-03-23 23:00,Gurugram,28.4595,77.0266,15.6,74,0,1002.5,13,SE
2024-03-24 00:00,Gurugram,28.4595,77.0266,15.3,96,0,1003.7,11.7,NW
2024-03-24 01:00,Gurugram,28.4595,77.0266,13.4,83,0,1000.4,16.7,NW
2024-03-24 02:00,Gurugram,28.4595,77.0266,12.1,85,0,1002.8,16.2,NW
2024-03-24 03:00,Gurugram,28.4595,77.0266,13.2,85,0,1002.6,2.4,NW
2024-03-24 04:00,Gurugram,28.4595,77.0266,11.4,83,0,1003,8.2,NW
2024-03-24 05:00,Gurugram,28.4595,77.0266,10.5,81,0,1005.2,12.4,SW
2024-03-24 06:00,Gurugram,28.4595,77.0266,12.9,80,0,1004.4,19.2,E
2024-03-24 07:00,Gurugram,28.4595,77.0266,13.2,72,0,1002.9,13.5,WNW
2024-03-24 08:00,Gurugram,28.4595,77.0266,14.9,72,0,1003.2,14.6,WNW
2024-03-24 09:00,Gurugram,28.4595,77.0266,17.5,84,0,1002.5,4.3,W
2024-03-24 10:00,Gurugram,28.4595,77.0266,18,73,0,1003.4,3.1,WNW
2024-03-24 11:00,Gurugram,28.4595,77.0266,20.5,70,0,1002.6,11.4,SE
2024-03-24 12:00,Gurugram,28.4595,77.0266,18.9,69,0,1003,6.7,WNW
2024-03-24 13:00,Gurugram,28.4595,77.0266,23.8,70,0,1001.7,12.6,NW
2024-03-24 14:00,Gurugram,28.4595,77.0266,24,47,0,1002.8,5.9,NW
2024-03-24 15:00,Gurugram,28.4595,77.0266,22.8,50,0,1004.2,6.6,SW
2024-03-24 16:00,Gurugram,28.4595,77.0266,25.2,53,0,1003.2,14.4,NW
2024-03-24 17:00,Gurugram,28.4595,77.0266,25.1,57,0,1002.7,9.3,E
2024-03-24 18:00,Gurugram,28.4595,77.0266,19.5,60,0,999,5.7,ESE
2024-03-24 19:00,Gurugram,28.4595,77.0266,19.6,62,0,1003,8.5,WNW
2024-03-24 20:00,Gurugram,28.4595,77.0266,18.1,70,0,1002.4,13.2,NW
2024-03-24 21:00,Gurugram,28.4595,77.0266,16.1,73,0,1001.2,8.9,NW
2024-03-24 22:00,Gurugram,28.4595,77.0266,17.6,72,0,1002.4,12.3,W
2024-03-24 23:00,Gurugram,28.4595,77.0266,14.2,67,0,1002.4,7.8,W
2024-03-25 00:00,Gurugram,28.4595,77.0266,12.9,77,0,1002.4,18.3,ESE
2024-03-25 01:00,Gurugram,28.4595,77.0266,8.8,82,0,1003.3,8.4,WNW
2024-03-25 02:00,Gurugram,28.4595,77.0266,12.9,85,0,1002.2,6.5,WNW
2024-03-25 03:00,Gurugram,28.4595,77.0266,9.3,80,0,1002.1,20.9,ESE
2024-03-25 04:00,Gurugram,28.4595,77.0266,11.8,84,0,1002,9.4,SW
2024-03-25 05:00,Gurugram,28.4595,77.0266,12.9,78,0,1002.7,12.2,SW
2024-03-25 06:00,Gurugram,28.4595,77.0266,15.9,82,0,1003.1,6.4,W
2024-03-25 07:00,Gurugram,28.4595,77.0266,12.4,73,0,1004,12,NW
2024-03-25 08:00,Gurugram,28.4595,77.0266,10.9,71,0,1003,13.2,NW
2024-03-25 09:00,Gurugram,28.4595,77.0266,18.3,64,0,1003.7,5.4,WNW
2024-03-25 10:00,Gurugram,28.4595,77.0266,22.9,67,0,1003.4,15.1,ESE
2024-03-25 11:00,Gurugram,28.4595,77.0266,23.5,59,0,1002.6,8.7,WNW
2024-03-25 12:00,Gurugram,28.4595,77.0266,23,67,0,1001.5,15.1,W
2024-03-25 13:00,Gurugram,28.4595,77.0266,22.7,62,0,1002.9,5.8,SE
2024-03-25 14:00,Gurugram,28.4595,77.0266,25.7,57,0,1004.3,6.7,NW
2024-03-25 15:00,Gurugram,28.4595,77.0266,22.8,52,0,1003.7,10.3,SW
2024-03-25 16:00,Gurugram,28.4595,77.0266,25.1,60,0,1003.9,5.1,WNW
2024-03-25 17:00,Gurugram,28.4595,77.0266,24.5,63,0,1000.2,10.5,NW
2024-03-25 18:00,Gurugram,28.4595,77.0266,24.5,62,0,1000.1,11.4,SE
2024-03-25 19:00,Gurugram,28.4595,77.0266,26.2,74,0,1001.8,10.3,SW
2024-03-25 20:00,Gurugram,28.4595,77.0266,20.4,71,0,1003,9.8,ESE
2024-03-25 21:00,Gurugram,28.4595,77.0266,17.1,78,0,1002,4.5,SE
2024-03-25 22:00,Gurugram,28.4595,77.0266,16.3,77,0,1002.2,3.5,E
2024-03-25 23:00,Gurugram,28.4595,77.0266,11.6,84,0,1000.6,9,W
2024-03-26 00:00,Gurugram,28.4595,77.0266,12.4,78,0,1001.6,2.6,ESE
2024-03-26 01:00,Gurugram,28.4595,77.0266,11.9,82,0,1001.2,2.3,NW
2024-03-26 02:00,Gurugram,28.4595,77.0266,11,88,0,1001.3,6.6,NW
2024-03-26 03:00,Gurugram,28.4595,77.0266,12,89,0,1001.4,5.1,W
2024-03-26 04:00,Gurugram,28.4595,77.0266,10.5,89,0,1001,11.7,ESE
2024-03-26 05:00,Gurugram,28.4595,77.0266,14.6,91,0,999.4,9,WNW
2024-03-26 06:00,Gurugram,28.4595,77.0266,13.7,74,0,1004,11.4,WNW
2024-03-26 07:00,Gurugram,28.4595,77.0266,15,73,0,1002.2,15,Calm
2024-03-26 08:00,Gurugram,28.4595,77.0266,16,77,0,1001.5,18.4,WNW
2024-03-26 09:00,Gurugram,28.4595,77.0266,18.5,67,0,1002.1,14,Calm
2024-03-26 10:00,Gurugram,28.4595,77.0266,21.4,88,0,1002.7,10.1,E
2024-03-26 11:00,Gurugram,28.4595,77.0266,19.9,67,0,1002.4,4.8,W
2024-03-26 12:00,Gurugram,28.4595,77.0266,21.7,61,0,1001.4,17.5,NW
2024-03-26 13:00,Gurugram,28.4595,77.0266,23.3,56,0,1003.5,4.2,NW
2024-03-26 14:00,Gurugram,28.4595,77.0266,22.1,54,0,1001.6,15.2,WNW
2024-03-26 15:00,Gurugram,28.4595,77.0266,23.3,57,0,1002,19.5,W
2024-03-26 16:00,Gurugram,28.4595,77.0266,23.7,58,0,1004.4,11.8,WNW
2024-03-26 17:00,Gurugram,28.4595,77.0266,25.5,56,0,1004.8,4.9,SE
2024-03-26 18:00,Gurugram,28.4595,77.0266,23.3,60,0,1003.7,6.9,W
2024-03-26 19:00,Gurugram,28.4595,77.0266,21.8,72,0,1001.5,10.7,WNW
2024-03-26 20:00,Gurugram,28.4595,77.0266,21.5,76,0,1001.8,5.7,SE
2024-03-26 21:00,Gurugram,28.4595,77.0266,18,73,0,1001.4,2,NW
2024-03-26 22:00,Gurugram,28.4595,77.0266,17.3,68,0,1002,10,NW
2024-03-26 23:00,Gurugram,28.4595,77.0266,14.8,82,0,1002.9,11.7,NW
2024-03-27 00:00,Gurugram,28.4595,77.0266,14.4,91,0,1000,12.4,NW
2024-03-27 01:00,Gurugram,28.4595,77.0266,11.8,93,0,1001,6.8,SE
2024-03-27 02:00,Gurugram,28.4595,77.0266,7.8,90,0,1002.3,9.3,W
2024-03-27 03:00,Gurugram,28.4595,77.0266,11.8,95,0,1002.1,10.4,W
2024-03-27 04:00,Gurugram,28.4595,77.0266,14.8,86,0,1001.7,3,W
2024-03-27 05:00,Gurugram,28.4595,77.0266,14.5,88,0,1000.5,6.7,W
2024-03-27 06:00,Gurugram,28.4595,77.0266,15.6,78,0,1001.5,9.7,W
2024-03-27 07:00,Gurugram,28.4595,77.0266,17.5,81,0,1001.6,11.6,SE
2024-03-27 08:00,Gurugram,28.4595,77.0266,17,83,0,1000.6,20.5,WNW
2024-03-27 09:00,Gurugram,28.4595,77.0266,18.9,68,0,1001.2,11.1,SE
2024-03-27 10:00,Gurugram,28.4595,77.0266,19.1,62,0,1002,4,SE
2024-03-27 11:00,Gurugram,28.4595,77.0266,21.2,65,0,1002.8,5.4,NW
2024-03-27 12:00,Gurugram,28.4595,77.0266,24.2,59,0,1003.3,15.7,WNW
2024-03-27 13:00,Gurugram,28.4595,77.0266,26.3,62,0,1000.9,24.7,SE
2024-03-27 14:00,Gurugram,28.4595,77.0266,24.5,54,0,1001.8,4.7,SE
2024-03-27 15:00,Gurugram,28.4595,77.0266,24.2,67,0,1001.9,6.5,NW
2024-03-27 16:00,Gurugram,28.4595,77.0266,24.8,49,0,1002,25.3,NW
2024-03-27 17:00,Gurugram,28.4595,77.0266,25.2,66,0,1001.9,22,WNW
2024-03-27 18:00,Gurugram,28.4595,77.0266,20.5,56,0,1000.8,13,NW
2024-03-27 19:00,Gurugram,28.4595,77.0266,17.6,53,0,1002.8,6.6,NW
2024-03-27 20:00,Gurugram,28.4595,77.0266,19.2,69,0,1001.8,4.6,NW
2024-03-27 21:00,Gurugram,28.4595,77.0266,16.3,70,0,1002.2,6.3,NW
2024-03-27 22:00,Gurugram,28.4595,77.0266,15.9,69,0,1002.3,7.4,WNW
2024-03-27 23:00,Gurugram,28.4595,77.0266,15,69,0,1001.5,7.6,SE
2024-03-28 00:00,Gurugram,28.4595,77.0266,13.3,82,0,1003,3,NW
2024-03-28 01:00,Gurugram,28.4595,77.0266,15.7,90,0,1001.6,5.2,W
2024-03-28 02:00,Gurugram,28.4595,77.0266,13.1,89,0,1002.3,9.9,W
2024-03-28 03:00,Gurugram,28.4595,77.0266,12.8,86,0,1002.2,6.5,SE
2024-03-28 04:00,Gurugram,28.4595,77.0266,13.6,88,0,1002.4,3.9,WNW
2024-03-28 05:00,Gurugram,28.4595,77.0266,11.1,84,0,1003.4,4.8,NW
2024-03-28 06:00,Gurugram,28.4595,77.0266,16,73,0,1001.2,8.2,E
2024-03-28 07:00,Gurugram,28.4595,77.0266,15.4,70,0,1002.1,3.4,SE
2024-03-28 08:00,Gurugram,28.4595,77.0266,18.3,74,0,1002.1,18.8,W
2024-03-28 09:00,Gurugram,28.4595,77.0266,16.8,70,0,1001.8,3.6,NW
2024-03-28 10:00,Gurugram,28.4595,77.0266,17.6,72,0,1002.7,13.6,NW
2024-03-28 11:00,Gurugram,28.4595,77.0266,23.5,68,0,1000.7,24.5,NW
2024-03-28 12:00,Gurugram,28.4595,77.0266,24,64,0,1003.8,3.8,NW
2024-03-28 13:00,Gurugram,28.4595,77.0266,22.8,56,0,1003.8,4.4,NW
2024-03-28 14:00,Gurugram,28.4595,77.0266,23.5,48,0,1001.4,8.2,NW
2024-03-28 15:00,Gurugram,28.4595,77.0266,27.3,59,0,1002,6.9,WNW
2024-03-28 16:00,Gurugram,28.4595,77.0266,22.9,60,0,1000,15.9,ESE
2024-03-28 17:00,Gurugram,28.4595,77.0266,27.3,44,0,1001.3,7.9,ESE
2024-03-28 18:00,Gurugram,28.4595,77.0266,21.7,55,0,1004.9,5.1,NW
2024-03-28 19:00,Gurugram,28.4595,77.0266,23.2,59,0,1002.8,14.1,Calm
2024-03-28 20:00,Gurugram,28.4595,77.0266,19.8,68,0,1002.9,7.4,ESE
2024-03-28 21:00,Gurugram,28.4595,77.0266,19.8,66,0,1001.5,5,NW
2024-03-28 22:00,Gurugram,28.4595,77.0266,16.1,75,0,1002,5.6,NW
2024-03-28 23:00,Gurugram,28.4595,77.0266,15.2,77,0,1002,3.7,NW
2024-03-29 00:00,Gurugram,28.4595,77.0266,14.5,80,0,1000.3,1.9,ESE
2024-03-29 01:00,Gurugram,28.4595,77.0266,11.6,79,0,1002.2,4,NW
2024-03-29 02:00,Gurugram,28.4595,77.0266,14.1,81,0,1002.9,8,NW
2024-03-29 03:00,Gurugram,28.4595,77.0266,11.6,79,0,1004.1,7.3,WNW
2024-03-29 04:00,Gurugram,28.4595,77.0266,12.3,88,0,1002.3,3.2,ESE
2024-03-29 05:00,Gurugram,28.4595,77.0266,11.6,87,0,1001.9,5.2,NW
2024-03-29 06:00,Gurugram,28.4595,77.0266,9.8,77,0,1001.9,13,WNW
2024-03-29 07:00,Gurugram,28.4595,77.0266,15.4,87,0,1002.5,12.4,NW
2024-03-29 08:00,Gurugram,28.4595,77.0266,21.7,73,0,1002.9,9.5,WNW
2024-03-29 09:00,Gurugram,28.4595,77.0266,20.4,80,0,1003.3,4.3,WNW
2024-03-29 10:00,Gurugram,28.4595,77.0266,20.7,63,0,999.5,15.9,WNW
2024-03-29 11:00,Gurugram,28.4595,77.0266,21.8,51,0,1003.3,8.3,WNW
2024-03-29 12:00,Gurugram,28.4595,77.0266,23.6,63,0,1000.6,5.6,NW
2024-03-29 13:00,Gurugram,28.4595,77.0266,25.6,59,0,1000.8,4.4,NW
2024-03-29 14:00,Gurugram,28.4595,77.0266,23.2,56,0,1001.8,13.8,NW
2024-03-29 15:00,Gurugram,28.4595,77.0266,27.5,52,0,1002.6,1.5,NW
2024-03-29 16:00,Gurugram,28.4595,77.0266,26.6,56,0,1000.4,10.8,NW
2024-03-29 17:00,Gurugram,28.4595,77.0266,25.9,55,0,1001.3,6.7,NW
2024-03-29 18:00,Gurugram,28.4595,77.0266,24.4,58,0,1002.4,17.1,WNW
2024-03-29 19:00,Gurugram,28.4595,77.0266,22.3,68,0,1002.6,29.2,NW
2024-03-29 20:00,Gurugram,28.4595,77.0266,21.9,68,0,1002.6,5.6,E
2024-03-29 21:00,Gurugram,28.4595,77.0266,20.1,74,0,1003.1,16,E
2024-03-29 22:00,Gurugram,28.4595,77.0266,16.7,73,0,1003.4,11.1,NW
2024-03-29 23:00,Gurugram,28.4595,77.0266,14.7,76,0,1002.1,10.4,WNW
2024-03-30 00:00,Gurugram,28.4595,77.0266,14.9,74,0,1001.8,3.2,Calm
2024-03-30 01:00,Gurugram,28.4595,77.0266,16.4,81,0,1001,6.4,W
2024-03-30 02:00,Gurugram,28.4595,77.0266,10.8,65,0,1001.2,15.6,SE
2024-03-30 03:00,Gurugram,28.4595,77.0266,10.1,82,0,1000.3,18.3,SE
2024-03-30 04:00,Gurugram,28.4595,77.0266,13.3,84,0,1003.6,21.7,SW
2024-03-30 05:00,Gurugram,28.4595,77.0266,13.7,87,0,1001.8,6.4,NW
2024-03-30 06:00,Gurugram,28.4595,77.0266,15,79,0,1002.8,12.2,NW
2024-03-30 07:00,Gurugram,28.4595,77.0266,16.5,80,0,1005.1,6.6,NW
2024-03-30 08:00,Gurugram,28.4595,77.0266,17.2,61,0,1004.6,9.9,W
2024-03-30 09:00,Gurugram,28.4595,77.0266,21.9,70,0,1003.3,12.1,W
2024-03-30 10:00,Gurugram,28.4595,77.0266,18.1,56,0,1001.5,6.7,NW
2024-03-30 11:00,Gurugram,28.4595,77.0266,21,56,0,1002.9,12.7,NW
2024-03-30 12:00,Gurugram,28.4595,77.0266,23.7,59,0,1001.9,8,ESE
2024-03-30 13:00,Gurugram,28.4595,77.0266,21.9,65,0,1000.8,8.8,WNW
2024-03-30 14:00,Gurugram,28.4595,77.0266,25.2,58,0,1000.8,3.3,W
2024-03-30 15:00,Gurugram,28.4595,77.0266,28.8,56,0,1003,6.1,ESE
2024-03-30 16:00,Gurugram,28.4595,77.0266,25.6,56,0,1002.8,6.2,WNW
2024-03-30 17:00,Gurugram,28.4595,77.0266,25.3,53,0,1003.4,30.7,NW
2024-03-30 18:00,Gurugram,28.4595,77.0266,21.6,57,0,1001.6,5.3,E
2024-03-30 19:00,Gurugram,28.4595,77.0266,21.4,66,0,1001.4,8.7,NW
2024-03-30 20:00,Gurugram,28.4595,77.0266,20.3,58,0,1000.6,5.4,SE
2024-03-30 21:00,Gurugram,28.4595,77.0266,18.7,74,0,999.9,8,SE
2024-03-30 22:00,Gurugram,28.4595,77.0266,19.9,72,0,1000.9,9.8,W
2024-03-30 23:00,Gurugram,28.4595,77.0266,17,83,0,1001.1,4.7,W
2024-03-31 00:00,Gurugram,28.4595,77.0266,12.9,86,0,1000.5,15,WNW
2024-03-31 01:00,Gurugram,28.4595,77.0266,14.3,73,0,1001.2,4.9,SE
2024-03-31 02:00,Gurugram,28.4595,77.0266,14.1,81,0,1004.1,2.9,NW
2024-03-31 03:00,Gurugram,28.4595,77.0266,15.1,80,0,1001,9.3,W
2024-03-31 04:00,Gurugram,28.4595,77.0266,16.1,74,0,999.6,25,NW
2024-03-31 05:00,Gurugram,28.4595,77.0266,12.1,77,0,1002,2.3,SW
2024-03-31 06:00,Gurugram,28.4595,77.0266,13.5,95,0,1002.6,3.6,SW
2024-03-31 07:00,Gurugram,28.4595,77.0266,14,81,0,1000.8,14.3,ESE
2024-03-31 08:00,Gurugram,28.4595,77.0266,17.4,85,0,1002.8,5.3,WNW
2024-03-31 09:00,Gurugram,28.4595,77.0266,20.4,75,0,1004,10.2,NW
2024-03-31 10:00,Gurugram,28.4595,77.0266,23,62,0,1001.6,16.5,WNW
2024-03-31 11:00,Gurugram,28.4595,77.0266,22.6,60,0,1002.7,13.8,SE
2024-03-31 12:00,Gurugram,28.4595,77.0266,23.5,63,0,1003,9.8,W
2024-03-31 13:00,Gurugram,28.4595,77.0266,25.4,60,0,1002.3,9.9,W
2024-03-31 14:00,Gurugram,28.4595,77.0266,24.3,52,0,1002.9,9.7,SE
2024-03-31 15:00,Gurugram,28.4595,77.0266,29.8,46,0,1002.5,10.8,NW
2024-03-31 16:00,Gurugram,28.4595,77.0266,22.9,75,0,1000.7,18.8,E
2024-03-31 17:00,Gurugram,28.4595,77.0266,25.5,56,0,999.2,4.2,WNW
2024-03-31 18:00,Gurugram,28.4595,77.0266,27.8,58,0,1002.1,3.8,NW
2024-03-31 19:00,Gurugram,28.4595,77.0266,22.8,63,0,1001.6,12.7,ESE
2024-03-31 20:00,Gurugram,28.4595,77.0266,20.9,65,0,999.9,5.8,E
2024-03-31 21:00,Gurugram,28.4595,77.0266,18.9,71,0,1001.6,3.1,WNW
2024-03-31 22:00,Gurugram,28.4595,77.0266,17.5,82,0,1001.7,21.1,WNW
2024-03-31 23:00,Gurugram,28.4595,77.0266,18.7,77,0,1002.2,10.4,SE
2024-04-01 00:00,Gurugram,28.4595,77.0266,11.2,73,0,1003.1,22.6,E
2024-04-01 01:00,Gurugram,28.4595,77.0266,16.9,82,0,1000.8,13.6,Calm
2024-04-01 02:00,Gurugram,28.4595,77.0266,10.9,81,0,999.3,7.5,WNW
2024-04-01 03:00,Gurugram,28.4595,77.0266,12.8,93,0,1001.3,9.1,W
2024-04-01 04:00,Gurugram,28.4595,77.0266,12.7,91,0,1002.7,15.8,SE
2024-04-01 05:00,Gurugram,28.4595,77.0266,15.2,83,0,1003.4,3.1,W
2024-04-01 06:00,Gurugram,28.4595,77.0266,12.3,73,0,1001,16.4,WNW
2024-04-01 07:00,Gurugram,28.4595,77.0266,17.4,70,0,1002.5,8.8,W
2024-04-01 08:00,Gurugram,28.4595,77.0266,21.7,74,0,1000.4,8,WNW
2024-04-01 09:00,Gurugram,28.4595,77.0266,17.3,72,0,1001.8,28.5,NW
2024-04-01 10:00,Gurugram,28.4595,77.0266,21.8,64,0,998.3,18.9,NW
2024-04-01 11:00,Gurugram,28.4595,77.0266,21.8,59,0,1001.4,5.2,W
2024-04-01 12:00,Gurugram,28.4595,77.0266,25.1,56,0,1002.1,10.9,WNW
2024-04-01 13:00,Gurugram,28.4595,77.0266,25.4,57,0,1001.2,4.7,E
2024-04-01 14:00,Gurugram,28.4595,77.0266,24.9,41,0,1000.1,12.1,NW
2024-04-01 15:00,Gurugram,28.4595,77.0266,27.2,48,0,1001.9,25.6,NW
2024-04-01 16:00,Gurugram,28.4595,77.0266,29.3,51,0,1003.9,21,Calm
2024-04-01 17:00,Gurugram,28.4595,77.0266,25.1,64,0,1000.8,11.8,W
2024-04-01 18:00,Gurugram,28.4595,77.0266,25.7,54,0,1000.9,11,WNW
2024-04-01 19:00,Gurugram,28.4595,77.0266,20.7,63,0,1001.5,8.4,E
2024-04-01 20:00,Gurugram,28.4595,77.0266,19.7,67,0,1003.8,26.6,ESE
2024-04-01 21:00,Gurugram,28.4595,77.0266,20.6,78,0,1000.2,14.9,W
2024-04-01 22:00,Gurugram,28.4595,77.0266,20.8,81,0,1000.8,7,E
2024-04-01 23:00,Gurugram,28.4595,77.0266,17.2,77,0,1002.6,9.8,NW
2024-04-02 00:00,Gurugram,28.4595,77.0266,14.9,77,0,1000.2,10.1,WNW
2024-04-02 01:00,Gurugram,28.4595,77.0266,14.4,78,0,1000.7,5.4,SE
2024-04-02 02:00,Gurugram,28.4595,77.0266,11.5,82,0,1003.8,10.2,WNW
2024-04-02 03:00,Gurugram,28.4595,77.0266,14.6,82,0,1003.8,12.7,SW
2024-04-02 04:00,Gurugram,28.4595,77.0266,15.4,87,0,1002.4,4.8,NW
2024-04-02 05:00,Gurugram,28.4595,77.0266,13.6,85,0,1002.1,16.8,WNW
2024-04-02 06:00,Gurugram,28.4595,77.0266,14.6,84,0,1001,6,WNW
2024-04-02 07:00,Gurugram,28.4595,77.0266,17.3,84,0,1001.7,7,ESE
2024-04-02 08:00,Gurugram,28.4595,77.0266,17.6,84,0,1000.8,5.9,NW
2024-04-02 09:00,Gurugram,28.4595,77.0266,19.9,70,0,1003.5,5.2,NW
2024-04-02 10:00,Gurugram,28.4595,77.0266,25.5,72,0,1001.9,18.4,Calm
2024-04-02 11:00,Gurugram,28.4595,77.0266,22.8,60,0,1001.5,20.3,E
2024-04-02 12:00,Gurugram,28.4595,77.0266,24,66,0,1001.8,6.4,NW
2024-04-02 13:00,Gurugram,28.4595,77.0266,24.5,63,0,1000.9,17.3,WNW
2024-04-02 14:00,Gurugram,28.4595,77.0266,27.7,61,0,1002.3,3.3,WNW
2024-04-02 15:00,Gurugram,28.4595,77.0266,26.2,55,0,1001.4,7.7,E
2024-04-02 16:00,Gurugram,28.4595,77.0266,25.2,51,0,1005.2,4,W
2024-04-02 17:00,Gurugram,28.4595,77.0266,28.1,48,0,1001.2,27.8,SE
2024-04-02 18:00,Gurugram,28.4595,77.0266,27.2,59,0,1002.7,18.8,SW
2024-04-02 19:00,Gurugram,28.4595,77.0266,22.2,71,0,1003.9,2.7,W
2024-04-02 20:00,Gurugram,28.4595,77.0266,18.4,64,0,998.3,5.4,NW
2024-04-02 21:00,Gurugram,28.4595,77.0266,21.9,74,0,1001.2,7.8,WNW
2024-04-02 22:00,Gurugram,28.4595,77.0266,17.1,78,0,1003.5,8.9,E
2024-04-02 23:00,Gurugram,28.4595,77.0266,18.2,75,0,999,3.8,W
2024-04-03 00:00,Gurugram,28.4595,77.0266,12.2,88,0,1003,14.2,E
2024-04-03 01:00,Gurugram,28.4595,77.0266,16.3,65,0,1002,17.2,E
2024-04-03 02:00,Gurugram,28.4595,77.0266,11.8,76,0,1003.5,11.3,WNW
2024-04-03 03:00,Gurugram,28.4595,77.0266,15.1,79,0,1001.3,10.9,WNW
2024-04-03 04:00,Gurugram,28.4595,77.0266,14.1,79,0,1001.9,5.9,ESE
2024-04-03 05:00,Gurugram,28.4595,77.0266,13,84,0,1000.2,7.6,NW
2024-04-03 06:00,Gurugram,28.4595,77.0266,15,81,0,1001.3,10.5,WNW
2024-04-03 07:00,Gurugram,28.4595,77.0266,18.3,79,0,1000.7,11.2,NW
2024-04-03 08:00,Gurugram,28.4595,77.0266,18.8,77,0,1000.9,9.3,SE
2024-04-03 09:00,Gurugram,28.4595,77.0266,21.4,63,0,1001.8,16.4,SW
2024-04-03 10:00,Gurugram,28.4595,77.0266,25.5,58,0,1000.7,12.6,NW
2024-04-03 11:00,Gurugram,28.4595,77.0266,20.7,64,0,998.9,17.4,W
2024-04-03 12:00,Gurugram,28.4595,77.0266,27.8,55,0,1001.9,9.9,W
2024-04-03 13:00,Gurugram,28.4595,77.0266,26.1,47,0,1001.9,9.9,ESE
2024-04-03 14:00,Gurugram,28.4595,77.0266,25,60,0,1002.5,15.5,ESE
2024-04-03 15:00,Gurugram,28.4595,77.0266,24.4,62,0,1001.6,4.8,NW
2024-04-03 16:00,Gurugram,28.4595,77.0266,26.2,64,0,1000.3,37.1,NW
2024-04-03 17:00,Gurugram,28.4595,77.0266,27.6,57,0,1003.4,5.9,NW
2024-04-03 18:00,Gurugram,28.4595,77.0266,24.7,62,0,1001.2,5.5,SW
2024-04-03 19:00,Gurugram,28.4595,77.0266,26.3,70,0,1000.5,16.8,W
2024-04-03 20:00,Gurugram,28.4595,77.0266,19.4,61,0,1003.4,13.1,Calm
2024-04-03 21:00,Gurugram,28.4595,77.0266,20.3,76,0,1003.7,14.3,WNW
2024-04-03 22:00,Gurugram,28.4595,77.0266,16.4,75,0,998.3,10.1,W
2024-04-03 23:00,Gurugram,28.4595,77.0266,17.7,82,0,1000.5,5,SE
2024-04-04 00:00,Gurugram,28.4595,77.0266,17.6,80,0,1001.3,23,SE
2024-04-04 01:00,Gurugram,28.4595,77.0266,14.2,89,0,1001.9,16.4,NW
2024-04-04 02:00,Gurugram,28.4595,77.0266,9.6,85,0,1002.3,6.4,NW
2024-04-04 03:00,Gurugram,28.4595,77.0266,14.4,75,0,1004.6,15.6,NW
2024-04-04 04:00,Gurugram,28.4595,77.0266,15.1,92,0,1000.2,6.8,SE
2024-04-04 05:00,Gurugram,28.4595,77.0266,15.7,76,0,1001.7,7.4,SE
2024-04-04 06:00,Gurugram,28.4595,77.0266,18.2,87,0,999.8,7.8,NW
2024-04-04 07:00,Gurugram,28.4595,77.0266,15.4,76,0,1001.8,6.1,NW
2024-04-04 08:00,Gurugram,28.4595,77.0266,20.1,80,0,1003.5,10,WNW
2024-04-04 09:00,Gurugram,28.4595,77.0266,22.7,75,0,998.2,16.5,W
2024-04-04 10:00,Gurugram,28.4595,77.0266,19,67,0,999.8,12.3,W
2024-04-04 11:00,Gurugram,28.4595,77.0266,24.4,64,0,1002.5,14.2,Calm
2024-04-04 12:00,Gurugram,28.4595,77.0266,24.3,61,0,1002.5,11,ESE
2024-04-04 13:00,Gurugram,28.4595,77.0266,26.1,44,0,1000.6,2.2,NW
2024-04-04 14:00,Gurugram,28.4595,77.0266,27.5,55,0,1002.5,31.2,NW
2024-04-04 15:00,Gurugram,28.4595,77.0266,26.2,47,0,1003.1,18.2,WNW
2024-04-04 16:00,Gurugram,28.4595,77.0266,25.6,55,0,1002.2,11.4,NW
2024-04-04 17:00,Gurugram,28.4595,77.0266,26.3,49,0,1003.3,4.6,SE
2024-04-04 18:00,Gurugram,28.4595,77.0266,23.2,51,0,1001.9,13.9,WNW
2024-04-04 19:00,Gurugram,28.4595,77.0266,21.9,71,0,1001.2,9.5,WNW
2024-04-04 20:00,Gurugram,28.4595,77.0266,23.5,71,0,1001.9,10.7,W
2024-04-04 21:00,Gurugram,28.4595,77.0266,18.5,69,0,1002.6,16.3,NW
2024-04-04 22:00,Gurugram,28.4595,77.0266,20.1,74,0,999.6,12,WNW
2024-04-04 23:00,Gurugram,28.4595,77.0266,18.2,75,0,1001.9,20.2,SE
2024-04-05 00:00,Gurugram,28.4595,77.0266,13.1,82,0,1001.3,7.2,E
2024-04-05 01:00,Gurugram,28.4595,77.0266,14,77,0,1000.8,3.2,NW
2024-04-05 02:00,Gurugram,28.4595,77.0266,16.7,89,0,1000.1,9.3,W
2024-04-05 03:00,Gurugram,28.4595,77.0266,12.6,82,0,999.2,7.4,W
2024-04-05 04:00,Gurugram,28.4595,77.0266,13.7,80,0,1000.9,12.8,ESE
2024-04-05 05:00,Gurugram,28.4595,77.0266,16,81,0,1000.8,5.5,ESE
2024-04-05 06:00,Gurugram,28.4595,77.0266,17.6,75,0,1002.6,7.2,E
2024-04-05 07:00,Gurugram,28.4595,77.0266,17.1,78,0,1002.8,13.1,NW
2024-04-05 08:00,Gurugram,28.4595,77.0266,18.1,69,0,1000.5,8.2,WNW
2024-04-05 09:00,Gurugram,28.4595,77.0266,23.4,71,0,1000.4,17,SE
2024-04-05 10:00,Gurugram,28.4595,77.0266,25.6,72,0,1000.8,5.6,SE
2024-04-05 11:00,Gurugram,28.4595,77.0266,25.8,57,0,1002.8,4.4,NW
2024-04-05 12:00,Gurugram,28.4595,77.0266,25.6,57,0,1000.7,14,W
2024-04-05 13:00,Gurugram,28.4595,77.0266,25,58,0,1003.8,3.9,NW
2024-04-05 14:00,Gurugram,28.4595,77.0266,25.6,51,0,1001.6,2.5,E
2024-04-05 15:00,Gurugram,28.4595,77.0266,28.3,56,0,1002,4.3,ESE
2024-04-05 16:00,Gurugram,28.4595,77.0266,27.9,57,0,1000.9,17.8,NW
2024-04-05 17:00,Gurugram,28.4595,77.0266,29,62,0,1003.4,6.5,W
2024-04-05 18:00,Gurugram,28.4595,77.0266,26.6,54,0,1002,7.5,WNW
2024-04-05 19:00,Gurugram,28.4595,77.0266,21.4,55,0,1000.9,14.6,NW
2024-04-05 20:00,Gurugram,28.4595,77.0266,24.4,63,0,999.9,16.3,E
2024-04-05 21:00,Gurugram,28.4595,77.0266,19,63,0,1002.3,14.8,NW
2024-04-05 22:00,Gurugram,28.4595,77.0266,18.5,76,0,1000.7,14,WNW
2024-04-05 23:00,Gurugram,28.4595,77.0266,18,69,0,1001.3,6.3,W
2024-04-06 00:00,Gurugram,28.4595,77.0266,20.1,93,0,1000.3,10.2,SE
2024-04-06 01:00,Gurugram,28.4595,77.0266,21.1,89,0,1000.3,3.9,NW
2024-04-06 02:00,Gurugram,28.4595,77.0266,15.9,83,0,1000.7,7.8,W
2024-04-06 03:00,Gurugram,28.4595,77.0266,14.3,88,0,1001.3,2.9,NW
2024-04-06 04:00,Gurugram,28.4595,77.0266,15.8,73,0,1000,17,SE
2024-04-06 05:00,Gurugram,28.4595,77.0266,17.1,96,0,1001.1,7.5,NW
2024-04-06 06:00,Gurugram,28.4595,77.0266,15.9,75,0,1000.6,10,ESE
2024-04-06 07:00,Gurugram,28.4595,77.0266,21.1,75,0,1001.3,6.8,W
2024-04-06 08:00,Gurugram,28.4595,77.0266,19.8,61,0,1002.5,18.3,NW
2024-04-06 09:00,Gurugram,28.4595,77.0266,22,71,0,1001.7,3.7,NW
2024-04-06 10:00,Gurugram,28.4595,77.0266,24,57,0,1000.7,4.6,NW
2024-04-06 11:00,Gurugram,28.4595,77.0266,25.1,61,0,1001.4,9.9,E
2024-04-06 12:00,Gurugram,28.4595,77.0266,27.2,54,0,1002.1,10.2,WNW
2024-04-06 13:00,Gurugram,28.4595,77.0266,25.6,49,0,1002.3,17.1,SW
2024-04-06 14:00,Gurugram,28.4595,77.0266,26.4,49,0,1001.7,11.1,NW
2024-04-06 15:00,Gurugram,28.4595,77.0266,25.6,54,0,1003.6,10.1,NW
2024-04-06 16:00,Gurugram,28.4595,77.0266,28.2,46,0,1000.4,5.9,SW
2024-04-06 17:00,Gurugram,28.4595,77.0266,28.1,50,0,1002.1,18.3,ESE
2024-04-06 18:00,Gurugram,28.4595,77.0266,26.5,61,0,1001.3,8.5,SE
2024-04-06 19:00,Gurugram,28.4595,77.0266,27.4,76,0,1002.6,6.1,SW
2024-04-06 20:00,Gurugram,28.4595,77.0266,22.8,67,0,1001.4,5.6,Calm
2024-04-06 21:00,Gurugram,28.4595,77.0266,22.3,62,0,1003.9,10,NW
2024-04-06 22:00,Gurugram,28.4595,77.0266,17.5,70,0,1001.5,3.5,NW
2024-04-06 23:00,Gurugram,28.4595,77.0266,17.2,76,0,1002.3,3.7,NW
2024-04-07 00:00,Gurugram,28.4595,77.0266,18,76,0,1001.1,3.7,SE
2024-04-07 01:00,Gurugram,28.4595,77.0266,17.3,86,0,1001.8,24,WNW
2024-04-07 02:00,Gurugram,28.4595,77.0266,14.6,83,0,1000.6,20.7,W
2024-04-07 03:00,Gurugram,28.4595,77.0266,14.7,88,0,1001.9,5.3,E
2024-04-07 04:00,Gurugram,28.4595,77.0266,12.4,80,0,999,11.3,ESE
2024-04-07 05:00,Gurugram,28.4595,77.0266,15.1,89,0,1000.7,14.2,NW
2024-04-07 06:00,Gurugram,28.4595,77.0266,18.4,77,0,1000.5,12.2,WNW
2024-04-07 07:00,Gurugram,28.4595,77.0266,19.2,69,0,1003.7,4.3,NW
2024-04-07 08:00,Gurugram,28.4595,77.0266,20.6,85,0,1000.5,5.8,WNW
2024-04-07 09:00,Gurugram,28.4595,77.0266,21.5,57,0,1000.8,11.2,NW
2024-04-07 10:00,Gurugram,28.4595,77.0266,23.1,59,0,1000.5,3.6,NW
2024-04-07 11:00,Gurugram,28.4595,77.0266,23.4,56,0,1001.9,17.6,SE
2024-04-07 12:00,Gurugram,28.4595,77.0266,27.2,72,0,1001,4.2,Calm
2024-04-07 13:00,Gurugram,28.4595,77.0266,27.8,65,0,1000.8,10.5,Calm
2024-04-07 14:00,Gurugram,28.4595,77.0266,28.5,62,0,1003.9,15.5,NW
2024-04-07 15:00,Gurugram,28.4595,77.0266,26.9,51,0,1001.5,16.5,SE
2024-04-07 16:00,Gurugram,28.4595,77.0266,23.8,68,0,1002.2,16.7,ESE
2024-04-07 17:00,Gurugram,28.4595,77.0266,29,57,0,1001.9,5.9,SE
2024-04-07 18:00,Gurugram,28.4595,77.0266,25.1,63,0,1000.4,6.4,SE
2024-04-07 19:00,Gurugram,28.4595,77.0266,23.1,61,0,1000.7,11.7,Calm
2024-04-07 20:00,Gurugram,28.4595,77.0266,24.3,63,0,1000,14,NW
2024-04-07 21:00,Gurugram,28.4595,77.0266,20.7,66,0,999.9,13.6,ESE
2024-04-07 22:00,Gurugram,28.4595,77.0266,21.6,70,0,1001.4,14.5,ESE
2024-04-07 23:00,Gurugram,28.4595,77.0266,19.2,79,0,1001.5,12.6,NW
2024-04-08 00:00,Gurugram,28.4595,77.0266,18.3,80,0,1001.2,11.3,WNW
2024-04-08 01:00,Gurugram,28.4595,77.0266,13.5,80,0,1001.8,6.3,NW
2024-04-08 02:00,Gurugram,28.4595,77.0266,17.5,91,0,1001.1,11.5,SW
2024-04-08 03:00,Gurugram,28.4595,77.0266,15.6,64,0,1002.8,22.5,E
2024-04-08 04:00,Gurugram,28.4595,77.0266,14.7,85,0,1000.7,7.9,W
2024-04-08 05:00,Gurugram,28.4595,77.0266,16.3,85,0,1002.5,7.5,WNW
2024-04-08 06:00,Gurugram,28.4595,77.0266,13.8,85,0,1002.2,13.3,NW
2024-04-08 07:00,Gurugram,28.4595,77.0266,19.1,74,0,998.2,4.2,SE
2024-04-08 08:00,Gurugram,28.4595,77.0266,18.1,72,0,999.5,10.4,NW
2024-04-08 09:00,Gurugram,28.4595,77.0266,19.2,73,0,999.2,17.2,WNW
2024-04-08 10:00,Gurugram,28.4595,77.0266,20.6,72,0,1001.7,10.4,E
2024-04-08 11:00,Gurugram,28.4595,77.0266,26.9,58,0,1000,10.4,W
2024-04-08 12:00,Gurugram,28.4595,77.0266,25.1,58,0,1002.6,2,W
2024-04-08 13:00,Gurugram,28.4595,77.0266,30,64,0,1000,8,NW
2024-04-08 14:00,Gurugram,28.4595,77.0266,27,40,0,1001.5,5,NW
2024-04-08 15:00,Gurugram,28.4595,77.0266,25.1,48,0,1000.1,4,ESE
2024-04-08 16:00,Gurugram,28.4595,77.0266,25.9,62,0,1002,8.9,NW
2024-04-08 17:00,Gurugram,28.4595,77.0266,29.5,61,0,1000.9,13.9,WNW
2024-04-08 18:00,Gurugram,28.4595,77.0266,26,60,0,1000.8,8.5,WNW
2024-04-08 19:00,Gurugram,28.4595,77.0266,23.9,57,0,1000.5,15.7,WNW
2024-04-08 20:00,Gurugram,28.4595,77.0266,23.6,58,0,1000,13.8,WNW
2024-04-08 21:00,Gurugram,28.4595,77.0266,22.5,64,0,1001.7,6.5,WNW
2024-04-08 22:00,Gurugram,28.4595,77.0266,22,80,0,1000.5,7.1,W
2024-04-08 23:00,Gurugram,28.4595,77.0266,21,71,0,1004.2,2.5,NW
2024-04-09 00:00,Gurugram,28.4595,77.0266,16.7,78,0,1003.2,26.8,NW
2024-04-09 01:00,Gurugram,28.4595,77.0266,13.9,75,0,1000.9,5.2,SE
2024-04-09 02:00,Gurugram,28.4595,77.0266,14.9,86,0,1000.8,10.6,WNW
2024-04-09 03:00,Gurugram,28.4595,77.0266,15.9,79,0,1001,8.8,WNW
2024-04-09 04:00,Gurugram,28.4595,77.0266,13.9,81,0,1003.1,21.8,WNW
2024-04-09 05:00,Gurugram,28.4595,77.0266,14.6,70,0,1003.8,11.5,NW
2024-04-09 06:00,Gurugram,28.4595,77.0266,17.9,68,0,998.9,9.5,NW
2024-04-09 07:00,Gurugram,28.4595,77.0266,18.6,74,0,1002.9,19,WNW
2024-04-09 08:00,Gurugram,28.4595,77.0266,20.3,63,0,1000.9,10.6,WNW
2024-04-09 09:00,Gurugram,28.4595,77.0266,20.5,79,0,1000.3,5.6,WNW
2024-04-09 10:00,Gurugram,28.4595,77.0266,23.2,51,0,1002.6,12.9,NW
2024-04-09 11:00,Gurugram,28.4595,77.0266,23.5,55,0,1001.4,3.9,NW
2024-04-09 12:00,Gurugram,28.4595,77.0266,28.1,56,0,1002.9,5.1,WNW
2024-04-09 13:00,Gurugram,28.4595,77.0266,29.4,52,0,1002.4,7.3,WNW
2024-04-09 14:00,Gurugram,28.4595,77.0266,24.9,46,0,1001.7,4.4,E
2024-04-09 15:00,Gurugram,28.4595,77.0266,26.7,46,0,1003.2,7.8,NW
2024-04-09 16:00,Gurugram,28.4595,77.0266,25.5,46,0,1001.1,1.5,Calm
2024-04-09 17:00,Gurugram,28.4595,77.0266,26.4,52,0,999.9,10.5,Calm
2024-04-09 18:00,Gurugram,28.4595,77.0266,26.4,68,0,1003.6,12.5,W
2024-04-09 19:00,Gurugram,28.4595,77.0266,22.5,60,0,1001,6.7,ESE
2024-04-09 20:00,Gurugram,28.4595,77.0266,21.9,70,0,1001.5,3,SW
2024-04-09 21:00,Gurugram,28.4595,77.0266,20.1,70,0,1000.6,9.3,NW
2024-04-09 22:00,Gurugram,28.4595,77.0266,20.6,77,0,1001.4,13.8,NW
2024-04-09 23:00,Gurugram,28.4595,77.0266,18.8,58,0,1001.6,3.6,NW
2024-04-10 00:00,Gurugram,28.4595,77.0266,16.3,75,0,999.9,37,W
2024-04-10 01:00,Gurugram,28.4595,77.0266,16.9,87,0,999.9,10.7,NW
2024-04-10 02:00,Gurugram,28.4595,77.0266,14.9,78,0,1000.2,14.2,SW
2024-04-10 03:00,Gurugram,28.4595,77.0266,15.2,92,0,1001.1,32,WNW
2024-04-10 04:00,Gurugram,28.4595,77.0266,18.9,90,0,1001.7,12,SW
2024-04-10 05:00,Gurugram,28.4595,77.0266,19,77,0,1002.8,5.5,NW
2024-04-10 06:00,Gurugram,28.4595,77.0266,15.2,74,0,1004.2,6.2,ESE
2024-04-10 07:00,Gurugram,28.4595,77.0266,20.4,68,0,1001.4,16.7,W
2024-04-10 08:00,Gurugram,28.4595,77.0266,22,67,0,1000.7,15.1,WNW
2024-04-10 09:00,Gurugram,28.4595,77.0266,20.1,59,0,998.4,16.9,E
2024-04-10 10:00,Gurugram,28.4595,77.0266,25.3,65,0,1001.5,13.3,WNW
2024-04-10 11:00,Gurugram,28.4595,77.0266,28.2,50,0,1001,12.2,NW
2024-04-10 12:00,Gurugram,28.4595,77.0266,24.8,59,0,1000.8,1.7,Calm
2024-04-10 13:00,Gurugram,28.4595,77.0266,26.2,57,0,1000.4,14.4,WNW
2024-04-10 14:00,Gurugram,28.4595,77.0266,30.3,42,0,1000.5,11.8,NW
2024-04-10 15:00,Gurugram,28.4595,77.0266,29.2,61,0,1001.6,4.7,WNW
2024-04-10 16:00,Gurugram,28.4595,77.0266,29.4,55,0,1002,6.3,W
2024-04-10 17:00,Gurugram,28.4595,77.0266,28.4,58,0,1001.2,15.6,WNW
2024-04-10 18:00,Gurugram,28.4595,77.0266,27.5,51,0,1002.2,32.3,W
2024-04-10 19:00,Gurugram,28.4595,77.0266,23,63,0,1002.8,17.3,W
2024-04-10 20:00,Gurugram,28.4595,77.0266,25.7,69,0,1001.1,22.9,NW
2024-04-10 21:00,Gurugram,28.4595,77.0266,24.3,66,0,1002.7,3.4,NW
2024-04-10 22:00,Gurugram,28.4595,77.0266,20.1,82,0,1000.1,17.9,ESE
2024-04-10 23:00,Gurugram,28.4595,77.0266,18.8,74,0,1001.6,14.8,W
2024-04-11 00:00,Gurugram,28.4595,77.0266,15.1,84,0,1000.7,11.4,NW
2024-04-11 01:00,Gurugram,28.4595,77.0266,17.7,81,0,1001.8,7.1,NW
2024-04-11 02:00,Gurugram,28.4595,77.0266,17.2,84,0,998.6,12.5,SW
2024-04-11 03:00,Gurugram,28.4595,77.0266,15.8,71,0,1002.6,16.1,E
2024-04-11 04:00,Gurugram,28.4595,77.0266,18.2,83,0,1001.1,9.8,ESE
2024-04-11 05:00,Gurugram,28.4595,77.0266,16.2,75,0,1001.7,6,NW
2024-04-11 06:00,Gurugram,28.4595,77.0266,18.9,72,0,1000.2,21,W
2024-04-11 07:00,Gurugram,28.4595,77.0266,17.4,84,0,1003.2,8.1,NW
2024-04-11 08:00,Gurugram,28.4595,77.0266,20.7,69,0,1001.6,11.7,W
2024-04-11 09:00,Gurugram,28.4595,77.0266,22.1,60,0,1000.7,2.2,ESE
2024-04-11 10:00,Gurugram,28.4595,77.0266,24.5,60,0,998.7,5.7,WNW
2024-04-11 11:00,Gurugram,28.4595,77.0266,25,51,0,1000.8,18.1,NW
2024-04-11 12:00,Gurugram,28.4595,77.0266,26.8,64,0,998.4,17.3,W
2024-04-11 13:00,Gurugram,28.4595,77.0266,29.6,49,0,1001.3,12.5,SE
2024-04-11 14:00,Gurugram,28.4595,77.0266,27.9,55,0,1001.9,2.5,W
2024-04-11 15:00,Gurugram,28.4595,77.0266,26.1,59,0,1002,6.2,ESE
2024-04-11 16:00,Gurugram,28.4595,77.0266,31.9,49,0,1000.1,26.4,NW
2024-04-11 17:00,Gurugram,28.4595,77.0266,30.6,56,0,1000.4,10,ESE
2024-04-11 18:00,Gurugram,28.4595,77.0266,24.7,49,0,1001.1,15.7,W
2024-04-11 19:00,Gurugram,28.4595,77.0266,26.9,73,0,1000.5,6.1,WNW
2024-04-11 20:00,Gurugram,28.4595,77.0266,23.2,68,0,999.2,9.7,ESE
2024-04-11 21:00,Gurugram,28.4595,77.0266,22.9,65,0,1000.4,6.2,W
2024-04-11 22:00,Gurugram,28.4595,77.0266,21.3,65,0,1001.7,7.6,W
2024-04-11 23:00,Gurugram,28.4595,77.0266,18.8,73,0,1000.6,5.5,NW
2024-04-12 00:00,Gurugram,28.4595,77.0266,16.7,74,0,1000.9,8.5,NW
2024-04-12 01:00,Gurugram,28.4595,77.0266,15.8,90,0,1000.5,8.8,Calm
2024-04-12 02:00,Gurugram,28.4595,77.0266,14.8,73,0,1004,14.6,WNW
2024-04-12 03:00,Gurugram,28.4595,77.0266,14.7,81,0,1001.3,2.9,NW
2024-04-12 04:00,Gurugram,28.4595,77.0266,16.3,80,0,1001.4,4.1,E
2024-04-12 05:00,Gurugram,28.4595,77.0266,15.8,78,0,1000.5,9.8,NW
2024-04-12 06:00,Gurugram,28.4595,77.0266,19.4,76,0,1001.7,4.5,WNW
2024-04-12 07:00,Gurugram,28.4595,77.0266,22.1,72,0,1001.3,4.8,NW
2024-04-12 08:00,Gurugram,28.4595,77.0266,20,75,0,999.1,22.6,Calm
2024-04-12 09:00,Gurugram,28.4595,77.0266,23.2,69,0,1002.9,14.1,WNW
2024-04-12 10:00,Gurugram,28.4595,77.0266,25.3,64,0,1001,8.6,ESE
2024-04-12 11:00,Gurugram,28.4595,77.0266,26.8,40,0,1001.8,5.9,W
2024-04-12 12:00,Gurugram,28.4595,77.0266,27.5,57,0,1000.4,23.6,NW
2024-04-12 13:00,Gurugram,28.4595,77.0266,29.7,43,0,1001.7,3.6,WNW
2024-04-12 14:00,Gurugram,28.4595,77.0266,29.9,55,0,1001.9,16.8,WNW
2024-04-12 15:00,Gurugram,28.4595,77.0266,27,60,0,999.4,24.4,Calm
2024-04-12 16:00,Gurugram,28.4595,77.0266,30.6,46,0,1001.8,9.9,SE
2024-04-12 17:00,Gurugram,28.4595,77.0266,29.9,51,0,1001,12.1,E
2024-04-12 18:00,Gurugram,28.4595,77.0266,25.9,51,0,999.9,12.5,NW
2024-04-12 19:00,Gurugram,28.4595,77.0266,26,66,0,1003.2,14.5,WNW
2024-04-12 20:00,Gurugram,28.4595,77.0266,25.6,62,0,1000,11.2,WNW
2024-04-12 21:00,Gurugram,28.4595,77.0266,22.3,76,0,1001.4,11.9,W
2024-04-12 22:00,Gurugram,28.4595,77.0266,23,72,0,999.7,5.8,ESE
2024-04-12 23:00,Gurugram,28.4595,77.0266,23.7,75,0,999.8,2.4,SE
2024-04-13 00:00,Gurugram,28.4595,77.0266,17,76,0,1002.4,16.2,E
2024-04-13 01:00,Gurugram,28.4595,77.0266,14.9,83,0,1000.7,4.2,NW
2024-04-13 02:00,Gurugram,28.4595,77.0266,17.3,69,0,1002.8,21.7,SE
2024-04-13 03:00,Gurugram,28.4595,77.0266,17.8,81,0,1000.6,8.9,W
2024-04-13 04:00,Gurugram,28.4595,77.0266,16.3,79,0,1000.6,27.9,W
2024-04-13 05:00,Gurugram,28.4595,77.0266,20,83,0,1000.2,11.8,W
2024-04-13 06:00,Gurugram,28.4595,77.0266,16,75,0,1000.5,7.3,E
2024-04-13 07:00,Gurugram,28.4595,77.0266,21,67,0,1001.9,13.9,W
2024-04-13 08:00,Gurugram,28.4595,77.0266,20.2,69,0,1001.2,26,NW
2024-04-13 09:00,Gurugram,28.4595,77.0266,26.1,59,0,1000.7,10.3,WNW
2024-04-13 10:00,Gurugram,28.4595,77.0266,28.3,50,0,1001.9,10,SW
2024-04-13 11:00,Gurugram,28.4595,77.0266,24.9,62,0,1001.8,9.5,SE
2024-04-13 12:00,Gurugram,28.4595,77.0266,26.6,58,0,1000.8,7.3,NW
2024-04-13 13:00,Gurugram,28.4595,77.0266,30.2,55,0,1002.9,11.2,ESE
2024-04-13 14:00,Gurugram,28.4595,77.0266,28.6,59,0,999.3,12.3,NW
2024-04-13 15:00,Gurugram,28.4595,77.0266,29.4,46,0,1001.6,27.6,WNW
2024-04-13 16:00,Gurugram,28.4595,77.0266,29.3,42,0,1001,7.3,WNW
2024-04-13 17:00,Gurugram,28.4595,77.0266,25.2,52,0,1001.7,23.3,WNW
2024-04-13 18:00,Gurugram,28.4595,77.0266,27.6,53,0,1001.2,12.7,NW
2024-04-13 19:00,Gurugram,28.4595,77.0266,25,53,0,1001.4,14,SE
2024-04-13 20:00,Gurugram,28.4595,77.0266,23.8,61,0,999,6.7,SE
2024-04-13 21:00,Gurugram,28.4595,77.0266,25.6,62,0,1001.4,9,W
2024-04-13 22:00,Gurugram,28.4595,77.0266,19,58,0,1002.4,8,NW
2024-04-13 23:00,Gurugram,28.4595,77.0266,21.2,70,0,1000.4,14.8,NW
2024-04-14 00:00,Gurugram,28.4595,77.0266,18.2,69,0,1002.3,5.2,NW
2024-04-14 01:00,Gurugram,28.4595,77.0266,17.1,79,0,1000.7,5,NW
2024-04-14 02:00,Gurugram,28.4595,77.0266,18.4,75,0,1000.4,2,E
2024-04-14 03:00,Gurugram,28.4595,77.0266,17.4,87,0,1000.4,14,WNW
2024-04-14 04:00,Gurugram,28.4595,77.0266,18,89,0,999.9,4.2,NW
2024-04-14 05:00,Gurugram,28.4595,77.0266,19.4,82,0,1001.2,9.7,NW
2024-04-14 06:00,Gurugram,28.4595,77.0266,18.1,66,0,1000.3,3.7,SW
2024-04-14 07:00,Gurugram,28.4595,77.0266,18.9,81,0,1000.4,9.8,WNW
2024-04-14 08:00,Gurugram,28.4595,77.0266,19.6,78,0,1000.3,9.5,WNW
2024-04-14 09:00,Gurugram,28.4595,77.0266,21.8,65,0,1001.5,6.9,W
2024-04-14 10:00,Gurugram,28.4595,77.0266,30.3,69,0,999.6,12.3,NW
2024-04-14 11:00,Gurugram,28.4595,77.0266,28.8,54,0,1001.8,6.6,Calm
2024-04-14 12:00,Gurugram,28.4595,77.0266,25.4,43,0,1001.7,15.9,NW
2024-04-14 13:00,Gurugram,28.4595,77.0266,26.5,47,0,1001.7,18.1,ESE
2024-04-14 14:00,Gurugram,28.4595,77.0266,30.4,61,0,999.9,18.8,NW
2024-04-14 15:00,Gurugram,28.4595,77.0266,30.8,41,0,1001.4,9.8,WNW
2024-04-14 16:00,Gurugram,28.4595,77.0266,30.5,50,0,1002.6,13.6,E
2024-04-14 17:00,Gurugram,28.4595,77.0266,28.4,52,0,999.6,9.8,ESE
2024-04-14 18:00,Gurugram,28.4595,77.0266,27.6,51,0,1001.3,12.7,WNW
2024-04-14 19:00,Gurugram,28.4595,77.0266,27.1,55,0,999.7,10.1,W
2024-04-14 20:00,Gurugram,28.4595,77.0266,25.1,61,0,1000.8,10.7,NW
2024-04-14 21:00,Gurugram,28.4595,77.0266,19.3,62,0,1001,22.3,Calm
2024-04-14 22:00,Gurugram,28.4595,77.0266,21.2,60,0,1000.3,2.5,ESE
2024-04-14 23:00,Gurugram,28.4595,77.0266,18.5,74,0,1000.2,11,WNW
2024-04-15 00:00,Gurugram,28.4595,77.0266,19.3,82,0,1001.4,10.9,NW
2024-04-15 01:00,Gurugram,28.4595,77.0266,23.3,83,0,999.8,6.5,NW
2024-04-15 02:00,Gurugram,28.4595,77.0266,17.9,74,0,1001.7,13.4,SE
2024-04-15 03:00,Gurugram,28.4595,77.0266,16.5,72,0,1003.1,9.5,WNW
2024-04-15 04:00,Gurugram,28.4595,77.0266,18.9,77,0,999.5,7,WNW
2024-04-15 05:00,Gurugram,28.4595,77.0266,18.8,87,0,999.5,10.6,SW
2024-04-15 06:00,Gurugram,28.4595,77.0266,19.7,79,0,999.2,23,NW
2024-04-15 07:00,Gurugram,28.4595,77.0266,21.4,76,0,1000.5,33,NW
2024-04-15 08:00,Gurugram,28.4595,77.0266,25.6,74,0,1002.1,8.5,WNW
2024-04-15 09:00,Gurugram,28.4595,77.0266,21.5,67,0,1002.2,8,NW
2024-04-15 10:00,Gurugram,28.4595,77.0266,26.1,61,0,1001.6,9.4,W
2024-04-15 11:00,Gurugram,28.4595,77.0266,25.1,61,0,1001.3,3.2,W
2024-04-15 12:00,Gurugram,28.4595,77.0266,29.1,51,0,1002.6,8.8,NW
2024-04-15 13:00,Gurugram,28.4595,77.0266,27.5,43,0,1000.5,2.5,NW
2024-04-15 14:00,Gurugram,28.4595,77.0266,29.1,54,0,1001.7,2.4,NW
2024-04-15 15:00,Gurugram,28.4595,77.0266,29.5,57,0,1003.4,5.7,NW
2024-04-15 16:00,Gurugram,28.4595,77.0266,31.6,43,0,1002.5,12.8,NW
2024-04-15 17:00,Gurugram,28.4595,77.0266,30.8,56,0,999.7,5.1,NW
2024-04-15 18:00,Gurugram,28.4595,77.0266,25.9,64,0,1000.4,11.4,WNW
2024-04-15 19:00,Gurugram,28.4595,77.0266,26.9,57,0,1003.5,8,SE
2024-04-15 20:00,Gurugram,28.4595,77.0266,23.9,56,0,1000.4,6.5,NW
2024-04-15 21:00,Gurugram,28.4595,77.0266,21.3,65,0,1003,16.4,ESE
2024-04-15 22:00,Gurugram,28.4595,77.0266,21.5,65,0,1000.5,10.3,NW
2024-04-15 23:00,Gurugram,28.4595,77.0266,19.7,68,0,1000.8,12.4,W
2024-04-16 00:00,Gurugram,28.4595,77.0266,23.6,77,0,999.9,8,SE
2024-04-16 01:00,Gurugram,28.4595,77.0266,19,67,0,1000.1,15.1,W
2024-04-16 02:00,Gurugram,28.4595,77.0266,15.1,70,0,1000.8,4.4,NW
2024-04-16 03:00,Gurugram,28.4595,77.0266,16.3,79,0,1001.3,18.6,WNW
2024-04-16 04:00,Gurugram,28.4595,77.0266,19.4,78,0,1000.6,1.6,SE
2024-04-16 05:00,Gurugram,28.4595,77.0266,21.9,79,0,1001.9,1.8,WNW
2024-04-16 06:00,Gurugram,28.4595,77.0266,16.4,86,0,1000.6,6.9,NW
2024-04-16 07:00,Gurugram,28.4595,77.0266,17.2,72,0,998.6,7.9,SW
2024-04-16 08:00,Gurugram,28.4595,77.0266,25.5,72,0,1000.8,7.7,W
2024-04-16 09:00,Gurugram,28.4595,77.0266,24.5,58,0,1000.5,5.2,SE
2024-04-16 10:00,Gurugram,28.4595,77.0266,23.9,65,0,1002.8,23.8,NW
2024-04-16 11:00,Gurugram,28.4595,77.0266,28,53,0,1002.1,9.1,WNW
2024-04-16 12:00,Gurugram,28.4595,77.0266,23.7,54,0,1002.2,18.8,WNW
2024-04-16 13:00,Gurugram,28.4595,77.0266,29.4,50,0,1001.9,2.6,W
2024-04-16 14:00,Gurugram,28.4595,77.0266,30.7,56,0,1001.6,5.3,NW
2024-04-16 15:00,Gurugram,28.4595,77.0266,32,41,0,1001.6,4.4,WNW
2024-04-16 16:00,Gurugram,28.4595,77.0266,28.3,36,0,1002.1,2.3,ESE
2024-04-16 17:00,Gurugram,28.4595,77.0266,29.6,50,0,1001.7,10.8,WNW
2024-04-16 18:00,Gurugram,28.4595,77.0266,26.7,56,0,1000.4,6.8,ESE
2024-04-16 19:00,Gurugram,28.4595,77.0266,27.5,58,0,999.3,3.7,WNW
2024-04-16 20:00,Gurugram,28.4595,77.0266,23.9,68,0,998.8,5.7,WNW
2024-04-16 21:00,Gurugram,28.4595,77.0266,23.1,67,0,1000,13.8,NW
2024-04-16 22:00,Gurugram,28.4595,77.0266,20.3,65,0,1000.2,20.7,W
2024-04-16 23:00,Gurugram,28.4595,77.0266,21.7,58,0,1000.9,6.9,NW
2024-04-17 00:00,Gurugram,28.4595,77.0266,21,73,0,1000.9,6.1,SE
2024-04-17 01:00,Gurugram,28.4595,77.0266,18,83,0,1003.1,7.2,W
2024-04-17 02:00,Gurugram,28.4595,77.0266,17.9,76,0,1001.7,5.9,W
2024-04-17 03:00,Gurugram,28.4595,77.0266,15,79,0,1000.1,6.2,SW
2024-04-17 04:00,Gurugram,28.4595,77.0266,17.3,81,0,1002.7,21.9,NW
2024-04-17 05:00,Gurugram,28.4595,77.0266,18.4,71,0,1000.7,14.2,W
2024-04-17 06:00,Gurugram,28.4595,77.0266,24.2,78,0,1001.7,15.5,WNW
2024-04-17 07:00,Gurugram,28.4595,77.0266,18.8,81,0,1001.6,5.1,Calm
2024-04-17 08:00,Gurugram,28.4595,77.0266,25,67,0,1001.1,13.7,SE
2024-04-17 09:00,Gurugram,28.4595,77.0266,25.9,57,0,1002.7,8.2,ESE
2024-04-17 10:00,Gurugram,28.4595,77.0266,26.3,59,0,1000.3,4.6,NW
2024-04-17 11:00,Gurugram,28.4595,77.0266,30.5,43,0,1001.2,29.9,NW
2024-04-17 12:00,Gurugram,28.4595,77.0266,29.4,55,0,999.9,12,NW
2024-04-17 13:00,Gurugram,28.4595,77.0266,30.4,53,0,1001.4,21.6,W
2024-04-17 14:00,Gurugram,28.4595,77.0266,30.3,59,0,1001.5,17.4,WNW
2024-04-17 15:00,Gurugram,28.4595,77.0266,32.8,48,0,1001.1,2.5,NW
2024-04-17 16:00,Gurugram,28.4595,77.0266,32.3,52,0,1001.1,5.2,W
2024-04-17 17:00,Gurugram,28.4595,77.0266,28.6,46,0,1000.8,13.7,SE
2024-04-17 18:00,Gurugram,28.4595,77.0266,26.3,51,0,1001.5,7.7,NW
2024-04-17 19:00,Gurugram,28.4595,77.0266,27,47,0,1001.8,12.2,SW
2024-04-17 20:00,Gurugram,28.4595,77.0266,24.3,59,0,999.6,17.1,NW
2024-04-17 21:00,Gurugram,28.4595,77.0266,24,62,0,1000.7,2.4,NW
2024-04-17 22:00,Gurugram,28.4595,77.0266,24.6,69,0,1000.6,11.6,SE
2024-04-17 23:00,Gurugram,28.4595,77.0266,20,67,0,1001.8,6.7,WNW
2024-04-18 00:00,Gurugram,28.4595,77.0266,19.7,74,0,1002.5,14.5,SW
2024-04-18 01:00,Gurugram,28.4595,77.0266,18.8,74,0,1001.5,18.8,WNW
2024-04-18 02:00,Gurugram,28.4595,77.0266,19.6,76,0,1001.2,9.1,SW
2024-04-18 03:00,Gurugram,28.4595,77.0266,13.8,79,0,1000.1,8.4,NW
2024-04-18 04:00,Gurugram,28.4595,77.0266,17,78,0,1003.2,12,W
2024-04-18 05:00,Gurugram,28.4595,77.0266,19.1,81,0,999.9,14.4,Calm
2024-04-18 06:00,Gurugram,28.4595,77.0266,21.9,73,0,999.5,26.7,WNW
2024-04-18 07:00,Gurugram,28.4595,77.0266,20.2,69,0,1001.9,1.8,NW
2024-04-18 08:00,Gurugram,28.4595,77.0266,19.3,66,0,1000.4,25.8,NW
2024-04-18 09:00,Gurugram,28.4595,77.0266,25.5,59,0,1001.9,17.7,E
2024-04-18 10:00,Gurugram,28.4595,77.0266,24.9,57,0,1002.7,21.4,WNW
2024-04-18 11:00,Gurugram,28.4595,77.0266,25.5,68,0,1000.7,9,W
2024-04-18 12:00,Gurugram,28.4595,77.0266,27.8,47,0,1001.6,7.4,SE
2024-04-18 13:00,Gurugram,28.4595,77.0266,29.7,49,0,1000.5,2.8,SE
2024-04-18 14:00,Gurugram,28.4595,77.0266,29.6,46,0,1001.1,6.2,WNW
2024-04-18 15:00,Gurugram,28.4595,77.0266,26.9,47,0,1000.9,13.7,E
2024-04-18 16:00,Gurugram,28.4595,77.0266,32.3,47,0,1002.2,6.1,WNW
2024-04-18 17:00,Gurugram,28.4595,77.0266,32.3,52,0,1000.4,10.2,ESE
2024-04-18 18:00,Gurugram,28.4595,77.0266,30.1,42,0,1000.2,12.6,NW
2024-04-18 19:00,Gurugram,28.4595,77.0266,25.6,62,0,1000.8,14.7,NW
2024-04-18 20:00,Gurugram,28.4595,77.0266,25.7,63,0,1001.8,29.1,E
2024-04-18 21:00,Gurugram,28.4595,77.0266,24.4,56,0,1000.1,10.1,NW
2024-04-18 22:00,Gurugram,28.4595,77.0266,23.8,54,0,999.6,14.2,WNW
2024-04-18 23:00,Gurugram,28.4595,77.0266,22.3,65,0,1002.4,7.9,W
2024-04-19 00:00,Gurugram,28.4595,77.0266,18.7,72,0,998.3,4.6,W
2024-04-19 01:00,Gurugram,28.4595,77.0266,19.2,91,0,999.4,6.6,NW
2024-04-19 02:00,Gurugram,28.4595,77.0266,19.2,81,0,1003.6,8.7,ESE
2024-04-19 03:00,Gurugram,28.4595,77.0266,20.8,67,0,998.9,12.6,W
2024-04-19 04:00,Gurugram,28.4595,77.0266,19.6,73,0,1000.5,26.1,E
2024-04-19 05:00,Gurugram,28.4595,77.0266,20.4,76,0,1000.2,9.5,W
2024-04-19 06:00,Gurugram,28.4595,77.0266,20.2,75,0,998.3,7.1,WNW
2024-04-19 07:00,Gurugram,28.4595,77.0266,23.9,63,0,999.8,7,WNW
2024-04-19 08:00,Gurugram,28.4595,77.0266,23.7,66,0,1001.3,11.5,NW
2024-04-19 09:00,Gurugram,28.4595,77.0266,23.1,59,0,1001.9,11.4,NW
2024-04-19 10:00,Gurugram,28.4595,77.0266,28.8,52,0,1002.3,10.9,NW
2024-04-19 11:00,Gurugram,28.4595,77.0266,29.1,57,0,1000.6,9,SW
2024-04-19 12:00,Gurugram,28.4595,77.0266,28.4,57,0,998.8,15.2,E
2024-04-19 13:00,Gurugram,28.4595,77.0266,29.4,55,0,1001.1,2.3,WNW
2024-04-19 14:00,Gurugram,28.4595,77.0266,31.5,52,0,1002.7,13.6,NW
2024-04-19 15:00,Gurugram,28.4595,77.0266,32,45,0,1002.8,7.4,NW
2024-04-19 16:00,Gurugram,28.4595,77.0266,31.3,53,0,1002.2,12.2,NW
2024-04-19 17:00,Gurugram,28.4595,77.0266,30.8,52,0,999.4,13.4,SW
2024-04-19 18:00,Gurugram,28.4595,77.0266,32.3,53,0,1000.8,7,W
2024-04-19 19:00,Gurugram,28.4595,77.0266,29.8,52,0,1001.3,31.4,SE
2024-04-19 20:00,Gurugram,28.4595,77.0266,26.7,56,0,1001.5,5.1,WNW
2024-04-19 21:00,Gurugram,28.4595,77.0266,26.3,63,0,998.9,20.1,W
2024-04-19 22:00,Gurugram,28.4595,77.0266,21.1,81,0,1003.5,8.9,W
2024-04-19 23:00,Gurugram,28.4595,77.0266,22.1,72,0,1002.6,16.5,NW
2024-04-20 00:00,Gurugram,28.4595,77.0266,23.6,69,0,1001,3,WNW
2024-04-20 01:00,Gurugram,28.4595,77.0266,18.9,70,0,1001.2,13,E
2024-04-20 02:00,Gurugram,28.4595,77.0266,17.1,74,0,1000.4,9.4,WNW
2024-04-20 03:00,Gurugram,28.4595,77.0266,17.2,91,0,1002.5,13.7,WNW
2024-04-20 04:00,Gurugram,28.4595,77.0266,16.7,75,0,999.6,13.7,W
2024-04-20 05:00,Gurugram,28.4595,77.0266,17.9,81,0,1001.1,15.8,WNW
2024-04-20 06:00,Gurugram,28.4595,77.0266,19.7,71,0,1000,19.9,WNW
2024-04-20 07:00,Gurugram,28.4595,77.0266,19.1,72,0,1001,23,NW
2024-04-20 08:00,Gurugram,28.4595,77.0266,23.3,71,0,1002.4,3.6,Calm
2024-04-20 09:00,Gurugram,28.4595,77.0266,26.5,59,0,1000.2,2.7,NW
2024-04-20 10:00,Gurugram,28.4595,77.0266,25,55,0,1001.2,7.3,WNW
2024-04-20 11:00,Gurugram,28.4595,77.0266,30.9,65,0,1000.8,11,NW
2024-04-20 12:00,Gurugram,28.4595,77.0266,30.4,58,0,1000.1,7.5,NW
2024-04-20 13:00,Gurugram,28.4595,77.0266,32.4,54,0,1000.3,16.7,W
2024-04-20 14:00,Gurugram,28.4595,77.0266,30,53,0,1000.3,21.8,Calm
2024-04-20 15:00,Gurugram,28.4595,77.0266,33,50,0,998.8,15.3,ESE
2024-04-20 16:00,Gurugram,28.4595,77.0266,29.2,60,0,1000.8,3.9,NW
2024-04-20 17:00,Gurugram,28.4595,77.0266,32.1,50,0,1001.1,20.3,WNW
2024-04-20 18:00,Gurugram,28.4595,77.0266,29.8,55,0,999.2,6.8,NW
2024-04-20 19:00,Gurugram,28.4595,77.0266,29.2,46,0,1000.5,2,W
2024-04-20 20:00,Gurugram,28.4595,77.0266,24.5,54,0,1000.7,4.5,NW
2024-04-20 21:00,Gurugram,28.4595,77.0266,23.3,55,0,1002,16.5,SE
2024-04-20 22:00,Gurugram,28.4595,77.0266,24.3,74,0,1003.1,13.9,NW
2024-04-20 23:00,Gurugram,28.4595,77.0266,20,55,0,1001.5,9.8,NW
2024-04-21 00:00,Gurugram,28.4595,77.0266,21.4,70,0,999.3,7.9,E
2024-04-21 01:00,Gurugram,28.4595,77.0266,17.1,57,0,999.9,4.2,SW
2024-04-21 02:00,Gurugram,28.4595,77.0266,20.4,72,0,1001.1,7.2,NW
2024-04-21 03:00,Gurugram,28.4595,77.0266,16.5,74,0,1000.5,3.5,NW
2024-04-21 04:00,Gurugram,28.4595,77.0266,19.9,85,0,1001,13.8,ESE
2024-04-21 05:00,Gurugram,28.4595,77.0266,20.7,77,0,1002,16.3,W
2024-04-21 06:00,Gurugram,28.4595,77.0266,19.3,68,0,1000.8,14.3,SW
2024-04-21 07:00,Gurugram,28.4595,77.0266,23,76,0,1003.9,17.1,WNW
2024-04-21 08:00,Gurugram,28.4595,77.0266,24,66,0,999.1,10.7,NW
2024-04-21 09:00,Gurugram,28.4595,77.0266,24.2,62,0,1001.6,16.7,NW
2024-04-21 10:00,Gurugram,28.4595,77.0266,25.1,51,0,999,1.5,W
2024-04-21 11:00,Gurugram,28.4595,77.0266,24.9,49,0,1000,9.2,ESE
2024-04-21 12:00,Gurugram,28.4595,77.0266,30.4,47,0,1002,14,SE
2024-04-21 13:00,Gurugram,28.4595,77.0266,28,49,0,998.5,6.6,SW
2024-04-21 14:00,Gurugram,28.4595,77.0266,31.6,48,0,1001.4,8.8,NW
2024-04-21 15:00,Gurugram,28.4595,77.0266,31.2,56,0,999.5,8.9,ESE
2024-04-21 16:00,Gurugram,28.4595,77.0266,32.7,50,0,1000.9,10,SE
2024-04-21 17:00,Gurugram,28.4595,77.0266,30.3,33,0,1000.2,5.4,SE
2024-04-21 18:00,Gurugram,28.4595,77.0266,29.2,53,0,1001,9,WNW
2024-04-21 19:00,Gurugram,28.4595,77.0266,29.8,46,0,1001.5,16.3,W
2024-04-21 20:00,Gurugram,28.4595,77.0266,27.5,52,0,1002.3,4.1,W
2024-04-21 21:00,Gurugram,28.4595,77.0266,25.8,57,0,1001.2,5.6,W
2024-04-21 22:00,Gurugram,28.4595,77.0266,24.4,62,0,1001.7,9.5,NW
2024-04-21 23:00,Gurugram,28.4595,77.0266,19.2,61,0,1000.9,13.9,ESE
2024-04-22 00:00,Gurugram,28.4595,77.0266,22.2,73,0,999.4,4.1,ESE
2024-04-22 01:00,Gurugram,28.4595,77.0266,20.9,66,0,999.6,6.5,NW
2024-04-22 02:00,Gurugram,28.4595,77.0266,17.4,78,0,1002.8,22.7,WNW
2024-04-22 03:00,Gurugram,28.4595,77.0266,18.5,90,0,999.5,10.2,WNW
2024-04-22 04:00,Gurugram,28.4595,77.0266,19.1,68,0,1001.2,13.3,ESE
2024-04-22 05:00,Gurugram,28.4595,77.0266,19.6,73,0,1001.2,17.2,W
2024-04-22 06:00,Gurugram,28.4595,77.0266,21.5,57,0,1001.1,10.3,WNW
2024-04-22 07:00,Gurugram,28.4595,77.0266,24.8,67,0,1002.2,4.2,W
2024-04-22 08:00,Gurugram,28.4595,77.0266,25.7,69,0,1000.2,8.4,NW
2024-04-22 09:00,Gurugram,28.4595,77.0266,23.1,66,0,1000.8,13.8,NW
2024-04-22 10:00,Gurugram,28.4595,77.0266,28.3,58,0,1000.6,14.7,NW
2024-04-22 11:00,Gurugram,28.4595,77.0266,31.1,60,0,998.3,6.8,NW
2024-04-22 12:00,Gurugram,28.4595,77.0266,30.8,66,0,1000.1,6.3,ESE
2024-04-22 13:00,Gurugram,28.4595,77.0266,33.1,59,0,1002.3,6.3,Calm
2024-04-22 14:00,Gurugram,28.4595,77.0266,35.4,44,0,1003.4,14.8,NW
2024-04-22 15:00,Gurugram,28.4595,77.0266,33.8,38,0,1002.1,7.1,SW
2024-04-22 16:00,Gurugram,28.4595,77.0266,32.2,45,0,1001.5,2.4,W
2024-04-22 17:00,Gurugram,28.4595,77.0266,33,43,0,999.4,7.9,NW
2024-04-22 18:00,Gurugram,28.4595,77.0266,30.3,54,0,1001.2,13.7,NW
2024-04-22 19:00,Gurugram,28.4595,77.0266,28.8,47,0,1001.1,16.6,ESE
2024-04-22 20:00,Gurugram,28.4595,77.0266,26.5,57,0,1003.8,6.6,ESE
2024-04-22 21:00,Gurugram,28.4595,77.0266,28.3,67,0,998.9,9.4,NW
2024-04-22 22:00,Gurugram,28.4595,77.0266,22.3,65,0,999.5,9.1,WNW
2024-04-22 23:00,Gurugram,28.4595,77.0266,25,63,0,1002.5,8.4,E
2024-04-23 00:00,Gurugram,28.4595,77.0266,22,79,0,1002.9,8.4,NW
2024-04-23 01:00,Gurugram,28.4595,77.0266,17.6,63,0,1001.4,2.4,SE
2024-04-23 02:00,Gurugram,28.4595,77.0266,20.1,74,0,1000.6,12.6,NW
2024-04-23 03:00,Gurugram,28.4595,77.0266,15.5,76,0,1001.7,16.9,WNW
2024-04-23 04:00,Gurugram,28.4595,77.0266,20.6,76,0,1003.6,8.5,WNW
2024-04-23 05:00,Gurugram,28.4595,77.0266,21.7,75,0,1000.2,4.9,WNW
2024-04-23 06:00,Gurugram,28.4595,77.0266,20.1,76,0,1001.6,12,NW
2024-04-23 07:00,Gurugram,28.4595,77.0266,22.7,69,0,1000.8,26,NW
2024-04-23 08:00,Gurugram,28.4595,77.0266,27.6,63,0,1001.5,11.8,ESE
2024-04-23 09:00,Gurugram,28.4595,77.0266,24.8,59,0,1001.9,10.6,NW
2024-04-23 10:00,Gurugram,28.4595,77.0266,25.5,54,0,1000.3,5.2,W
2024-04-23 11:00,Gurugram,28.4595,77.0266,31.7,58,0,1002.2,2.6,SE
2024-04-23 12:00,Gurugram,28.4595,77.0266,33.9,47,0,1000.4,8.9,SE
2024-04-23 13:00,Gurugram,28.4595,77.0266,31.4,53,0,1001.7,11.8,NW
2024-04-23 14:00,Gurugram,28.4595,77.0266,33.8,47,0,998.7,20.1,W
2024-04-23 15:00,Gurugram,28.4595,77.0266,34.7,43,0,1001.9,10.3,W
2024-04-23 16:00,Gurugram,28.4595,77.0266,30.7,50,0,1000,3.1,NW
2024-04-23 17:00,Gurugram,28.4595,77.0266,30.5,44,0,1000.4,5.3,WNW
2024-04-23 18:00,Gurugram,28.4595,77.0266,32.6,54,0,998.3,10.8,NW
2024-04-23 19:00,Gurugram,28.4595,77.0266,32,55,0,1000.7,10.8,W
2024-04-23 20:00,Gurugram,28.4595,77.0266,28.4,54,0,1002.6,14.5,SE
2024-04-23 21:00,Gurugram,28.4595,77.0266,24.2,64,0,999.1,5.8,E
2024-04-23 22:00,Gurugram,28.4595,77.0266,27.6,68,0,1001.2,20.5,ESE
2024-04-23 23:00,Gurugram,28.4595,77.0266,21.5,76,0,998.6,12.5,WNW
2024-04-24 00:00,Gurugram,28.4595,77.0266,20.8,77,0,1000.8,5.6,Calm
2024-04-24 01:00,Gurugram,28.4595,77.0266,21,77,0,1002.1,8.2,W
2024-04-24 02:00,Gurugram,28.4595,77.0266,22.5,69,0,1000.9,4.2,WNW
2024-04-24 03:00,Gurugram,28.4595,77.0266,21.1,91,0,1002,14.4,E
2024-04-24 04:00,Gurugram,28.4595,77.0266,20.5,67,0,1000.4,18.1,NW
2024-04-24 05:00,Gurugram,28.4595,77.0266,21.2,80,0,1004.1,24.3,NW
2024-04-24 06:00,Gurugram,28.4595,77.0266,21.5,74,0,1002.3,9.3,SE
2024-04-24 07:00,Gurugram,28.4595,77.0266,23.8,61,0,1001.3,11.1,E
2024-04-24 08:00,Gurugram,28.4595,77.0266,19.8,64,0,1003.1,10.5,NW
2024-04-24 09:00,Gurugram,28.4595,77.0266,25.5,60,0,1002.7,17.5,ESE
2024-04-24 10:00,Gurugram,28.4595,77.0266,28.1,65,0,1000.4,6.1,WNW
2024-04-24 11:00,Gurugram,28.4595,77.0266,27.2,49,0,1001.6,8.2,ESE
2024-04-24 12:00,Gurugram,28.4595,77.0266,31.3,49,0,1000.7,11.4,NW
2024-04-24 13:00,Gurugram,28.4595,77.0266,31.3,34,0,1002.1,16.9,Calm
2024-04-24 14:00,Gurugram,28.4595,77.0266,35.5,57,0,1002.9,19.4,E
2024-04-24 15:00,Gurugram,28.4595,77.0266,35.3,39,0,999.3,15.9,WNW
2024-04-24 16:00,Gurugram,28.4595,77.0266,31.5,48,0,1001.2,8.6,E
2024-04-24 17:00,Gurugram,28.4595,77.0266,31.4,47,0,1002.8,13.3,E
2024-04-24 18:00,Gurugram,28.4595,77.0266,30.5,50,0,1001.9,9.7,WNW
2024-04-24 19:00,Gurugram,28.4595,77.0266,28.5,58,0,1001.5,7.1,SW
2024-04-24 20:00,Gurugram,28.4595,77.0266,28,67,0,1002.3,10.5,Calm
2024-04-24 21:00,Gurugram,28.4595,77.0266,24.6,62,0,999.4,34.9,NW
2024-04-24 22:00,Gurugram,28.4595,77.0266,22.3,69,0,1001.7,6,NW
2024-04-24 23:00,Gurugram,28.4595,77.0266,23.9,70,0,1002.5,6.5,WNW
2024-04-25 00:00,Gurugram,28.4595,77.0266,22.8,77,0,1001.7,9.3,WNW
2024-04-25 01:00,Gurugram,28.4595,77.0266,19.2,71,0,999.6,16.5,NW
2024-04-25 02:00,Gurugram,28.4595,77.0266,21.6,81,0,1000.6,3,NW
2024-04-25 03:00,Gurugram,28.4595,77.0266,18.7,82,0,1001.1,14.9,Calm
2024-04-25 04:00,Gurugram,28.4595,77.0266,20.5,81,0,1000.1,6.9,ESE
2024-04-25 05:00,Gurugram,28.4595,77.0266,22.1,69,0,1000,14.3,E
2024-04-25 06:00,Gurugram,28.4595,77.0266,21.6,70,0,1001.6,11.5,Calm
2024-04-25 07:00,Gurugram,28.4595,77.0266,23.9,69,0,1003,8,WNW
2024-04-25 08:00,Gurugram,28.4595,77.0266,23.7,56,0,998.8,3.9,ESE
2024-04-25 09:00,Gurugram,28.4595,77.0266,25.9,70,0,1000.5,16.9,NW
2024-04-25 10:00,Gurugram,28.4595,77.0266,27.6,56,0,1000.2,9.1,W
2024-04-25 11:00,Gurugram,28.4595,77.0266,28.2,55,0,1002.8,8,NW
2024-04-25 12:00,Gurugram,28.4595,77.0266,30.6,46,0,1001.9,6.2,NW
2024-04-25 13:00,Gurugram,28.4595,77.0266,29.1,39,0,1002.7,12.1,NW
2024-04-25 14:00,Gurugram,28.4595,77.0266,31.7,42,0,1002.1,16.6,W
2024-04-25 15:00,Gurugram,28.4595,77.0266,32.3,47,0,1002.5,9.8,SW
2024-04-25 16:00,Gurugram,28.4595,77.0266,32.1,50,0,1001.4,6.2,NW
2024-04-25 17:00,Gurugram,28.4595,77.0266,31.5,48,0,1001.6,18.9,WNW
2024-04-25 18:00,Gurugram,28.4595,77.0266,30.8,52,0,1001.7,5,ESE
2024-04-25 19:00,Gurugram,28.4595,77.0266,30.4,51,0,1001.1,8.8,WNW
2024-04-25 20:00,Gurugram,28.4595,77.0266,29.5,60,0,1001.1,17.5,SW
2024-04-25 21:00,Gurugram,28.4595,77.0266,25.1,69,0,1001.6,8.4,NW
2024-04-25 22:00,Gurugram,28.4595,77.0266,22.4,69,0,1001.6,3.7,NW
2024-04-25 23:00,Gurugram,28.4595,77.0266,21.2,73,0,1001.3,11,WNW
2024-04-26 00:00,Gurugram,28.4595,77.0266,21.1,72,0,1001.3,19.2,W
2024-04-26 01:00,Gurugram,28.4595,77.0266,20.3,64,0,1001.9,7,NW
2024-04-26 02:00,Gurugram,28.4595,77.0266,18.9,68,0,1000.9,7.5,NW
2024-04-26 03:00,Gurugram,28.4595,77.0266,17.7,78,0,999.6,16.7,SE
2024-04-26 04:00,Gurugram,28.4595,77.0266,19.5,74,0,1001.3,1.5,NW
2024-04-26 05:00,Gurugram,28.4595,77.0266,21.3,76,0,1000,19.5,WNW
2024-04-26 06:00,Gurugram,28.4595,77.0266,23,81,0,1002.3,6.6,Calm
2024-04-26 07:00,Gurugram,28.4595,77.0266,22.3,72,0,1000.4,3.1,W
2024-04-26 08:00,Gurugram,28.4595,77.0266,24.1,71,0,1000.5,8.6,WNW
2024-04-26 09:00,Gurugram,28.4595,77.0266,24.9,61,0,1001.6,13.7,WNW
2024-04-26 10:00,Gurugram,28.4595,77.0266,28.2,51,0,1001.1,8.1,W
2024-04-26 11:00,Gurugram,28.4595,77.0266,28.3,52,0,1002.5,4.5,ESE
2024-04-26 12:00,Gurugram,28.4595,77.0266,32.2,45,0,1000.8,16.6,SE
2024-04-26 13:00,Gurugram,28.4595,77.0266,29,56,0,1000.7,9,W
2024-04-26 14:00,Gurugram,28.4595,77.0266,32.2,50,0,1000.2,2.8,SE
2024-04-26 15:00,Gurugram,28.4595,77.0266,33.6,48,0,999.6,3,NW
2024-04-26 16:00,Gurugram,28.4595,77.0266,33.2,53,0,1000.4,12.1,NW
2024-04-26 17:00,Gurugram,28.4595,77.0266,37,35,0,1001.6,3.8,ESE
2024-04-26 18:00,Gurugram,28.4595,77.0266,31.8,53,0,1002.6,24.5,NW
2024-04-26 19:00,Gurugram,28.4595,77.0266,28,45,0,1002.1,10.3,E
2024-04-26 20:00,Gurugram,28.4595,77.0266,28.1,56,0,1000.4,5.8,W
2024-04-26 21:00,Gurugram,28.4595,77.0266,23.4,58,0,1001.3,5.7,WNW
2024-04-26 22:00,Gurugram,28.4595,77.0266,24.7,68,0,1001.1,10,SE
2024-04-26 23:00,Gurugram,28.4595,77.0266,21.8,69,0,1002.5,21.4,ESE
2024-04-27 00:00,Gurugram,28.4595,77.0266,23.9,78,0,1002.7,6.5,ESE
2024-04-27 01:00,Gurugram,28.4595,77.0266,20.2,69,0,998.8,8.3,ESE
2024-04-27 02:00,Gurugram,28.4595,77.0266,20.3,78,0,1002.8,11.9,WNW
2024-04-27 03:00,Gurugram,28.4595,77.0266,19.2,76,0,999.2,8.4,SW
2024-04-27 04:00,Gurugram,28.4595,77.0266,23.7,64,0,1001.4,3.7,E
2024-04-27 05:00,Gurugram,28.4595,77.0266,20.6,67,0,998.6,10.1,WNW
2024-04-27 06:00,Gurugram,28.4595,77.0266,25.5,69,0,1002.3,6.5,SE
2024-04-27 07:00,Gurugram,28.4595,77.0266,25.1,74,0,1000.7,8.1,E
2024-04-27 08:00,Gurugram,28.4595,77.0266,26,66,0,1001.9,23.1,W
2024-04-27 09:00,Gurugram,28.4595,77.0266,27.5,53,0,1000.7,8.4,W
2024-04-27 10:00,Gurugram,28.4595,77.0266,29.2,55,0,1002.3,1.9,ESE
2024-04-27 11:00,Gurugram,28.4595,77.0266,26.6,64,0,999.1,7.8,NW
2024-04-27 12:00,Gurugram,28.4595,77.0266,30.9,50,0,1001.8,9.1,NW
2024-04-27 13:00,Gurugram,28.4595,77.0266,34,45,0,1001.6,13.6,SE
2024-04-27 14:00,Gurugram,28.4595,77.0266,33,48,0,1001.5,11,W
2024-04-27 15:00,Gurugram,28.4595,77.0266,30.8,49,0,1001.7,10.9,NW
2024-04-27 16:00,Gurugram,28.4595,77.0266,33,42,0,1002.5,11.4,WNW
2024-04-27 17:00,Gurugram,28.4595,77.0266,35.5,50,0,1002.3,14.7,NW
2024-04-27 18:00,Gurugram,28.4595,77.0266,33.7,47,0,999.4,3.6,E
2024-04-27 19:00,Gurugram,28.4595,77.0266,30,56,0,1001.2,27.8,WNW
2024-04-27 20:00,Gurugram,28.4595,77.0266,30.2,57,0,1001.5,7.6,W
2024-04-27 21:00,Gurugram,28.4595,77.0266,26.2,62,0,1001,4.8,NW
2024-04-27 22:00,Gurugram,28.4595,77.0266,22.1,59,0,1001.3,12.1,SE
2024-04-27 23:00,Gurugram,28.4595,77.0266,21.9,62,0,1001.7,8.1,SW
2024-04-28 00:00,Gurugram,28.4595,77.0266,25.3,75,0,1002,15.9,SE
2024-04-28 01:00,Gurugram,28.4595,77.0266,21,72,0,1001.8,6.7,WNW
2024-04-28 02:00,Gurugram,28.4595,77.0266,20.4,75,0,1002.2,17.1,SE
2024-04-28 03:00,Gurugram,28.4595,77.0266,20.1,72,0,1003.5,4.8,NW
2024-04-28 04:00,Gurugram,28.4595,77.0266,24.3,79,0,1000.9,24.7,NW
2024-04-28 05:00,Gurugram,28.4595,77.0266,24.4,68,0,1001,9.4,WNW
2024-04-28 06:00,Gurugram,28.4595,77.0266,26.5,69,0,1002,20.9,NW
2024-04-28 07:00,Gurugram,28.4595,77.0266,23.6,71,0,1001.1,4.3,NW
2024-04-28 08:00,Gurugram,28.4595,77.0266,26,70,0,1000.7,14.3,W
2024-04-28 09:00,Gurugram,28.4595,77.0266,24.4,56,0,1000.6,14.1,WNW
2024-04-28 10:00,Gurugram,28.4595,77.0266,31.5,67,0,1001.9,8.5,E
2024-04-28 11:00,Gurugram,28.4595,77.0266,28.3,54,0,1001.7,2,NW
2024-04-28 12:00,Gurugram,28.4595,77.0266,32.1,42,0,1003.4,14.4,Calm
2024-04-28 13:00,Gurugram,28.4595,77.0266,30.8,48,0,999.9,7.8,WNW
2024-04-28 14:00,Gurugram,28.4595,77.0266,32.3,42,0,999.9,19,WNW
2024-04-28 15:00,Gurugram,28.4595,77.0266,32.1,47,0,1001.2,16.2,NW
2024-04-28 16:00,Gurugram,28.4595,77.0266,32.3,44,0,1000.2,18.9,W
2024-04-28 17:00,Gurugram,28.4595,77.0266,31.8,47,0,999,13,Calm
2024-04-28 18:00,Gurugram,28.4595,77.0266,30.7,43,0,1000.6,10.2,ESE
2024-04-28 19:00,Gurugram,28.4595,77.0266,31.9,58,0,1003.7,21.3,NW
2024-04-28 20:00,Gurugram,28.4595,77.0266,26.8,48,0,1004.1,33.6,WNW
2024-04-28 21:00,Gurugram,28.4595,77.0266,27.5,52,0,1001.8,9.7,WNW
2024-04-28 22:00,Gurugram,28.4595,77.0266,27.6,65,0,999.8,18.8,NW
2024-04-28 23:00,Gurugram,28.4595,77.0266,22.9,76,0,1000.2,6.3,E
2024-04-29 00:00,Gurugram,28.4595,77.0266,21.5,67,0,1001.3,4.7,WNW
2024-04-29 01:00,Gurugram,28.4595,77.0266,21.3,76,0,1000.6,6.3,WNW
2024-04-29 02:00,Gurugram,28.4595,77.0266,23.2,80,0,1001.4,6,NW
2024-04-29 03:00,Gurugram,28.4595,77.0266,21.2,79,0,1001.2,14.7,NW
2024-04-29 04:00,Gurugram,28.4595,77.0266,20.1,71,0,999.7,7.1,SW
2024-04-29 05:00,Gurugram,28.4595,77.0266,22.6,65,0,1001.1,4.9,NW
2024-04-29 06:00,Gurugram,28.4595,77.0266,20.8,56,0,1001.7,5,WNW
2024-04-29 07:00,Gurugram,28.4595,77.0266,25.4,65,0,1000.7,12.9,ESE
2024-04-29 08:00,Gurugram,28.4595,77.0266,26.4,70,0,1002.3,14.6,NW
2024-04-29 09:00,Gurugram,28.4595,77.0266,26.8,52,0,1001.2,13.4,WNW
2024-04-29 10:00,Gurugram,28.4595,77.0266,27.6,59,0,1001,14.3,W
2024-04-29 11:00,Gurugram,28.4595,77.0266,29,46,0,1001.2,7.8,Calm
2024-04-29 12:00,Gurugram,28.4595,77.0266,32.9,49,0,1000.5,27.3,ESE
2024-04-29 13:00,Gurugram,28.4595,77.0266,35.2,50,0,1001.6,7.9,Calm
2024-04-29 14:00,Gurugram,28.4595,77.0266,32.5,40,0,1000.1,6.9,ESE
2024-04-29 15:00,Gurugram,28.4595,77.0266,34.7,45,0,1004,14.5,NW
2024-04-29 16:00,Gurugram,28.4595,77.0266,29.9,42,0,1003.6,7.7,NW
2024-04-29 17:00,Gurugram,28.4595,77.0266,32,50,0,1001.1,6.8,SE
2024-04-29 18:00,Gurugram,28.4595,77.0266,31.9,50,0,1001.8,8.1,WNW
2024-04-29 19:00,Gurugram,28.4595,77.0266,29,52,0,1001.9,10.8,WNW
2024-04-29 20:00,Gurugram,28.4595,77.0266,27.4,64,0,1001.9,17.1,SW
2024-04-29 21:00,Gurugram,28.4595,77.0266,26.2,63,0,1002,3,NW
2024-04-29 22:00,Gurugram,28.4595,77.0266,26.2,58,0,1002.1,17.1,W
2024-04-29 23:00,Gurugram,28.4595,77.0266,23.8,66,0,1002,3.6,SE
2024-04-30 00:00,Gurugram,28.4595,77.0266,19,68,0,1000.3,4,ESE
2024-04-30 01:00,Gurugram,28.4595,77.0266,18.2,72,0,1001.7,11.1,WNW
2024-04-30 02:00,Gurugram,28.4595,77.0266,20.3,88,0,1000.3,3.1,W
2024-04-30 03:00,Gurugram,28.4595,77.0266,22,76,0,1001.8,6.7,NW
2024-04-30 04:00,Gurugram,28.4595,77.0266,16.4,61,0,1002.3,16.1,W
2024-04-30 05:00,Gurugram,28.4595,77.0266,21.1,68,0,1001.6,14.4,W
2024-04-30 06:00,Gurugram,28.4595,77.0266,22.1,57,0,1002.1,17.1,E
2024-04-30 07:00,Gurugram,28.4595,77.0266,26.9,64,0,1001.5,6.4,NW
2024-04-30 08:00,Gurugram,28.4595,77.0266,25.3,50,0,1003.4,7.9,SE
2024-04-30 09:00,Gurugram,28.4595,77.0266,28.3,53,0,1001.7,3.7,ESE
2024-04-30 10:00,Gurugram,28.4595,77.0266,29.6,45,0,1000.1,8.1,W
2024-04-30 11:00,Gurugram,28.4595,77.0266,27.1,53,0,1000.6,3.9,WNW
2024-04-30 12:00,Gurugram,28.4595,77.0266,33.6,48,0,1001.7,34.3,WNW
2024-04-30 13:00,Gurugram,28.4595,77.0266,33.7,47,0,1002.8,12.3,ESE
2024-04-30 14:00,Gurugram,28.4595,77.0266,34.8,43,0,1001.7,10.7,Calm
2024-04-30 15:00,Gurugram,28.4595,77.0266,41.2,35,0,1001.5,6.1,WNW
2024-04-30 16:00,Gurugram,28.4595,77.0266,30.2,47,0,999.9,5.8,SW
2024-04-30 17:00,Gurugram,28.4595,77.0266,36.4,57,0,1003.5,7.2,W
2024-04-30 18:00,Gurugram,28.4595,77.0266,31.7,50,0,999.6,11.5,E
2024-04-30 19:00,Gurugram,28.4595,77.0266,31.4,48,0,999.3,4.7,NW
2024-04-30 20:00,Gurugram,28.4595,77.0266,29.3,46,0,1000.6,3.8,ESE
2024-04-30 21:00,Gurugram,28.4595,77.0266,26.9,53,0,1001.9,1.5,SE
2024-04-30 22:00,Gurugram,28.4595,77.0266,24.9,65,0,1000.7,12.4,SE
2024-04-30 23:00,Gurugram,28.4595,77.0266,25,72,0,1000.5,8.7,SE
2024-05-01 00:00,Gurugram,28.4595,77.0266,20.6,70,0,1000.2,7.2,NW
2024-05-01 01:00,Gurugram,28.4595,77.0266,23.6,76,0,1003.4,4.7,W
2024-05-01 02:00,Gurugram,28.4595,77.0266,20.9,77,0,1001.6,7.2,NW
2024-05-01 03:00,Gurugram,28.4595,77.0266,19.4,76,0,1002.3,19.2,WNW
2024-05-01 04:00,Gurugram,28.4595,77.0266,20.8,68,0,1003.7,5.6,NW
2024-05-01 05:00,Gurugram,28.4595,77.0266,24.6,72,0,1003.7,13.3,NW
2024-05-01 06:00,Gurugram,28.4595,77.0266,22.4,63,0,1000.2,14.4,ESE
2024-05-01 07:00,Gurugram,28.4595,77.0266,25.3,65,0,1001.5,4.4,W
2024-05-01 08:00,Gurugram,28.4595,77.0266,24.9,64,0,1002.2,5,NW
2024-05-01 09:00,Gurugram,28.4595,77.0266,29.3,68,0,1001.4,9,ESE
2024-05-01 10:00,Gurugram,28.4595,77.0266,30.8,46,0,1000.4,26.5,NW
2024-05-01 11:00,Gurugram,28.4595,77.0266,34.5,53,0,998,16.1,NW
2024-05-01 12:00,Gurugram,28.4595,77.0266,32.2,56,0,1002.9,9,ESE
2024-05-01 13:00,Gurugram,28.4595,77.0266,34.8,49,0,1003.5,16.4,WNW
2024-05-01 14:00,Gurugram,28.4595,77.0266,34.4,48,0,1002.1,1.8,W
2024-05-01 15:00,Gurugram,28.4595,77.0266,36.8,46,0,1001.2,8.6,NW
2024-05-01 16:00,Gurugram,28.4595,77.0266,32.9,51,0,1000.6,1.8,W
2024-05-01 17:00,Gurugram,28.4595,77.0266,34.9,38,0,1001.4,10.3,NW
2024-05-01 18:00,Gurugram,28.4595,77.0266,32.2,39,0,1002.8,14,NW
2024-05-01 19:00,Gurugram,28.4595,77.0266,31.1,50,0,1001.9,6.6,WNW
2024-05-01 20:00,Gurugram,28.4595,77.0266,29.8,41,0,998.6,6.4,SE
2024-05-01 21:00,Gurugram,28.4595,77.0266,28.4,65,0,1003.2,9.1,NW
2024-05-01 22:00,Gurugram,28.4595,77.0266,26,69,0,1002.1,7,NW
2024-05-01 23:00,Gurugram,28.4595,77.0266,25.1,63,0,999.9,7.7,NW
2024-05-02 00:00,Gurugram,28.4595,77.0266,26.4,66,0,1002,17.4,WNW
2024-05-02 01:00,Gurugram,28.4595,77.0266,24.3,70,0,1001.5,14.4,NW
2024-05-02 02:00,Gurugram,28.4595,77.0266,23.5,72,0,1001.5,11.6,NW
2024-05-02 03:00,Gurugram,28.4595,77.0266,20.9,73,0,1000.1,3.3,Calm
2024-05-02 04:00,Gurugram,28.4595,77.0266,20.3,75,0,1001,12.8,NW
2024-05-02 05:00,Gurugram,28.4595,77.0266,24.3,69,0,999.3,8.9,WNW
2024-05-02 06:00,Gurugram,28.4595,77.0266,25.2,74,0,1002.8,1.5,Calm
2024-05-02 07:00,Gurugram,28.4595,77.0266,27.6,68,0,1000.3,7.1,NW
2024-05-02 08:00,Gurugram,28.4595,77.0266,25.4,58,0,1002.6,7.7,ESE
2024-05-02 09:00,Gurugram,28.4595,77.0266,27.8,65,0,1002,19.4,WNW
2024-05-02 10:00,Gurugram,28.4595,77.0266,26.9,45,0,1000.8,15.8,SW
2024-05-02 11:00,Gurugram,28.4595,77.0266,30.7,49,0,1000.4,7.6,SW
2024-05-02 12:00,Gurugram,28.4595,77.0266,34.6,53,0,1001.5,21.9,WNW
2024-05-02 13:00,Gurugram,28.4595,77.0266,33,40,0,1002.6,15.1,NW
2024-05-02 14:00,Gurugram,28.4595,77.0266,35.6,45,0,1002.3,5.7,WNW
2024-05-02 15:00,Gurugram,28.4595,77.0266,34.4,46,0,1002,5.7,Calm
2024-05-02 16:00,Gurugram,28.4595,77.0266,35.1,38,0,1001.1,10.2,NW
2024-05-02 17:00,Gurugram,28.4595,77.0266,31.8,44,0,1002.3,4.9,Calm
2024-05-02 18:00,Gurugram,28.4595,77.0266,32.9,46,0,999.4,23.4,SE
2024-05-02 19:00,Gurugram,28.4595,77.0266,26.1,47,0,1001.6,10.4,NW
2024-05-02 20:00,Gurugram,28.4595,77.0266,29.5,67,0,1001.3,5.1,SE
2024-05-02 21:00,Gurugram,28.4595,77.0266,25.3,53,0,999.8,20.2,NW
2024-05-02 22:00,Gurugram,28.4595,77.0266,28.7,67,0,1000.9,1.7,W
2024-05-02 23:00,Gurugram,28.4595,77.0266,26.3,63,0,1003.3,10.4,WNW
2024-05-03 00:00,Gurugram,28.4595,77.0266,24.7,61,0,1002,8.7,WNW
2024-05-03 01:00,Gurugram,28.4595,77.0266,25.6,71,0,1002.5,3.7,WNW
2024-05-03 02:00,Gurugram,28.4595,77.0266,20.5,75,0,1000.8,21.2,WNW
2024-05-03 03:00,Gurugram,28.4595,77.0266,25.1,78,0,999.3,6.8,W
2024-05-03 04:00,Gurugram,28.4595,77.0266,23.9,81,0,1003.1,6.3,ESE
2024-05-03 05:00,Gurugram,28.4595,77.0266,22.4,88,0,1000.5,14.5,Calm
2024-05-03 06:00,Gurugram,28.4595,77.0266,25.9,69,0,1000.9,10.1,ESE
2024-05-03 07:00,Gurugram,28.4595,77.0266,23.2,61,0,999.7,5.3,ESE
2024-05-03 08:00,Gurugram,28.4595,77.0266,25.3,64,0,1003,6.8,WNW
2024-05-03 09:00,Gurugram,28.4595,77.0266,27.4,55,0,1001.7,19.6,NW
2024-05-03 10:00,Gurugram,28.4595,77.0266,29.2,59,0,1001.2,8.1,NW
2024-05-03 11:00,Gurugram,28.4595,77.0266,29.8,42,0,1002.1,26.2,WNW
2024-05-03 12:00,Gurugram,28.4595,77.0266,35.3,61,0,1000.9,4.9,W
2024-05-03 13:00,Gurugram,28.4595,77.0266,33.6,49,0,1000.6,7.4,W
2024-05-03 14:00,Gurugram,28.4595,77.0266,35.4,32,0,999.9,5.9,Calm
2024-05-03 15:00,Gurugram,28.4595,77.0266,33.9,38,0,999.8,13.9,WNW
2024-05-03 16:00,Gurugram,28.4595,77.0266,31.5,47,0,1002.6,26.9,W
2024-05-03 17:00,Gurugram,28.4595,77.0266,34.6,51,0,1002.9,9.7,E
2024-05-03 18:00,Gurugram,28.4595,77.0266,29.6,39,0,999.3,10.8,WNW
2024-05-03 19:00,Gurugram,28.4595,77.0266,31.6,54,0,1001.3,7.2,WNW
2024-05-03 20:00,Gurugram,28.4595,77.0266,27.7,41,0,1001.5,3.5,SW
2024-05-03 21:00,Gurugram,28.4595,77.0266,32,56,0,1000.6,8.1,W
2024-05-03 22:00,Gurugram,28.4595,77.0266,28.4,68,0,1000.4,12.2,SE
2024-05-03 23:00,Gurugram,28.4595,77.0266,25.4,61,0,1001.5,6.5,SW
2024-05-04 00:00,Gurugram,28.4595,77.0266,26.4,58,0,1000.6,3.8,W
2024-05-04 01:00,Gurugram,28.4595,77.0266,21.6,70,0,1001.4,1.5,NW
2024-05-04 02:00,Gurugram,28.4595,77.0266,23.4,67,0,1000.1,21.9,SE
2024-05-04 03:00,Gurugram,28.4595,77.0266,22.6,75,0,1000.7,7.1,SE
2024-05-04 04:00,Gurugram,28.4595,77.0266,22.9,66,0,1001.1,11.8,NW
2024-05-04 05:00,Gurugram,28.4595,77.0266,25.4,65,0,1001,16.9,W
2024-05-04 06:00,Gurugram,28.4595,77.0266,25.5,55,0,1002.8,18.9,WNW
2024-05-04 07:00,Gurugram,28.4595,77.0266,26,65,0,1000.7,6.4,SE
2024-05-04 08:00,Gurugram,28.4595,77.0266,24.1,60,0,1002.5,11.6,NW
2024-05-04 09:00,Gurugram,28.4595,77.0266,27,49,0,997.8,12.3,WNW
2024-05-04 10:00,Gurugram,28.4595,77.0266,30.2,54,0,1001.4,15.5,W
2024-05-04 11:00,Gurugram,28.4595,77.0266,32.2,55,0,998.9,12.2,WNW
2024-05-04 12:00,Gurugram,28.4595,77.0266,31.3,45,0,1002.9,10.8,Calm
2024-05-04 13:00,Gurugram,28.4595,77.0266,38.7,45,0,1003.8,4.9,Calm
2024-05-04 14:00,Gurugram,28.4595,77.0266,37.7,44,0,1001.3,13.7,NW
2024-05-04 15:00,Gurugram,28.4595,77.0266,36.3,34,0,1003.5,9.2,NW
2024-05-04 16:00,Gurugram,28.4595,77.0266,35.1,54,0,1000.4,20.4,NW
2024-05-04 17:00,Gurugram,28.4595,77.0266,34,41,0,1002.6,13.7,WNW
2024-05-04 18:00,Gurugram,28.4595,77.0266,31.6,50,0,1002.4,2.3,W
2024-05-04 19:00,Gurugram,28.4595,77.0266,32.1,54,0,1001.2,4.7,WNW
2024-05-04 20:00,Gurugram,28.4595,77.0266,30.9,52,0,1001.4,7.2,NW
2024-05-04 21:00,Gurugram,28.4595,77.0266,26.5,60,0,1001.8,9,NW
2024-05-04 22:00,Gurugram,28.4595,77.0266,27.7,62,0,1001.6,28.7,NW
2024-05-04 23:00,Gurugram,28.4595,77.0266,25.2,56,0,1001.8,14.7,WNW
2024-05-05 00:00,Gurugram,28.4595,77.0266,21,65,0,1004,5.9,ESE
2024-05-05 01:00,Gurugram,28.4595,77.0266,21.8,65,0,1003.9,14.9,NW
2024-05-05 02:00,Gurugram,28.4595,77.0266,22,68,0,1002.5,10.5,NW
2024-05-05 03:00,Gurugram,28.4595,77.0266,25.9,63,0,1003.9,15,SE
2024-05-05 04:00,Gurugram,28.4595,77.0266,23.7,77,0,1000.1,7.6,E
2024-05-05 05:00,Gurugram,28.4595,77.0266,21,79,0,1002.4,30.2,NW
2024-05-05 06:00,Gurugram,28.4595,77.0266,25.3,73,0,1002.5,21.8,WNW
2024-05-05 07:00,Gurugram,28.4595,77.0266,23,71,0,1001,13.4,NW
2024-05-05 08:00,Gurugram,28.4595,77.0266,29.3,58,0,1004,7.1,NW
2024-05-05 09:00,Gurugram,28.4595,77.0266,28.2,52,0,1003.4,15,ESE
2024-05-05 10:00,Gurugram,28.4595,77.0266,30.5,48,0,1002.1,3.5,WNW
2024-05-05 11:00,Gurugram,28.4595,77.0266,34.6,53,0,1000.6,22.7,W
2024-05-05 12:00,Gurugram,28.4595,77.0266,31.3,47,0,999.6,20,SW
2024-05-05 13:00,Gurugram,28.4595,77.0266,32.1,43,0,1000.2,12.5,ESE
2024-05-05 14:00,Gurugram,28.4595,77.0266,34.2,49,0,1003.4,5,WNW
2024-05-05 15:00,Gurugram,28.4595,77.0266,37.4,44,0,1001.1,7.6,WNW
2024-05-05 16:00,Gurugram,28.4595,77.0266,32.5,37,0,1002.8,1.8,NW
2024-05-05 17:00,Gurugram,28.4595,77.0266,29.5,39,0,1001.9,1.9,ESE
2024-05-05 18:00,Gurugram,28.4595,77.0266,32.8,50,0,999,8.3,NW
2024-05-05 19:00,Gurugram,28.4595,77.0266,33.2,55,0,1001.1,4.7,NW
2024-05-05 20:00,Gurugram,28.4595,77.0266,32.8,56,0,1000.3,2.4,NW
2024-05-05 21:00,Gurugram,28.4595,77.0266,28.2,68,0,1002.4,7.1,NW
2024-05-05 22:00,Gurugram,28.4595,77.0266,26.6,70,0,1002.5,7.5,W
2024-05-05 23:00,Gurugram,28.4595,77.0266,27.8,66,0,1001.2,3.9,E
2024-05-06 00:00,Gurugram,28.4595,77.0266,21.3,61,0,1003.4,11.3,Calm
2024-05-06 01:00,Gurugram,28.4595,77.0266,22.9,61,0,1002.8,16.4,ESE
2024-05-06 02:00,Gurugram,28.4595,77.0266,23.3,68,0,1001,11.7,NW
2024-05-06 03:00,Gurugram,28.4595,77.0266,23.6,75,0,1002.2,9,NW
2024-05-06 04:00,Gurugram,28.4595,77.0266,22.1,81,0,1000.6,9.5,NW
2024-05-06 05:00,Gurugram,28.4595,77.0266,23.7,71,0,1001.1,7.9,NW
2024-05-06 06:00,Gurugram,28.4595,77.0266,20.2,73,0,1002.2,7,W
2024-05-06 07:00,Gurugram,28.4595,77.0266,24.8,62,0,1001.6,11.5,SW
2024-05-06 08:00,Gurugram,28.4595,77.0266,28.4,63,0,999.8,11.9,ESE
2024-05-06 09:00,Gurugram,28.4595,77.0266,27.5,61,0,1002,9.5,SE
2024-05-06 10:00,Gurugram,28.4595,77.0266,31.1,40,0,1001.1,7.2,WNW
2024-05-06 11:00,Gurugram,28.4595,77.0266,33.3,46,0,1000.6,5,WNW
2024-05-06 12:00,Gurugram,28.4595,77.0266,33.2,51,0,1000.2,3,SW
2024-05-06 13:00,Gurugram,28.4595,77.0266,35.2,44,0,1001.3,5,ESE
2024-05-06 14:00,Gurugram,28.4595,77.0266,33.8,34,0,1001.8,7.1,WNW
2024-05-06 15:00,Gurugram,28.4595,77.0266,35.4,26,0,1001.2,7.6,WNW
2024-05-06 16:00,Gurugram,28.4595,77.0266,36.6,39,0,1001.9,33.9,NW
2024-05-06 17:00,Gurugram,28.4595,77.0266,35.2,42,0,1001.2,15.4,SE
2024-05-06 18:00,Gurugram,28.4595,77.0266,32.8,40,0,1002.2,11.6,NW
2024-05-06 19:00,Gurugram,28.4595,77.0266,32.9,49,0,1001.3,13.5,WNW
2024-05-06 20:00,Gurugram,28.4595,77.0266,32.2,55,0,999.5,29.8,W
2024-05-06 21:00,Gurugram,28.4595,77.0266,25.6,60,0,1000.1,6,ESE
2024-05-06 22:00,Gurugram,28.4595,77.0266,29.7,45,0,1000.9,23.4,NW
2024-05-06 23:00,Gurugram,28.4595,77.0266,25.4,55,0,1003,1.5,NW
2024-05-07 00:00,Gurugram,28.4595,77.0266,25.7,64,0,1000.4,8.2,ESE
2024-05-07 01:00,Gurugram,28.4595,77.0266,26.1,72,0,1002,4.5,WNW
2024-05-07 02:00,Gurugram,28.4595,77.0266,20.8,73,0,1002.1,2.8,NW
2024-05-07 03:00,Gurugram,28.4595,77.0266,21.8,73,0,1000.1,20,Calm
2024-05-07 04:00,Gurugram,28.4595,77.0266,22.7,67,0,1001.2,8.1,SE
2024-05-07 05:00,Gurugram,28.4595,77.0266,22.5,66,0,1001.8,7.3,W
2024-05-07 06:00,Gurugram,28.4595,77.0266,28.1,62,0,1001.2,8.2,ESE
2024-05-07 07:00,Gurugram,28.4595,77.0266,24.7,67,0,1002.3,10.2,NW
2024-05-07 08:00,Gurugram,28.4595,77.0266,26.8,54,0,1002.2,5.4,Calm
2024-05-07 09:00,Gurugram,28.4595,77.0266,29.9,60,0,1001.8,2.8,Calm
2024-05-07 10:00,Gurugram,28.4595,77.0266,29,53,0,1002.7,9,W
2024-05-07 11:00,Gurugram,28.4595,77.0266,32.1,48,0,1001.6,10.2,W
2024-05-07 12:00,Gurugram,28.4595,77.0266,34.7,41,0,1001.7,20.9,ESE
2024-05-07 13:00,Gurugram,28.4595,77.0266,34.6,34,0,1001.9,8.8,W
2024-05-07 14:00,Gurugram,28.4595,77.0266,35.6,37,0,1000.3,9.8,WNW
2024-05-07 15:00,Gurugram,28.4595,77.0266,35.1,38,0,1002.3,4.7,W
2024-05-07 16:00,Gurugram,28.4595,77.0266,33.1,27,0,1000.8,4.7,NW
2024-05-07 17:00,Gurugram,28.4595,77.0266,35.7,41,0,1001.3,11.6,WNW
2024-05-07 18:00,Gurugram,28.4595,77.0266,37.3,50,0,1002.2,14.4,WNW
2024-05-07 19:00,Gurugram,28.4595,77.0266,32.8,51,0,1002.1,17.1,NW
2024-05-07 20:00,Gurugram,28.4595,77.0266,31.6,48,0,999.9,11.2,SE
2024-05-07 21:00,Gurugram,28.4595,77.0266,30.8,56,0,999.9,5.4,WNW
2024-05-07 22:00,Gurugram,28.4595,77.0266,25.6,56,0,1000.4,3.1,W
2024-05-07 23:00,Gurugram,28.4595,77.0266,29.3,64,0,1001.8,4.4,NW
2024-05-08 00:00,Gurugram,28.4595,77.0266,25.6,75,0,1003.2,11.2,WNW
2024-05-08 01:00,Gurugram,28.4595,77.0266,27.1,74,0,1001.1,3.3,ESE
2024-05-08 02:00,Gurugram,28.4595,77.0266,22.2,72,0,1000.5,4.5,WNW
2024-05-08 03:00,Gurugram,28.4595,77.0266,26.6,67,0,1000.5,5.8,W
2024-05-08 04:00,Gurugram,28.4595,77.0266,24.9,74,0,1002.2,12.8,ESE
2024-05-08 05:00,Gurugram,28.4595,77.0266,25.2,58,0,1002.9,19.1,WNW
2024-05-08 06:00,Gurugram,28.4595,77.0266,25.6,64,0,1002.9,9.6,WNW
2024-05-08 07:00,Gurugram,28.4595,77.0266,26.1,66,0,1000.8,10.7,NW
2024-05-08 08:00,Gurugram,28.4595,77.0266,30.3,63,0,999.8,9,W
2024-05-08 09:00,Gurugram,28.4595,77.0266,30,59,0,1001.7,8.3,ESE
2024-05-08 10:00,Gurugram,28.4595,77.0266,27.9,53,0,1003.4,12.1,W
2024-05-08 11:00,Gurugram,28.4595,77.0266,31,46,0,1002.2,8.3,NW
2024-05-08 12:00,Gurugram,28.4595,77.0266,34.1,47,0,1000,22.5,NW
2024-05-08 13:00,Gurugram,28.4595,77.0266,36,36,0,1001.6,10.4,NW
2024-05-08 14:00,Gurugram,28.4595,77.0266,36,35,0,1000.4,11.1,NW
2024-05-08 15:00,Gurugram,28.4595,77.0266,38.5,40,0,1002,9.1,WNW
2024-05-08 16:00,Gurugram,28.4595,77.0266,32.6,41,0,1001.6,14.8,NW
2024-05-08 17:00,Gurugram,28.4595,77.0266,35.7,31,0,1001.3,5.7,ESE
2024-05-08 18:00,Gurugram,28.4595,77.0266,31.1,47,0,1000.9,4.7,Calm
2024-05-08 19:00,Gurugram,28.4595,77.0266,34.4,52,0,1002.2,13.7,NW
2024-05-08 20:00,Gurugram,28.4595,77.0266,31.3,51,0,1003.1,10.4,E
2024-05-08 21:00,Gurugram,28.4595,77.0266,30.5,69,0,1003.6,13.8,W
2024-05-08 22:00,Gurugram,28.4595,77.0266,26.6,55,0,1002.1,7.5,E
2024-05-08 23:00,Gurugram,28.4595,77.0266,28.8,60,0,1003.2,9.9,NW
2024-05-09 00:00,Gurugram,28.4595,77.0266,27.3,63,0,1000.5,6.9,SW
2024-05-09 01:00,Gurugram,28.4595,77.0266,25.5,67,0,1001.3,8.9,Calm
2024-05-09 02:00,Gurugram,28.4595,77.0266,23.5,67,0,1000.6,3.1,SW
2024-05-09 03:00,Gurugram,28.4595,77.0266,24.6,61,0,1001.1,1.8,SE
2024-05-09 04:00,Gurugram,28.4595,77.0266,22.5,66,0,1000.5,3.5,NW
2024-05-09 05:00,Gurugram,28.4595,77.0266,26,67,0,1003.7,14.6,NW
2024-05-09 06:00,Gurugram,28.4595,77.0266,28.4,72,0,1001.3,14.3,SW
2024-05-09 07:00,Gurugram,28.4595,77.0266,28.7,75,0,1001.5,23,NW
2024-05-09 08:00,Gurugram,28.4595,77.0266,27.1,66,0,999.9,13.9,WNW
2024-05-09 09:00,Gurugram,28.4595,77.0266,30.7,50,0,999.3,7.2,NW
2024-05-09 10:00,Gurugram,28.4595,77.0266,29.4,46,0,1003.8,9,W
2024-05-09 11:00,Gurugram,28.4595,77.0266,34.3,46,0,1001.4,1.8,W
2024-05-09 12:00,Gurugram,28.4595,77.0266,35.5,55,0,1004.5,7.3,Calm
2024-05-09 13:00,Gurugram,28.4595,77.0266,32.3,40,0,1001.5,10,E
2024-05-09 14:00,Gurugram,28.4595,77.0266,34.2,32,0,1000.2,16.3,WNW
2024-05-09 15:00,Gurugram,28.4595,77.0266,36,36,0,1001.7,9.5,W
2024-05-09 16:00,Gurugram,28.4595,77.0266,35.8,44,0,1001.8,4.2,WNW
2024-05-09 17:00,Gurugram,28.4595,77.0266,33.5,46,0,1001.9,15.7,NW
2024-05-09 18:00,Gurugram,28.4595,77.0266,35.4,43,0,1001.6,6.7,E
2024-05-09 19:00,Gurugram,28.4595,77.0266,33.8,51,0,999.9,5.4,W
2024-05-09 20:00,Gurugram,28.4595,77.0266,31.4,37,0,999.9,8.7,WNW
2024-05-09 21:00,Gurugram,28.4595,77.0266,28.7,55,0,1003.1,6.7,NW
2024-05-09 22:00,Gurugram,28.4595,77.0266,30.3,63,0,1004.1,9.9,W
2024-05-09 23:00,Gurugram,28.4595,77.0266,29.8,57,0,1001.4,13.3,WNW
2024-05-10 00:00,Gurugram,28.4595,77.0266,24.8,60,0,999.6,7.3,NW
2024-05-10 01:00,Gurugram,28.4595,77.0266,23.6,56,0,1003.2,7.4,E
2024-05-10 02:00,Gurugram,28.4595,77.0266,24.9,78,0,1000.8,13.4,NW
2024-05-10 03:00,Gurugram,28.4595,77.0266,23.2,65,0,1002.2,13.4,WNW
2024-05-10 04:00,Gurugram,28.4595,77.0266,23.8,70,0,1001.2,10.5,SE
2024-05-10 05:00,Gurugram,28.4595,77.0266,26,71,0,1001.2,8.4,SE
2024-05-10 06:00,Gurugram,28.4595,77.0266,22.3,74,0,1000.8,17.9,SE
2024-05-10 07:00,Gurugram,28.4595,77.0266,29.4,61,0,1003.5,5.9,E
2024-05-10 08:00,Gurugram,28.4595,77.0266,28.8,55,0,1002.3,13.5,NW
2024-05-10 09:00,Gurugram,28.4595,77.0266,29.6,55,0,1002.2,5.7,SW
2024-05-10 10:00,Gurugram,28.4595,77.0266,31.8,58,0,1001.8,9.8,NW
2024-05-10 11:00,Gurugram,28.4595,77.0266,33.5,45,0,1002.3,3.8,NW
2024-05-10 12:00,Gurugram,28.4595,77.0266,31.8,38,0,1000.4,10,NW
2024-05-10 13:00,Gurugram,28.4595,77.0266,38.6,32,0,1002.4,18.5,SW
2024-05-10 14:00,Gurugram,28.4595,77.0266,36.7,32,0,1003.2,15.2,WNW
2024-05-10 15:00,Gurugram,28.4595,77.0266,37.6,44,0,1002.1,2.3,NW
2024-05-10 16:00,Gurugram,28.4595,77.0266,38.3,38,0,1002.8,18.1,NW
2024-05-10 17:00,Gurugram,28.4595,77.0266,34.1,37,0,1001.3,6.5,NW
2024-05-10 18:00,Gurugram,28.4595,77.0266,35.8,39,0,1002.3,12.2,W
2024-05-10 19:00,Gurugram,28.4595,77.0266,33.1,47,0,1001.3,9,NW
2024-05-10 20:00,Gurugram,28.4595,77.0266,33.5,49,0,999.8,6.2,W
2024-05-10 21:00,Gurugram,28.4595,77.0266,26.5,52,0,1001.5,11.4,SE
2024-05-10 22:00,Gurugram,28.4595,77.0266,28.5,66,0,1003.1,6.4,W
2024-05-10 23:00,Gurugram,28.4595,77.0266,26,71,0,1000.2,13.8,SE
2024-05-11 00:00,Gurugram,28.4595,77.0266,26.8,55,0,1003.8,6.3,NW
2024-05-11 01:00,Gurugram,28.4595,77.0266,25.8,69,0,1001.2,5.8,NW
2024-05-11 02:00,Gurugram,28.4595,77.0266,23,63,0,1002.6,14,ESE
2024-05-11 03:00,Gurugram,28.4595,77.0266,22.8,67,0,1003.7,28.3,SE
2024-05-11 04:00,Gurugram,28.4595,77.0266,24.1,70,0,1004.1,16.1,WNW
2024-05-11 05:00,Gurugram,28.4595,77.0266,23.3,65,0,1003.8,14.8,SE
2024-05-11 06:00,Gurugram,28.4595,77.0266,27.5,66,0,1001,9.3,WNW
2024-05-11 07:00,Gurugram,28.4595,77.0266,26.7,65,0,1003.2,13.3,NW
2024-05-11 08:00,Gurugram,28.4595,77.0266,23.7,59,0,1001.2,7.3,WNW
2024-05-11 09:00,Gurugram,28.4595,77.0266,29.9,50,0,1000.8,20.2,NW
2024-05-11 10:00,Gurugram,28.4595,77.0266,30.4,46,0,1001.2,2.8,WNW
2024-05-11 11:00,Gurugram,28.4595,77.0266,30.9,37,0,1003.4,9,NW
2024-05-11 12:00,Gurugram,28.4595,77.0266,32.9,38,0,1001.3,7.7,NW
2024-05-11 13:00,Gurugram,28.4595,77.0266,36.4,52,0,1000.9,9.3,E
2024-05-11 14:00,Gurugram,28.4595,77.0266,39.2,34,0,1003.8,6,NW
2024-05-11 15:00,Gurugram,28.4595,77.0266,37.6,31,0,1001.7,10.2,NW
2024-05-11 16:00,Gurugram,28.4595,77.0266,35.8,41,0,1002.7,5.9,Calm
2024-05-11 17:00,Gurugram,28.4595,77.0266,37,40,0,1000.7,7,W
2024-05-11 18:00,Gurugram,28.4595,77.0266,34.3,42,0,1001.4,12.5,W
2024-05-11 19:00,Gurugram,28.4595,77.0266,32.6,55,0,1001.6,33.6,SE
2024-05-11 20:00,Gurugram,28.4595,77.0266,30.2,53,0,1001.2,6.9,W
2024-05-11 21:00,Gurugram,28.4595,77.0266,27.4,50,0,1001.8,11.4,NW
2024-05-11 22:00,Gurugram,28.4595,77.0266,28.2,55,0,1000.8,17.4,WNW
2024-05-11 23:00,Gurugram,28.4595,77.0266,27.6,58,0,1001.8,11.8,ESE
2024-05-12 00:00,Gurugram,28.4595,77.0266,26.1,69,0,1003.3,8.3,E
2024-05-12 01:00,Gurugram,28.4595,77.0266,24.5,64,0,1000,8.2,NW
2024-05-12 02:00,Gurugram,28.4595,77.0266,22.9,57,0,1001.8,18.2,NW
2024-05-12 03:00,Gurugram,28.4595,77.0266,25.4,68,0,1001.4,2.2,WNW
2024-05-12 04:00,Gurugram,28.4595,77.0266,22.2,58,0,1001.3,10.2,W
2024-05-12 05:00,Gurugram,28.4595,77.0266,26.6,79,0,1004.3,7.6,NW
2024-05-12 06:00,Gurugram,28.4595,77.0266,24.4,58,0,1003.7,3.1,E
2024-05-12 07:00,Gurugram,28.4595,77.0266,26.2,60,0,1001.4,9.6,Calm
2024-05-12 08:00,Gurugram,28.4595,77.0266,26.5,59,0,1000.3,6.3,ESE
2024-05-12 09:00,Gurugram,28.4595,77.0266,29.9,51,0,1003.8,4.6,Calm
2024-05-12 10:00,Gurugram,28.4595,77.0266,34.3,48,0,1002.4,19.4,NW
2024-05-12 11:00,Gurugram,28.4595,77.0266,35,48,0,1000.6,5.1,SE
2024-05-12 12:00,Gurugram,28.4595,77.0266,37.2,52,0,1000.9,4.3,ESE
2024-05-12 13:00,Gurugram,28.4595,77.0266,37.4,45,0,1002.1,3.5,NW
2024-05-12 14:00,Gurugram,28.4595,77.0266,35.1,48,0,1004.1,11.1,NW
2024-05-12 15:00,Gurugram,28.4595,77.0266,36.7,32,0,1001.5,11.8,WNW
2024-05-12 16:00,Gurugram,28.4595,77.0266,35.7,41,0,1002.5,28.1,SE
2024-05-12 17:00,Gurugram,28.4595,77.0266,38.9,41,0,1001.3,7.7,E
2024-05-12 18:00,Gurugram,28.4595,77.0266,33.3,45,0,1002.5,6.9,W
2024-05-12 19:00,Gurugram,28.4595,77.0266,35.7,54,0,1000,4.2,ESE
2024-05-12 20:00,Gurugram,28.4595,77.0266,34.1,48,0,1002.7,12.2,NW
2024-05-12 21:00,Gurugram,28.4595,77.0266,34.1,51,0,1002.3,3.4,ESE
2024-05-12 22:00,Gurugram,28.4595,77.0266,28.4,60,0,1001,6.2,W
2024-05-12 23:00,Gurugram,28.4595,77.0266,28.9,50,0,997.9,10.7,NW
2024-05-13 00:00,Gurugram,28.4595,77.0266,30.6,62,0,1004,6.4,Calm
2024-05-13 01:00,Gurugram,28.4595,77.0266,24.3,65,0,1000,6.3,WNW
2024-05-13 02:00,Gurugram,28.4595,77.0266,22,62,0,1003.6,5.6,SE
2024-05-13 03:00,Gurugram,28.4595,77.0266,21.2,74,0,1001.1,20,W
2024-05-13 04:00,Gurugram,28.4595,77.0266,26.1,61,0,1002.5,6.1,SW
2024-05-13 05:00,Gurugram,28.4595,77.0266,22.1,65,0,1002.8,12.3,NW
2024-05-13 06:00,Gurugram,28.4595,77.0266,25.8,65,0,1004,5.8,W
2024-05-13 07:00,Gurugram,28.4595,77.0266,28.6,68,0,1000.8,6.8,NW
2024-05-13 08:00,Gurugram,28.4595,77.0266,29.7,57,0,1002,9.4,NW
2024-05-13 09:00,Gurugram,28.4595,77.0266,31.9,58,0,1000.9,19,NW
2024-05-13 10:00,Gurugram,28.4595,77.0266,33.2,53,0,1000.8,1.8,WNW
2024-05-13 11:00,Gurugram,28.4595,77.0266,36.6,46,0,1002.2,17.7,SE
2024-05-13 12:00,Gurugram,28.4595,77.0266,34,36,0,1003.1,5.1,WNW
2024-05-13 13:00,Gurugram,28.4595,77.0266,35.5,31,0,1005,10.1,W
2024-05-13 14:00,Gurugram,28.4595,77.0266,36,39,0,1001.8,8.7,SW
2024-05-13 15:00,Gurugram,28.4595,77.0266,39.1,34,0,1002,3.9,ESE
2024-05-13 16:00,Gurugram,28.4595,77.0266,39,44,0,1002,6.3,NW
2024-05-13 17:00,Gurugram,28.4595,77.0266,37.5,44,0,1002.2,8.8,NW
2024-05-13 18:00,Gurugram,28.4595,77.0266,37.8,41,0,1002.4,3.6,NW
2024-05-13 19:00,Gurugram,28.4595,77.0266,32.2,38,0,1000.7,15.6,NW
2024-05-13 20:00,Gurugram,28.4595,77.0266,35.8,52,0,998.7,9.4,WNW
2024-05-13 21:00,Gurugram,28.4595,77.0266,33.8,47,0,1001.7,6.5,ESE
2024-05-13 22:00,Gurugram,28.4595,77.0266,30.7,52,0,1004.4,7.4,NW
2024-05-13 23:00,Gurugram,28.4595,77.0266,31,54,0,1002.1,15.6,WNW
2024-05-14 00:00,Gurugram,28.4595,77.0266,23.8,62,0,1002,17.6,WNW
2024-05-14 01:00,Gurugram,28.4595,77.0266,24.8,72,0,1002.1,5.3,W
2024-05-14 02:00,Gurugram,28.4595,77.0266,23.7,67,0,1001.3,4.1,E
2024-05-14 03:00,Gurugram,28.4595,77.0266,26.1,65,0,1002,13.3,Calm
2024-05-14 04:00,Gurugram,28.4595,77.0266,23.2,58,0,1002.2,4.5,W
2024-05-14 05:00,Gurugram,28.4595,77.0266,27.1,69,0,1002.2,11.8,WNW
2024-05-14 06:00,Gurugram,28.4595,77.0266,29.2,58,0,1002.3,4.9,ESE
2024-05-14 07:00,Gurugram,28.4595,77.0266,29.3,60,0,1002.3,4.9,W
2024-05-14 08:00,Gurugram,28.4595,77.0266,30.2,54,0,1002.1,3.1,W
2024-05-14 09:00,Gurugram,28.4595,77.0266,29.6,57,0,1003.5,24.1,ESE
2024-05-14 10:00,Gurugram,28.4595,77.0266,31.5,47,0,1004.4,17.7,WNW
2024-05-14 11:00,Gurugram,28.4595,77.0266,36.8,44,0,1000.1,7.6,Calm
2024-05-14 12:00,Gurugram,28.4595,77.0266,37.3,45,0,1001.5,10.4,NW
2024-05-14 13:00,Gurugram,28.4595,77.0266,36.9,52,0,999.5,10.2,WNW
2024-05-14 14:00,Gurugram,28.4595,77.0266,36.9,43,0,1002.7,24.3,WNW
2024-05-14 15:00,Gurugram,28.4595,77.0266,34.2,37,0,1003.6,11.5,SE
2024-05-14 16:00,Gurugram,28.4595,77.0266,35.7,38,0,1002.3,14.7,NW
2024-05-14 17:00,Gurugram,28.4595,77.0266,40.4,36,0,1002.3,19.3,WNW
2024-05-14 18:00,Gurugram,28.4595,77.0266,33.6,36,0,1001.5,5.2,ESE
2024-05-14 19:00,Gurugram,28.4595,77.0266,34.9,41,0,1002.4,5.8,W
2024-05-14 20:00,Gurugram,28.4595,77.0266,34.8,44,0,1002.1,17.7,W
2024-05-14 21:00,Gurugram,28.4595,77.0266,29.1,56,0,1003.4,7.5,WNW
2024-05-14 22:00,Gurugram,28.4595,77.0266,30,50,0,1004.6,4.8,ESE
2024-05-14 23:00,Gurugram,28.4595,77.0266,29.8,68,0,1004,9.9,W
2024-05-15 00:00,Gurugram,28.4595,77.0266,27,67,0,1005,17.3,E
2024-05-15 01:00,Gurugram,28.4595,77.0266,31.1,65,0,1003,25.8,ESE
2024-05-15 02:00,Gurugram,28.4595,77.0266,22.3,66,0,1002.6,21.6,NW
2024-05-15 03:00,Gurugram,28.4595,77.0266,27,64,0,1002.2,1.5,W
2024-05-15 04:00,Gurugram,28.4595,77.0266,25,68,0,1002.7,7.6,NW
2024-05-15 05:00,Gurugram,28.4595,77.0266,27.4,71,0,1002.6,4,WNW
2024-05-15 06:00,Gurugram,28.4595,77.0266,27.8,58,0,1003.8,5.4,WNW
2024-05-15 07:00,Gurugram,28.4595,77.0266,27,50,0,1002,10.1,E
2024-05-15 08:00,Gurugram,28.4595,77.0266,30.3,60,0,1001,10.1,NW
2024-05-15 09:00,Gurugram,28.4595,77.0266,28.2,54,0,1002.2,1.5,W
2024-05-15 10:00,Gurugram,28.4595,77.0266,34.4,41,0,1001.1,5.4,NW
2024-05-15 11:00,Gurugram,28.4595,77.0266,35.4,40,0,1002,22.5,SW
2024-05-15 12:00,Gurugram,28.4595,77.0266,37.3,36,0,1000.2,3.4,W
2024-05-15 13:00,Gurugram,28.4595,77.0266,39.1,35,0,1002.3,17.4,ESE
2024-05-15 14:00,Gurugram,28.4595,77.0266,38.5,35,0,1001.2,6.5,W
2024-05-15 15:00,Gurugram,28.4595,77.0266,38.4,35,0,1003.1,9,NW
2024-05-15 16:00,Gurugram,28.4595,77.0266,36.3,33,0,1001.8,18.7,SW
2024-05-15 17:00,Gurugram,28.4595,77.0266,35.9,34,0,999.9,7.8,W
2024-05-15 18:00,Gurugram,28.4595,77.0266,38.3,40,0,1001.8,23.3,WNW
2024-05-15 19:00,Gurugram,28.4595,77.0266,37.4,45,0,1002.1,3.3,W
2024-05-15 20:00,Gurugram,28.4595,77.0266,32.8,46,0,1002.6,15.4,E
2024-05-15 21:00,Gurugram,28.4595,77.0266,31.7,59,0,1002.9,14.3,NW
2024-05-15 22:00,Gurugram,28.4595,77.0266,28.3,59,0,1001.3,21.8,WNW
2024-05-15 23:00,Gurugram,28.4595,77.0266,30.5,50,0,1001.3,12.9,SE
2024-05-16 00:00,Gurugram,28.4595,77.0266,28.4,65,0,1002.3,8.4,NW
2024-05-16 01:00,Gurugram,28.4595,77.0266,29.7,68,0,1002.7,5.2,W
2024-05-16 02:00,Gurugram,28.4595,77.0266,24,63,0,1002.9,7.4,WNW
2024-05-16 03:00,Gurugram,28.4595,77.0266,24.7,57,0,1003.5,3,NW
2024-05-16 04:00,Gurugram,28.4595,77.0266,26,66,0,1000.3,14.9,W
2024-05-16 05:00,Gurugram,28.4595,77.0266,27.4,64,0,1003.5,9,SE
2024-05-16 06:00,Gurugram,28.4595,77.0266,26.9,55,0,1003.3,8.2,WNW
2024-05-16 07:00,Gurugram,28.4595,77.0266,27,50,0,1003.4,7.1,NW
2024-05-16 08:00,Gurugram,28.4595,77.0266,31.7,55,0,1002.1,13.8,NW
2024-05-16 09:00,Gurugram,28.4595,77.0266,33.1,50,0,1002.7,8.2,Calm
2024-05-16 10:00,Gurugram,28.4595,77.0266,31.9,45,0,1002.9,9.6,NW
2024-05-16 11:00,Gurugram,28.4595,77.0266,37.5,43,0,1002.1,9.4,NW
2024-05-16 12:00,Gurugram,28.4595,77.0266,38.5,34,0,1003.5,12.8,Calm
2024-05-16 13:00,Gurugram,28.4595,77.0266,37.7,36,0,1000.9,12.2,E
2024-05-16 14:00,Gurugram,28.4595,77.0266,38.3,40,0,1003.2,18.6,ESE
2024-05-16 15:00,Gurugram,28.4595,77.0266,39.3,34,0,1002.9,17.3,NW
2024-05-16 16:00,Gurugram,28.4595,77.0266,36.6,27,0,1004.2,7,NW
2024-05-16 17:00,Gurugram,28.4595,77.0266,37.5,36,0,1004.7,25.2,NW
2024-05-16 18:00,Gurugram,28.4595,77.0266,32.6,34,0,1002.1,12.1,W
2024-05-16 19:00,Gurugram,28.4595,77.0266,36.7,46,0,1004.2,28.3,WNW
2024-05-16 20:00,Gurugram,28.4595,77.0266,30.7,49,0,1002.7,11.2,NW
2024-05-16 21:00,Gurugram,28.4595,77.0266,34.5,41,0,1002.7,7.4,NW
2024-05-16 22:00,Gurugram,28.4595,77.0266,29.6,60,0,1002.8,6.4,E
2024-05-16 23:00,Gurugram,28.4595,77.0266,28.2,52,0,1000.7,2.8,SE
2024-05-17 00:00,Gurugram,28.4595,77.0266,26.4,71,0,1003.8,10.6,W
2024-05-17 01:00,Gurugram,28.4595,77.0266,25.9,64,0,1000.8,10.9,NW
2024-05-17 02:00,Gurugram,28.4595,77.0266,28.4,58,0,1003.1,9.1,E
2024-05-17 03:00,Gurugram,28.4595,77.0266,21.1,59,0,999.4,11.6,W
2024-05-17 04:00,Gurugram,28.4595,77.0266,28.1,68,0,1002.2,3.7,WNW
2024-05-17 05:00,Gurugram,28.4595,77.0266,27.1,62,0,1002.4,8.6,SW
2024-05-17 06:00,Gurugram,28.4595,77.0266,25.3,61,0,1003.2,4.4,NW
2024-05-17 07:00,Gurugram,28.4595,77.0266,26.9,68,0,1004.2,11.8,W
2024-05-17 08:00,Gurugram,28.4595,77.0266,33.4,51,0,1002.4,10.1,SE
2024-05-17 09:00,Gurugram,28.4595,77.0266,30.4,51,0,1001,17.2,NW
2024-05-17 10:00,Gurugram,28.4595,77.0266,31.7,56,0,1001.9,7.6,WNW
2024-05-17 11:00,Gurugram,28.4595,77.0266,37.4,45,0,1002.7,17.1,Calm
2024-05-17 12:00,Gurugram,28.4595,77.0266,37.3,31,0,1002.6,8.6,NW
2024-05-17 13:00,Gurugram,28.4595,77.0266,36,41,0,1000.4,13.7,W
2024-05-17 14:00,Gurugram,28.4595,77.0266,38.8,30,0,1001.8,5.6,ESE
2024-05-17 15:00,Gurugram,28.4595,77.0266,36.7,44,0,1001.8,9.5,WNW
2024-05-17 16:00,Gurugram,28.4595,77.0266,40.4,32,0,1002.2,8.9,WNW
2024-05-17 17:00,Gurugram,28.4595,77.0266,39.6,56,0,1003.2,17.8,NW
2024-05-17 18:00,Gurugram,28.4595,77.0266,37.6,49,0,1001.5,8.9,NW
2024-05-17 19:00,Gurugram,28.4595,77.0266,36,39,0,1003.7,8.9,E
2024-05-17 20:00,Gurugram,28.4595,77.0266,36.9,47,0,1003.3,27.1,SE
2024-05-17 21:00,Gurugram,28.4595,77.0266,32.1,56,0,999.9,15,NW
2024-05-17 22:00,Gurugram,28.4595,77.0266,28.3,60,0,1001.9,7.8,WNW
2024-05-17 23:00,Gurugram,28.4595,77.0266,29.6,61,0,1002.7,12.9,WNW
2024-05-18 00:00,Gurugram,28.4595,77.0266,31.5,69,0,1004.4,15.8,WNW
2024-05-18 01:00,Gurugram,28.4595,77.0266,24.9,63,0,1001.1,9.9,W
2024-05-18 02:00,Gurugram,28.4595,77.0266,25.4,63,0,1000.5,14.7,NW
2024-05-18 03:00,Gurugram,28.4595,77.0266,26.6,64,0,1002.8,9.5,E
2024-05-18 04:00,Gurugram,28.4595,77.0266,26,70,0,1001.3,17.9,NW
2024-05-18 05:00,Gurugram,28.4595,77.0266,24.9,66,0,1002.5,2.5,E
2024-05-18 06:00,Gurugram,28.4595,77.0266,29.8,63,0,1001.7,5,WNW
2024-05-18 07:00,Gurugram,28.4595,77.0266,33.3,63,0,1003.7,7.2,SE
2024-05-18 08:00,Gurugram,28.4595,77.0266,31,42,0,1003.4,14.7,SE
2024-05-18 09:00,Gurugram,28.4595,77.0266,30.7,52,0,1001.8,11.5,NW
2024-05-18 10:00,Gurugram,28.4595,77.0266,31.2,48,0,1004.4,5.7,W
2024-05-18 11:00,Gurugram,28.4595,77.0266,36.1,53,0,1002.6,10.2,W
2024-05-18 12:00,Gurugram,28.4595,77.0266,38.9,31,0,1003,2.6,WNW
2024-05-18 13:00,Gurugram,28.4595,77.0266,38.8,47,0,1001.8,3.4,WNW
2024-05-18 14:00,Gurugram,28.4595,77.0266,38.6,37,0,1001.7,3.1,NW
2024-05-18 15:00,Gurugram,28.4595,77.0266,37.8,39,0,1004.4,4.5,NW
2024-05-18 16:00,Gurugram,28.4595,77.0266,36.6,46,0,1002.7,14.3,W
2024-05-18 17:00,Gurugram,28.4595,77.0266,39.5,41,0,1002.8,11.8,NW
2024-05-18 18:00,Gurugram,28.4595,77.0266,38.6,42,0,1001.9,7.9,SW
2024-05-18 19:00,Gurugram,28.4595,77.0266,32.8,45,0,1002.9,14.6,W
2024-05-18 20:00,Gurugram,28.4595,77.0266,36.9,44,0,1002.6,18.5,WNW
2024-05-18 21:00,Gurugram,28.4595,77.0266,33.4,50,0,1002.5,4.6,NW
2024-05-18 22:00,Gurugram,28.4595,77.0266,33.2,50,0,1004.5,17.5,W
2024-05-18 23:00,Gurugram,28.4595,77.0266,26.7,58,0,1002.7,5.7,NW
2024-05-19 00:00,Gurugram,28.4595,77.0266,29.1895942773445,47,0,1001.3,6.4,ESE
2024-05-19 01:00,Gurugram,28.4595,77.0266,29.1866887132895,66,0,1003.3,24.1,NW
2024-05-19 02:00,Gurugram,28.4595,77.0266,30.1297897276875,64,0,1002.2,10.4,W
2024-05-19 03:00,Gurugram,28.4595,77.0266,33.999949830636,63,0,1001.5,7,WNW
2024-05-19 04:00,Gurugram,28.4595,77.0266,31.6645233101668,66,0,1001.8,13.1,W
2024-05-19 05:00,Gurugram,28.4595,77.0266,31.4579229530566,55,0,1004,15.6,NW
2024-05-19 06:00,Gurugram,28.4595,77.0266,30.4010375899423,72,0,1001.4,10.5,NW
2024-05-19 07:00,Gurugram,28.4595,77.0266,36.3259232964308,57,0,1001.5,7,NW
2024-05-19 08:00,Gurugram,28.4595,77.0266,31.8485657216114,53,0,1002.7,11.5,WNW
2024-05-19 09:00,Gurugram,28.4595,77.0266,39.8144546244508,44,0,1002.3,13.6,NW
2024-05-19 10:00,Gurugram,28.4595,77.0266,35.7606525604434,46,0,1001.5,8.7,NW
2024-05-19 11:00,Gurugram,28.4595,77.0266,42.7122800651346,51,0,1003.8,23.3,WNW
2024-05-19 12:00,Gurugram,28.4595,77.0266,41.8078468343607,46,0,1002.2,11.2,ESE
2024-05-19 13:00,Gurugram,28.4595,77.0266,41.0402802157602,42,0,1001.1,15.1,W
2024-05-19 14:00,Gurugram,28.4595,77.0266,42.4872130568793,39,0,1003,15.4,Calm
2024-05-19 15:00,Gurugram,28.4595,77.0266,43.0628030779726,33,0,1003.6,3.5,WNW
2024-05-19 16:00,Gurugram,28.4595,77.0266,41.6669051146959,27,0,1003.2,13.1,WNW
2024-05-19 17:00,Gurugram,28.4595,77.0266,42.1285153673483,36,0,1003.5,13.9,ESE
2024-05-19 18:00,Gurugram,28.4595,77.0266,39.2034966729629,38,0,1003.4,6.9,WNW
2024-05-19 19:00,Gurugram,28.4595,77.0266,38.7469830045014,49,0,1002.3,6.2,W
2024-05-19 20:00,Gurugram,28.4595,77.0266,38.8961222176563,48,0,1002.1,3.5,SW
2024-05-19 21:00,Gurugram,28.4595,77.0266,31.629519314583,60,0,1001.9,19.5,WNW
2024-05-19 22:00,Gurugram,28.4595,77.0266,36.5291464319129,61,0,1002.7,5.5,WNW
2024-05-19 23:00,Gurugram,28.4595,77.0266,30.1389014791164,55,0,1000.7,3.6,SE
2024-05-20 00:00,Gurugram,28.4595,77.0266,30.0881672701045,50,0,1001.4,7.7,ESE
2024-05-20 01:00,Gurugram,28.4595,77.0266,28.2163152010413,71,0,1004.4,4.9,WNW
2024-05-20 02:00,Gurugram,28.4595,77.0266,26.0565854842838,72,0,1003.9,3.5,NW
2024-05-20 03:00,Gurugram,28.4595,77.0266,26.8742518269016,57,0,1003,29.8,Calm
2024-05-20 04:00,Gurugram,28.4595,77.0266,29.8043954777398,73,0,1004.6,4.7,WNW
2024-05-20 05:00,Gurugram,28.4595,77.0266,34.9854157648649,65,0,1003.2,5.8,NW
2024-05-20 06:00,Gurugram,28.4595,77.0266,30.2872876409443,61,0,1002.8,10.1,Calm
2024-05-20 07:00,Gurugram,28.4595,77.0266,33.5018696408048,67,0,1001.2,3.5,E
2024-05-20 08:00,Gurugram,28.4595,77.0266,34.0850408887593,62,0,1002.5,8.9,WNW
2024-05-20 09:00,Gurugram,28.4595,77.0266,35.7262376471959,54,0,1004,13.4,NW
2024-05-20 10:00,Gurugram,28.4595,77.0266,37.8574616765812,49,0,1003.5,10.8,ESE
2024-05-20 11:00,Gurugram,28.4595,77.0266,36.1579212058376,46,0,1005.1,12.2,WNW
2024-05-20 12:00,Gurugram,28.4595,77.0266,44.5299970646758,37,0,1002.8,8.7,NW
2024-05-20 13:00,Gurugram,28.4595,77.0266,45.854018630323,36,0,999.7,7.1,Calm
2024-05-20 14:00,Gurugram,28.4595,77.0266,40.9309010119455,30,0,1003.2,12.3,W
2024-05-20 15:00,Gurugram,28.4595,77.0266,41.5804007178921,33,0,999.8,11.8,ESE
2024-05-20 16:00,Gurugram,28.4595,77.0266,43.4212041167866,33,0,1002.2,4.6,ESE
2024-05-20 17:00,Gurugram,28.4595,77.0266,40.3635376670729,33,0,1003.9,10.1,ESE
2024-05-20 18:00,Gurugram,28.4595,77.0266,42.1006558331859,40,0,1004.8,9.1,SW
2024-05-20 19:00,Gurugram,28.4595,77.0266,39.7309131638788,40,0,1001.5,13.6,WNW
2024-05-20 20:00,Gurugram,28.4595,77.0266,42.3263874405928,49,0,1003.3,11.4,ESE
2024-05-20 21:00,Gurugram,28.4595,77.0266,37.0923597065822,40,0,1004.7,1.5,SE
2024-05-20 22:00,Gurugram,28.4595,77.0266,35.6714083298916,53,0,1002.9,18.4,SW
2024-05-20 23:00,Gurugram,28.4595,77.0266,36.1164060764123,58,0,1002,15.7,ESE
2024-05-21 00:00,Gurugram,28.4595,77.0266,34.886740749383,58,0,1005.1,16.8,E
2024-05-21 01:00,Gurugram,28.4595,77.0266,30.1514998178763,61,0,1004.1,13.8,NW
2024-05-21 02:00,Gurugram,28.4595,77.0266,29.3139105392806,54,0,1003,16.4,NW
2024-05-21 03:00,Gurugram,28.4595,77.0266,31.670575367755,66,0,1001.1,7.5,NW
2024-05-21 04:00,Gurugram,28.4595,77.0266,30.571986265528,68,0,1002.5,15.4,NW
2024-05-21 05:00,Gurugram,28.4595,77.0266,31.7017344858997,65,0,1002,9.1,NW
2024-05-21 06:00,Gurugram,28.4595,77.0266,28.4501930837118,66,0,1000.8,3.6,NW
2024-05-21 07:00,Gurugram,28.4595,77.0266,32.3202711897585,58,0,1004.5,15.2,Calm
2024-05-21 08:00,Gurugram,28.4595,77.0266,35.0228707276518,56,0,1003.6,10.8,NW
2024-05-21 09:00,Gurugram,28.4595,77.0266,35.3603704963245,50,0,1002.1,20.2,WNW
2024-05-21 10:00,Gurugram,28.4595,77.0266,40.9202399372207,50,0,1002.2,10,SE
2024-05-21 11:00,Gurugram,28.4595,77.0266,37.6648887341296,32,0,1002.4,5.7,NW
2024-05-21 12:00,Gurugram,28.4595,77.0266,40.9846898419113,33,0,1001.7,6.6,NW
2024-05-21 13:00,Gurugram,28.4595,77.0266,44.195542625391,46,0,1006.3,8.2,NW
2024-05-21 14:00,Gurugram,28.4595,77.0266,47.8,20,0,1002,11,NW
2024-05-21 15:00,Gurugram,28.4595,77.0266,41.7812745180049,33,0,1002.5,16.5,Calm
2024-05-21 16:00,Gurugram,28.4595,77.0266,43.664180468809,42,0,1002.1,10.9,E
2024-05-21 17:00,Gurugram,28.4595,77.0266,44.5234210054375,36,0,1000.8,4.5,E
2024-05-21 18:00,Gurugram,28.4595,77.0266,40.6814472665108,36,0,1001.4,11.1,E
2024-05-21 19:00,Gurugram,28.4595,77.0266,39.268878052074,43,0,1004.2,18,NW
2024-05-21 20:00,Gurugram,28.4595,77.0266,39.3193733266306,43,0,1002.5,10.1,SE
2024-05-21 21:00,Gurugram,28.4595,77.0266,32.7660167885119,50,0,1003.4,12.1,ESE
2024-05-21 22:00,Gurugram,28.4595,77.0266,37.3049601601381,49,0,1003.5,8.9,SW
2024-05-21 23:00,Gurugram,28.4595,77.0266,34.7464189627206,63,0,1003.5,8.9,NW
2024-05-22 00:00,Gurugram,28.4595,77.0266,32.6299202231179,68,0,1002.2,16.8,WNW
2024-05-22 01:00,Gurugram,28.4595,77.0266,34.0849925097799,61,0,1005.1,14.5,NW
2024-05-22 02:00,Gurugram,28.4595,77.0266,27.8744279901277,55,0,1004.1,31.1,NW
2024-05-22 03:00,Gurugram,28.4595,77.0266,29.2513217910669,61,0,1003.6,7.1,W
2024-05-22 04:00,Gurugram,28.4595,77.0266,33.0246465529635,62,0,1003.3,6.1,NW
2024-05-22 05:00,Gurugram,28.4595,77.0266,30.3311629423149,65,0,1001.4,3.7,WNW
2024-05-22 06:00,Gurugram,28.4595,77.0266,31.6833917604772,53,0,1004,8.2,W
2024-05-22 07:00,Gurugram,28.4595,77.0266,31.9319149248644,52,0,1002.9,9.2,NW
2024-05-22 08:00,Gurugram,28.4595,77.0266,37.6097813373929,56,0,1002.1,6,NW
2024-05-22 09:00,Gurugram,28.4595,77.0266,36.4462297988736,55,0,1001.8,12.3,Calm
2024-05-22 10:00,Gurugram,28.4595,77.0266,35.9966812264731,41,0,1004.2,14.7,SE
2024-05-22 11:00,Gurugram,28.4595,77.0266,39.6038012063672,33,0,1001.4,12,ESE
2024-05-22 12:00,Gurugram,28.4595,77.0266,40.0882563605568,58,0,1002.5,4.9,E
2024-05-22 13:00,Gurugram,28.4595,77.0266,42.1238634083998,41,0,1003.2,6.3,NW
2024-05-22 14:00,Gurugram,28.4595,77.0266,42.4968839860072,33,0,1002.9,9.9,NW
2024-05-22 15:00,Gurugram,28.4595,77.0266,43.70433064778,39,0,1003.5,17.5,NW
2024-05-22 16:00,Gurugram,28.4595,77.0266,40.69454367966,34,0,1004.4,8.7,WNW
2024-05-22 17:00,Gurugram,28.4595,77.0266,45.5455290115598,41,0,1003.8,2.2,W
2024-05-22 18:00,Gurugram,28.4595,77.0266,41.5404914111901,39,0,1003.1,8.1,NW
2024-05-22 19:00,Gurugram,28.4595,77.0266,42.2707574806372,42,0,1002.5,9.5,NW
2024-05-22 20:00,Gurugram,28.4595,77.0266,39.907881318971,44,0,1001.3,21.4,SE
2024-05-22 21:00,Gurugram,28.4595,77.0266,40.1283160033158,40,0,1003,2.2,WNW
2024-05-22 22:00,Gurugram,28.4595,77.0266,35.3011828207181,64,0,1002.6,14.7,Calm
2024-05-22 23:00,Gurugram,28.4595,77.0266,35.8204326196138,51,0,1003.7,3.7,NW
2024-05-23 00:00,Gurugram,28.4595,77.0266,34.2879197306569,51,0,1003,7.2,W
2024-05-23 01:00,Gurugram,28.4595,77.0266,31.5290807081221,60,0,1004.4,11.7,SE
2024-05-23 02:00,Gurugram,28.4595,77.0266,33.6317590318919,57,0,1002.6,15.8,E
2024-05-23 03:00,Gurugram,28.4595,77.0266,32.4831982066868,63,0,1002.5,6.3,NW
2024-05-23 04:00,Gurugram,28.4595,77.0266,30.860238853792,67,0,1003.7,7.3,NW
2024-05-23 05:00,Gurugram,28.4595,77.0266,29.1306478022352,67,0,1003.3,8.6,NW
2024-05-23 06:00,Gurugram,28.4595,77.0266,30.1873098029813,64,0,1003.6,6.1,W
2024-05-23 07:00,Gurugram,28.4595,77.0266,35.428610086675,54,0,1003,20.2,W
2024-05-23 08:00,Gurugram,28.4595,77.0266,35.4874828220373,53,0,1003.2,10.8,W
2024-05-23 09:00,Gurugram,28.4595,77.0266,35.2383272667077,51,0,1002.8,14,NW
2024-05-23 10:00,Gurugram,28.4595,77.0266,38.1928990446481,34,0,1003.3,8.7,WNW
2024-05-23 11:00,Gurugram,28.4595,77.0266,44.222755630053,44,0,1004.6,2.2,NW
2024-05-23 12:00,Gurugram,28.4595,77.0266,41.9130325632547,29,0,1002.5,8.6,E
2024-05-23 13:00,Gurugram,28.4595,77.0266,40.3776056826494,48,0,1002.4,16.6,SE
2024-05-23 14:00,Gurugram,28.4595,77.0266,42.1615193447808,32,0,1003.5,2.6,WNW
2024-05-23 15:00,Gurugram,28.4595,77.0266,42.9199121203431,32,0,1002.9,9.4,W
2024-05-23 16:00,Gurugram,28.4595,77.0266,42.5231179199239,29,0,1004.9,12.8,NW
2024-05-23 17:00,Gurugram,28.4595,77.0266,41.4534310716704,32,0,1004,7.7,W
2024-05-23 18:00,Gurugram,28.4595,77.0266,40.3832989218794,52,0,1004.2,6.4,NW
2024-05-23 19:00,Gurugram,28.4595,77.0266,39.0566426201689,47,0,1004.3,10.6,ESE
2024-05-23 20:00,Gurugram,28.4595,77.0266,38.6613218628833,35,0,1002.4,5.6,W
2024-05-23 21:00,Gurugram,28.4595,77.0266,36.6536035533938,58,0,1003.3,3.3,NW
2024-05-23 22:00,Gurugram,28.4595,77.0266,31.2911155487521,60,0,1004,7.7,WNW
2024-05-23 23:00,Gurugram,28.4595,77.0266,38.7052250281219,54,0,1003.2,22.8,NW
2024-05-24 00:00,Gurugram,28.4595,77.0266,34.0855271630136,61,0,1002.2,12.6,WNW
2024-05-24 01:00,Gurugram,28.4595,77.0266,32.3573537894392,61,0,1004.4,7,Calm
2024-05-24 02:00,Gurugram,28.4595,77.0266,29.5746276460438,74,0,1003.1,12.9,WNW
2024-05-24 03:00,Gurugram,28.4595,77.0266,28.3305066830485,58,0,1003.6,18,WNW
2024-05-24 04:00,Gurugram,28.4595,77.0266,35.1873965725265,63,0,1004,6,W
2024-05-24 05:00,Gurugram,28.4595,77.0266,34.323910639451,58,0,1005.1,12.9,WNW
2024-05-24 06:00,Gurugram,28.4595,77.0266,32.219244350964,50,0,1003.5,7.6,WNW
2024-05-24 07:00,Gurugram,28.4595,77.0266,35.3078668552457,69,0,1000.9,19.1,NW
2024-05-24 08:00,Gurugram,28.4595,77.0266,36.2369401545408,45,0,1003.5,6.9,W
2024-05-24 09:00,Gurugram,28.4595,77.0266,34.7149983268431,49,0,1003.6,7.4,ESE
2024-05-24 10:00,Gurugram,28.4595,77.0266,38.88020450906,34,0,1001.3,12.1,SW
2024-05-24 11:00,Gurugram,28.4595,77.0266,41.884731927694,38,0,1005.1,5.5,NW
2024-05-24 12:00,Gurugram,28.4595,77.0266,41.5225981248286,40,0,1000.1,5.3,NW
2024-05-24 13:00,Gurugram,28.4595,77.0266,41.6134001605927,30,0,1004,18.7,E
2024-05-24 14:00,Gurugram,28.4595,77.0266,44.6980457070815,37,0,1001.4,16.7,W
2024-05-24 15:00,Gurugram,28.4595,77.0266,42.8934786200424,31,0,1004.6,14.3,Calm
2024-05-24 16:00,Gurugram,28.4595,77.0266,42.5496828859845,41,0,1004,6.3,WNW
2024-05-24 17:00,Gurugram,28.4595,77.0266,39.7699018365829,43,0,1005.1,26.7,WNW
2024-05-24 18:00,Gurugram,28.4595,77.0266,40.7901512219985,34,0,1003.9,9.7,WNW
2024-05-24 19:00,Gurugram,28.4595,77.0266,37.041287387442,41,0,1003.7,10.4,NW
2024-05-24 20:00,Gurugram,28.4595,77.0266,39.6163276523379,45,0,1002.9,22.1,WNW
2024-05-24 21:00,Gurugram,28.4595,77.0266,32.9000914417865,52,0,1001.2,9.2,NW
2024-05-24 22:00,Gurugram,28.4595,77.0266,37.0449590290534,52,0,1005.9,5.9,WNW
2024-05-24 23:00,Gurugram,28.4595,77.0266,36.8127185309964,57,0,1002.7,13.6,SE
2024-05-25 00:00,Gurugram,28.4595,77.0266,33.350235838418,57,0,1003.8,10.5,WNW
2024-05-25 01:00,Gurugram,28.4595,77.0266,27.9840489686087,61,0,1002.4,14.6,NW
2024-05-25 02:00,Gurugram,28.4595,77.0266,29.8874533641494,70,0,1002.1,20,Calm
2024-05-25 03:00,Gurugram,28.4595,77.0266,30.1359314939579,67,0,1003.5,20.7,NW
2024-05-25 04:00,Gurugram,28.4595,77.0266,30.7973745903209,66,0,1003.9,6.8,W
2024-05-25 05:00,Gurugram,28.4595,77.0266,29.4247087247759,65,0,1005.5,7.7,SE
2024-05-25 06:00,Gurugram,28.4595,77.0266,36.7391615991807,57,0,1004.6,1.8,NW
2024-05-25 07:00,Gurugram,28.4595,77.0266,34.4991855573672,57,0,1003.8,5.9,SE
2024-05-25 08:00,Gurugram,28.4595,77.0266,35.4418529692693,45,0,1003.3,9.1,W
2024-05-25 09:00,Gurugram,28.4595,77.0266,34.1269218544826,55,0,1003.8,18.9,WNW
2024-05-25 10:00,Gurugram,28.4595,77.0266,38.4210553216798,27,0,1003.1,8.9,E
2024-05-25 11:00,Gurugram,28.4595,77.0266,41.0213618418331,40,0,1003.7,15.8,W
2024-05-25 12:00,Gurugram,28.4595,77.0266,43.2630071544198,44,0,1002.5,6.5,W
2024-05-25 13:00,Gurugram,28.4595,77.0266,41.6538179891205,26,0,1002.8,4.7,WNW
2024-05-25 14:00,Gurugram,28.4595,77.0266,44.8614927476035,36,0,1003.4,9.5,NW
2024-05-25 15:00,Gurugram,28.4595,77.0266,47.8,29,0,1003.8,11.3,NW
2024-05-25 16:00,Gurugram,28.4595,77.0266,43.8270048377075,31,0,1003.3,6,NW
2024-05-25 17:00,Gurugram,28.4595,77.0266,41.5335979157671,40,0,1003.7,4.2,NW
2024-05-25 18:00,Gurugram,28.4595,77.0266,41.6742008172187,38,0,1002.3,7,NW
2024-05-25 19:00,Gurugram,28.4595,77.0266,38.9955098534106,28,0,1002,13.5,NW
2024-05-25 20:00,Gurugram,28.4595,77.0266,41.7930328743941,38,0,1003.4,9.5,NW
2024-05-25 21:00,Gurugram,28.4595,77.0266,35.5421573686823,54,0,1001.4,5.2,NW
2024-05-25 22:00,Gurugram,28.4595,77.0266,35.698553320387,54,0,1004.5,5.7,ESE
2024-05-25 23:00,Gurugram,28.4595,77.0266,33.3930128106228,66,0,1001.8,14.4,NW
2024-05-26 00:00,Gurugram,28.4595,77.0266,32.3454507572474,68,0,1003.1,8.5,W
2024-05-26 01:00,Gurugram,28.4595,77.0266,28.4481603781537,58,0,1004.2,3.5,WNW
2024-05-26 02:00,Gurugram,28.4595,77.0266,30.5693205583624,77,0,1004.7,17.7,SE
2024-05-26 03:00,Gurugram,28.4595,77.0266,29.7533949143201,62,0,1004.3,3.7,W
2024-05-26 04:00,Gurugram,28.4595,77.0266,33.6627753245459,56,0,1004.1,16.3,SW
2024-05-26 05:00,Gurugram,28.4595,77.0266,30.0268586558328,56,0,1006.6,6.6,W
2024-05-26 06:00,Gurugram,28.4595,77.0266,35.9254347594105,44,0,1002.3,5,NW
2024-05-26 07:00,Gurugram,28.4595,77.0266,31.6037786126685,64,0,1003.9,10.3,WNW
2024-05-26 08:00,Gurugram,28.4595,77.0266,37.9244810567056,61,0,1004.3,8.2,ESE
2024-05-26 09:00,Gurugram,28.4595,77.0266,34.626628754228,41,0,1004,6.9,WNW
2024-05-26 10:00,Gurugram,28.4595,77.0266,40.094612790463,42,0,1003,10.6,WNW
2024-05-26 11:00,Gurugram,28.4595,77.0266,43.1547409283196,40,0,1004.2,4,ESE
2024-05-26 12:00,Gurugram,28.4595,77.0266,42.2345063590622,31,0,1004.1,9.9,NW
2024-05-26 13:00,Gurugram,28.4595,77.0266,44.9388259276274,24,0,1005,10.4,SW
2024-05-26 14:00,Gurugram,28.4595,77.0266,46.6063054903821,32,0,1004.1,6.6,WNW
2024-05-26 15:00,Gurugram,28.4595,77.0266,40.064880952179,30,0,1001.3,1.5,W
2024-05-26 16:00,Gurugram,28.4595,77.0266,44.4685356029853,30,0,1004.5,8.4,Calm
2024-05-26 17:00,Gurugram,28.4595,77.0266,40.2412626409267,36,0,1003.1,8.2,SE
2024-05-26 18:00,Gurugram,28.4595,77.0266,40.9087264342741,45,0,1003.3,7.7,W
2024-05-26 19:00,Gurugram,28.4595,77.0266,44.137217583058,38,0,1002.2,2.7,E
2024-05-26 20:00,Gurugram,28.4595,77.0266,37.5957033653068,44,0,1003.7,10,W
2024-05-26 21:00,Gurugram,28.4595,77.0266,34.2400934536553,52,0,1005.9,15.3,WNW
2024-05-26 22:00,Gurugram,28.4595,77.0266,37.0355657392786,54,0,1004.8,7.9,E
2024-05-26 23:00,Gurugram,28.4595,77.0266,37.641205776534,51,0,1002.1,4,NW
2024-05-27 00:00,Gurugram,28.4595,77.0266,29.8277670699734,58,0,1003.5,12,WNW
2024-05-27 01:00,Gurugram,28.4595,77.0266,29.2439198307571,63,0,1004.9,20.2,WNW
2024-05-27 02:00,Gurugram,28.4595,77.0266,35.4107729897279,55,0,1003.5,5.2,ESE
2024-05-27 03:00,Gurugram,28.4595,77.0266,33.3828954985678,69,0,1001.2,5.3,NW
2024-05-27 04:00,Gurugram,28.4595,77.0266,32.5019722862973,70,0,1003,18,W
2024-05-27 05:00,Gurugram,28.4595,77.0266,29.0208550383639,56,0,1005.4,8.4,WNW
2024-05-27 06:00,Gurugram,28.4595,77.0266,38.2596923378935,59,0,1005.5,2.6,NW
2024-05-27 07:00,Gurugram,28.4595,77.0266,38.2893179120085,58,0,1003.5,23.7,Calm
2024-05-27 08:00,Gurugram,28.4595,77.0266,36.4940107875219,47,0,1003.4,1.5,NW
2024-05-27 09:00,Gurugram,28.4595,77.0266,36.6974539785784,50,0,1000.9,2.3,WNW
2024-05-27 10:00,Gurugram,28.4595,77.0266,38.9379689430657,44,0,1003.6,4.3,NW
2024-05-27 11:00,Gurugram,28.4595,77.0266,39.9346992967348,31,0,1003,13.8,W
2024-05-27 12:00,Gurugram,28.4595,77.0266,44.1775465982333,39,0,1001.4,14.5,SE
2024-05-27 13:00,Gurugram,28.4595,77.0266,45.9105682995217,27,0,1002.6,3.6,E
2024-05-27 14:00,Gurugram,28.4595,77.0266,45.4956311430962,38,0,1002.1,5.4,NW
2024-05-27 15:00,Gurugram,28.4595,77.0266,41.5096600244199,28,0,1003.8,11,W
2024-05-27 16:00,Gurugram,28.4595,77.0266,46.3491970282573,31,0,1005.6,20.1,W
2024-05-27 17:00,Gurugram,28.4595,77.0266,45.2148505389866,42,0,1003.5,1.5,W
2024-05-27 18:00,Gurugram,28.4595,77.0266,43.3893861314689,39,0,1004,2.4,ESE
2024-05-27 19:00,Gurugram,28.4595,77.0266,45.1548106874994,33,0,1006.7,6.6,ESE
2024-05-27 20:00,Gurugram,28.4595,77.0266,38.9389266976252,37,0,1001.4,3.2,NW
2024-05-27 21:00,Gurugram,28.4595,77.0266,36.834695977922,43,0,1003.9,17.4,NW
2024-05-27 22:00,Gurugram,28.4595,77.0266,34.3319337605679,53,0,1005.1,8.8,ESE
2024-05-27 23:00,Gurugram,28.4595,77.0266,32.9880222109957,56,0,1004.1,16.5,WNW
2024-05-28 00:00,Gurugram,28.4595,77.0266,33.8782827567742,52,0,1001.9,11.1,WNW
2024-05-28 01:00,Gurugram,28.4595,77.0266,35.613121946849,52,0,1006.2,13.5,WNW
2024-05-28 02:00,Gurugram,28.4595,77.0266,27.9216154591161,63,0,1004.8,5.9,WNW
2024-05-28 03:00,Gurugram,28.4595,77.0266,31.8928869795867,60,0,1004.2,2.1,W
2024-05-28 04:00,Gurugram,28.4595,77.0266,33.8977978978799,74,0,1002.2,8.1,WNW
2024-05-28 05:00,Gurugram,28.4595,77.0266,31.7001658512798,60,0,1006.6,15.4,W
2024-05-28 06:00,Gurugram,28.4595,77.0266,32.2316240932502,68,0,1004.5,23.4,NW
2024-05-28 07:00,Gurugram,28.4595,77.0266,33.866277960717,47,0,1004.4,7.8,ESE
2024-05-28 08:00,Gurugram,28.4595,77.0266,37.6534451034678,41,0,1004.5,13.9,SE
2024-05-28 09:00,Gurugram,28.4595,77.0266,37.0693388023342,40,0,1005,5.8,W
2024-05-28 10:00,Gurugram,28.4595,77.0266,36.7075603699878,50,0,1004,7,WNW
2024-05-28 11:00,Gurugram,28.4595,77.0266,43.3865630839199,49,0,1003.7,8.7,NW
2024-05-28 12:00,Gurugram,28.4595,77.0266,45.2753672419274,31,0,1001.1,21,NW
2024-05-28 13:00,Gurugram,28.4595,77.0266,43.5154089738236,31,0,1002.9,13.6,NW
2024-05-28 14:00,Gurugram,28.4595,77.0266,44.1322837174778,25,0,1006.2,12.5,NW
2024-05-28 15:00,Gurugram,28.4595,77.0266,47.2870402638789,21,0,1002.8,20.4,ESE
2024-05-28 16:00,Gurugram,28.4595,77.0266,44.5590168764718,36,0,1003.5,5.4,Calm
2024-05-28 17:00,Gurugram,28.4595,77.0266,46.8441313129786,35,0,1002.5,7.7,NW
2024-05-28 18:00,Gurugram,28.4595,77.0266,41.7484555469243,36,0,1004.5,12.5,NW
2024-05-28 19:00,Gurugram,28.4595,77.0266,45.0651822615932,31,0,1003.5,6.4,E
2024-05-28 20:00,Gurugram,28.4595,77.0266,41.6988876457012,52,0,1003.5,7.5,ESE
2024-05-28 21:00,Gurugram,28.4595,77.0266,37.7255588411942,43,0,1002.9,10.5,WNW
2024-05-28 22:00,Gurugram,28.4595,77.0266,35.094663544764,54,0,1004.3,8.9,Calm
2024-05-28 23:00,Gurugram,28.4595,77.0266,35.1992235154337,45,0,1005.6,4.4,W
2024-05-29 00:00,Gurugram,28.4595,77.0266,33.552574181691,56,0,1002,5.8,W
2024-05-29 01:00,Gurugram,28.4595,77.0266,31.4503728179057,61,0,1003.6,4.4,W
2024-05-29 02:00,Gurugram,28.4595,77.0266,31.3329111520121,62,0,1003.8,13.8,NW
2024-05-29 03:00,Gurugram,28.4595,77.0266,29.9009022274914,62,0,1003.1,5.7,WNW
2024-05-29 04:00,Gurugram,28.4595,77.0266,35.0834022671386,63,0,1005.4,12.5,NW
2024-05-29 05:00,Gurugram,28.4595,77.0266,34.1980503868341,52,0,1005.4,10,WNW
2024-05-29 06:00,Gurugram,28.4595,77.0266,36.976293582769,58,0,1004.3,9,NW
2024-05-29 07:00,Gurugram,28.4595,77.0266,33.6664839710426,54,0,1003.2,3.9,WNW
2024-05-29 08:00,Gurugram,28.4595,77.0266,37.1152144555423,51,0,1005.4,9.9,WNW
2024-05-29 09:00,Gurugram,28.4595,77.0266,36.6658878697016,46,0,1003.6,11.8,NW
2024-05-29 10:00,Gurugram,28.4595,77.0266,38.1469790521958,35,0,1005.2,13.9,NW
2024-05-29 11:00,Gurugram,28.4595,77.0266,39.9443060378728,31,0,1006.9,4.4,SE
2024-05-29 12:00,Gurugram,28.4595,77.0266,43.833185794908,22,0,1004,7.9,WNW
2024-05-29 13:00,Gurugram,28.4595,77.0266,44.2525972478744,38,0,1004.2,16,SE
2024-05-29 14:00,Gurugram,28.4595,77.0266,47.8,37,0,1003.1,15,SE
2024-05-29 15:00,Gurugram,28.4595,77.0266,45.720637187874,36,0,1005.2,8.7,NW
2024-05-29 16:00,Gurugram,28.4595,77.0266,47.3328909593946,33,0,1004.2,3.8,WNW
2024-05-29 17:00,Gurugram,28.4595,77.0266,40.3093779186528,20,0,1002.5,14.3,ESE
2024-05-29 18:00,Gurugram,28.4595,77.0266,45.6575806332513,29,0,1003.1,9.1,WNW
2024-05-29 19:00,Gurugram,28.4595,77.0266,44.0362379546116,40,0,1006.3,5,E
2024-05-29 20:00,Gurugram,28.4595,77.0266,39.1635941587566,43,0,1003.7,8,W
2024-05-29 21:00,Gurugram,28.4595,77.0266,39.4616520328832,45,0,1002.7,3.9,W
2024-05-29 22:00,Gurugram,28.4595,77.0266,38.0908957466414,52,0,1004.2,14.3,SE
2024-05-29 23:00,Gurugram,28.4595,77.0266,35.263952064571,54,0,1003.4,2.6,NW
2024-05-30 00:00,Gurugram,28.4595,77.0266,31.9684434931415,57,0,1003.9,16.6,W
2024-05-30 01:00,Gurugram,28.4595,77.0266,31.8364644441709,55,0,1004.8,10.7,NW
2024-05-30 02:00,Gurugram,28.4595,77.0266,34.941821425495,66,0,1004.5,3.9,NW
2024-05-30 03:00,Gurugram,28.4595,77.0266,31.9576935103068,58,0,1004.2,7.6,NW
2024-05-30 04:00,Gurugram,28.4595,77.0266,34.8435920186669,52,0,1003.4,7.1,W
2024-05-30 05:00,Gurugram,28.4595,77.0266,31.2635741394762,54,0,1002,5.2,SE
2024-05-30 06:00,Gurugram,28.4595,77.0266,33.6187001194263,54,0,1006.4,10.1,NW
2024-05-30 07:00,Gurugram,28.4595,77.0266,37.5707600957791,59,0,1006.4,20.5,ESE
2024-05-30 08:00,Gurugram,28.4595,77.0266,33.5756301393071,49,0,1004.2,5.5,NW
2024-05-30 09:00,Gurugram,28.4595,77.0266,38.0433187340937,45,0,1005.1,9.6,NW
2024-05-30 10:00,Gurugram,28.4595,77.0266,40.3179499874712,34,0,1004.1,9.2,SW
2024-05-30 11:00,Gurugram,28.4595,77.0266,41.6959240055892,43,0,1003.2,10.1,NW
2024-05-30 12:00,Gurugram,28.4595,77.0266,41.7588913185482,31,0,1004.2,1.5,NW
2024-05-30 13:00,Gurugram,28.4595,77.0266,44.6501259915417,32,0,1004.3,17.3,NW
2024-05-30 14:00,Gurugram,28.4595,77.0266,44.8182871287189,40,0,1005.9,30.3,NW
2024-05-30 15:00,Gurugram,28.4595,77.0266,45.1963071541963,34,0,1004.3,9.1,WNW
2024-05-30 16:00,Gurugram,28.4595,77.0266,42.8477495987982,21,0,1006.2,13.7,NW
2024-05-30 17:00,Gurugram,28.4595,77.0266,43.1161444459054,22,0,1003.9,11.6,WNW
2024-05-30 18:00,Gurugram,28.4595,77.0266,46.5766329775867,35,0,1003.5,4.3,WNW
2024-05-30 19:00,Gurugram,28.4595,77.0266,43.1271174161408,31,0,1005.9,8.7,W
2024-05-30 20:00,Gurugram,28.4595,77.0266,38.5735743662163,46,0,1005.8,5.8,E
2024-05-30 21:00,Gurugram,28.4595,77.0266,39.2907425790987,46,0,1004.2,8.2,NW
2024-05-30 22:00,Gurugram,28.4595,77.0266,34.012257005927,51,0,1004.5,9.4,W
2024-05-30 23:00,Gurugram,28.4595,77.0266,34.6803479490462,49,0,1004.5,9.8,WNW
2024-05-31 00:00,Gurugram,28.4595,77.0266,38.925714918515,66,0,1004.5,5.5,NW
2024-05-31 01:00,Gurugram,28.4595,77.0266,31.5902654907433,75,0,1003.8,9.8,SE
2024-05-31 02:00,Gurugram,28.4595,77.0266,31.9939722138558,58,0,1007.2,8.3,W
2024-05-31 03:00,Gurugram,28.4595,77.0266,33.2951370804283,62,0,1003.8,16.5,NW
2024-05-31 04:00,Gurugram,28.4595,77.0266,28.6006340471516,60,0,1005,13.3,NW
2024-05-31 05:00,Gurugram,28.4595,77.0266,32.5211349431625,57,0,1004.5,14.8,NW
2024-05-31 06:00,Gurugram,28.4595,77.0266,33.8232789450123,51,0,1001.3,15.4,SE
2024-05-31 07:00,Gurugram,28.4595,77.0266,34.3258789296965,46,0,1004.4,4.9,ESE
2024-05-31 08:00,Gurugram,28.4595,77.0266,35.7784057079994,42,0,1004,13,WNW
2024-05-31 09:00,Gurugram,28.4595,77.0266,40.4821265133061,48,0,1003.6,4.7,NW
2024-05-31 10:00,Gurugram,28.4595,77.0266,42.6382596194136,38,0,1003,19.1,WNW
2024-05-31 11:00,Gurugram,28.4595,77.0266,42.3932087189619,22,0,1006.5,12.8,SE
2024-05-31 12:00,Gurugram,28.4595,77.0266,43.752494769577,37,0,1003,4.5,WNW
2024-05-31 13:00,Gurugram,28.4595,77.0266,45.1233525608534,32,0,1004.1,10,NW
2024-05-31 14:00,Gurugram,28.4595,77.0266,44.8875200933121,39,0,1003.7,5.3,NW
2024-05-31 15:00,Gurugram,28.4595,77.0266,47.3912704795363,32,0,1003,6.8,WNW
2024-05-31 16:00,Gurugram,28.4595,77.0266,45.36989760624,22,0,1005.2,11,NW
2024-05-31 17:00,Gurugram,28.4595,77.0266,44.9574013955639,19,0,1004.8,6.2,ESE
2024-05-31 18:00,Gurugram,28.4595,77.0266,40.9887672599504,30,0,1003.7,7.7,NW
2024-05-31 19:00,Gurugram,28.4595,77.0266,42.1350252471718,34,0,1003.2,15.6,E
2024-05-31 20:00,Gurugram,28.4595,77.0266,38.1716916999171,47,0,1004.9,8.2,W
2024-05-31 21:00,Gurugram,28.4595,77.0266,36.6317500941396,45,0,1004.8,4.9,WNW
2024-05-31 22:00,Gurugram,28.4595,77.0266,37.5526391972794,56,0,1004.1,2.4,W
2024-05-31 23:00,Gurugram,28.4595,77.0266,36.894920120508,45,0,1006,13.4,NW
2024-06-01 00:00,Gurugram,28.4595,77.0266,36.988085095975,61,0,1006.3,13.3,NW
2024-06-01 01:00,Gurugram,28.4595,77.0266,32.3438601871894,62,0,1003.8,10,Calm
2024-06-01 02:00,Gurugram,28.4595,77.0266,32.0531133352197,47,0,1007,28,W
2024-06-01 03:00,Gurugram,28.4595,77.0266,34.5853215193681,68,0,1004.1,7.5,NW
2024-06-01 04:00,Gurugram,28.4595,77.0266,32.5228360355041,60,0,1004.1,16.6,NW
2024-06-01 05:00,Gurugram,28.4595,77.0266,32.2656458916712,60,0,1005.3,5.8,NW
2024-06-01 06:00,Gurugram,28.4595,77.0266,33.2749127013024,50,0,1004.9,13.8,NW
2024-06-01 07:00,Gurugram,28.4595,77.0266,36.0985194257817,60,0,1004.5,4.4,NW
2024-06-01 08:00,Gurugram,28.4595,77.0266,38.7578809063461,42,0,1002.2,13.6,NW
2024-06-01 09:00,Gurugram,28.4595,77.0266,34.1020808033114,50,0,1002.5,7.8,ESE
2024-06-01 10:00,Gurugram,28.4595,77.0266,40.7710794559989,46,0,1002.9,12.1,SE
2024-06-01 11:00,Gurugram,28.4595,77.0266,45.6214498505699,32,0,1004.5,10.3,WNW
2024-06-01 12:00,Gurugram,28.4595,77.0266,44.2152643701648,46,0,1003.8,13.1,W
2024-06-01 13:00,Gurugram,28.4595,77.0266,44.4080203237221,33,0,1004,2.2,NW
2024-06-01 14:00,Gurugram,28.4595,77.0266,45.2130962809187,34,0,1004.1,8.3,NW
2024-06-01 15:00,Gurugram,28.4595,77.0266,44.8435633611513,21,0,1005.6,16.1,W
2024-06-01 16:00,Gurugram,28.4595,77.0266,47.7814151821834,43,0,1005.4,17.4,SE
2024-06-01 17:00,Gurugram,28.4595,77.0266,41.9091061356511,25,0,1003.9,11.8,NW
2024-06-01 18:00,Gurugram,28.4595,77.0266,45.4162531718182,40,0,1004.1,16.4,WNW
2024-06-01 19:00,Gurugram,28.4595,77.0266,41.8963592682034,31,0,1003.4,8.1,Calm
2024-06-01 20:00,Gurugram,28.4595,77.0266,39.3001977055325,37,0,1004,1.5,ESE
2024-06-01 21:00,Gurugram,28.4595,77.0266,40.1591166983179,50,0,1006,6,NW
2024-06-01 22:00,Gurugram,28.4595,77.0266,38.3371119659075,55,0,1005.6,9.6,NW
2024-06-01 23:00,Gurugram,28.4595,77.0266,38.3727630272872,45,0,1004.9,10.4,SW
2024-06-02 00:00,Gurugram,28.4595,77.0266,31.2757726631304,62,0,1003.3,11.4,NW
2024-06-02 01:00,Gurugram,28.4595,77.0266,34.2464459483567,64,0,1004.5,9.1,WNW
2024-06-02 02:00,Gurugram,28.4595,77.0266,34.2956807454552,53,0,1004.1,9.2,WNW
2024-06-02 03:00,Gurugram,28.4595,77.0266,32.6992283077604,69,0,1004.4,14.1,WNW
2024-06-02 04:00,Gurugram,28.4595,77.0266,33.7088969906339,50,0,1005.6,5.2,NW
2024-06-02 05:00,Gurugram,28.4595,77.0266,32.347989146571,54,0,1005.9,10.3,W
2024-06-02 06:00,Gurugram,28.4595,77.0266,37.1296062049566,58,0,1007.5,11.8,NW
2024-06-02 07:00,Gurugram,28.4595,77.0266,36.4783182051083,47,0,1003.5,6.3,W
2024-06-02 08:00,Gurugram,28.4595,77.0266,34.9434299075995,50,0,1006.1,7.7,WNW
2024-06-02 09:00,Gurugram,28.4595,77.0266,39.4866913359276,46,0,1004.4,20.9,NW
2024-06-02 10:00,Gurugram,28.4595,77.0266,41.5102527354169,39,0,1003.8,10,ESE
2024-06-02 11:00,Gurugram,28.4595,77.0266,44.3673690288451,42,0,1007.2,32.7,Calm
2024-06-02 12:00,Gurugram,28.4595,77.0266,45.0729271800295,32,0,1006.7,9.6,E
2024-06-02 13:00,Gurugram,28.4595,77.0266,43.5302825423078,33,0,1004.3,14.5,NW
2024-06-02 14:00,Gurugram,28.4595,77.0266,47.8,37,0,1003.7,3.3,WNW
2024-06-02 15:00,Gurugram,28.4595,77.0266,45.9081971096009,34,0,1002.5,2.2,ESE
2024-06-02 16:00,Gurugram,28.4595,77.0266,47.3302917640585,35,0,1006.1,4.8,W
2024-06-02 17:00,Gurugram,28.4595,77.0266,44.3027081677374,25,0,1002.2,15.6,ESE
2024-06-02 18:00,Gurugram,28.4595,77.0266,45.5833317654558,37,0,1004.4,7.8,Calm
2024-06-02 19:00,Gurugram,28.4595,77.0266,43.9476152224,32,0,1003.5,3.2,WNW
2024-06-02 20:00,Gurugram,28.4595,77.0266,44.4209484597178,33,0,1006.3,9.5,SE
2024-06-02 21:00,Gurugram,28.4595,77.0266,40.4810292400753,44,0,1006.8,14.7,NW
2024-06-02 22:00,Gurugram,28.4595,77.0266,38.8471107348548,43,0,1002.6,5.2,E
2024-06-02 23:00,Gurugram,28.4595,77.0266,36.2608704314371,57,0,1004.7,15.3,SE
2024-06-03 00:00,Gurugram,28.4595,77.0266,33.9380737799623,60,0,1005.1,3.9,W
2024-06-03 01:00,Gurugram,28.4595,77.0266,34.5410844392733,46,0,1004.4,14.5,SE
2024-06-03 02:00,Gurugram,28.4595,77.0266,33.4600204890156,54,0,1004,16.8,W
2024-06-03 03:00,Gurugram,28.4595,77.0266,32.1957989881554,50,0,1006.6,6,W
2024-06-03 04:00,Gurugram,28.4595,77.0266,34.4122011972652,56,0,1004.1,18.2,SW
2024-06-03 05:00,Gurugram,28.4595,77.0266,37.8980053684933,60,0,1007.2,20.2,NW
2024-06-03 06:00,Gurugram,28.4595,77.0266,32.6250652118969,53,0,1004,11.5,Calm
2024-06-03 07:00,Gurugram,28.4595,77.0266,35.8534896043816,48,0,1005.7,6.3,NW
2024-06-03 08:00,Gurugram,28.4595,77.0266,38.0287012051214,56,0,1005.8,33.8,WNW
2024-06-03 09:00,Gurugram,28.4595,77.0266,39.5227492275763,30,0,1004,5.7,NW
2024-06-03 10:00,Gurugram,28.4595,77.0266,40.3306031351224,48,0,1002.6,21.8,NW
2024-06-03 11:00,Gurugram,28.4595,77.0266,46.1216076398476,33,0,1003.7,26.2,W
2024-06-03 12:00,Gurugram,28.4595,77.0266,45.9501048940927,33,0,1003.4,11.7,NW
2024-06-03 13:00,Gurugram,28.4595,77.0266,44.0811816250184,28,0,1005.8,4.4,SW
2024-06-03 14:00,Gurugram,28.4595,77.0266,42.6187194236245,39,0,1004.3,11.1,NW
2024-06-03 15:00,Gurugram,28.4595,77.0266,43.1056695406407,22,0,1006.4,28.5,NW
2024-06-03 16:00,Gurugram,28.4595,77.0266,44.8261343882278,30,0,1005.5,6.3,E
2024-06-03 17:00,Gurugram,28.4595,77.0266,41.4947132795557,34,0,1004.5,8.8,ESE
2024-06-03 18:00,Gurugram,28.4595,77.0266,46.8644601589766,24,0,1004.9,1.8,ESE
2024-06-03 19:00,Gurugram,28.4595,77.0266,42.0447231634766,31,0,1003.2,8.8,NW
2024-06-03 20:00,Gurugram,28.4595,77.0266,47.6201078349525,39,0,1004.5,13.5,ESE
2024-06-03 21:00,Gurugram,28.4595,77.0266,43.9831012408022,39,0,1004.9,4.8,WNW
2024-06-03 22:00,Gurugram,28.4595,77.0266,37.026946206479,43,0,1004.3,21.3,Calm
2024-06-03 23:00,Gurugram,28.4595,77.0266,34.9231793984769,49,0,1004.1,3.5,ESE
2024-06-04 00:00,Gurugram,28.4595,77.0266,37.4279715583279,58,0,1006.1,6.3,SE
2024-06-04 01:00,Gurugram,28.4595,77.0266,38.1636955068237,55,0,1003.8,19.1,ESE
2024-06-04 02:00,Gurugram,28.4595,77.0266,30.9575634772045,65,0,1005.6,8.4,W
2024-06-04 03:00,Gurugram,28.4595,77.0266,28.4536354521045,53,0,1006.3,23.9,ESE
2024-06-04 04:00,Gurugram,28.4595,77.0266,31.348698683173,51,0,1005.5,2.4,W
2024-06-04 05:00,Gurugram,28.4595,77.0266,33.7084399546506,68,0,1003.5,7.4,NW
2024-06-04 06:00,Gurugram,28.4595,77.0266,36.1111582987287,50,0,1005.1,11.3,WNW
2024-06-04 07:00,Gurugram,28.4595,77.0266,39.0694330365212,43,0,1006,27.9,NW
2024-06-04 08:00,Gurugram,28.4595,77.0266,34.631737561206,37,0,1004.6,10.1,ESE
2024-06-04 09:00,Gurugram,28.4595,77.0266,36.5150134617802,50,0,1003.9,12.9,W
2024-06-04 10:00,Gurugram,28.4595,77.0266,43.0665269351865,38,0,1003.9,9.2,W
2024-06-04 11:00,Gurugram,28.4595,77.0266,41.9699070364252,35,0,1005.3,8.6,SE
2024-06-04 12:00,Gurugram,28.4595,77.0266,42.0142055458259,32,0,1004.5,6.3,W
2024-06-04 13:00,Gurugram,28.4595,77.0266,44.2510429647431,37,0,1004.2,11.9,NW
2024-06-04 14:00,Gurugram,28.4595,77.0266,47.8,28,0,1002.4,7.8,NW
2024-06-04 15:00,Gurugram,28.4595,77.0266,44.7783080879622,43,0,1007.1,13.3,NW
2024-06-04 16:00,Gurugram,28.4595,77.0266,44.7788764199101,30,0,1004.6,10,NW
2024-06-04 17:00,Gurugram,28.4595,77.0266,46.0543160889934,37,0,1005.9,7.3,NW
2024-06-04 18:00,Gurugram,28.4595,77.0266,44.8187627102136,38,0,1006.5,21.4,W
2024-06-04 19:00,Gurugram,28.4595,77.0266,40.4191150206354,36,0,1009,5.9,NW
2024-06-04 20:00,Gurugram,28.4595,77.0266,40.2823139148263,36,0,1005.8,6.5,NW
2024-06-04 21:00,Gurugram,28.4595,77.0266,41.2244420037957,46,0,1005.3,1.7,Calm
2024-06-04 22:00,Gurugram,28.4595,77.0266,39.4982760053581,51,0,1003.1,8,Calm
2024-06-04 23:00,Gurugram,28.4595,77.0266,35.564533508613,48,0,1002.5,20.5,W
2024-06-05 00:00,Gurugram,28.4595,77.0266,34.3302079246877,55,0,1002.2,20.8,NW
2024-06-05 01:00,Gurugram,28.4595,77.0266,33.8438284515349,64,0,1004.9,6.9,SE
2024-06-05 02:00,Gurugram,28.4595,77.0266,29.4518702753245,70,0,1003.9,12.7,W
2024-06-05 03:00,Gurugram,28.4595,77.0266,33.371699255991,63,0,1004.5,14.3,NW
2024-06-05 04:00,Gurugram,28.4595,77.0266,36.1276347557381,69,0,1006.8,3.4,W
2024-06-05 05:00,Gurugram,28.4595,77.0266,32.8351516601838,53,0,1005.7,17.8,NW
2024-06-05 06:00,Gurugram,28.4595,77.0266,34.3446113183765,58,0,1005.1,3.8,Calm
2024-06-05 07:00,Gurugram,28.4595,77.0266,38.5595326147894,59,0,1005.3,7.2,SE
2024-06-05 08:00,Gurugram,28.4595,77.0266,39.4408703918469,42,0,1004.3,4.5,NW
2024-06-05 09:00,Gurugram,28.4595,77.0266,39.6724079364979,40,0,1004.5,11.3,WNW
2024-06-05 10:00,Gurugram,28.4595,77.0266,41.2367186158262,50,0,1003.4,5.4,WNW
2024-06-05 11:00,Gurugram,28.4595,77.0266,40.0373864940046,30,0,1006,6.3,E
2024-06-05 12:00,Gurugram,28.4595,77.0266,44.9207668406796,25,0,1007.2,15.8,WNW
2024-06-05 13:00,Gurugram,28.4595,77.0266,47.8,39,0,1006.7,6.8,NW
2024-06-05 14:00,Gurugram,28.4595,77.0266,47.6827914477361,36,0,1005.1,9.2,NW
2024-06-05 15:00,Gurugram,28.4595,77.0266,47.2649397914935,31,0,1006.3,3.8,NW
2024-06-05 16:00,Gurugram,28.4595,77.0266,45.5668661635418,29,0,1005.8,2.9,SW
2024-06-05 17:00,Gurugram,28.4595,77.0266,46.4457629710926,28,0,1005.3,10.3,SW
2024-06-05 18:00,Gurugram,28.4595,77.0266,42.7422058583213,34,0,1005.5,6.6,NW
2024-06-05 19:00,Gurugram,28.4595,77.0266,43.8610904899874,45,0,1003.5,23.5,NW
2024-06-05 20:00,Gurugram,28.4595,77.0266,43.0093057040418,41,0,1004.5,29.5,WNW
2024-06-05 21:00,Gurugram,28.4595,77.0266,39.6960743989012,56,0,1004.3,4,SE
2024-06-05 22:00,Gurugram,28.4595,77.0266,37.3250940705305,42,0,1003.3,3,NW
2024-06-05 23:00,Gurugram,28.4595,77.0266,38.1902108358675,51,0,1005.8,23.8,WNW
2024-06-06 00:00,Gurugram,28.4595,77.0266,35.1117879642667,51,0,1006.1,12.1,NW
2024-06-06 01:00,Gurugram,28.4595,77.0266,33.3863775787088,49,0,1002.2,10.2,WNW
2024-06-06 02:00,Gurugram,28.4595,77.0266,34.3006847699287,56,0,1005.3,3.3,ESE
2024-06-06 03:00,Gurugram,28.4595,77.0266,33.3631278665747,60,0,1004.9,28.2,WNW
2024-06-06 04:00,Gurugram,28.4595,77.0266,31.6282254082082,61,0,1004.5,5.3,WNW
2024-06-06 05:00,Gurugram,28.4595,77.0266,32.8309369398104,69,0,1003.3,14.6,SE
2024-06-06 06:00,Gurugram,28.4595,77.0266,30.9611006952747,56,0,1005.4,14.2,ESE
2024-06-06 07:00,Gurugram,28.4595,77.0266,36.9599777453418,57,0,1005.3,2.8,NW
2024-06-06 08:00,Gurugram,28.4595,77.0266,35.8444707297757,47,0,1004.8,6,WNW
2024-06-06 09:00,Gurugram,28.4595,77.0266,36.754763735707,53,0,1006.2,3.5,SE
2024-06-06 10:00,Gurugram,28.4595,77.0266,38.4414786833809,53,0,1006.2,2,WNW
2024-06-06 11:00,Gurugram,28.4595,77.0266,44.3522775584135,39,0,1003,8,W
2024-06-06 12:00,Gurugram,28.4595,77.0266,44.8395102792732,26,0,1006.2,3.8,NW
2024-06-06 13:00,Gurugram,28.4595,77.0266,46.0330650678767,27,0,1004.1,5.3,NW
2024-06-06 14:00,Gurugram,28.4595,77.0266,43.2269148879118,30,0,1005,3.2,NW
2024-06-06 15:00,Gurugram,28.4595,77.0266,43.6521954780062,31,0,1007.3,7.4,WNW
2024-06-06 16:00,Gurugram,28.4595,77.0266,47.8,33,0,1005.2,23.4,WNW
2024-06-06 17:00,Gurugram,28.4595,77.0266,45.3453168408543,33,0,1006.5,11.1,E
2024-06-06 18:00,Gurugram,28.4595,77.0266,45.6186614791319,32,0,1005,6.5,W
2024-06-06 19:00,Gurugram,28.4595,77.0266,42.1913002083651,32,0,1006.4,8.8,W
2024-06-06 20:00,Gurugram,28.4595,77.0266,41.7426016629139,41,0,1005.2,10.6,ESE
2024-06-06 21:00,Gurugram,28.4595,77.0266,41.033669894853,54,0,1005,10.8,W
2024-06-06 22:00,Gurugram,28.4595,77.0266,40.2533246262122,53,0,1005.4,7.6,ESE
2024-06-06 23:00,Gurugram,28.4595,77.0266,36.5361397086461,54,0,1003.9,5.7,SE
2024-06-07 00:00,Gurugram,28.4595,77.0266,36.0184133923382,59,0,1004.8,14.6,WNW
2024-06-07 01:00,Gurugram,28.4595,77.0266,35.2992788461048,53,0,1006.2,4.2,NW
2024-06-07 02:00,Gurugram,28.4595,77.0266,33.4084789949553,54,0,1006.5,14.7,Calm
2024-06-07 03:00,Gurugram,28.4595,77.0266,32.4829652326937,53,0,1004.4,6.9,W
2024-06-07 04:00,Gurugram,28.4595,77.0266,34.7183889752383,56,0,1007.5,17.9,ESE
2024-06-07 05:00,Gurugram,28.4595,77.0266,35.890962964277,53,0,1007.6,4.7,ESE
2024-06-07 06:00,Gurugram,28.4595,77.0266,33.844939431945,60,0,1004.3,4.6,W
2024-06-07 07:00,Gurugram,28.4595,77.0266,33.9922042183736,47,0,1004.9,9.5,WNW
2024-06-07 08:00,Gurugram,28.4595,77.0266,35.1452144143952,42,0,1005.4,5.3,Calm
2024-06-07 09:00,Gurugram,28.4595,77.0266,37.7686839712264,54,0,1006.9,23.9,ESE
2024-06-07 10:00,Gurugram,28.4595,77.0266,39.3551237135212,36,0,1006.1,5.8,SE
2024-06-07 11:00,Gurugram,28.4595,77.0266,44.7094195749979,36,0,1005.1,4.9,WNW
2024-06-07 12:00,Gurugram,28.4595,77.0266,44.5498650279966,35,0,1003.9,11.9,SW
2024-06-07 13:00,Gurugram,28.4595,77.0266,47.7169107758248,23,0,1003.1,1.5,ESE
2024-06-07 14:00,Gurugram,28.4595,77.0266,46.1326362689867,35,0,1005.8,24.8,ESE
2024-06-07 15:00,Gurugram,28.4595,77.0266,44.0660592876943,31,0,1007.6,13.2,NW
2024-06-07 16:00,Gurugram,28.4595,77.0266,47.2543250204121,37,0,1005.5,10.7,W
2024-06-07 17:00,Gurugram,28.4595,77.0266,46.3013002632969,25,0,1006,5.5,WNW
2024-06-07 18:00,Gurugram,28.4595,77.0266,41.6001796145976,33,0,1005.7,8.4,W
2024-06-07 19:00,Gurugram,28.4595,77.0266,43.8571501382831,35,0,1003.5,6,W
2024-06-07 20:00,Gurugram,28.4595,77.0266,41.5106779110919,40,0,1007.3,6.8,NW
2024-06-07 21:00,Gurugram,28.4595,77.0266,39.616959763267,34,0,1004.5,15.4,W
2024-06-07 22:00,Gurugram,28.4595,77.0266,35.3195394947894,47,0,1004.5,11.4,WNW
2024-06-07 23:00,Gurugram,28.4595,77.0266,35.1094623557231,41,0,1006,7.2,SE
2024-06-08 00:00,Gurugram,28.4595,77.0266,33.6750123385518,55,0,1004.8,2.6,WNW
2024-06-08 01:00,Gurugram,28.4595,77.0266,35.3573464511813,42,0,1004.1,30.5,WNW
2024-06-08 02:00,Gurugram,28.4595,77.0266,32.8641098672226,46,0,1006.8,4.3,ESE
2024-06-08 03:00,Gurugram,28.4595,77.0266,30.412463870609,62,0,1005.8,15.5,W
2024-06-08 04:00,Gurugram,28.4595,77.0266,34.6534076206288,53,0,1006.8,5.8,Calm
2024-06-08 05:00,Gurugram,28.4595,77.0266,34.1189269906288,49,0,1005.2,10.2,WNW
2024-06-08 06:00,Gurugram,28.4595,77.0266,35.8553378511771,60,0,1005.1,5,ESE
2024-06-08 07:00,Gurugram,28.4595,77.0266,36.8221626222886,52,0,1005.9,5.7,NW
2024-06-08 08:00,Gurugram,28.4595,77.0266,36.1955784065541,51,0,1006.1,5.4,SE
2024-06-08 09:00,Gurugram,28.4595,77.0266,41.1497674569901,41,0,1004.9,9.7,SE
2024-06-08 10:00,Gurugram,28.4595,77.0266,38.846670096509,54,0,1004.7,5.5,ESE
2024-06-08 11:00,Gurugram,28.4595,77.0266,43.2141010416681,31,0,1006.7,9.5,NW
2024-06-08 12:00,Gurugram,28.4595,77.0266,47.8,42,0,1006,19.2,Calm
2024-06-08 13:00,Gurugram,28.4595,77.0266,46.8566986068503,29,0,1006,4.1,SW
2024-06-08 14:00,Gurugram,28.4595,77.0266,45.8286762740469,18,0,1003.3,4.1,WNW
2024-06-08 15:00,Gurugram,28.4595,77.0266,45.655106730396,30,0,1005.9,21.7,W
2024-06-08 16:00,Gurugram,28.4595,77.0266,47.8,30,0,1006.1,13.4,E
2024-06-08 17:00,Gurugram,28.4595,77.0266,44.7322554382144,23,0,1005.2,9.1,WNW
2024-06-08 18:00,Gurugram,28.4595,77.0266,43.8470294403677,26,0,1006.3,3.1,W
2024-06-08 19:00,Gurugram,28.4595,77.0266,44.0540471322651,35,0,1004.8,2.7,W
2024-06-08 20:00,Gurugram,28.4595,77.0266,43.7589440827629,40,0,1006,4.9,W
2024-06-08 21:00,Gurugram,28.4595,77.0266,40.7433279780249,27,0,1003.8,9.9,W
2024-06-08 22:00,Gurugram,28.4595,77.0266,37.3411365455627,52,0,1006.7,16.2,WNW
2024-06-08 23:00,Gurugram,28.4595,77.0266,36.9708778418918,47,0,1004.7,9.7,W
2024-06-09 00:00,Gurugram,28.4595,77.0266,34.845099514037,44,0,1006.3,10.1,E
2024-06-09 01:00,Gurugram,28.4595,77.0266,33.4019735453139,60,0,1007.3,17.4,E
2024-06-09 02:00,Gurugram,28.4595,77.0266,37.5585409348261,56,0,1007,11.8,SE
2024-06-09 03:00,Gurugram,28.4595,77.0266,32.5633708783532,64,0,1006.3,6.4,WNW
2024-06-09 04:00,Gurugram,28.4595,77.0266,37.0049405936641,59,0,1006.8,8.7,SE
2024-06-09 05:00,Gurugram,28.4595,77.0266,37.0818774317187,55,0,1007.6,16.5,WNW
2024-06-09 06:00,Gurugram,28.4595,77.0266,37.2086850797574,51,0,1006,10.6,W
2024-06-09 07:00,Gurugram,28.4595,77.0266,35.300507978712,52,0,1007,22.7,W
2024-06-09 08:00,Gurugram,28.4595,77.0266,38.1572930766582,43,0,1004.4,5.6,NW
2024-06-09 09:00,Gurugram,28.4595,77.0266,37.7089184003702,37,0,1004.9,4.4,WNW
2024-06-09 10:00,Gurugram,28.4595,77.0266,39.849611373682,42,0,1007.6,11.1,SE
2024-06-09 11:00,Gurugram,28.4595,77.0266,45.6443760049077,33,0,1005.5,9.6,SW
2024-06-09 12:00,Gurugram,28.4595,77.0266,47.0775802071675,31,0,1005.2,4,NW
2024-06-09 13:00,Gurugram,28.4595,77.0266,44.4412544973405,35,0,1005.5,6,WNW
2024-06-09 14:00,Gurugram,28.4595,77.0266,44.9218895618129,27,0,1005,19.3,WNW
2024-06-09 15:00,Gurugram,28.4595,77.0266,45.8249904862518,27,0,1005.6,12.1,WNW
2024-06-09 16:00,Gurugram,28.4595,77.0266,45.4690811759827,24,0,1004.6,6.3,Calm
2024-06-09 17:00,Gurugram,28.4595,77.0266,47.6260625836484,31,0,1005.1,4.8,WNW
2024-06-09 18:00,Gurugram,28.4595,77.0266,45.2508521505115,33,0,1005.9,7.2,SE
2024-06-09 19:00,Gurugram,28.4595,77.0266,44.996250103174,40,0,1007.7,16,W
2024-06-09 20:00,Gurugram,28.4595,77.0266,41.0155803459993,34,0,1005.8,9.4,NW
2024-06-09 21:00,Gurugram,28.4595,77.0266,38.4964091922498,39,0,1003.7,8.6,ESE
2024-06-09 22:00,Gurugram,28.4595,77.0266,39.9750681654773,50,0,1007,16.4,W
2024-06-09 23:00,Gurugram,28.4595,77.0266,38.3958342811124,51,0,1006.8,4.2,ESE
2024-06-10 00:00,Gurugram,28.4595,77.0266,35.8889237026974,47,0,1005,5.4,NW
2024-06-10 01:00,Gurugram,28.4595,77.0266,34.6854221675346,62,0,1006.9,9.9,NW
2024-06-10 02:00,Gurugram,28.4595,77.0266,35.8452375764458,46,0,1005.8,8.6,ESE
2024-06-10 03:00,Gurugram,28.4595,77.0266,36.7660191246586,61,0,1007.7,7.5,WNW
2024-06-10 04:00,Gurugram,28.4595,77.0266,34.9228111407713,48,0,1008.9,16.9,SW
2024-06-10 05:00,Gurugram,28.4595,77.0266,37.8991708237926,66,0,1006.5,2.2,WNW
2024-06-10 06:00,Gurugram,28.4595,77.0266,34.2643416287832,43,0,1006.9,4.5,NW
2024-06-10 07:00,Gurugram,28.4595,77.0266,36.3634914419461,56,0,1007.9,4.5,ESE
2024-06-10 08:00,Gurugram,28.4595,77.0266,36.6101170066926,45,0,1007.1,12.8,WNW
2024-06-10 09:00,Gurugram,28.4595,77.0266,37.0334270897838,39,0,1006.5,6.8,NW
2024-06-10 10:00,Gurugram,28.4595,77.0266,40.2989166362341,39,0,1005.9,28.5,NW
2024-06-10 11:00,Gurugram,28.4595,77.0266,47.316468432474,38,0,1004.6,17.4,NW
2024-06-10 12:00,Gurugram,28.4595,77.0266,45.7106798667323,25,0,1005.7,6.8,NW
2024-06-10 13:00,Gurugram,28.4595,77.0266,45.9594021358858,24,0,1005.7,12.6,W
2024-06-10 14:00,Gurugram,28.4595,77.0266,43.7287080567147,31,0,1006,12.2,ESE
2024-06-10 15:00,Gurugram,28.4595,77.0266,47.2506522158992,16,0,1003.8,20.4,NW
2024-06-10 16:00,Gurugram,28.4595,77.0266,47.7023050702576,23,0,1005.6,7.7,ESE
2024-06-10 17:00,Gurugram,28.4595,77.0266,45.8548084485602,47,0,1005.7,6.2,E
2024-06-10 18:00,Gurugram,28.4595,77.0266,40.9927232016695,25,0,1004.3,11.7,W
2024-06-10 19:00,Gurugram,28.4595,77.0266,41.6103941037884,41,0,1006.5,7.7,SE
2024-06-10 20:00,Gurugram,28.4595,77.0266,42.307588880105,34,0,1007.1,13.4,NW
2024-06-10 21:00,Gurugram,28.4595,77.0266,41.0135333571336,44,0,1006,19,NW
2024-06-10 22:00,Gurugram,28.4595,77.0266,36.4428075048232,49,0,1004.5,4.9,WNW
2024-06-10 23:00,Gurugram,28.4595,77.0266,37.0915956642865,56,0,1005.9,5.8,ESE
2024-06-11 00:00,Gurugram,28.4595,77.0266,35.2763880496339,50,0,1007.1,18,ESE
2024-06-11 01:00,Gurugram,28.4595,77.0266,37.4877992175099,66,0,1007,9.1,Calm
2024-06-11 02:00,Gurugram,28.4595,77.0266,35.386535864627,52,0,1006.1,9.3,W
2024-06-11 03:00,Gurugram,28.4595,77.0266,35.9604667961747,57,0,1006.7,16.3,WNW
2024-06-11 04:00,Gurugram,28.4595,77.0266,32.5387831115697,57,0,1005.4,8.4,SE
2024-06-11 05:00,Gurugram,28.4595,77.0266,32.1122312252,47,0,1007.1,14.6,NW
2024-06-11 06:00,Gurugram,28.4595,77.0266,36.4164575144224,50,0,1005.7,5.2,SE
2024-06-11 07:00,Gurugram,28.4595,77.0266,40.7840262253237,50,0,1005.3,7,WNW
2024-06-11 08:00,Gurugram,28.4595,77.0266,41.0833814332992,42,0,1007.3,20.9,NW
2024-06-11 09:00,Gurugram,28.4595,77.0266,41.7045708529969,56,0,1006.3,9.2,NW
2024-06-11 10:00,Gurugram,28.4595,77.0266,43.2927992608578,32,0,1006.3,5,Calm
2024-06-11 11:00,Gurugram,28.4595,77.0266,46.181524513208,41,0,1006.8,4.8,W
2024-06-11 12:00,Gurugram,28.4595,77.0266,45.704160570432,36,0,1006.1,8.6,NW
2024-06-11 13:00,Gurugram,28.4595,77.0266,45.0696348403019,28,0,1005.1,14.9,NW
2024-06-11 14:00,Gurugram,28.4595,77.0266,47.8,21,0,1005.9,1.5,WNW
2024-06-11 15:00,Gurugram,28.4595,77.0266,45.6865275319919,21,0,1004.4,6.5,NW
2024-06-11 16:00,Gurugram,28.4595,77.0266,47.8,23,0,1007.6,12.2,NW
2024-06-11 17:00,Gurugram,28.4595,77.0266,45.5367426200461,17,0,1004.8,10.4,ESE
2024-06-11 18:00,Gurugram,28.4595,77.0266,46.8451561346524,24,0,1008.5,11.5,SE
2024-06-11 19:00,Gurugram,28.4595,77.0266,42.0081210653957,25,0,1005.2,5.5,Calm
2024-06-11 20:00,Gurugram,28.4595,77.0266,45.0484862952175,45,0,1006.9,9.8,NW
2024-06-11 21:00,Gurugram,28.4595,77.0266,41.0902013108832,45,0,1008.4,16.7,E
2024-06-11 22:00,Gurugram,28.4595,77.0266,36.3257233974908,50,0,1006.5,6.9,NW
2024-06-11 23:00,Gurugram,28.4595,77.0266,38.3970379113438,52,0,1005.8,9.4,WNW
2024-06-12 00:00,Gurugram,28.4595,77.0266,39.3688029605722,52,0,1006.4,2.5,NW
2024-06-12 01:00,Gurugram,28.4595,77.0266,32.7523862183892,62,0,1005.3,12.1,Calm
2024-06-12 02:00,Gurugram,28.4595,77.0266,32.6686932331559,52,0,1003.9,5.6,Calm
2024-06-12 03:00,Gurugram,28.4595,77.0266,34.1265309851752,56,0,1007.1,3.7,E
2024-06-12 04:00,Gurugram,28.4595,77.0266,33.8184384808405,60,0,1003.9,6.4,NW
2024-06-12 05:00,Gurugram,28.4595,77.0266,36.2082608562423,46,0,1004.7,12.5,SE
2024-06-12 06:00,Gurugram,28.4595,77.0266,36.9278808608948,70,0,1006.4,5.7,W
2024-06-12 07:00,Gurugram,28.4595,77.0266,38.2862214457679,48,0,1005.6,4.3,NW
2024-06-12 08:00,Gurugram,28.4595,77.0266,42.0582280062454,45,0,1007,13.7,NW
2024-06-12 09:00,Gurugram,28.4595,77.0266,40.9342169351346,48,0,1008.3,4.9,ESE
2024-06-12 10:00,Gurugram,28.4595,77.0266,41.0632438947244,42,0,1006.1,27.6,SE
2024-06-12 11:00,Gurugram,28.4595,77.0266,42.4939773416697,33,0,1005.6,16.3,SE
2024-06-12 12:00,Gurugram,28.4595,77.0266,45.1803328378482,31,0,1008.5,21,W
2024-06-12 13:00,Gurugram,28.4595,77.0266,46.3164406333592,19,0,1007.2,10,W
2024-06-12 14:00,Gurugram,28.4595,77.0266,47.8,23,0,1007.5,5.6,ESE
2024-06-12 15:00,Gurugram,28.4595,77.0266,47.8,29,0,1007.4,17,SE
2024-06-12 16:00,Gurugram,28.4595,77.0266,44.3775897463144,29,0,1006.1,4,NW
2024-06-12 17:00,Gurugram,28.4595,77.0266,47.7353982454952,35,0,1005.9,2.3,ESE
2024-06-12 18:00,Gurugram,28.4595,77.0266,45.781168796073,29,0,1005.2,11.6,WNW
2024-06-12 19:00,Gurugram,28.4595,77.0266,45.9116213708364,25,0,1007.2,3.5,WNW
2024-06-12 20:00,Gurugram,28.4595,77.0266,45.0304351127895,43,0,1006.8,8.6,NW
2024-06-12 21:00,Gurugram,28.4595,77.0266,41.626511061356,49,0,1007.1,8.3,W
2024-06-12 22:00,Gurugram,28.4595,77.0266,38.9203182540585,50,0,1004.1,14.6,NW
2024-06-12 23:00,Gurugram,28.4595,77.0266,38.4256824010052,47,0,1007.5,3.8,SW
2024-06-13 00:00,Gurugram,28.4595,77.0266,38.7480539501886,57,0,1006,3.1,W
2024-06-13 01:00,Gurugram,28.4595,77.0266,33.825737375195,74,0,1004,7.9,Calm
2024-06-13 02:00,Gurugram,28.4595,77.0266,34.7702953803301,56,0,1005,1.5,NW
2024-06-13 03:00,Gurugram,28.4595,77.0266,33.8331884868456,48,0,1006,11,ESE
2024-06-13 04:00,Gurugram,28.4595,77.0266,36.3421629919664,51,0,1005.7,10.4,Calm
2024-06-13 05:00,Gurugram,28.4595,77.0266,37.1778381822704,57,0,1006.6,10.5,NW
2024-06-13 06:00,Gurugram,28.4595,77.0266,35.0669999354014,41,0,1007.1,7.8,NW
2024-06-13 07:00,Gurugram,28.4595,77.0266,33.5139932436867,49,0,1006.4,24.2,W
2024-06-13 08:00,Gurugram,28.4595,77.0266,38.2223865191006,47,0,1006,11.8,WNW
2024-06-13 09:00,Gurugram,28.4595,77.0266,44.3548136069126,50,0,1006.7,13.7,NW
2024-06-13 10:00,Gurugram,28.4595,77.0266,44.8421557792643,44,0,1006.7,6.1,Calm
2024-06-13 11:00,Gurugram,28.4595,77.0266,44.2939640647681,38,0,1008.1,7.9,ESE
2024-06-13 12:00,Gurugram,28.4595,77.0266,43.9167824676456,17,0,1005.8,5,WNW
2024-06-13 13:00,Gurugram,28.4595,77.0266,43.2283498047418,33,0,1006.4,9.8,NW
2024-06-13 14:00,Gurugram,28.4595,77.0266,47.7321903531288,30,0,1008.5,5.1,NW
2024-06-13 15:00,Gurugram,28.4595,77.0266,45.1428738575106,27,0,1005.1,13.9,NW
2024-06-13 16:00,Gurugram,28.4595,77.0266,47.8,16,0,1006.1,8.9,WNW
2024-06-13 17:00,Gurugram,28.4595,77.0266,47.8,23,0,1005.5,1.5,WNW
2024-06-13 18:00,Gurugram,28.4595,77.0266,45.5102506627397,23,0,1005.1,4.8,NW
2024-06-13 19:00,Gurugram,28.4595,77.0266,42.5468271892466,21,0,1006.8,19.9,SW
2024-06-13 20:00,Gurugram,28.4595,77.0266,42.4978977680774,36,0,1008.2,20.6,W
2024-06-13 21:00,Gurugram,28.4595,77.0266,40.8236826285938,36,0,1009.1,12.7,NW
2024-06-13 22:00,Gurugram,28.4595,77.0266,42.53061754851,60,0,1006.5,7.9,ESE
2024-06-13 23:00,Gurugram,28.4595,77.0266,39.3173648093185,47,0,1007.2,18.3,NW
2024-06-14 00:00,Gurugram,28.4595,77.0266,32,58,0,1007.4,8.3,ESE
2024-06-14 01:00,Gurugram,28.4595,77.0266,35.7,44,0,1006.5,17.8,ESE
2024-06-14 02:00,Gurugram,28.4595,77.0266,31.7,51,0,1008.3,9.7,Calm
2024-06-14 03:00,Gurugram,28.4595,77.0266,32.8,56,0,1006.6,7.4,WNW
2024-06-14 04:00,Gurugram,28.4595,77.0266,30.6,49,0,1008.1,13.9,NW
2024-06-14 05:00,Gurugram,28.4595,77.0266,33,50,0,1006.3,4.3,NW
2024-06-14 06:00,Gurugram,28.4595,77.0266,33.9,49,0,1005.4,5.1,NW
2024-06-14 07:00,Gurugram,28.4595,77.0266,31.3,46,0,1005.4,3.3,SE
2024-06-14 08:00,Gurugram,28.4595,77.0266,39.9,55,0,1004.8,11.8,ESE
2024-06-14 09:00,Gurugram,28.4595,77.0266,40.3,42,0,1008.3,8.6,Calm
2024-06-14 10:00,Gurugram,28.4595,77.0266,38.9,39,0,1008.3,37.6,NW
2024-06-14 11:00,Gurugram,28.4595,77.0266,39.2,36,0,1005.9,12.1,SE
2024-06-14 12:00,Gurugram,28.4595,77.0266,43.1,33,0,1005.5,7.3,NW
2024-06-14 13:00,Gurugram,28.4595,77.0266,43.7,27,0,1005.8,8.2,SW
2024-06-14 14:00,Gurugram,28.4595,77.0266,44.8,24,0,1007,10.4,NW
2024-06-14 15:00,Gurugram,28.4595,77.0266,44.8,26,0,1005.6,6.1,SE
2024-06-14 16:00,Gurugram,28.4595,77.0266,45.1,32,0,1007.4,1.5,NW
2024-06-14 17:00,Gurugram,28.4595,77.0266,46.2,34,0,1006.4,3.3,NW
2024-06-14 18:00,Gurugram,28.4595,77.0266,43.5,28,0,1008.1,6.6,ESE
2024-06-14 19:00,Gurugram,28.4595,77.0266,39.3,37,0,1007.6,2.6,E
2024-06-14 20:00,Gurugram,28.4595,77.0266,42.1,35,0,1005.4,9,ESE
2024-06-14 21:00,Gurugram,28.4595,77.0266,40.9,40,0,1005.2,16.2,NW
2024-06-14 22:00,Gurugram,28.4595,77.0266,41.9,41,0,1007,5.1,WNW
2024-06-14 23:00,Gurugram,28.4595,77.0266,32.7,46,0,1006.5,6.8,NW
2024-06-15 00:00,Gurugram,28.4595,77.0266,33.9,58,0,1008.5,8.2,SE
2024-06-15 01:00,Gurugram,28.4595,77.0266,28.7,53,0,1007.4,7.4,NW
2024-06-15 02:00,Gurugram,28.4595,77.0266,32.8,55,0,1006.4,9.1,SW
2024-06-15 03:00,Gurugram,28.4595,77.0266,30.6,46,0,1009,1.8,W
2024-06-15 04:00,Gurugram,28.4595,77.0266,35.3,52,0,1006.4,17.2,W
2024-06-15 05:00,Gurugram,28.4595,77.0266,31.1,51,0,1005.3,7.8,SE
2024-06-15 06:00,Gurugram,28.4595,77.0266,30.5,45,0,1006.7,4.8,W
2024-06-15 07:00,Gurugram,28.4595,77.0266,34,47,0,1006,10.8,NW
2024-06-15 08:00,Gurugram,28.4595,77.0266,32.9,41,0,1008.1,15.7,WNW
2024-06-15 09:00,Gurugram,28.4595,77.0266,39.4,40,0,1005.6,4.2,NW
2024-06-15 10:00,Gurugram,28.4595,77.0266,36.1,37,0,1008,11,WNW
2024-06-15 11:00,Gurugram,28.4595,77.0266,41.4,26,0,1006.6,18.8,NW
2024-06-15 12:00,Gurugram,28.4595,77.0266,38.9,27,0,1005,18.9,W
2024-06-15 13:00,Gurugram,28.4595,77.0266,43.1,27,0,1007.5,14.1,NW
2024-06-15 14:00,Gurugram,28.4595,77.0266,47.3,32,0,1008.4,6.2,E
2024-06-15 15:00,Gurugram,28.4595,77.0266,45.2,26,0,1007.1,4.4,ESE
2024-06-15 16:00,Gurugram,28.4595,77.0266,42.8,21,0,1006.7,5.1,E
2024-06-15 17:00,Gurugram,28.4595,77.0266,43.7,29,0,1009.2,18.7,NW
2024-06-15 18:00,Gurugram,28.4595,77.0266,42.7,39,0,1008.4,12.6,SE
2024-06-15 19:00,Gurugram,28.4595,77.0266,42.2,38,0,1007.9,14.4,E
2024-06-15 20:00,Gurugram,28.4595,77.0266,37.3,39,0,1004.5,8.7,NW
2024-06-15 21:00,Gurugram,28.4595,77.0266,39.2,44,0,1006.1,2,Calm
2024-06-15 22:00,Gurugram,28.4595,77.0266,31.5,52,0,1006.7,11,NW
2024-06-15 23:00,Gurugram,28.4595,77.0266,33.7,54,0,1007.5,4.8,NW
2024-06-16 00:00,Gurugram,28.4595,77.0266,32.8,53,0,1008.2,16.4,WNW
2024-06-16 01:00,Gurugram,28.4595,77.0266,33.8,59,0,1005.9,5.1,NW
2024-06-16 02:00,Gurugram,28.4595,77.0266,32,47,0,1007.8,10.2,E
2024-06-16 03:00,Gurugram,28.4595,77.0266,29.2,45,0,1005.7,12.9,NW
2024-06-16 04:00,Gurugram,28.4595,77.0266,30.2,55,0,1008,38.2,W
2024-06-16 05:00,Gurugram,28.4595,77.0266,33,53,0,1005.8,8.5,W
2024-06-16 06:00,Gurugram,28.4595,77.0266,33.5,47,0,1008.6,8.7,SE
2024-06-16 07:00,Gurugram,28.4595,77.0266,34,52,0,1007.5,16.5,NW
2024-06-16 08:00,Gurugram,28.4595,77.0266,35.7,32,0,1006.7,7.8,ESE
2024-06-16 09:00,Gurugram,28.4595,77.0266,39.5,36,0,1007.5,6.8,NW
2024-06-16 10:00,Gurugram,28.4595,77.0266,39,33,0,1006.4,5.7,ESE
2024-06-16 11:00,Gurugram,28.4595,77.0266,41.3,22,0,1007.2,9.4,SW
2024-06-16 12:00,Gurugram,28.4595,77.0266,46.7,38,0,1005.9,6.3,NW
2024-06-16 13:00,Gurugram,28.4595,77.0266,41.3,18,0,1007.5,19.5,NW
2024-06-16 14:00,Gurugram,28.4595,77.0266,41.2,21,0,1006.8,14.1,W
2024-06-16 15:00,Gurugram,28.4595,77.0266,46.2,30,0,1006.9,9.9,NW
2024-06-16 16:00,Gurugram,28.4595,77.0266,43.3,29,0,1007.1,9.3,NW
2024-06-16 17:00,Gurugram,28.4595,77.0266,43.3,20,0,1006.1,5.5,NW
2024-06-16 18:00,Gurugram,28.4595,77.0266,41.4,33,0,1009.6,8.6,WNW
2024-06-16 19:00,Gurugram,28.4595,77.0266,41,34,0,1006.9,8.1,NW
2024-06-16 20:00,Gurugram,28.4595,77.0266,42.8,49,0,1008.5,24.7,WNW
2024-06-16 21:00,Gurugram,28.4595,77.0266,39.7,42,0,1005.7,7.8,W
2024-06-16 22:00,Gurugram,28.4595,77.0266,38.1,42,0,1004.4,12.1,ESE
2024-06-16 23:00,Gurugram,28.4595,77.0266,32.4,42,0,1007.5,12.5,SW
2024-06-17 00:00,Gurugram,28.4595,77.0266,31.7,45,0,1008.6,4.7,WNW
2024-06-17 01:00,Gurugram,28.4595,77.0266,27.7,47,0,1008.8,7.7,WNW
2024-06-17 02:00,Gurugram,28.4595,77.0266,30.7,62,0,1008.5,13.9,NW
2024-06-17 03:00,Gurugram,28.4595,77.0266,33.6,54,0,1007.1,4.3,W
2024-06-17 04:00,Gurugram,28.4595,77.0266,33,57,0,1008,28.1,SW
2024-06-17 05:00,Gurugram,28.4595,77.0266,32.4,61,0,1006.6,9.7,ESE
2024-06-17 06:00,Gurugram,28.4595,77.0266,33.8,35,0,1006.6,6.3,NW
2024-06-17 07:00,Gurugram,28.4595,77.0266,33.9,54,0,1007.6,3.7,E
2024-06-17 08:00,Gurugram,28.4595,77.0266,37.1,43,0,1007.6,21.6,ESE
2024-06-17 09:00,Gurugram,28.4595,77.0266,39.8,42,0,1006.7,8,NW
2024-06-17 10:00,Gurugram,28.4595,77.0266,37.2,30,0,1007.6,11.9,ESE
2024-06-17 11:00,Gurugram,28.4595,77.0266,42.2,27,0,1008.7,4.1,NW
2024-06-17 12:00,Gurugram,28.4595,77.0266,44.7,31,0,1006.3,5.7,WNW
2024-06-17 13:00,Gurugram,28.4595,77.0266,43.3,40,0,1008.2,15.9,NW
2024-06-17 14:00,Gurugram,28.4595,77.0266,45.9,31,0,1005.7,21.2,NW
2024-06-17 15:00,Gurugram,28.4595,77.0266,47.8,32,0,1005.3,5,ESE
2024-06-17 16:00,Gurugram,28.4595,77.0266,44.5,23,0,1007.7,11.7,SE
2024-06-17 17:00,Gurugram,28.4595,77.0266,44.7,22,0,1007.3,11.6,NW
2024-06-17 18:00,Gurugram,28.4595,77.0266,41.7,24,0,1007.5,15.9,NW
2024-06-17 19:00,Gurugram,28.4595,77.0266,42,29,0,1007.5,12.3,WNW
2024-06-17 20:00,Gurugram,28.4595,77.0266,40.9,23,0,1008.5,13.6,SE
2024-06-17 21:00,Gurugram,28.4595,77.0266,38.7,35,0,1008,1.9,NW
2024-06-17 22:00,Gurugram,28.4595,77.0266,34.9,40,0,1007.9,11.4,SE
2024-06-17 23:00,Gurugram,28.4595,77.0266,35.5,45,0,1009,3.6,SW
2024-06-18 00:00,Gurugram,28.4595,77.0266,36.6,50,0,1008.6,10.8,W
2024-06-18 01:00,Gurugram,28.4595,77.0266,33.7,54,0,1007.8,17.3,NW
2024-06-18 02:00,Gurugram,28.4595,77.0266,34,53,0,1008.8,10.3,NW
2024-06-18 03:00,Gurugram,28.4595,77.0266,31.6,50,0,1007.2,13.8,NW
2024-06-18 04:00,Gurugram,28.4595,77.0266,33.6,41,0,1007.2,15.5,NW
2024-06-18 05:00,Gurugram,28.4595,77.0266,33.4,48,0,1009.1,14.7,SE
2024-06-18 06:00,Gurugram,28.4595,77.0266,32.2,43,0,1007.3,10.8,NW
2024-06-18 07:00,Gurugram,28.4595,77.0266,35.9,49,0,1008,11.3,NW
2024-06-18 08:00,Gurugram,28.4595,77.0266,35.1,48,0,1008,16.9,WNW
2024-06-18 09:00,Gurugram,28.4595,77.0266,37.4,44,0,1007.7,30.8,E
2024-06-18 10:00,Gurugram,28.4595,77.0266,40.6,39,0,1009.7,5.4,NW
2024-06-18 11:00,Gurugram,28.4595,77.0266,42.3,30,0,1007.4,6.8,SE
2024-06-18 12:00,Gurugram,28.4595,77.0266,41,25,0,1009.7,14.8,W
2024-06-18 13:00,Gurugram,28.4595,77.0266,46.1,21,0,1006.3,25.3,ESE
2024-06-18 14:00,Gurugram,28.4595,77.0266,45.9,15,0,1007.5,3.1,E
2024-06-18 15:00,Gurugram,28.4595,77.0266,43.8,30,0,1007.3,3.6,NW
2024-06-18 16:00,Gurugram,28.4595,77.0266,42.1,23,0,1008.5,9.5,W
2024-06-18 17:00,Gurugram,28.4595,77.0266,43.9,18,0,1005.9,5.1,ESE
2024-06-18 18:00,Gurugram,28.4595,77.0266,42.3,23,0,1008,10.4,E
2024-06-18 19:00,Gurugram,28.4595,77.0266,42,26,0,1008.7,14.8,NW
2024-06-18 20:00,Gurugram,28.4595,77.0266,39.6,35,0,1007.2,9,WNW
2024-06-18 21:00,Gurugram,28.4595,77.0266,34.9,45,0,1006.8,6.8,NW
2024-06-18 22:00,Gurugram,28.4595,77.0266,36.2,40,0,1006.8,14.4,SE
2024-06-18 23:00,Gurugram,28.4595,77.0266,34.7,33,0,1008.1,3,E
2024-06-19 00:00,Gurugram,28.4595,77.0266,35.2,48,0,1005.9,5.8,WNW
2024-06-19 01:00,Gurugram,28.4595,77.0266,31.8,50,0,1006.2,10.9,NW
2024-06-19 02:00,Gurugram,28.4595,77.0266,35.4,52,0,1007.9,11.9,NW
2024-06-19 03:00,Gurugram,28.4595,77.0266,28.7,50,0,1008.5,13.4,W
2024-06-19 04:00,Gurugram,28.4595,77.0266,34.8,54,0,1008.1,6.2,Calm
2024-06-19 05:00,Gurugram,28.4595,77.0266,32.7,52,0,1008.5,3.2,SE
2024-06-19 06:00,Gurugram,28.4595,77.0266,35.6,49,0,1006.5,5.2,SE
2024-06-19 07:00,Gurugram,28.4595,77.0266,35.6,48,0,1005.7,4.6,WNW
2024-06-19 08:00,Gurugram,28.4595,77.0266,39.1,40,0,1008.8,4.5,Calm
2024-06-19 09:00,Gurugram,28.4595,77.0266,38,35,0,1006.2,2.3,SE
2024-06-19 10:00,Gurugram,28.4595,77.0266,38.4,43,0,1008.4,4.2,WNW
2024-06-19 11:00,Gurugram,28.4595,77.0266,44.5,34,0,1005.6,16.3,ESE
2024-06-19 12:00,Gurugram,28.4595,77.0266,43.1,33,0,1008.6,5.8,WNW
2024-06-19 13:00,Gurugram,28.4595,77.0266,44.7,33,0,1007.8,12.6,W
2024-06-19 14:00,Gurugram,28.4595,77.0266,47.2,27,0,1009,2.3,Calm
2024-06-19 15:00,Gurugram,28.4595,77.0266,43.3,29,0,1008.7,7.3,NW
2024-06-19 16:00,Gurugram,28.4595,77.0266,46,14,0,1007.3,7.2,SE
2024-06-19 17:00,Gurugram,28.4595,77.0266,43.3,27,0,1007.1,14.5,W
2024-06-19 18:00,Gurugram,28.4595,77.0266,43,27,0,1008.1,9.1,SW
2024-06-19 19:00,Gurugram,28.4595,77.0266,42.1,41,0,1007.2,6.3,NW
2024-06-19 20:00,Gurugram,28.4595,77.0266,37.7,40,0,1003.8,12.2,ESE
2024-06-19 21:00,Gurugram,28.4595,77.0266,37.3,35,0,1007.4,9.6,NW
2024-06-19 22:00,Gurugram,28.4595,77.0266,39.4,44,0,1006.7,5.7,NW
2024-06-19 23:00,Gurugram,28.4595,77.0266,37,47,0,1007.1,12.1,WNW
2024-06-20 00:00,Gurugram,28.4595,77.0266,34.1,51,0,1008.3,14.5,WNW
2024-06-20 01:00,Gurugram,28.4595,77.0266,33.6,45,0,1009.5,16.3,Calm
2024-06-20 02:00,Gurugram,28.4595,77.0266,32,55,0,1010.2,7.7,NW
2024-06-20 03:00,Gurugram,28.4595,77.0266,34.8,52,0,1008.5,11.2,NW
2024-06-20 04:00,Gurugram,28.4595,77.0266,32.2,54,0,1007.2,11.4,NW
2024-06-20 05:00,Gurugram,28.4595,77.0266,33.6,47,0,1009.1,2.9,WNW
2024-06-20 06:00,Gurugram,28.4595,77.0266,36.3,45,0,1006.1,13.7,NW
2024-06-20 07:00,Gurugram,28.4595,77.0266,34.2,53,0,1007.1,11.5,Calm
2024-06-20 08:00,Gurugram,28.4595,77.0266,40,36,0,1007.7,5.6,W
2024-06-20 09:00,Gurugram,28.4595,77.0266,36.1,32,0,1005.7,11.6,SE
2024-06-20 10:00,Gurugram,28.4595,77.0266,43.4,34,0,1008.3,3.4,SE
2024-06-20 11:00,Gurugram,28.4595,77.0266,41.4,26,0,1007,13.4,W
2024-06-20 12:00,Gurugram,28.4595,77.0266,43,22,0,1008.3,9.8,SW
2024-06-20 13:00,Gurugram,28.4595,77.0266,41.1,26,0,1007.6,6.2,SW
2024-06-20 14:00,Gurugram,28.4595,77.0266,44.3,15,0,1007,3.7,NW
2024-06-20 15:00,Gurugram,28.4595,77.0266,43.5,17,0,1006.8,5.5,SW
2024-06-20 16:00,Gurugram,28.4595,77.0266,44,36,0,1007.9,3.4,W
2024-06-20 17:00,Gurugram,28.4595,77.0266,44.2,28,0,1008.8,12.7,NW
2024-06-20 18:00,Gurugram,28.4595,77.0266,45.2,23,0,1008.8,12.2,W
2024-06-20 19:00,Gurugram,28.4595,77.0266,42.5,33,0,1008.3,14.9,NW
2024-06-20 20:00,Gurugram,28.4595,77.0266,41.1,38,0,1008.6,3.8,WNW
2024-06-20 21:00,Gurugram,28.4595,77.0266,36.9,44,0,1008.1,3.6,SE
2024-06-20 22:00,Gurugram,28.4595,77.0266,35.6,41,0,1007.2,3.3,NW
2024-06-20 23:00,Gurugram,28.4595,77.0266,38.8,51,0,1009.6,4.5,NW
2024-06-21 00:00,Gurugram,28.4595,77.0266,33,36,0,1007.4,16,Calm
2024-06-21 01:00,Gurugram,28.4595,77.0266,36.3,44,0,1010.1,17,WNW
2024-06-21 02:00,Gurugram,28.4595,77.0266,32.3,53,0,1008.9,8.5,NW
2024-06-21 03:00,Gurugram,28.4595,77.0266,32.5,55,0,1007.9,30.7,SW
2024-06-21 04:00,Gurugram,28.4595,77.0266,34.6,47,0,1006.6,5.2,SW
2024-06-21 05:00,Gurugram,28.4595,77.0266,35.6,52,0,1008.6,7.3,NW
2024-06-21 06:00,Gurugram,28.4595,77.0266,34.2,45,0,1008.1,38,WNW
2024-06-21 07:00,Gurugram,28.4595,77.0266,35,44,0,1009.6,8.1,SW
2024-06-21 08:00,Gurugram,28.4595,77.0266,37.2,48,0,1006.9,15.8,NW
2024-06-21 09:00,Gurugram,28.4595,77.0266,39.6,43,0,1009.4,13.4,W
2024-06-21 10:00,Gurugram,28.4595,77.0266,42.3,28,0,1009.9,5.8,WNW
2024-06-21 11:00,Gurugram,28.4595,77.0266,42.2,24,0,1007.3,35.6,ESE
2024-06-21 12:00,Gurugram,28.4595,77.0266,44.7,25,0,1009.1,13.8,NW
2024-06-21 13:00,Gurugram,28.4595,77.0266,47.5,25,0,1009.9,9.9,W
2024-06-21 14:00,Gurugram,28.4595,77.0266,45.9,19,0,1009.8,4,NW
2024-06-21 15:00,Gurugram,28.4595,77.0266,46,29,0,1009.4,8.8,NW
2024-06-21 16:00,Gurugram,28.4595,77.0266,42.5,25,0,1010.2,16.7,NW
2024-06-21 17:00,Gurugram,28.4595,77.0266,39.9,27,0,1008.3,8.6,NW
2024-06-21 18:00,Gurugram,28.4595,77.0266,44.3,20,0,1008.1,10.1,E
2024-06-21 19:00,Gurugram,28.4595,77.0266,42,37,0,1010.1,12.7,SW
2024-06-21 20:00,Gurugram,28.4595,77.0266,39.7,17,0,1005.3,3.2,ESE
2024-06-21 21:00,Gurugram,28.4595,77.0266,39.4,43,0,1007.8,4.1,W
2024-06-21 22:00,Gurugram,28.4595,77.0266,37.2,47,0,1007.2,14,NW
2024-06-21 23:00,Gurugram,28.4595,77.0266,37.7,43,0,1008.2,7.6,NW
2024-06-22 00:00,Gurugram,28.4595,77.0266,34.7,56,0,1008.9,9.5,NW
2024-06-22 01:00,Gurugram,28.4595,77.0266,32.1,50,0,1009.1,10.2,SE
2024-06-22 02:00,Gurugram,28.4595,77.0266,34.6,52,0,1008.5,7.9,NW
2024-06-22 03:00,Gurugram,28.4595,77.0266,32.2,54,0,1008.6,26.9,Calm
2024-06-22 04:00,Gurugram,28.4595,77.0266,33.8,71,0,1009.5,18.8,SE
2024-06-22 05:00,Gurugram,28.4595,77.0266,32.6,58,0,1007.7,5.9,Calm
2024-06-22 06:00,Gurugram,28.4595,77.0266,33.3,52,0,1008,7.4,WNW
2024-06-22 07:00,Gurugram,28.4595,77.0266,36,39,0,1007.3,16.4,W
2024-06-22 08:00,Gurugram,28.4595,77.0266,37.4,42,0,1008.4,16,NW
2024-06-22 09:00,Gurugram,28.4595,77.0266,40,33,0,1006.4,4.8,W
2024-06-22 10:00,Gurugram,28.4595,77.0266,40.3,38,0,1009.9,5.1,Calm
2024-06-22 11:00,Gurugram,28.4595,77.0266,39,31,0,1009.3,9.3,NW
2024-06-22 12:00,Gurugram,28.4595,77.0266,42.9,20,0,1007.2,19.9,NW
2024-06-22 13:00,Gurugram,28.4595,77.0266,46.2,25,0,1009.9,5.9,NW
2024-06-22 14:00,Gurugram,28.4595,77.0266,44.8,18,0,1008.1,14.7,Calm
2024-06-22 15:00,Gurugram,28.4595,77.0266,45.2,23,0,1007.5,6.4,NW
2024-06-22 16:00,Gurugram,28.4595,77.0266,47.2,18,0,1008.8,9.8,SE
2024-06-22 17:00,Gurugram,28.4595,77.0266,43.4,25,0,1006.4,18.4,NW
2024-06-22 18:00,Gurugram,28.4595,77.0266,40.9,31,0,1008,3.5,E
2024-06-22 19:00,Gurugram,28.4595,77.0266,42.1,30,0,1008.8,10.3,WNW
2024-06-22 20:00,Gurugram,28.4595,77.0266,39.9,31,0,1010.5,4.2,NW
2024-06-22 21:00,Gurugram,28.4595,77.0266,37.4,39,0,1006.9,28.4,ESE
2024-06-22 22:00,Gurugram,28.4595,77.0266,37.1,45,0,1007,8.1,SE
2024-06-22 23:00,Gurugram,28.4595,77.0266,36.7,38,0,1008.1,17.2,WNW
2024-06-23 00:00,Gurugram,28.4595,77.0266,34.6,49,0,1008.2,3.3,ESE
2024-06-23 01:00,Gurugram,28.4595,77.0266,34.2,58,0,1009.5,19.8,NW
2024-06-23 02:00,Gurugram,28.4595,77.0266,36.2,55,0,1010.4,15.8,SW
2024-06-23 03:00,Gurugram,28.4595,77.0266,32.1,52,0,1009.8,21.8,NW
2024-06-23 04:00,Gurugram,28.4595,77.0266,33.4,55,0,1008.1,17.2,NW
2024-06-23 05:00,Gurugram,28.4595,77.0266,32.7,53,0,1010.3,6.3,NW
2024-06-23 06:00,Gurugram,28.4595,77.0266,33.1,52,0,1008.5,2.5,NW
2024-06-23 07:00,Gurugram,28.4595,77.0266,34.9,32,0,1009.2,9.1,WNW
2024-06-23 08:00,Gurugram,28.4595,77.0266,36.7,32,0,1009.1,8.1,WNW
2024-06-23 09:00,Gurugram,28.4595,77.0266,39.9,43,0,1009.1,10.4,WNW
2024-06-23 10:00,Gurugram,28.4595,77.0266,45.1,24,52.8,1009.6,11.7,NW
2024-06-23 11:00,Gurugram,28.4595,77.0266,41.2,32,0,1009.6,21.2,NW
2024-06-23 12:00,Gurugram,28.4595,77.0266,43.1,24,0,1009.5,17.7,SE
2024-06-23 13:00,Gurugram,28.4595,77.0266,44.7,18,0,1008,20.4,SE
2024-06-23 14:00,Gurugram,28.4595,77.0266,46.2,25,20.2,1007.6,8.2,WNW
2024-06-23 15:00,Gurugram,28.4595,77.0266,46.2,23,0,1009.5,16.2,WNW
2024-06-23 16:00,Gurugram,28.4595,77.0266,47.8,35,0,1009,15.8,NW
2024-06-23 17:00,Gurugram,28.4595,77.0266,40.5,20,0,1009.6,20.7,SE
2024-06-23 18:00,Gurugram,28.4595,77.0266,39.5,35,0,1008,9.1,Calm
2024-06-23 19:00,Gurugram,28.4595,77.0266,41.6,32,0,1009.5,26.6,NW
2024-06-23 20:00,Gurugram,28.4595,77.0266,42.9,29,0,1008.2,27.4,SE
2024-06-23 21:00,Gurugram,28.4595,77.0266,36.4,42,0,1008.2,4.6,WNW
2024-06-23 22:00,Gurugram,28.4595,77.0266,32.1,44,0,1010,10,NW
2024-06-23 23:00,Gurugram,28.4595,77.0266,37,45,0,1009.9,13.9,W
2024-06-24 00:00,Gurugram,28.4595,77.0266,35.2,49,0,1009.1,11.7,WNW
2024-06-24 01:00,Gurugram,28.4595,77.0266,31.8,46,0,1008.4,4.4,ESE
2024-06-24 02:00,Gurugram,28.4595,77.0266,31.3,46,1.8,1008.7,4.8,ESE
2024-06-24 03:00,Gurugram,28.4595,77.0266,31.1,56,0,1009,5.1,SW
2024-06-24 04:00,Gurugram,28.4595,77.0266,33.3,50,0,1008.3,5.2,WNW
2024-06-24 05:00,Gurugram,28.4595,77.0266,32.6,49,0,1009.2,10.7,WNW
2024-06-24 06:00,Gurugram,28.4595,77.0266,35.6,49,0,1008.2,28.9,WNW
2024-06-24 07:00,Gurugram,28.4595,77.0266,31,46,0,1010.7,4,NW
2024-06-24 08:00,Gurugram,28.4595,77.0266,36.1,32,0,1006.4,8.8,W
2024-06-24 09:00,Gurugram,28.4595,77.0266,37.3,45,0,1008,9.7,SE
2024-06-24 10:00,Gurugram,28.4595,77.0266,40.6,34,0,1009.7,24.9,NW
2024-06-24 11:00,Gurugram,28.4595,77.0266,41.6,28,0,1010.7,15.3,Calm
2024-06-24 12:00,Gurugram,28.4595,77.0266,45.4,29,0,1008.1,11.2,ESE
2024-06-24 13:00,Gurugram,28.4595,77.0266,41.6,25,0,1008.5,4.7,SE
2024-06-24 14:00,Gurugram,28.4595,77.0266,45.7,27,0,1009.4,12.1,Calm
2024-06-24 15:00,Gurugram,28.4595,77.0266,46.9,25,0,1009.4,17,WNW
2024-06-24 16:00,Gurugram,28.4595,77.0266,47.8,27,0,1009,3.9,NW
2024-06-24 17:00,Gurugram,28.4595,77.0266,44.1,32,0,1009.7,11.2,SE
2024-06-24 18:00,Gurugram,28.4595,77.0266,44.5,32,0,1009.2,13.5,E
2024-06-24 19:00,Gurugram,28.4595,77.0266,39.4,28,0,1009.2,14.9,NW
2024-06-24 20:00,Gurugram,28.4595,77.0266,36.7,26,0,1010.7,13.7,NW
2024-06-24 21:00,Gurugram,28.4595,77.0266,40.9,47,0,1008.6,19,NW
2024-06-24 22:00,Gurugram,28.4595,77.0266,37.7,39,0,1008.5,3.8,WNW
2024-06-24 23:00,Gurugram,28.4595,77.0266,38.2,41,0,1008.4,20,SW
2024-06-25 00:00,Gurugram,28.4595,77.0266,32.4,37,0,1008.3,3.4,NW
2024-06-25 01:00,Gurugram,28.4595,77.0266,34.8,52,0,1008.9,14.2,SE
2024-06-25 02:00,Gurugram,28.4595,77.0266,36.6,52,0,1008.3,19.7,E
2024-06-25 03:00,Gurugram,28.4595,77.0266,33.7,42,0,1009.6,6.7,SE
2024-06-25 04:00,Gurugram,28.4595,77.0266,33.7,54,0,1009.6,5.1,NW
2024-06-25 05:00,Gurugram,28.4595,77.0266,33.9,47,3.7,1009.3,6.7,ESE
2024-06-25 06:00,Gurugram,28.4595,77.0266,32,63,0,1009.5,7,Calm
2024-06-25 07:00,Gurugram,28.4595,77.0266,38.7,41,0,1010,8,NW
2024-06-25 08:00,Gurugram,28.4595,77.0266,36.7,38,0,1007.8,15.5,NW
2024-06-25 09:00,Gurugram,28.4595,77.0266,40.4,31,0,1009.4,9.2,E
2024-06-25 10:00,Gurugram,28.4595,77.0266,38.3,40,0,1011,12.1,W
2024-06-25 11:00,Gurugram,28.4595,77.0266,40.6,27,0,1008.4,6.5,W
2024-06-25 12:00,Gurugram,28.4595,77.0266,46.6,22,0,1012,5.9,Calm
2024-06-25 13:00,Gurugram,28.4595,77.0266,44.5,28,0,1008.7,6.1,ESE
2024-06-25 14:00,Gurugram,28.4595,77.0266,47.8,14,0,1009.3,11.8,WNW
2024-06-25 15:00,Gurugram,28.4595,77.0266,45.8,25,19.6,1009.4,13.2,WNW
2024-06-25 16:00,Gurugram,28.4595,77.0266,42.4,33,0,1007.3,16.7,NW
2024-06-25 17:00,Gurugram,28.4595,77.0266,46.7,27,0,1008.1,13.7,NW
2024-06-25 18:00,Gurugram,28.4595,77.0266,43,30,0,1009.8,10.3,WNW
2024-06-25 19:00,Gurugram,28.4595,77.0266,44,34,0,1008.7,8.3,NW
2024-06-25 20:00,Gurugram,28.4595,77.0266,41.2,43,0,1008,4,SW
2024-06-25 21:00,Gurugram,28.4595,77.0266,36.7,44,0,1010.5,6.7,NW
2024-06-25 22:00,Gurugram,28.4595,77.0266,38.1,43,0,1009.4,3,W
2024-06-25 23:00,Gurugram,28.4595,77.0266,40.2,49,0,1008.9,9.8,SE
2024-06-26 00:00,Gurugram,28.4595,77.0266,35.9,42,0,1012,5.7,ESE
2024-06-26 01:00,Gurugram,28.4595,77.0266,33.9,54,0,1008,7.4,W
2024-06-26 02:00,Gurugram,28.4595,77.0266,35.2,45,0,1008,11.1,WNW
2024-06-26 03:00,Gurugram,28.4595,77.0266,33.5,49,0,1008.8,7.4,SW
2024-06-26 04:00,Gurugram,28.4595,77.0266,33.7,32,0,1009.6,5.8,WNW
2024-06-26 05:00,Gurugram,28.4595,77.0266,32,52,11.7,1009.8,5.5,ESE
2024-06-26 06:00,Gurugram,28.4595,77.0266,35.4,43,0,1008.4,19.1,SW
2024-06-26 07:00,Gurugram,28.4595,77.0266,38.2,50,0,1007.6,10.2,NW
2024-06-26 08:00,Gurugram,28.4595,77.0266,36.4,42,24,1009.9,12.9,SW
2024-06-26 09:00,Gurugram,28.4595,77.0266,42.1,43,0,1008.7,5.1,SE
2024-06-26 10:00,Gurugram,28.4595,77.0266,41.1,26,0,1009.3,4.1,W
2024-06-26 11:00,Gurugram,28.4595,77.0266,41.2,35,0,1009.3,2,WNW
2024-06-26 12:00,Gurugram,28.4595,77.0266,46,38,0,1010.4,6.8,SW
2024-06-26 13:00,Gurugram,28.4595,77.0266,44.7,28,0,1008.6,24.3,NW
2024-06-26 14:00,Gurugram,28.4595,77.0266,47.2,26,0,1011.2,12.3,WNW
2024-06-26 15:00,Gurugram,28.4595,77.0266,45.6,22,0,1009.1,7,ESE
2024-06-26 16:00,Gurugram,28.4595,77.0266,45.8,19,0,1007.6,16,SE
2024-06-26 17:00,Gurugram,28.4595,77.0266,46.1,28,0,1008,3.8,NW
2024-06-26 18:00,Gurugram,28.4595,77.0266,44.7,17,0,1008,17.6,NW
2024-06-26 19:00,Gurugram,28.4595,77.0266,39.2,26,0,1008.4,19.9,SE
2024-06-26 20:00,Gurugram,28.4595,77.0266,39.2,22,0,1009.6,6.9,WNW
2024-06-26 21:00,Gurugram,28.4595,77.0266,41.3,32,0,1010.5,7.6,NW
2024-06-26 22:00,Gurugram,28.4595,77.0266,37.7,44,0,1006.6,11,NW
2024-06-26 23:00,Gurugram,28.4595,77.0266,35.4,47,0,1010.3,4,W
2024-06-27 00:00,Gurugram,28.4595,77.0266,32.7,47,0,1011.2,9.1,W
2024-06-27 01:00,Gurugram,28.4595,77.0266,32.1,50,0,1011.9,28.8,E
2024-06-27 02:00,Gurugram,28.4595,77.0266,29.8,39,0,1010,6.1,NW
2024-06-27 03:00,Gurugram,28.4595,77.0266,33,49,0,1007.3,8.4,E
2024-06-27 04:00,Gurugram,28.4595,77.0266,32.3,46,0,1007.9,8.7,E
2024-06-27 05:00,Gurugram,28.4595,77.0266,32.3,45,0,1010.5,16.2,WNW
2024-06-27 06:00,Gurugram,28.4595,77.0266,35,50,0,1009.6,11.8,NW
2024-06-27 07:00,Gurugram,28.4595,77.0266,37.1,38,0,1008.7,15.6,SW
2024-06-27 08:00,Gurugram,28.4595,77.0266,41.8,36,0,1007.7,6.7,NW
2024-06-27 09:00,Gurugram,28.4595,77.0266,37,23,0,1008.2,13.7,W
2024-06-27 10:00,Gurugram,28.4595,77.0266,43.5,30,5.9,1010.1,4,WNW
2024-06-27 11:00,Gurugram,28.4595,77.0266,44.7,22,0,1010,3,SE
2024-06-27 12:00,Gurugram,28.4595,77.0266,42.9,26,0,1010.6,17,WNW
2024-06-27 13:00,Gurugram,28.4595,77.0266,45.7,17,0,1011,5.1,WNW
2024-06-27 14:00,Gurugram,28.4595,77.0266,45.2,22,0,1008.4,2.3,E
2024-06-27 15:00,Gurugram,28.4595,77.0266,46.5,20,0,1010.6,9.2,Calm
2024-06-27 16:00,Gurugram,28.4595,77.0266,47.8,32,0,1008.6,13.1,W
2024-06-27 17:00,Gurugram,28.4595,77.0266,46.4,26,0,1009.3,2.8,WNW
2024-06-27 18:00,Gurugram,28.4595,77.0266,45.2,14,0,1008.6,7.7,SE
2024-06-27 19:00,Gurugram,28.4595,77.0266,42.2,21,0,1010.4,12.6,SE
2024-06-27 20:00,Gurugram,28.4595,77.0266,38.7,32,0,1008.8,12.3,NW
2024-06-27 21:00,Gurugram,28.4595,77.0266,39.3,30,0,1010.2,2.3,W
2024-06-27 22:00,Gurugram,28.4595,77.0266,40.2,22,0,1010,10.5,NW
2024-06-27 23:00,Gurugram,28.4595,77.0266,33.7,52,19.3,1010.8,11,W
2024-06-28 00:00,Gurugram,28.4595,77.0266,33.3,51,0,1010.4,9.2,SE
2024-06-28 01:00,Gurugram,28.4595,77.0266,34.4,52,0,1011.9,17.8,NW
2024-06-28 02:00,Gurugram,28.4595,77.0266,31.8,47,0,1008.9,8.1,WNW
2024-06-28 03:00,Gurugram,28.4595,77.0266,31.9,53,0,1010.6,13.3,WNW
2024-06-28 04:00,Gurugram,28.4595,77.0266,32.8,46,0,1010.2,10.3,SE
2024-06-28 05:00,Gurugram,28.4595,77.0266,31.7,50,0,1008.8,11.7,ESE
2024-06-28 06:00,Gurugram,28.4595,77.0266,33.5,41,3.5,1010.8,9.7,NW
2024-06-28 07:00,Gurugram,28.4595,77.0266,37.8,52,0,1010.7,8.9,NW
2024-06-28 08:00,Gurugram,28.4595,77.0266,35.8,30,0,1008.9,19.5,ESE
2024-06-28 09:00,Gurugram,28.4595,77.0266,36.9,43,0,1007.7,6.3,WNW
2024-06-28 10:00,Gurugram,28.4595,77.0266,40.4,32,0,1009.6,5.9,W
2024-06-28 11:00,Gurugram,28.4595,77.0266,44.4,25,0,1008.9,18.8,W
2024-06-28 12:00,Gurugram,28.4595,77.0266,44,26,0,1009.9,6.3,W
2024-06-28 13:00,Gurugram,28.4595,77.0266,44.6,27,0,1009.7,2.6,W
2024-06-28 14:00,Gurugram,28.4595,77.0266,46.2,29,0,1011.8,9,E
2024-06-28 15:00,Gurugram,28.4595,77.0266,43.2,23,0,1008.8,3.2,E
2024-06-28 16:00,Gurugram,28.4595,77.0266,47,16,14.1,1010.4,1.5,NW
2024-06-28 17:00,Gurugram,28.4595,77.0266,46.1,23,0,1008.1,8.9,W
2024-06-28 18:00,Gurugram,28.4595,77.0266,43.7,36,57,1008.5,12.6,WNW
2024-06-28 19:00,Gurugram,28.4595,77.0266,44.9,36,0,1009.2,17.8,NW
2024-06-28 20:00,Gurugram,28.4595,77.0266,39.5,37,0,1008.7,15.8,W
2024-06-28 21:00,Gurugram,28.4595,77.0266,41.8,40,0,1010.2,3.7,WNW
2024-06-28 22:00,Gurugram,28.4595,77.0266,38.4,44,0,1009.7,7.4,SE
2024-06-28 23:00,Gurugram,28.4595,77.0266,35.9,50,0,1010.7,13.8,NW
2024-06-29 00:00,Gurugram,28.4595,77.0266,35.3,43,0,1008.7,8.5,NW
2024-06-29 01:00,Gurugram,28.4595,77.0266,34.1,40,0,1010.1,5.7,NW
2024-06-29 02:00,Gurugram,28.4595,77.0266,35.8,50,0,1009,2.1,ESE
2024-06-29 03:00,Gurugram,28.4595,77.0266,31.5,46,0,1011.4,9.4,SW
2024-06-29 04:00,Gurugram,28.4595,77.0266,32.3,44,0,1008.7,3.7,W
2024-06-29 05:00,Gurugram,28.4595,77.0266,36.1,44,0,1007.8,11.6,W
2024-06-29 06:00,Gurugram,28.4595,77.0266,34.2,61,0,1009.2,6.4,NW
2024-06-29 07:00,Gurugram,28.4595,77.0266,38.3,44,0,1008.6,6.7,WNW
2024-06-29 08:00,Gurugram,28.4595,77.0266,41.3,41,0,1010.1,14,W
2024-06-29 09:00,Gurugram,28.4595,77.0266,39.2,28,0,1010.6,6.1,NW
2024-06-29 10:00,Gurugram,28.4595,77.0266,42.8,20,0,1010.8,5.4,SE
2024-06-29 11:00,Gurugram,28.4595,77.0266,41.1,23,0,1007.3,10.7,NW
2024-06-29 12:00,Gurugram,28.4595,77.0266,45.9,33,0,1010.8,6.2,ESE
2024-06-29 13:00,Gurugram,28.4595,77.0266,45.9,24,0,1010.2,8.2,WNW
2024-06-29 14:00,Gurugram,28.4595,77.0266,47,25,0,1010.8,21.7,Calm
2024-06-29 15:00,Gurugram,28.4595,77.0266,45.2,25,0,1011,9.9,NW
2024-06-29 16:00,Gurugram,28.4595,77.0266,43.2,17,0,1009.2,8.3,NW
2024-06-29 17:00,Gurugram,28.4595,77.0266,46.4,31,0,1008.8,15.9,Calm
2024-06-29 18:00,Gurugram,28.4595,77.0266,40.8,21,0,1010.3,1.8,NW
2024-06-29 19:00,Gurugram,28.4595,77.0266,42.6,36,17.8,1011.1,17,W
2024-06-29 20:00,Gurugram,28.4595,77.0266,43.3,34,0,1008.4,1.7,WNW
2024-06-29 21:00,Gurugram,28.4595,77.0266,40.3,25,0,1010,21.2,W
2024-06-29 22:00,Gurugram,28.4595,77.0266,41.7,35,0,1009.3,3.4,W
2024-06-29 23:00,Gurugram,28.4595,77.0266,38.5,32,0.9,1009.3,9.5,ESE
2024-06-30 00:00,Gurugram,28.4595,77.0266,34.2,53,0,1009.7,3.2,NW
2024-06-30 01:00,Gurugram,28.4595,77.0266,34.4,48,0,1010.9,14.9,SE
2024-06-30 02:00,Gurugram,28.4595,77.0266,33.6,36,0,1010.8,16.7,WNW
2024-06-30 03:00,Gurugram,28.4595,77.0266,30.7,52,0,1009.1,16.1,WNW
2024-06-30 04:00,Gurugram,28.4595,77.0266,32,46,0,1008.5,5.6,WNW
2024-06-30 05:00,Gurugram,28.4595,77.0266,33.4,39,0,1011.4,11.8,Calm
2024-06-30 06:00,Gurugram,28.4595,77.0266,31.7,56,0,1011.1,21.4,SE
2024-06-30 07:00,Gurugram,28.4595,77.0266,36.8,43,0,1011.6,8.2,NW
2024-06-30 08:00,Gurugram,28.4595,77.0266,37.9,37,0,1010.8,8.3,SE
2024-06-30 09:00,Gurugram,28.4595,77.0266,37,33,0,1011.7,12.6,WNW
2024-06-30 10:00,Gurugram,28.4595,77.0266,42.4,22,0,1007.4,5.6,E
2024-06-30 11:00,Gurugram,28.4595,77.0266,44.5,20,0,1010,4.1,NW
2024-06-30 12:00,Gurugram,28.4595,77.0266,45,32,0,1009.3,2.4,WNW
2024-06-30 13:00,Gurugram,28.4595,77.0266,45,19,0,1012.5,13,WNW
2024-06-30 14:00,Gurugram,28.4595,77.0266,47.3,21,0,1008.7,6.8,ESE
2024-06-30 15:00,Gurugram,28.4595,77.0266,47.7,12,0,1008.5,11.3,NW
2024-06-30 16:00,Gurugram,28.4595,77.0266,46.8,13,0,1009.4,8,NW
2024-06-30 17:00,Gurugram,28.4595,77.0266,44.1,26,0,1009.5,16.8,ESE
2024-06-30 18:00,Gurugram,28.4595,77.0266,45.1,27,0,1009.7,18.8,NW
2024-06-30 19:00,Gurugram,28.4595,77.0266,45.4,38,0,1011.2,9.7,NW
2024-06-30 20:00,Gurugram,28.4595,77.0266,40.6,39,0,1011.9,21.5,ESE
2024-06-30 21:00,Gurugram,28.4595,77.0266,43.8,34,0,1011.3,5.5,E
2024-06-30 22:00,Gurugram,28.4595,77.0266,37.4,42,0,1013.1,5.2,ESE
2024-06-30 23:00,Gurugram,28.4595,77.0266,36.8,41,0,1011.7,10.1,W
2024-07-01 00:00,Gurugram,28.4595,77.0266,34.3,58,0,1009.6,11.9,NW
2024-07-01 01:00,Gurugram,28.4595,77.0266,34.9,55,0,1010.2,18.6,SE
2024-07-01 02:00,Gurugram,28.4595,77.0266,30.7,50,0,1011.3,8.8,NW
2024-07-01 03:00,Gurugram,28.4595,77.0266,32.6,51,0,1009,10.8,WNW
2024-07-01 04:00,Gurugram,28.4595,77.0266,31.9,58,0,1010,39.2,NW
2024-07-01 05:00,Gurugram,28.4595,77.0266,34.7,51,0,1011.1,4.8,ESE
2024-07-01 06:00,Gurugram,28.4595,77.0266,37.3,55,80.8,1012.7,7.6,WNW
2024-07-01 07:00,Gurugram,28.4595,77.0266,38,29,0,1010.4,12.2,SW
2024-07-01 08:00,Gurugram,28.4595,77.0266,34.1,42,0,1010.6,24.7,NW
2024-07-01 09:00,Gurugram,28.4595,77.0266,43.8,32,3.1,1011,6.8,SE
2024-07-01 10:00,Gurugram,28.4595,77.0266,42.3,42,0,1008.3,3.1,WNW
2024-07-01 11:00,Gurugram,28.4595,77.0266,41.9,37,0,1009.9,21.5,WNW
2024-07-01 12:00,Gurugram,28.4595,77.0266,45,24,0,1009.3,6.4,W
2024-07-01 13:00,Gurugram,28.4595,77.0266,46,31,0,1011.3,5.2,SE
2024-07-01 14:00,Gurugram,28.4595,77.0266,45.2,31,0,1009.8,7,WNW
2024-07-01 15:00,Gurugram,28.4595,77.0266,47,20,0,1011.8,5.5,NW
2024-07-01 16:00,Gurugram,28.4595,77.0266,45.3,35,0,1010.9,11.9,SW
2024-07-01 17:00,Gurugram,28.4595,77.0266,45,22,0,1010.2,14.8,NW
2024-07-01 18:00,Gurugram,28.4595,77.0266,43.5,23,0,1009.7,9.2,Calm
2024-07-01 19:00,Gurugram,28.4595,77.0266,40.8,33,0,1009.5,8.1,ESE
2024-07-01 20:00,Gurugram,28.4595,77.0266,42,29,0,1012.3,16.4,ESE
2024-07-01 21:00,Gurugram,28.4595,77.0266,41.2,35,0,1007.9,5.6,NW
2024-07-01 22:00,Gurugram,28.4595,77.0266,39.3,47,0,1010.3,5.5,WNW
2024-07-01 23:00,Gurugram,28.4595,77.0266,38.3,43,0,1010.5,9.3,WNW
2024-07-02 00:00,Gurugram,28.4595,77.0266,36.2,35,0,1007.9,3.6,WNW
2024-07-02 01:00,Gurugram,28.4595,77.0266,33.6,50,0,1012.2,3.2,NW
2024-07-02 02:00,Gurugram,28.4595,77.0266,35.4,45,0,1010.8,6.7,WNW
2024-07-02 03:00,Gurugram,28.4595,77.0266,31.2,55,0,1011.5,7.6,NW
2024-07-02 04:00,Gurugram,28.4595,77.0266,32.3,53,0,1011.5,17,NW
2024-07-02 05:00,Gurugram,28.4595,77.0266,32.8,56,0,1011.7,8.4,NW
2024-07-02 06:00,Gurugram,28.4595,77.0266,37.5,51,0,1011.6,6.8,ESE
2024-07-02 07:00,Gurugram,28.4595,77.0266,38.6,49,0,1011.6,4.2,ESE
2024-07-02 08:00,Gurugram,28.4595,77.0266,39.4,35,0,1011.1,15.6,SW
2024-07-02 09:00,Gurugram,28.4595,77.0266,42.1,39,0,1011.8,6.3,WNW
2024-07-02 10:00,Gurugram,28.4595,77.0266,40.3,43,0,1013.9,5.2,SE
2024-07-02 11:00,Gurugram,28.4595,77.0266,44.1,23,22.8,1009.6,8.5,W
2024-07-02 12:00,Gurugram,28.4595,77.0266,44.6,35,0,1011.2,16.2,W
2024-07-02 13:00,Gurugram,28.4595,77.0266,47.3,18,0,1011.6,11.5,W
2024-07-02 14:00,Gurugram,28.4595,77.0266,46.3,15,0,1008.7,12.3,SE
2024-07-02 15:00,Gurugram,28.4595,77.0266,46,21,13.7,1012.9,6,NW
2024-07-02 16:00,Gurugram,28.4595,77.0266,47.4,24,0,1011.4,13.6,NW
2024-07-02 17:00,Gurugram,28.4595,77.0266,47.4,27,0,1011,14.3,NW
2024-07-02 18:00,Gurugram,28.4595,77.0266,43.6,18,0,1010.2,12.3,NW
2024-07-02 19:00,Gurugram,28.4595,77.0266,43.3,30,0,1011.6,15.1,W
2024-07-02 20:00,Gurugram,28.4595,77.0266,40,27,0,1009.3,25.8,W
2024-07-02 21:00,Gurugram,28.4595,77.0266,35.7,26,0,1012.7,18.8,ESE
2024-07-02 22:00,Gurugram,28.4595,77.0266,38.9,33,0,1011.8,5,NW
2024-07-02 23:00,Gurugram,28.4595,77.0266,38,38,0,1010.4,5.5,W
2024-07-03 00:00,Gurugram,28.4595,77.0266,36.1,48,0,1012.5,15.3,NW
2024-07-03 01:00,Gurugram,28.4595,77.0266,31.1,54,0,1008.7,11.1,NW
2024-07-03 02:00,Gurugram,28.4595,77.0266,33.4,40,0,1009.6,22.4,ESE
2024-07-03 03:00,Gurugram,28.4595,77.0266,29.8,52,0,1010.9,17.7,ESE
2024-07-03 04:00,Gurugram,28.4595,77.0266,36.5,42,0,1010.9,6.6,W
2024-07-03 05:00,Gurugram,28.4595,77.0266,32.7,51,0,1011.4,3.8,NW
2024-07-03 06:00,Gurugram,28.4595,77.0266,37.9,41,0,1011.1,15,SW
2024-07-03 07:00,Gurugram,28.4595,77.0266,38.7,36,0,1012.3,6.1,E
2024-07-03 08:00,Gurugram,28.4595,77.0266,37,43,0,1009.1,7.5,WNW
2024-07-03 09:00,Gurugram,28.4595,77.0266,38.2,31,0,1008.5,6.1,Calm
2024-07-03 10:00,Gurugram,28.4595,77.0266,42.6,29,0,1009.1,9.1,NW
2024-07-03 11:00,Gurugram,28.4595,77.0266,42,14,0,1009.3,13.6,WNW
2024-07-03 12:00,Gurugram,28.4595,77.0266,45.1,29,0,1010.9,8,SW
2024-07-03 13:00,Gurugram,28.4595,77.0266,45,26,6.3,1010.7,9.9,WNW
2024-07-03 14:00,Gurugram,28.4595,77.0266,43.3,20,0,1011.2,8.5,WNW
2024-07-03 15:00,Gurugram,28.4595,77.0266,42.8,12,0,1011.3,15.1,NW
2024-07-03 16:00,Gurugram,28.4595,77.0266,47,27,0,1011.2,17.2,NW
2024-07-03 17:00,Gurugram,28.4595,77.0266,44.9,17,0,1009,16,NW
2024-07-03 18:00,Gurugram,28.4595,77.0266,43.9,21,0,1010.6,21.8,W
2024-07-03 19:00,Gurugram,28.4595,77.0266,44.8,41,0,1010.2,3.5,NW
2024-07-03 20:00,Gurugram,28.4595,77.0266,44.1,26,0,1012.3,17.6,NW
2024-07-03 21:00,Gurugram,28.4595,77.0266,39.8,39,0,1011.3,6.9,WNW
2024-07-03 22:00,Gurugram,28.4595,77.0266,38,42,0,1013.1,7.7,W
2024-07-03 23:00,Gurugram,28.4595,77.0266,37.9,44,0,1009.7,2.4,ESE
2024-07-04 00:00,Gurugram,28.4595,77.0266,33.3,46,0,1010.7,12.6,SE
2024-07-04 01:00,Gurugram,28.4595,77.0266,35.1,49,0,1012.2,3.8,WNW
2024-07-04 02:00,Gurugram,28.4595,77.0266,35.1,50,0,1010.5,12.4,WNW
2024-07-04 03:00,Gurugram,28.4595,77.0266,35.1,49,0,1011.5,4.7,ESE
2024-07-04 04:00,Gurugram,28.4595,77.0266,30.6,58,0,1010.4,11.9,NW
2024-07-04 05:00,Gurugram,28.4595,77.0266,33.4,39,0,1012.5,17.4,W
2024-07-04 06:00,Gurugram,28.4595,77.0266,34.2,51,0,1009.4,11.6,WNW
2024-07-04 07:00,Gurugram,28.4595,77.0266,37.3,47,0,1013.4,8.1,WNW
2024-07-04 08:00,Gurugram,28.4595,77.0266,39.5,42,0,1012,9.7,NW
2024-07-04 09:00,Gurugram,28.4595,77.0266,43,41,0,1011.7,3.6,NW
2024-07-04 10:00,Gurugram,28.4595,77.0266,41.1,30,0,1011.6,7.2,WNW
2024-07-04 11:00,Gurugram,28.4595,77.0266,42.7,15,0,1010.3,11,NW
2024-07-04 12:00,Gurugram,28.4595,77.0266,47,23,3.5,1011.9,3.2,Calm
2024-07-04 13:00,Gurugram,28.4595,77.0266,46.5,15,0,1010.5,1.9,SW
2024-07-04 14:00,Gurugram,28.4595,77.0266,47.8,15,0,1008.6,13.3,W
2024-07-04 15:00,Gurugram,28.4595,77.0266,47.4,12,0,1011.2,7.4,SW
2024-07-04 16:00,Gurugram,28.4595,77.0266,44.5,17,0,1010.2,10.3,ESE
2024-07-04 17:00,Gurugram,28.4595,77.0266,43.6,18,0,1011.3,13.4,WNW
2024-07-04 18:00,Gurugram,28.4595,77.0266,42.2,12,0,1011.1,9.7,W
2024-07-04 19:00,Gurugram,28.4595,77.0266,44.8,31,0,1009.4,13.9,NW
2024-07-04 20:00,Gurugram,28.4595,77.0266,44.2,44,0,1013,5.7,ESE
2024-07-04 21:00,Gurugram,28.4595,77.0266,43.7,38,0,1010.3,10.5,NW
2024-07-04 22:00,Gurugram,28.4595,77.0266,40.2,37,0,1012.4,2.3,SE
2024-07-04 23:00,Gurugram,28.4595,77.0266,39.2,41,0,1010.2,9.3,W
2024-07-05 00:00,Gurugram,28.4595,77.0266,34.8,42,0,1011.3,3.9,NW
2024-07-05 01:00,Gurugram,28.4595,77.0266,32.7,47,0,1011.7,25.2,E
2024-07-05 02:00,Gurugram,28.4595,77.0266,35.7,48,0,1008.9,7.5,E
2024-07-05 03:00,Gurugram,28.4595,77.0266,34.7,44,0,1010.6,5.2,E
2024-07-05 04:00,Gurugram,28.4595,77.0266,34.3,59,0,1011.6,7.8,SE
2024-07-05 05:00,Gurugram,28.4595,77.0266,35.5,38,0,1011.4,7.9,ESE
2024-07-05 06:00,Gurugram,28.4595,77.0266,36.4,49,0,1011.4,3.3,WNW
2024-07-05 07:00,Gurugram,28.4595,77.0266,39.5,41,0,1012.4,16.2,NW
2024-07-05 08:00,Gurugram,28.4595,77.0266,41.1,49,0,1010.3,17.3,NW
2024-07-05 09:00,Gurugram,28.4595,77.0266,41.4,36,0,1011.4,25.1,WNW
2024-07-05 10:00,Gurugram,28.4595,77.0266,43.6,28,0,1009.7,17.9,WNW
2024-07-05 11:00,Gurugram,28.4595,77.0266,44.6,25,0,1010.7,16,W
2024-07-05 12:00,Gurugram,28.4595,77.0266,44.2,24,0,1012.8,12.2,NW
2024-07-05 13:00,Gurugram,28.4595,77.0266,47.4,14,0,1011.3,11.5,NW
2024-07-05 14:00,Gurugram,28.4595,77.0266,44.2,15,0,1010.7,8.8,ESE
2024-07-05 15:00,Gurugram,28.4595,77.0266,47.8,12,0,1010.3,10.6,NW
2024-07-05 16:00,Gurugram,28.4595,77.0266,44.6,14,0,1009.7,11,NW
2024-07-05 17:00,Gurugram,28.4595,77.0266,46.6,21,3.5,1012.5,10.8,WNW
2024-07-05 18:00,Gurugram,28.4595,77.0266,43.5,25,0,1013.8,16,NW
2024-07-05 19:00,Gurugram,28.4595,77.0266,44.7,15,0,1010.8,5.3,Calm
2024-07-05 20:00,Gurugram,28.4595,77.0266,42,29,0,1009.1,11.7,ESE
2024-07-05 21:00,Gurugram,28.4595,77.0266,37.6,37,0,1013.1,7.7,WNW
2024-07-05 22:00,Gurugram,28.4595,77.0266,39.5,37,0,1010.2,12.7,NW
2024-07-05 23:00,Gurugram,28.4595,77.0266,36.1,38,0,1011.7,19.6,WNW
2024-07-06 00:00,Gurugram,28.4595,77.0266,37.5,42,0,1012.2,11.7,W
2024-07-06 01:00,Gurugram,28.4595,77.0266,34.9,43,0,1012.9,20.9,Calm
2024-07-06 02:00,Gurugram,28.4595,77.0266,34.9,44,0,1011.2,18.1,WNW
2024-07-06 03:00,Gurugram,28.4595,77.0266,32.3,50,0,1012.1,15.7,ESE
2024-07-06 04:00,Gurugram,28.4595,77.0266,33.2,62,0,1011.1,14.6,NW
2024-07-06 05:00,Gurugram,28.4595,77.0266,34,42,0,1009.1,5.3,W
2024-07-06 06:00,Gurugram,28.4595,77.0266,37.4,42,0,1011,10.8,NW
2024-07-06 07:00,Gurugram,28.4595,77.0266,40.3,41,0,1012,18.5,NW
2024-07-06 08:00,Gurugram,28.4595,77.0266,37.4,33,0,1010.3,26.4,WNW
2024-07-06 09:00,Gurugram,28.4595,77.0266,42.4,40,0,1011.6,3.5,NW
2024-07-06 10:00,Gurugram,28.4595,77.0266,38.3,16,0,1011.8,2.9,ESE
2024-07-06 11:00,Gurugram,28.4595,77.0266,41.6,23,0,1013.1,4.7,SW
2024-07-06 12:00,Gurugram,28.4595,77.0266,43.4,28,0,1010.4,9.2,WNW
2024-07-06 13:00,Gurugram,28.4595,77.0266,43.7,19,0,1011.8,28.6,WNW
2024-07-06 14:00,Gurugram,28.4595,77.0266,43.9,14,0,1010.2,9.4,NW
2024-07-06 15:00,Gurugram,28.4595,77.0266,47.7,21,0,1008.9,7.4,WNW
2024-07-06 16:00,Gurugram,28.4595,77.0266,46.4,25,0,1010.9,4.3,W
2024-07-06 17:00,Gurugram,28.4595,77.0266,46.8,22,0,1010.9,9.6,WNW
2024-07-06 18:00,Gurugram,28.4595,77.0266,46.3,18,0,1011.9,33.4,W
2024-07-06 19:00,Gurugram,28.4595,77.0266,44.2,29,0,1012.9,5.6,W
2024-07-06 20:00,Gurugram,28.4595,77.0266,43.4,27,35.2,1011.6,6.1,NW
2024-07-06 21:00,Gurugram,28.4595,77.0266,40.4,38,0,1010.7,15.3,ESE
2024-07-06 22:00,Gurugram,28.4595,77.0266,36.7,46,37.1,1010.5,19.3,SW
2024-07-06 23:00,Gurugram,28.4595,77.0266,39.2,26,0,1012.9,6.6,NW
2024-07-07 00:00,Gurugram,28.4595,77.0266,34.9,45,0,1012.6,10,W
2024-07-07 01:00,Gurugram,28.4595,77.0266,33.2,36,0,1010.7,14.5,W
2024-07-07 02:00,Gurugram,28.4595,77.0266,34,63,0,1010.1,10,ESE
2024-07-07 03:00,Gurugram,28.4595,77.0266,32.4,46,0,1010.7,13.7,WNW
2024-07-07 04:00,Gurugram,28.4595,77.0266,33.5,52,0,1012.9,15.9,SE
2024-07-07 05:00,Gurugram,28.4595,77.0266,35.6,46,0,1010.6,9.2,W
2024-07-07 06:00,Gurugram,28.4595,77.0266,36.6,39,0,1012.3,7.6,WNW
2024-07-07 07:00,Gurugram,28.4595,77.0266,35.7,35,0,1013.8,3.5,ESE
2024-07-07 08:00,Gurugram,28.4595,77.0266,38,47,0,1010.8,3.9,SW
2024-07-07 09:00,Gurugram,28.4595,77.0266,42.5,39,0,1011.3,4.2,SE
2024-07-07 10:00,Gurugram,28.4595,77.0266,43.1,41,0,1011.7,15.9,SW
2024-07-07 11:00,Gurugram,28.4595,77.0266,47.5,26,0,1009.8,20.7,NW
2024-07-07 12:00,Gurugram,28.4595,77.0266,47.3,25,0,1010.9,4.3,NW
2024-07-07 13:00,Gurugram,28.4595,77.0266,47.8,19,0,1012,14.3,W
2024-07-07 14:00,Gurugram,28.4595,77.0266,44.3,17,0,1010.6,4.1,NW
2024-07-07 15:00,Gurugram,28.4595,77.0266,47.8,12,0,1014.3,2.3,ESE
2024-07-07 16:00,Gurugram,28.4595,77.0266,46.7,19,0,1011.2,25.6,NW
2024-07-07 17:00,Gurugram,28.4595,77.0266,45.2,16,0,1011.5,4.6,WNW
2024-07-07 18:00,Gurugram,28.4595,77.0266,45.5,26,0,1011.1,9.2,W
2024-07-07 19:00,Gurugram,28.4595,77.0266,45.5,27,0,1011.5,2.1,WNW
2024-07-07 20:00,Gurugram,28.4595,77.0266,43.1,31,0,1010.9,15.6,NW
2024-07-07 21:00,Gurugram,28.4595,77.0266,39,44,0,1009.3,8.1,E
2024-07-07 22:00,Gurugram,28.4595,77.0266,40.2,37,0,1011.3,10.1,ESE
2024-07-07 23:00,Gurugram,28.4595,77.0266,36.2,46,11.3,1013.9,10.3,W
2024-07-08 00:00,Gurugram,28.4595,77.0266,36.4,56,0,1013.9,4.7,ESE
2024-07-08 01:00,Gurugram,28.4595,77.0266,34.4,54,0,1010.7,5.7,WNW
2024-07-08 02:00,Gurugram,28.4595,77.0266,34,55,0,1010.1,3.9,WNW
2024-07-08 03:00,Gurugram,28.4595,77.0266,35.5,46,0,1009.5,11.8,NW
2024-07-08 04:00,Gurugram,28.4595,77.0266,32.5,49,0,1010.8,10.1,SE
2024-07-08 05:00,Gurugram,28.4595,77.0266,38.5,38,0,1011.3,9.3,WNW
2024-07-08 06:00,Gurugram,28.4595,77.0266,32.7,47,2,1012.5,14.4,ESE
2024-07-08 07:00,Gurugram,28.4595,77.0266,36.3,42,0,1011.5,11.5,NW
2024-07-08 08:00,Gurugram,28.4595,77.0266,39.6,37,0,1013,8.5,SE
2024-07-08 09:00,Gurugram,28.4595,77.0266,41.7,39,0,1012.7,14.6,NW
2024-07-08 10:00,Gurugram,28.4595,77.0266,42.1,22,0,1012.4,6.2,W
2024-07-08 11:00,Gurugram,28.4595,77.0266,43.8,36,0,1011.8,3.4,SE
2024-07-08 12:00,Gurugram,28.4595,77.0266,46,28,0,1013.2,7.8,W
2024-07-08 13:00,Gurugram,28.4595,77.0266,45.8,20,0,1012.7,6,ESE
2024-07-08 14:00,Gurugram,28.4595,77.0266,47.8,18,0,1010.2,17.9,W
2024-07-08 15:00,Gurugram,28.4595,77.0266,47.8,21,0,1012.6,14.2,W
2024-07-08 16:00,Gurugram,28.4595,77.0266,47.8,28,0,1011.3,5.1,NW
2024-07-08 17:00,Gurugram,28.4595,77.0266,44.5,21,0,1013.1,4.5,NW
2024-07-08 18:00,Gurugram,28.4595,77.0266,45.1,24,0,1012.8,6.3,ESE
2024-07-08 19:00,Gurugram,28.4595,77.0266,43.3,26,0,1014,8.8,SW
2024-07-08 20:00,Gurugram,28.4595,77.0266,40.5,40,0,1009.6,9.2,W
2024-07-08 21:00,Gurugram,28.4595,77.0266,41.3,31,0,1012.4,6.2,ESE
2024-07-08 22:00,Gurugram,28.4595,77.0266,38,37,0,1011.2,10.6,ESE
2024-07-08 23:00,Gurugram,28.4595,77.0266,38.6,50,0,1014.5,5.7,Calm
2024-07-09 00:00,Gurugram,28.4595,77.0266,34.2,45,0,1008.6,21.9,SE
2024-07-09 01:00,Gurugram,28.4595,77.0266,38.1,53,0,1012.7,8.1,W
2024-07-09 02:00,Gurugram,28.4595,77.0266,32.8,42,0,1012.9,14.8,NW
2024-07-09 03:00,Gurugram,28.4595,77.0266,34.6,47,0,1009.7,15.6,WNW
2024-07-09 04:00,Gurugram,28.4595,77.0266,35.8,56,0,1012.8,9,NW
2024-07-09 05:00,Gurugram,28.4595,77.0266,34,42,0,1009.8,6.6,E
2024-07-09 06:00,Gurugram,28.4595,77.0266,37.6,43,0,1011.4,3.4,WNW
2024-07-09 07:00,Gurugram,28.4595,77.0266,35.2,42,0,1012.7,5.4,W
2024-07-09 08:00,Gurugram,28.4595,77.0266,41.6,31,0,1011,8.1,Calm
2024-07-09 09:00,Gurugram,28.4595,77.0266,40.7,31,0,1012.3,5.3,SE
2024-07-09 10:00,Gurugram,28.4595,77.0266,41.3,30,0,1012.2,7.2,SE
2024-07-09 11:00,Gurugram,28.4595,77.0266,43.4,26,0,1012.9,23.9,NW
2024-07-09 12:00,Gurugram,28.4595,77.0266,46.7,30,0,1010.9,7.7,NW
2024-07-09 13:00,Gurugram,28.4595,77.0266,45.3,29,0,1013.3,11.9,NW
2024-07-09 14:00,Gurugram,28.4595,77.0266,45.6,13,0,1008.8,15.7,ESE
2024-07-09 15:00,Gurugram,28.4595,77.0266,46.8,19,0,1014,22.5,WNW
2024-07-09 16:00,Gurugram,28.4595,77.0266,44.8,23,0,1011.9,12.5,NW
2024-07-09 17:00,Gurugram,28.4595,77.0266,47.8,29,0,1012,1.5,ESE
2024-07-09 18:00,Gurugram,28.4595,77.0266,44.3,27,0,1012.6,10.7,NW
2024-07-09 19:00,Gurugram,28.4595,77.0266,45.4,27,0,1012.4,4.5,W
2024-07-09 20:00,Gurugram,28.4595,77.0266,42.7,33,0,1012.2,6.2,ESE
2024-07-09 21:00,Gurugram,28.4595,77.0266,38.9,37,0,1013.7,9.1,W
2024-07-09 22:00,Gurugram,28.4595,77.0266,39,31,0,1010.4,15.5,Calm
2024-07-09 23:00,Gurugram,28.4595,77.0266,38.8,42,0,1011.1,9.2,WNW
2024-07-10 00:00,Gurugram,28.4595,77.0266,35.8,52,0,1013,5,NW
2024-07-10 01:00,Gurugram,28.4595,77.0266,37.3,45,0,1012,15.8,NW
2024-07-10 02:00,Gurugram,28.4595,77.0266,36.3,48,38.8,1014,5.1,WNW
2024-07-10 03:00,Gurugram,28.4595,77.0266,35.9,46,0,1015.1,1.5,E
2024-07-10 04:00,Gurugram,28.4595,77.0266,33.6,33,0,1012.5,6.2,SW
2024-07-10 05:00,Gurugram,28.4595,77.0266,33.2,46,0,1010.4,5.3,Calm
2024-07-10 06:00,Gurugram,28.4595,77.0266,35,45,0,1011.4,10,W
2024-07-10 07:00,Gurugram,28.4595,77.0266,37.8,37,0,1010,15.3,W
2024-07-10 08:00,Gurugram,28.4595,77.0266,40,30,0,1013.2,5.1,W
2024-07-10 09:00,Gurugram,28.4595,77.0266,36.8,28,0,1011.3,9.7,WNW
2024-07-10 10:00,Gurugram,28.4595,77.0266,42.4,34,0,1012.3,19.4,NW
2024-07-10 11:00,Gurugram,28.4595,77.0266,44.3,37,0,1012.1,4.7,NW
2024-07-10 12:00,Gurugram,28.4595,77.0266,44.8,31,0,1013.8,10.5,WNW
2024-07-10 13:00,Gurugram,28.4595,77.0266,47.8,12,0,1012.5,28.7,NW
2024-07-10 14:00,Gurugram,28.4595,77.0266,47.8,23,0,1012.1,11.5,E
2024-07-10 15:00,Gurugram,28.4595,77.0266,47.8,14,0,1011.4,8.4,ESE
2024-07-10 16:00,Gurugram,28.4595,77.0266,46.6,15,12,1013.2,12.9,W
2024-07-10 17:00,Gurugram,28.4595,77.0266,47.8,17,0,1011.1,15.3,NW
2024-07-10 18:00,Gurugram,28.4595,77.0266,47.8,26,0,1011,10.2,W
2024-07-10 19:00,Gurugram,28.4595,77.0266,46.3,31,0,1011.7,23.8,W
2024-07-10 20:00,Gurugram,28.4595,77.0266,40.4,28,0,1015,7.4,WNW
2024-07-10 21:00,Gurugram,28.4595,77.0266,40.3,32,0,1012.3,5.9,W
2024-07-10 22:00,Gurugram,28.4595,77.0266,38.4,40,0,1012.4,11.8,E
2024-07-10 23:00,Gurugram,28.4595,77.0266,38.4,44,0,1012.8,8.4,ESE
2024-07-11 00:00,Gurugram,28.4595,77.0266,37.4,50,10.4,1013,18.3,WNW
2024-07-11 01:00,Gurugram,28.4595,77.0266,33.6,38,0,1012.4,16.5,NW
2024-07-11 02:00,Gurugram,28.4595,77.0266,34.6,47,0,1011.5,10.9,WNW
2024-07-11 03:00,Gurugram,28.4595,77.0266,30.6,41,0,1012.2,13.1,SW
2024-07-11 04:00,Gurugram,28.4595,77.0266,37.1,47,0,1012.4,7.2,SE
2024-07-11 05:00,Gurugram,28.4595,77.0266,34.2,44,0,1011,11,NW
2024-07-11 06:00,Gurugram,28.4595,77.0266,36.3,43,0,1012.4,1.9,SE
2024-07-11 07:00,Gurugram,28.4595,77.0266,37,35,0,1012.9,19.5,NW
2024-07-11 08:00,Gurugram,28.4595,77.0266,41.2,28,0,1012,11.9,W
2024-07-11 09:00,Gurugram,28.4595,77.0266,35.7,20,0,1014.2,12.8,SE
2024-07-11 10:00,Gurugram,28.4595,77.0266,42.4,28,0,1013,9.1,W
2024-07-11 11:00,Gurugram,28.4595,77.0266,43.8,23,0,1011.8,10.5,WNW
2024-07-11 12:00,Gurugram,28.4595,77.0266,44.6,18,0,1012.2,8.3,WNW
2024-07-11 13:00,Gurugram,28.4595,77.0266,47.8,28,0,1014.2,12.8,NW
2024-07-11 14:00,Gurugram,28.4595,77.0266,45.5,13,0,1012,8.9,SE
2024-07-11 15:00,Gurugram,28.4595,77.0266,47.8,26,0,1011.7,8.8,SE
2024-07-11 16:00,Gurugram,28.4595,77.0266,47.7,28,0,1011.7,1.5,SE
2024-07-11 17:00,Gurugram,28.4595,77.0266,47.8,12,0,1012.8,11.3,NW
2024-07-11 18:00,Gurugram,28.4595,77.0266,44.2,23,0,1013,12.5,SE
2024-07-11 19:00,Gurugram,28.4595,77.0266,42.7,23,0,1013.5,14.3,NW
2024-07-11 20:00,Gurugram,28.4595,77.0266,44.4,12,0,1011.8,12.8,NW
2024-07-11 21:00,Gurugram,28.4595,77.0266,41.5,24,0,1014.5,2,WNW
2024-07-11 22:00,Gurugram,28.4595,77.0266,36.3,41,0,1013.3,10,WNW
2024-07-11 23:00,Gurugram,28.4595,77.0266,36.6,52,0,1012.2,9.1,NW
2024-07-12 00:00,Gurugram,28.4595,77.0266,36.9,48,0,1013.9,6.8,NW
2024-07-12 01:00,Gurugram,28.4595,77.0266,36.7,47,0,1015.2,16.6,W
2024-07-12 02:00,Gurugram,28.4595,77.0266,33.3,47,0,1013.5,10.8,NW
2024-07-12 03:00,Gurugram,28.4595,77.0266,29.1,58,0,1015,16.7,NW
2024-07-12 04:00,Gurugram,28.4595,77.0266,35.5,60,0,1011.7,2.9,WNW
2024-07-12 05:00,Gurugram,28.4595,77.0266,33,42,0,1010.6,7.1,NW
2024-07-12 06:00,Gurugram,28.4595,77.0266,32.6,31,0,1013.6,1.7,W
2024-07-12 07:00,Gurugram,28.4595,77.0266,32.5,27,0,1014.3,20.3,SW
2024-07-12 08:00,Gurugram,28.4595,77.0266,40.6,44,0,1011.3,16.9,NW
2024-07-12 09:00,Gurugram,28.4595,77.0266,41.1,32,0,1014.4,22.4,Calm
2024-07-12 10:00,Gurugram,28.4595,77.0266,42.1,30,9.4,1012.4,18.5,NW
2024-07-12 11:00,Gurugram,28.4595,77.0266,46.6,14,0,1013.7,10.1,NW
2024-07-12 12:00,Gurugram,28.4595,77.0266,46.6,17,0,1013.2,7.2,ESE
2024-07-12 13:00,Gurugram,28.4595,77.0266,47.8,18,0,1013.5,13.1,ESE
2024-07-12 14:00,Gurugram,28.4595,77.0266,44.6,19,0,1013.6,7.5,WNW
2024-07-12 15:00,Gurugram,28.4595,77.0266,47.3,15,0,1012.8,13.3,NW
2024-07-12 16:00,Gurugram,28.4595,77.0266,44.2,12,0,1012.4,7.6,SE
2024-07-12 17:00,Gurugram,28.4595,77.0266,46,15,0,1013.3,15.2,Calm
2024-07-12 18:00,Gurugram,28.4595,77.0266,45,29,0,1012.6,5.1,Calm
2024-07-12 19:00,Gurugram,28.4595,77.0266,45.2,26,0,1012.1,14.9,W
2024-07-12 20:00,Gurugram,28.4595,77.0266,42.6,32,0,1013.3,4.2,ESE
2024-07-12 21:00,Gurugram,28.4595,77.0266,41.9,27,0,1012.2,8,SE
2024-07-12 22:00,Gurugram,28.4595,77.0266,40.4,19,0,1012.7,3.4,SE
2024-07-12 23:00,Gurugram,28.4595,77.0266,41.5,37,0,1012.3,8.4,Calm
2024-07-13 00:00,Gurugram,28.4595,77.0266,35.7,38,0,1015,3.4,SE
2024-07-13 01:00,Gurugram,28.4595,77.0266,33.5,47,0,1013.3,6.7,W
2024-07-13 02:00,Gurugram,28.4595,77.0266,35,66,0,1011.3,12.1,WNW
2024-07-13 03:00,Gurugram,28.4595,77.0266,32.9,51,0,1014.7,7.2,W
2024-07-13 04:00,Gurugram,28.4595,77.0266,37.3,63,0,1011,6.4,E
2024-07-13 05:00,Gurugram,28.4595,77.0266,34.7,49,0,1015.7,5.7,NW
2024-07-13 06:00,Gurugram,28.4595,77.0266,35.2,39,0,1013.2,4.6,NW
2024-07-13 07:00,Gurugram,28.4595,77.0266,36.8,42,0,1012.4,4.5,WNW
2024-07-13 08:00,Gurugram,28.4595,77.0266,40.5,47,0,1012.7,14.4,Calm
2024-07-13 09:00,Gurugram,28.4595,77.0266,40.6,43,0,1011.3,18.3,SE
2024-07-13 10:00,Gurugram,28.4595,77.0266,41.4,25,0,1013,9.3,NW
2024-07-13 11:00,Gurugram,28.4595,77.0266,47.1,26,0,1012.6,16.9,NW
2024-07-13 12:00,Gurugram,28.4595,77.0266,43.9,13,0,1013.1,23.2,W
2024-07-13 13:00,Gurugram,28.4595,77.0266,46.6,24,0,1014.2,8.4,W
2024-07-13 14:00,Gurugram,28.4595,77.0266,47.8,27,0,1013.5,6.7,NW
2024-07-13 15:00,Gurugram,28.4595,77.0266,44.4,18,0,1011.8,6.8,Calm
2024-07-13 16:00,Gurugram,28.4595,77.0266,47.8,14,0,1012,12.3,W
2024-07-13 17:00,Gurugram,28.4595,77.0266,44.6,21,0,1013.5,32.7,W
2024-07-13 18:00,Gurugram,28.4595,77.0266,46.9,24,0,1013.8,3,E
2024-07-13 19:00,Gurugram,28.4595,77.0266,42.4,25,0,1013.1,29,WNW
2024-07-13 20:00,Gurugram,28.4595,77.0266,43.8,29,0,1013.8,6.5,W
2024-07-13 21:00,Gurugram,28.4595,77.0266,42.9,31,0,1013.3,8,W
2024-07-13 22:00,Gurugram,28.4595,77.0266,40.7,42,0,1013.4,13.7,Calm
2024-07-13 23:00,Gurugram,28.4595,77.0266,38.1,44,0,1014.2,30.2,NW
2024-07-14 00:00,Gurugram,28.4595,77.0266,35.9,37,0,1015.7,5.7,ESE
2024-07-14 01:00,Gurugram,28.4595,77.0266,34.2,39,0,1013.8,24.6,W
2024-07-14 02:00,Gurugram,28.4595,77.0266,37.3,45,0,1017.1,1.8,SE
2024-07-14 03:00,Gurugram,28.4595,77.0266,33.1,52,0,1013.6,4.2,SE
2024-07-14 04:00,Gurugram,28.4595,77.0266,32.8,47,0,1013.6,9.4,NW
2024-07-14 05:00,Gurugram,28.4595,77.0266,36.5,41,0,1015.8,5.4,NW
2024-07-14 06:00,Gurugram,28.4595,77.0266,34.9,44,0,1013.2,9.6,NW
2024-07-14 07:00,Gurugram,28.4595,77.0266,35.9,38,0,1011.2,11.9,WNW
2024-07-14 08:00,Gurugram,28.4595,77.0266,36.6,41,0,1012.1,8.9,SW
2024-07-14 09:00,Gurugram,28.4595,77.0266,40,34,0,1014.5,16.4,NW
2024-07-14 10:00,Gurugram,28.4595,77.0266,42.4,26,0,1014,19.6,WNW
2024-07-14 11:00,Gurugram,28.4595,77.0266,44.6,26,0,1012.3,19.4,E
2024-07-14 12:00,Gurugram,28.4595,77.0266,47.2,29,0,1011.1,4.8,SW
2024-07-14 13:00,Gurugram,28.4595,77.0266,47.5,16,0,1013,19.2,W
2024-07-14 14:00,Gurugram,28.4595,77.0266,46.8,20,0,1014.8,30.1,SE
2024-07-14 15:00,Gurugram,28.4595,77.0266,47,17,0,1013.3,12.2,WNW
2024-07-14 16:00,Gurugram,28.4595,77.0266,47.8,20,0,1013,9.4,NW
2024-07-14 17:00,Gurugram,28.4595,77.0266,47.8,15,0,1012.1,9.8,NW
2024-07-14 18:00,Gurugram,28.4595,77.0266,45.7,22,0,1013,3.6,WNW
2024-07-14 19:00,Gurugram,28.4595,77.0266,43.3,31,0,1014,13.2,WNW
2024-07-14 20:00,Gurugram,28.4595,77.0266,40.8,23,0,1013.2,6.7,WNW
2024-07-14 21:00,Gurugram,28.4595,77.0266,38.3,24,0,1013.2,31.2,NW
2024-07-14 22:00,Gurugram,28.4595,77.0266,40.4,28,0,1014.8,18.1,NW
2024-07-14 23:00,Gurugram,28.4595,77.0266,38.7,33,0,1012.5,14.2,NW
2024-07-15 00:00,Gurugram,28.4595,77.0266,37.4,46,0,1014.2,11.9,SW
2024-07-15 01:00,Gurugram,28.4595,77.0266,35.1,36,0,1013.5,1.7,Calm
2024-07-15 02:00,Gurugram,28.4595,77.0266,37.2,45,0,1015.6,19.1,NW
2024-07-15 03:00,Gurugram,28.4595,77.0266,33.6,51,0,1014.7,6.8,NW
2024-07-15 04:00,Gurugram,28.4595,77.0266,36.4,49,0,1015.3,8.9,E
2024-07-15 05:00,Gurugram,28.4595,77.0266,35.2,43,0,1014.4,10.6,NW
2024-07-15 06:00,Gurugram,28.4595,77.0266,35.2,44,0,1013.1,27.1,SW
2024-07-15 07:00,Gurugram,28.4595,77.0266,38.7,40,8.2,1015.3,20.8,WNW
2024-07-15 08:00,Gurugram,28.4595,77.0266,40,34,0,1014.1,2.1,W
2024-07-15 09:00,Gurugram,28.4595,77.0266,41.6,31,0,1013.9,5.4,ESE
2024-07-15 10:00,Gurugram,28.4595,77.0266,42.8,41,0,1012.7,22.8,NW
2024-07-15 11:00,Gurugram,28.4595,77.0266,44.1,29,0,1014.5,9.1,NW
2024-07-15 12:00,Gurugram,28.4595,77.0266,47.8,36,0,1013.1,4,SE
2024-07-15 13:00,Gurugram,28.4595,77.0266,47.8,16,0,1013,11.3,Calm
2024-07-15 14:00,Gurugram,28.4595,77.0266,47.8,17,0,1014,12.4,W
2024-07-15 15:00,Gurugram,28.4595,77.0266,47.6,12,0,1012.9,3.9,SE
2024-07-15 16:00,Gurugram,28.4595,77.0266,47.8,13,0,1012.7,14,SW
2024-07-15 17:00,Gurugram,28.4595,77.0266,47.5,30,0,1012.5,2.4,NW
2024-07-15 18:00,Gurugram,28.4595,77.0266,45.6,18,0,1014.9,22.2,WNW
2024-07-15 19:00,Gurugram,28.4595,77.0266,43.6,36,0,1015.4,15.9,NW
2024-07-15 20:00,Gurugram,28.4595,77.0266,42.5,21,0,1015.9,17,NW
2024-07-15 21:00,Gurugram,28.4595,77.0266,35.2,26,0,1014.8,9.6,ESE
2024-07-15 22:00,Gurugram,28.4595,77.0266,39.6,34,0,1010.9,20.2,NW
2024-07-15 23:00,Gurugram,28.4595,77.0266,36.8,39,0,1014,12.2,NW
2024-07-16 00:00,Gurugram,28.4595,77.0266,39.2,48,0,1013.6,20.3,WNW
2024-07-16 01:00,Gurugram,28.4595,77.0266,35.4,47,0,1016.8,10.5,NW
2024-07-16 02:00,Gurugram,28.4595,77.0266,32.5,44,0,1014.4,21,NW
2024-07-16 03:00,Gurugram,28.4595,77.0266,34.4,46,0,1012.9,6.2,NW
2024-07-16 04:00,Gurugram,28.4595,77.0266,32.8,44,0,1013,5.3,E
2024-07-16 05:00,Gurugram,28.4595,77.0266,36.2,39,0,1011.8,11.7,SE
2024-07-16 06:00,Gurugram,28.4595,77.0266,36.9,37,0,1013.8,6.8,E
2024-07-16 07:00,Gurugram,28.4595,77.0266,39.4,45,0,1012,10.1,E
2024-07-16 08:00,Gurugram,28.4595,77.0266,37.8,25,0,1011.5,2.1,SW
2024-07-16 09:00,Gurugram,28.4595,77.0266,41,41,0,1012.8,14.2,NW
2024-07-16 10:00,Gurugram,28.4595,77.0266,40.2,26,0,1012.7,19.7,SW
2024-07-16 11:00,Gurugram,28.4595,77.0266,45.5,20,0,1014,6.7,W
2024-07-16 12:00,Gurugram,28.4595,77.0266,46.5,26,0,1014.4,12.8,NW
2024-07-16 13:00,Gurugram,28.4595,77.0266,47.5,28,0,1013.9,15.9,W
2024-07-16 14:00,Gurugram,28.4595,77.0266,47.2,24,0,1013.8,7.3,WNW
2024-07-16 15:00,Gurugram,28.4595,77.0266,47.8,20,0,1014.4,3.4,NW
2024-07-16 16:00,Gurugram,28.4595,77.0266,47.8,24,0,1015.3,11.1,NW
2024-07-16 17:00,Gurugram,28.4595,77.0266,46.1,12,0,1012.7,14.9,WNW
2024-07-16 18:00,Gurugram,28.4595,77.0266,45.8,18,0,1014.3,4.8,SE
2024-07-16 19:00,Gurugram,28.4595,77.0266,42.2,19,0,1013.9,18.5,NW
2024-07-16 20:00,Gurugram,28.4595,77.0266,41.1,35,0,1014.4,12.8,ESE
2024-07-16 21:00,Gurugram,28.4595,77.0266,41.1,29,0,1013.7,6.3,NW
2024-07-16 22:00,Gurugram,28.4595,77.0266,41.3,41,0,1012.8,23.7,WNW
2024-07-16 23:00,Gurugram,28.4595,77.0266,37.2,42,0,1013.7,7.2,NW
2024-07-17 00:00,Gurugram,28.4595,77.0266,35.9,37,0,1013.3,2.1,E
2024-07-17 01:00,Gurugram,28.4595,77.0266,34.6,41,0,1012.9,16.6,Calm
2024-07-17 02:00,Gurugram,28.4595,77.0266,33.7,54,0,1015.6,5.4,WNW
2024-07-17 03:00,Gurugram,28.4595,77.0266,35,42,0,1014.3,7.9,Calm
2024-07-17 04:00,Gurugram,28.4595,77.0266,32,47,0,1011.8,7,ESE
2024-07-17 05:00,Gurugram,28.4595,77.0266,37.6,40,0,1010.2,16.4,NW
2024-07-17 06:00,Gurugram,28.4595,77.0266,35.2,40,0,1013.9,11.6,WNW
2024-07-17 07:00,Gurugram,28.4595,77.0266,39,39,0,1013.4,4.4,SE
2024-07-17 08:00,Gurugram,28.4595,77.0266,37,31,0,1014.2,4.3,W
2024-07-17 09:00,Gurugram,28.4595,77.0266,42.2,26,0,1014.4,3.8,W
2024-07-17 10:00,Gurugram,28.4595,77.0266,43.9,29,0,1014.1,7.4,WNW
2024-07-17 11:00,Gurugram,28.4595,77.0266,44.9,19,0,1013.2,17.9,WNW
2024-07-17 12:00,Gurugram,28.4595,77.0266,43.8,16,0,1015.3,8.6,NW
2024-07-17 13:00,Gurugram,28.4595,77.0266,47,13,0,1012.7,22.3,W
2024-07-17 14:00,Gurugram,28.4595,77.0266,45.1,17,0,1015.6,9.5,ESE
2024-07-17 15:00,Gurugram,28.4595,77.0266,47,22,0,1014.8,3.5,SE
2024-07-17 16:00,Gurugram,28.4595,77.0266,47.8,26,0,1013.3,2.8,W
2024-07-17 17:00,Gurugram,28.4595,77.0266,47.8,14,0,1014.7,18,WNW
2024-07-17 18:00,Gurugram,28.4595,77.0266,45.6,34,0,1013.7,13.6,NW
2024-07-17 19:00,Gurugram,28.4595,77.0266,42.5,18,0,1015.8,5.6,E
2024-07-17 20:00,Gurugram,28.4595,77.0266,43.8,34,0,1013.4,3.3,WNW
2024-07-17 21:00,Gurugram,28.4595,77.0266,41,27,0,1015.1,5.2,W
2024-07-17 22:00,Gurugram,28.4595,77.0266,35.1,30,0,1012.6,14.5,NW
2024-07-17 23:00,Gurugram,28.4595,77.0266,39.1,35,0,1014.5,17.5,NW
2024-07-18 00:00,Gurugram,28.4595,77.0266,36.3,42,0,1014.7,3,NW
2024-07-18 01:00,Gurugram,28.4595,77.0266,37.5,48,0,1015.1,4.5,SE
2024-07-18 02:00,Gurugram,28.4595,77.0266,32.7,50,0,1015,25.4,W
2024-07-18 03:00,Gurugram,28.4595,77.0266,28.8,41,0,1014,14.7,W
2024-07-18 04:00,Gurugram,28.4595,77.0266,35.2,40,0,1012,4.3,SW
2024-07-18 05:00,Gurugram,28.4595,77.0266,35.9,39,0,1012.8,5.9,NW
2024-07-18 06:00,Gurugram,28.4595,77.0266,33.3,41,0,1011.9,21.5,NW
2024-07-18 07:00,Gurugram,28.4595,77.0266,36,38,0,1014,6.9,NW
2024-07-18 08:00,Gurugram,28.4595,77.0266,44.3,30,0,1015.7,7.5,WNW
2024-07-18 09:00,Gurugram,28.4595,77.0266,40.4,33,0,1013.5,7.3,E
2024-07-18 10:00,Gurugram,28.4595,77.0266,44,41,0,1013.9,7.4,E
2024-07-18 11:00,Gurugram,28.4595,77.0266,43.1,21,0,1013.7,15.4,W
2024-07-18 12:00,Gurugram,28.4595,77.0266,41.8,18,0,1014.7,11.3,W
2024-07-18 13:00,Gurugram,28.4595,77.0266,46.3,22,0,1014.6,15.2,E
2024-07-18 14:00,Gurugram,28.4595,77.0266,46.8,14,0,1013.9,6.1,W
2024-07-18 15:00,Gurugram,28.4595,77.0266,46.8,20,0,1013.2,1.5,NW
2024-07-18 16:00,Gurugram,28.4595,77.0266,47.1,13,0,1015.1,6.7,ESE
2024-07-18 17:00,Gurugram,28.4595,77.0266,47.1,29,0,1015.7,8.1,ESE
2024-07-18 18:00,Gurugram,28.4595,77.0266,45.3,23,0,1015.3,12.3,W
2024-07-18 19:00,Gurugram,28.4595,77.0266,42,20,0,1013,7.7,NW
2024-07-18 20:00,Gurugram,28.4595,77.0266,43.5,24,0,1011.6,4.6,WNW
2024-07-18 21:00,Gurugram,28.4595,77.0266,37.5,28,0,1014.1,2.6,WNW
2024-07-18 22:00,Gurugram,28.4595,77.0266,35.6,44,0,1016,32.6,NW
2024-07-18 23:00,Gurugram,28.4595,77.0266,39.1,31,0,1012,15.8,WNW
2024-07-19 00:00,Gurugram,28.4595,77.0266,37.3,38,0,1014.1,11.2,NW
2024-07-19 01:00,Gurugram,28.4595,77.0266,35.3,41,0,1016.5,10,WNW
2024-07-19 02:00,Gurugram,28.4595,77.0266,32.2,46,0,1015.8,6.7,NW
2024-07-19 03:00,Gurugram,28.4595,77.0266,33.2,45,0,1014.9,8.5,SW
2024-07-19 04:00,Gurugram,28.4595,77.0266,34.2,37,0,1013.2,4.9,NW
2024-07-19 05:00,Gurugram,28.4595,77.0266,32.5,42,0,1016.4,9.5,WNW
2024-07-19 06:00,Gurugram,28.4595,77.0266,35.1,41,0,1014.4,14.5,NW
2024-07-19 07:00,Gurugram,28.4595,77.0266,38.9,35,0,1011.9,8.2,NW
2024-07-19 08:00,Gurugram,28.4595,77.0266,41.9,39,0,1016.3,2,ESE
2024-07-19 09:00,Gurugram,28.4595,77.0266,40.2,37,0,1013.4,12.7,NW
2024-07-19 10:00,Gurugram,28.4595,77.0266,44,27,0,1018.4,11.1,W
2024-07-19 11:00,Gurugram,28.4595,77.0266,40.8,25,0,1014.4,16.4,NW
2024-07-19 12:00,Gurugram,28.4595,77.0266,46.8,12,0,1015.1,8.8,WNW
2024-07-19 13:00,Gurugram,28.4595,77.0266,45.2,16,0,1014.7,15.4,ESE
2024-07-19 14:00,Gurugram,28.4595,77.0266,47.8,23,0,1014.3,2.7,SW
2024-07-19 15:00,Gurugram,28.4595,77.0266,47,14,0,1015.6,4.6,WNW
2024-07-19 16:00,Gurugram,28.4595,77.0266,47.8,12,0,1014.8,7.6,SE
2024-07-19 17:00,Gurugram,28.4595,77.0266,45,32,0,1014.7,9.6,SE
2024-07-19 18:00,Gurugram,28.4595,77.0266,46.7,32,0,1013.4,16,NW
2024-07-19 19:00,Gurugram,28.4595,77.0266,43.7,27,0,1014.4,11.2,E
2024-07-19 20:00,Gurugram,28.4595,77.0266,42.4,34,0,1013.2,5,W
2024-07-19 21:00,Gurugram,28.4595,77.0266,40.7,18,0,1015.1,13.1,NW
2024-07-19 22:00,Gurugram,28.4595,77.0266,37.8,30,0,1015,5.9,SW
2024-07-19 23:00,Gurugram,28.4595,77.0266,37.7,36,0,1014.8,7.3,NW
2024-07-20 00:00,Gurugram,28.4595,77.0266,36.3,40,0,1016.3,13.6,WNW
2024-07-20 01:00,Gurugram,28.4595,77.0266,35.8,41,0,1015.8,5.6,WNW
2024-07-20 02:00,Gurugram,28.4595,77.0266,34.9,30,0,1017.4,13.3,W
2024-07-20 03:00,Gurugram,28.4595,77.0266,35.9,49,0,1016,2.9,W
2024-07-20 04:00,Gurugram,28.4595,77.0266,36.4,49,0,1015,5,NW
2024-07-20 05:00,Gurugram,28.4595,77.0266,33.5,54,0,1014.5,4.7,WNW
2024-07-20 06:00,Gurugram,28.4595,77.0266,38,37,0,1013.2,6.2,NW
2024-07-20 07:00,Gurugram,28.4595,77.0266,35.6,33,0,1016.5,6.1,NW
2024-07-20 08:00,Gurugram,28.4595,77.0266,40.4,19,0,1015.5,4.8,SE
2024-07-20 09:00,Gurugram,28.4595,77.0266,42.1,29,0,1014.3,8,ESE
2024-07-20 10:00,Gurugram,28.4595,77.0266,39.2,33,0,1015.2,2.5,WNW
2024-07-20 11:00,Gurugram,28.4595,77.0266,44.4,20,0,1015,2.4,NW
2024-07-20 12:00,Gurugram,28.4595,77.0266,44.8,33,0,1014.7,12,WNW
2024-07-20 13:00,Gurugram,28.4595,77.0266,45.3,17,0,1016,3.9,NW
2024-07-20 14:00,Gurugram,28.4595,77.0266,47.8,18,0,1013,6.8,SE
2024-07-20 15:00,Gurugram,28.4595,77.0266,46.3,12,0,1015.9,9.7,NW
2024-07-20 16:00,Gurugram,28.4595,77.0266,45.8,18,0,1016.4,23.6,WNW
2024-07-20 17:00,Gurugram,28.4595,77.0266,46.8,12,0,1013.5,9.3,W
2024-07-20 18:00,Gurugram,28.4595,77.0266,46.8,25,0,1012.5,17.9,Calm
2024-07-20 19:00,Gurugram,28.4595,77.0266,44,28,0,1015.4,11,NW
2024-07-20 20:00,Gurugram,28.4595,77.0266,44.8,35,0,1016,27.6,NW
2024-07-20 21:00,Gurugram,28.4595,77.0266,42,25,0,1013.8,16.8,Calm
2024-07-20 22:00,Gurugram,28.4595,77.0266,35.4,36,0,1013.2,9.6,WNW
2024-07-20 23:00,Gurugram,28.4595,77.0266,36.8,42,0,1012.6,13.4,ESE
2024-07-21 00:00,Gurugram,28.4595,77.0266,35.4,44,0,1016.4,7.9,SE
2024-07-21 01:00,Gurugram,28.4595,77.0266,36.2,39,0,1015,7.9,NW
2024-07-21 02:00,Gurugram,28.4595,77.0266,30,31,0,1016.7,26.8,NW
2024-07-21 03:00,Gurugram,28.4595,77.0266,39.1,48,0,1011.8,4,NW
2024-07-21 04:00,Gurugram,28.4595,77.0266,35.7,45,0,1015.2,9,ESE
2024-07-21 05:00,Gurugram,28.4595,77.0266,35.6,41,0,1016.4,11.7,SE
2024-07-21 06:00,Gurugram,28.4595,77.0266,38.5,46,0,1014,6.9,ESE
2024-07-21 07:00,Gurugram,28.4595,77.0266,42,38,0,1016,12.1,WNW
2024-07-21 08:00,Gurugram,28.4595,77.0266,40.9,27,0,1013.8,7.9,NW
2024-07-21 09:00,Gurugram,28.4595,77.0266,42.7,19,0,1014,13.3,WNW
2024-07-21 10:00,Gurugram,28.4595,77.0266,42.9,20,0,1015.2,4.2,SW
2024-07-21 11:00,Gurugram,28.4595,77.0266,44,38,0,1014.4,5.8,E
2024-07-21 12:00,Gurugram,28.4595,77.0266,44.7,25,0,1016.7,5.2,WNW
2024-07-21 13:00,Gurugram,28.4595,77.0266,45.1,19,0,1015.1,3.1,WNW
2024-07-21 14:00,Gurugram,28.4595,77.0266,46,15,0,1016.8,19.2,SE
2024-07-21 15:00,Gurugram,28.4595,77.0266,45.1,15,0,1015.9,6.5,WNW
2024-07-21 16:00,Gurugram,28.4595,77.0266,47.1,24,13.4,1014,16.2,W
2024-07-21 17:00,Gurugram,28.4595,77.0266,43.6,15,0,1015.4,6.8,WNW
2024-07-21 18:00,Gurugram,28.4595,77.0266,45.9,24,0,1014.1,9.8,NW
2024-07-21 19:00,Gurugram,28.4595,77.0266,44.2,21,0,1016.5,24.8,NW
2024-07-21 20:00,Gurugram,28.4595,77.0266,42.9,39,0,1016.8,16.3,NW
2024-07-21 21:00,Gurugram,28.4595,77.0266,40.1,36,0,1013,16.4,NW
2024-07-21 22:00,Gurugram,28.4595,77.0266,44.9,42,0,1015.8,7.8,NW
2024-07-21 23:00,Gurugram,28.4595,77.0266,40.2,35,0,1016.5,3.8,NW
2024-07-22 00:00,Gurugram,28.4595,77.0266,34.2,48,0,1016.4,4.7,NW
2024-07-22 01:00,Gurugram,28.4595,77.0266,35.8,42,0,1015.2,7.8,NW
2024-07-22 02:00,Gurugram,28.4595,77.0266,33.6,46,0,1018.6,21.5,WNW
2024-07-22 03:00,Gurugram,28.4595,77.0266,32.7,56,0,1015.6,12,WNW
2024-07-22 04:00,Gurugram,28.4595,77.0266,32.3,39,0,1013.6,17,SW
2024-07-22 05:00,Gurugram,28.4595,77.0266,36.1,45,0,1016.2,11.7,WNW
2024-07-22 06:00,Gurugram,28.4595,77.0266,35.2,44,0,1016.6,6.5,NW
2024-07-22 07:00,Gurugram,28.4595,77.0266,39.5,42,0,1016,6.5,WNW
2024-07-22 08:00,Gurugram,28.4595,77.0266,41.1,32,0,1015.6,11.5,SE
2024-07-22 09:00,Gurugram,28.4595,77.0266,43.5,43,0,1013.7,25.4,WNW
2024-07-22 10:00,Gurugram,28.4595,77.0266,41.1,19,0,1013.3,7.9,NW
2024-07-22 11:00,Gurugram,28.4595,77.0266,45.1,32,16.7,1014.2,9.6,SW
2024-07-22 12:00,Gurugram,28.4595,77.0266,46.7,28,0,1012.4,4.1,NW
2024-07-22 13:00,Gurugram,28.4595,77.0266,45.8,29,0,1017.2,13.4,Calm
2024-07-22 14:00,Gurugram,28.4595,77.0266,45.9,12,11.3,1015.4,7.7,SE
2024-07-22 15:00,Gurugram,28.4595,77.0266,47.8,12,0,1014.9,10.6,ESE
2024-07-22 16:00,Gurugram,28.4595,77.0266,47.7,25,0,1013.6,6.6,W
2024-07-22 17:00,Gurugram,28.4595,77.0266,47.8,12,0,1013.8,16.6,NW
2024-07-22 18:00,Gurugram,28.4595,77.0266,44.1,12,0,1015.4,14.7,ESE
2024-07-22 19:00,Gurugram,28.4595,77.0266,42.1,21,0,1015,4.4,WNW
2024-07-22 20:00,Gurugram,28.4595,77.0266,41.7,28,0,1015.5,3.8,WNW
2024-07-22 21:00,Gurugram,28.4595,77.0266,40.8,40,0,1013.7,8.5,NW
2024-07-22 22:00,Gurugram,28.4595,77.0266,37.4,34,0,1015.8,6,NW
2024-07-22 23:00,Gurugram,28.4595,77.0266,37.7,35,0,1016.9,11.6,W
2024-07-23 00:00,Gurugram,28.4595,77.0266,33.4,43,0,1015.2,13.8,WNW
2024-07-23 01:00,Gurugram,28.4595,77.0266,33.3,47,0,1016.5,28,WNW
2024-07-23 02:00,Gurugram,28.4595,77.0266,35.9,48,0,1015.4,8.3,WNW
2024-07-23 03:00,Gurugram,28.4595,77.0266,35.6,45,0,1015.1,3.3,ESE
2024-07-23 04:00,Gurugram,28.4595,77.0266,34,34,0,1016.1,6.7,WNW
2024-07-23 05:00,Gurugram,28.4595,77.0266,33.5,38,0,1015,3.2,WNW
2024-07-23 06:00,Gurugram,28.4595,77.0266,34.5,50,0,1014.8,5.7,ESE
2024-07-23 07:00,Gurugram,28.4595,77.0266,37.1,39,0,1016.9,10.6,SE
2024-07-23 08:00,Gurugram,28.4595,77.0266,40.5,33,0,1013.4,8.9,W
2024-07-23 09:00,Gurugram,28.4595,77.0266,42.7,38,0,1015.7,12.9,SW
2024-07-23 10:00,Gurugram,28.4595,77.0266,41.8,20,0,1014.3,6.8,WNW
2024-07-23 11:00,Gurugram,28.4595,77.0266,42.2,22,0,1017.7,2.8,NW
2024-07-23 12:00,Gurugram,28.4595,77.0266,46.1,21,0,1016.7,23.7,ESE
2024-07-23 13:00,Gurugram,28.4595,77.0266,45.1,15,0,1017.1,7.3,NW
2024-07-23 14:00,Gurugram,28.4595,77.0266,46.3,17,0,1015.8,1.5,E
2024-07-23 15:00,Gurugram,28.4595,77.0266,47.8,15,0,1016.3,10,WNW
2024-07-23 16:00,Gurugram,28.4595,77.0266,47.8,12,0,1015.8,11.3,ESE
2024-07-23 17:00,Gurugram,28.4595,77.0266,46.9,19,0,1014.9,2.6,W
2024-07-23 18:00,Gurugram,28.4595,77.0266,43.3,12,0,1017.7,8.4,NW
2024-07-23 19:00,Gurugram,28.4595,77.0266,44.6,24,0,1016.4,11.5,ESE
2024-07-23 20:00,Gurugram,28.4595,77.0266,44.6,35,0,1014.6,16.1,SE
2024-07-23 21:00,Gurugram,28.4595,77.0266,40.3,29,0,1013.7,17.6,Calm
2024-07-23 22:00,Gurugram,28.4595,77.0266,41.7,28,0,1014.4,12.6,WNW
2024-07-23 23:00,Gurugram,28.4595,77.0266,40.1,38,40.9,1015.6,15.7,WNW
2024-07-24 00:00,Gurugram,28.4595,77.0266,39.4,36,0,1015,16.1,E
2024-07-24 01:00,Gurugram,28.4595,77.0266,35.9,47,0,1016.9,11.1,NW
2024-07-24 02:00,Gurugram,28.4595,77.0266,35.8,44,0,1016.1,20.1,NW
2024-07-24 03:00,Gurugram,28.4595,77.0266,37,56,0,1015.5,19.1,NW
2024-07-24 04:00,Gurugram,28.4595,77.0266,35.5,52,0,1015.8,1.5,Calm
2024-07-24 05:00,Gurugram,28.4595,77.0266,34.4,43,0,1015.7,2.6,NW
2024-07-24 06:00,Gurugram,28.4595,77.0266,35.6,46,0,1015.5,11,ESE
2024-07-24 07:00,Gurugram,28.4595,77.0266,38.2,36,0,1016.3,8.8,WNW
2024-07-24 08:00,Gurugram,28.4595,77.0266,37,35,0,1015.2,4.9,NW
2024-07-24 09:00,Gurugram,28.4595,77.0266,40.7,29,0,1014.4,11,SW
2024-07-24 10:00,Gurugram,28.4595,77.0266,44.6,31,0,1016.7,19,WNW
2024-07-24 11:00,Gurugram,28.4595,77.0266,40.3,32,0,1014.9,6.8,W
2024-07-24 12:00,Gurugram,28.4595,77.0266,47.8,25,0,1017.3,7.9,NW
2024-07-24 13:00,Gurugram,28.4595,77.0266,47.8,23,0,1015.6,11.2,WNW
2024-07-24 14:00,Gurugram,28.4595,77.0266,46.4,22,6.9,1015.3,12.7,ESE
2024-07-24 15:00,Gurugram,28.4595,77.0266,47.8,19,0,1014.7,12,WNW
2024-07-24 16:00,Gurugram,28.4595,77.0266,47.3,12,0,1015.4,2.3,WNW
2024-07-24 17:00,Gurugram,28.4595,77.0266,47.8,28,0,1016.2,23.2,NW
2024-07-24 18:00,Gurugram,28.4595,77.0266,47.3,31,0,1014.9,13.3,E
2024-07-24 19:00,Gurugram,28.4595,77.0266,41.7,22,0,1016.7,33.5,ESE
2024-07-24 20:00,Gurugram,28.4595,77.0266,43.7,25,0,1014.5,13.2,ESE
2024-07-24 21:00,Gurugram,28.4595,77.0266,40.6,34,0,1016.9,6.1,NW
2024-07-24 22:00,Gurugram,28.4595,77.0266,39.4,38,0,1015.9,9.6,WNW
2024-07-24 23:00,Gurugram,28.4595,77.0266,36.4,37,0,1015.3,6.1,NW
2024-07-25 00:00,Gurugram,28.4595,77.0266,39.5,34,0,1016.5,16.3,NW
2024-07-25 01:00,Gurugram,28.4595,77.0266,37.2,45,0,1018,13.1,WNW
2024-07-25 02:00,Gurugram,28.4595,77.0266,33.3,48,0,1017.4,13.4,SW
2024-07-25 03:00,Gurugram,28.4595,77.0266,32.1,50,0,1016.5,3.2,Calm
2024-07-25 04:00,Gurugram,28.4595,77.0266,34,47,0,1017.2,23.1,W
2024-07-25 05:00,Gurugram,28.4595,77.0266,36.1,42,0,1015.5,14.1,WNW
2024-07-25 06:00,Gurugram,28.4595,77.0266,36.8,47,0,1015.3,1.5,WNW
2024-07-25 07:00,Gurugram,28.4595,77.0266,40,39,0,1016.9,9.7,NW
2024-07-25 08:00,Gurugram,28.4595,77.0266,40.7,32,0,1016.3,13.9,SE
2024-07-25 09:00,Gurugram,28.4595,77.0266,42.7,30,0,1015.7,10,ESE
2024-07-25 10:00,Gurugram,28.4595,77.0266,43.2,16,0,1017,20.1,W
2024-07-25 11:00,Gurugram,28.4595,77.0266,41.7,22,0,1016.1,6.3,SE
2024-07-25 12:00,Gurugram,28.4595,77.0266,45.2,24,0,1017.6,11.7,SW
2024-07-25 13:00,Gurugram,28.4595,77.0266,47.8,20,0,1013.5,5.9,WNW
2024-07-25 14:00,Gurugram,28.4595,77.0266,47.1,25,0,1015.4,6.9,WNW
2024-07-25 15:00,Gurugram,28.4595,77.0266,47.8,14,0,1017.2,1.5,Calm
2024-07-25 16:00,Gurugram,28.4595,77.0266,46.7,19,0,1018,9.7,W
2024-07-25 17:00,Gurugram,28.4595,77.0266,44.7,22,0,1017.6,7.3,E
2024-07-25 18:00,Gurugram,28.4595,77.0266,45.3,34,0,1015.3,12.8,NW
2024-07-25 19:00,Gurugram,28.4595,77.0266,44.8,24,0,1017.6,15.1,NW
2024-07-25 20:00,Gurugram,28.4595,77.0266,41.5,20,0,1013.9,3.1,WNW
2024-07-25 21:00,Gurugram,28.4595,77.0266,40.5,36,0,1014.9,5.9,NW
2024-07-25 22:00,Gurugram,28.4595,77.0266,37.6,46,0,1015.7,9,E
2024-07-25 23:00,Gurugram,28.4595,77.0266,39.7,36,0,1016.6,19.9,WNW
2024-07-26 00:00,Gurugram,28.4595,77.0266,35.8,46,0,1015.1,6.6,Calm
2024-07-26 01:00,Gurugram,28.4595,77.0266,37.9,51,0,1016.1,1.5,WNW
2024-07-26 02:00,Gurugram,28.4595,77.0266,37.4,51,0,1017.9,18.3,NW
2024-07-26 03:00,Gurugram,28.4595,77.0266,34.3,46,0,1014.9,12.1,NW
2024-07-26 04:00,Gurugram,28.4595,77.0266,32.8,41,0,1014.8,12.5,NW
2024-07-26 05:00,Gurugram,28.4595,77.0266,31.5,43,0,1015.3,17.6,W
2024-07-26 06:00,Gurugram,28.4595,77.0266,33.7,44,0,1019.2,10.8,NW
2024-07-26 07:00,Gurugram,28.4595,77.0266,35.2,43,0,1016.8,20.9,WNW
2024-07-26 08:00,Gurugram,28.4595,77.0266,41.7,36,0,1015.3,14.1,SE
2024-07-26 09:00,Gurugram,28.4595,77.0266,41.1,28,0,1017.4,13.1,NW
2024-07-26 10:00,Gurugram,28.4595,77.0266,43.3,30,0,1014.1,5,NW
2024-07-26 11:00,Gurugram,28.4595,77.0266,40.2,28,15.5,1016.1,4.1,W
2024-07-26 12:00,Gurugram,28.4595,77.0266,43.4,22,0,1016.5,19.1,ESE
2024-07-26 13:00,Gurugram,28.4595,77.0266,47.8,13,0,1017.6,3.9,SW
2024-07-26 14:00,Gurugram,28.4595,77.0266,47.7,15,0,1014.6,23.7,W
2024-07-26 15:00,Gurugram,28.4595,77.0266,47.2,21,0,1017.8,16.5,SW
2024-07-26 16:00,Gurugram,28.4595,77.0266,47.8,12,0,1017.5,7.7,NW
2024-07-26 17:00,Gurugram,28.4595,77.0266,47.8,12,0,1017.9,6.9,WNW
2024-07-26 18:00,Gurugram,28.4595,77.0266,45.1,29,0,1014.9,7.3,SE
2024-07-26 19:00,Gurugram,28.4595,77.0266,44.3,26,0,1018.4,4.5,SE
2024-07-26 20:00,Gurugram,28.4595,77.0266,43,30,0,1014,14.6,W
2024-07-26 21:00,Gurugram,28.4595,77.0266,45.2,24,6.4,1014.8,13.8,WNW
2024-07-26 22:00,Gurugram,28.4595,77.0266,35.5,39,0,1016.5,9.1,NW
2024-07-26 23:00,Gurugram,28.4595,77.0266,38.9,40,0,1015.8,4.1,NW
2024-07-27 00:00,Gurugram,28.4595,77.0266,36.1,32,0,1014.9,23,NW
2024-07-27 01:00,Gurugram,28.4595,77.0266,36.3,52,0,1019.4,4.4,NW
2024-07-27 02:00,Gurugram,28.4595,77.0266,33.4,46,0,1014.5,8,SE
2024-07-27 03:00,Gurugram,28.4595,77.0266,34.3,43,0,1014.4,6.6,NW
2024-07-27 04:00,Gurugram,28.4595,77.0266,35.9,43,0,1016.9,5,WNW
2024-07-27 05:00,Gurugram,28.4595,77.0266,40.9,31,0,1016.5,2.6,Calm
2024-07-27 06:00,Gurugram,28.4595,77.0266,37.8,45,0,1014.8,3.3,WNW
2024-07-27 07:00,Gurugram,28.4595,77.0266,36.1,40,0,1019.1,6,NW
2024-07-27 08:00,Gurugram,28.4595,77.0266,38.5,33,0,1016.7,9.7,ESE
2024-07-27 09:00,Gurugram,28.4595,77.0266,40.1,38,0,1015.8,19.3,SE
2024-07-27 10:00,Gurugram,28.4595,77.0266,39.4,18,0,1016.5,6.9,NW
2024-07-27 11:00,Gurugram,28.4595,77.0266,43.6,19,0,1014.6,6.1,SE
2024-07-27 12:00,Gurugram,28.4595,77.0266,46.8,15,0,1017.8,3.7,NW
2024-07-27 13:00,Gurugram,28.4595,77.0266,44.2,16,0,1016.8,6.3,ESE
2024-07-27 14:00,Gurugram,28.4595,77.0266,47.8,16,0,1016.2,9.1,NW
2024-07-27 15:00,Gurugram,28.4595,77.0266,47.8,18,0,1016.5,7.4,WNW
2024-07-27 16:00,Gurugram,28.4595,77.0266,45.9,14,0,1015.5,6.8,W
2024-07-27 17:00,Gurugram,28.4595,77.0266,46.3,12,0,1017.9,11.5,ESE
2024-07-27 18:00,Gurugram,28.4595,77.0266,47.8,30,0,1015.7,14.3,W
2024-07-27 19:00,Gurugram,28.4595,77.0266,45.5,37,0,1015.9,13.3,E
2024-07-27 20:00,Gurugram,28.4595,77.0266,42.6,27,0,1016.8,8.3,NW
2024-07-27 21:00,Gurugram,28.4595,77.0266,40.5,26,0,1014.1,15.6,W
2024-07-27 22:00,Gurugram,28.4595,77.0266,39.4,43,0,1017.2,8.3,NW
2024-07-27 23:00,Gurugram,28.4595,77.0266,36.7,29,0,1016.5,16.6,WNW
2024-07-28 00:00,Gurugram,28.4595,77.0266,32.5,39,0,1017.4,23.3,W
2024-07-28 01:00,Gurugram,28.4595,77.0266,38.9,39,25.2,1016.5,1.5,NW
2024-07-28 02:00,Gurugram,28.4595,77.0266,34.9,38,0,1015.8,10.9,NW
2024-07-28 03:00,Gurugram,28.4595,77.0266,35.1,44,0,1016.9,20,SE
2024-07-28 04:00,Gurugram,28.4595,77.0266,34.5,40,0,1018,11.1,NW
2024-07-28 05:00,Gurugram,28.4595,77.0266,33.9,43,0,1016.1,20.2,WNW
2024-07-28 06:00,Gurugram,28.4595,77.0266,35.9,41,0,1017.8,14.6,W
2024-07-28 07:00,Gurugram,28.4595,77.0266,34.7,34,0,1016.4,7,NW
2024-07-28 08:00,Gurugram,28.4595,77.0266,43.3,32,0,1016.2,15.2,NW
2024-07-28 09:00,Gurugram,28.4595,77.0266,38.6,29,0,1017.8,2.9,WNW
2024-07-28 10:00,Gurugram,28.4595,77.0266,40.7,31,0,1017.2,8,NW
2024-07-28 11:00,Gurugram,28.4595,77.0266,43.3,22,0,1015.1,9.8,SW
2024-07-28 12:00,Gurugram,28.4595,77.0266,47.8,25,0,1016.5,8.3,SW
2024-07-28 13:00,Gurugram,28.4595,77.0266,46.5,21,0,1015.4,4.1,WNW
2024-07-28 14:00,Gurugram,28.4595,77.0266,44.9,19,0,1017.4,10,NW
2024-07-28 15:00,Gurugram,28.4595,77.0266,47.8,24,0,1015.7,8.3,WNW
2024-07-28 16:00,Gurugram,28.4595,77.0266,47.8,12,0,1017,5,NW
2024-07-28 17:00,Gurugram,28.4595,77.0266,47.5,15,0,1017.4,23.7,WNW
2024-07-28 18:00,Gurugram,28.4595,77.0266,46.8,30,0,1017.4,6.1,NW
2024-07-28 19:00,Gurugram,28.4595,77.0266,47.8,21,0,1016.1,7.2,ESE
2024-07-28 20:00,Gurugram,28.4595,77.0266,46.5,12,0,1016.8,11.3,NW
2024-07-28 21:00,Gurugram,28.4595,77.0266,39.6,29,0,1015.9,7.6,W
2024-07-28 22:00,Gurugram,28.4595,77.0266,42.1,35,0,1016.3,9.4,NW
2024-07-28 23:00,Gurugram,28.4595,77.0266,38.3,22,0,1015.6,14.7,W
2024-07-29 00:00,Gurugram,28.4595,77.0266,37.1,49,1.9,1017.1,3,NW
2024-07-29 01:00,Gurugram,28.4595,77.0266,32.2,39,0,1017.6,20.2,SW
2024-07-29 02:00,Gurugram,28.4595,77.0266,34.2,47,0,1016,7.1,WNW
2024-07-29 03:00,Gurugram,28.4595,77.0266,32.9,44,0,1016,3.6,NW
2024-07-29 04:00,Gurugram,28.4595,77.0266,36,37,0,1018.9,7.8,WNW
2024-07-29 05:00,Gurugram,28.4595,77.0266,37.1,37,0,1016,8.8,NW
2024-07-29 06:00,Gurugram,28.4595,77.0266,32.5,35,0,1017.9,2.5,W
2024-07-29 07:00,Gurugram,28.4595,77.0266,37.5,44,0,1018.2,13.6,NW
2024-07-29 08:00,Gurugram,28.4595,77.0266,41.2,33,0,1017.4,4,WNW
2024-07-29 09:00,Gurugram,28.4595,77.0266,40.5,27,3.8,1017.4,11.2,NW
2024-07-29 10:00,Gurugram,28.4595,77.0266,43.8,21,0,1017.1,11.4,ESE
2024-07-29 11:00,Gurugram,28.4595,77.0266,44.7,30,0,1015.4,8.1,WNW
2024-07-29 12:00,Gurugram,28.4595,77.0266,46,28,0,1018.3,6.2,SE
2024-07-29 13:00,Gurugram,28.4595,77.0266,46,24,0,1016.5,16.1,SW
2024-07-29 14:00,Gurugram,28.4595,77.0266,44.9,19,0,1018,7.1,Calm
2024-07-29 15:00,Gurugram,28.4595,77.0266,45.3,17,0,1017,8.8,NW
2024-07-29 16:00,Gurugram,28.4595,77.0266,47.8,12,0,1017.6,6.3,ESE
2024-07-29 17:00,Gurugram,28.4595,77.0266,46.5,16,0,1017.3,6.9,WNW
2024-07-29 18:00,Gurugram,28.4595,77.0266,45.2,16,0,1016.4,5.3,WNW
2024-07-29 19:00,Gurugram,28.4595,77.0266,43.3,12,0,1018,8.6,E
2024-07-29 20:00,Gurugram,28.4595,77.0266,42,33,0,1015.4,9.1,NW
2024-07-29 21:00,Gurugram,28.4595,77.0266,42.7,26,0,1018.5,6.9,WNW
2024-07-29 22:00,Gurugram,28.4595,77.0266,38.5,41,0,1018.3,6.2,W
2024-07-29 23:00,Gurugram,28.4595,77.0266,35.2,43,0,1016.7,19,NW
2024-07-30 00:00,Gurugram,28.4595,77.0266,37.5,44,0,1017.5,10.1,E
2024-07-30 01:00,Gurugram,28.4595,77.0266,34.8,47,0,1016.9,16.9,NW
2024-07-30 02:00,Gurugram,28.4595,77.0266,34.6,41,0,1016.3,10.4,W
2024-07-30 03:00,Gurugram,28.4595,77.0266,37.2,56,0,1017.1,5.3,SW
2024-07-30 04:00,Gurugram,28.4595,77.0266,34.5,45,0,1017.6,9.5,ESE
2024-07-30 05:00,Gurugram,28.4595,77.0266,35.7,45,0,1018.8,11.7,E
2024-07-30 06:00,Gurugram,28.4595,77.0266,34.1,37,0,1017,4.6,NW
2024-07-30 07:00,Gurugram,28.4595,77.0266,37.1,32,0,1017.3,3.9,WNW
2024-07-30 08:00,Gurugram,28.4595,77.0266,40.2,37,0,1018.8,8.4,W
2024-07-30 09:00,Gurugram,28.4595,77.0266,38,32,0,1017.9,3.8,ESE
2024-07-30 10:00,Gurugram,28.4595,77.0266,42.8,22,0,1015.6,1.5,NW
2024-07-30 11:00,Gurugram,28.4595,77.0266,44.2,14,0,1017.2,10.5,W
2024-07-30 12:00,Gurugram,28.4595,77.0266,45.5,12,0,1018.3,3.5,NW
2024-07-30 13:00,Gurugram,28.4595,77.0266,47.8,24,0,1020.2,8.8,NW
2024-07-30 14:00,Gurugram,28.4595,77.0266,47.7,12,0,1017.5,6.8,WNW
2024-07-30 15:00,Gurugram,28.4595,77.0266,47.8,13,0,1014.7,4.8,W
2024-07-30 16:00,Gurugram,28.4595,77.0266,45.3,24,0,1015.1,15.5,Calm
2024-07-30 17:00,Gurugram,28.4595,77.0266,46.7,12,0,1016.4,12.2,ESE
2024-07-30 18:00,Gurugram,28.4595,77.0266,45.5,15,29.1,1016.1,14.5,W
2024-07-30 19:00,Gurugram,28.4595,77.0266,42.1,18,0,1018.2,19.8,NW
2024-07-30 20:00,Gurugram,28.4595,77.0266,44.2,36,0,1019.5,13,NW
2024-07-30 21:00,Gurugram,28.4595,77.0266,45,42,0,1018.2,6.6,W
2024-07-30 22:00,Gurugram,28.4595,77.0266,39.1,39,0,1018.3,5.3,NW
2024-07-30 23:00,Gurugram,28.4595,77.0266,38.5,42,0,1018,5.6,ESE
2024-07-31 00:00,Gurugram,28.4595,77.0266,36.3,37,0,1017.9,18.4,NW
2024-07-31 01:00,Gurugram,28.4595,77.0266,33.8,55,3.6,1016.6,4.7,WNW
2024-07-31 02:00,Gurugram,28.4595,77.0266,31.2,46,0,1018.4,4.1,SE
2024-07-31 03:00,Gurugram,28.4595,77.0266,33,50,0,1017,11.4,SE
2024-07-31 04:00,Gurugram,28.4595,77.0266,32,44,0,1018.5,6.7,WNW
2024-07-31 05:00,Gurugram,28.4595,77.0266,38.2,42,0,1018,5.4,NW
2024-07-31 06:00,Gurugram,28.4595,77.0266,35.9,51,0,1017.5,7.7,Calm
2024-07-31 07:00,Gurugram,28.4595,77.0266,36.9,41,0,1016.6,5.1,ESE
2024-07-31 08:00,Gurugram,28.4595,77.0266,40.7,43,0,1017.4,26.3,SE
2024-07-31 09:00,Gurugram,28.4595,77.0266,38.7,32,0,1016.8,15.4,NW
2024-07-31 10:00,Gurugram,28.4595,77.0266,41,21,0,1015.4,17.9,WNW
2024-07-31 11:00,Gurugram,28.4595,77.0266,44.1,19,0,1016.2,14.8,NW
2024-07-31 12:00,Gurugram,28.4595,77.0266,47.2,20,0,1017.8,9.2,NW
2024-07-31 13:00,Gurugram,28.4595,77.0266,47.3,13,0,1014.4,23.1,NW
2024-07-31 14:00,Gurugram,28.4595,77.0266,47.5,12,0,1020.3,8.1,NW
2024-07-31 15:00,Gurugram,28.4595,77.0266,47.4,22,0,1016.9,8.5,Calm
2024-07-31 16:00,Gurugram,28.4595,77.0266,47.7,12,0,1018.5,20.2,WNW
2024-07-31 17:00,Gurugram,28.4595,77.0266,46.7,18,0,1014.9,19.2,ESE
2024-07-31 18:00,Gurugram,28.4595,77.0266,43.5,21,0,1016.3,5.7,SW
2024-07-31 19:00,Gurugram,28.4595,77.0266,44.1,19,0,1018.8,18.7,NW
2024-07-31 20:00,Gurugram,28.4595,77.0266,40.5,35,0,1018,12,NW
2024-07-31 21:00,Gurugram,28.4595,77.0266,40.9,23,0,1017,5,NW
2024-07-31 22:00,Gurugram,28.4595,77.0266,38.2,36,0,1019.9,4,E
2024-07-31 23:00,Gurugram,28.4595,77.0266,42.1,39,0,1015.8,4.6,W
2024-08-01 00:00,Gurugram,28.4595,77.0266,36,40,0,1019,14.9,WNW
2024-08-01 01:00,Gurugram,28.4595,77.0266,32.5,35,0,1017.2,5.7,SE
2024-08-01 02:00,Gurugram,28.4595,77.0266,34.2,50,0,1016.7,10.8,NW
2024-08-01 03:00,Gurugram,28.4595,77.0266,35.1,50,0,1015.4,11.3,NW
2024-08-01 04:00,Gurugram,28.4595,77.0266,37.4,41,0,1015.5,6,W
2024-08-01 05:00,Gurugram,28.4595,77.0266,34,47,0,1017.9,9.2,SE
2024-08-01 06:00,Gurugram,28.4595,77.0266,33.3,43,0,1017.8,4.8,NW
2024-08-01 07:00,Gurugram,28.4595,77.0266,38.9,30,0,1016.8,8.1,NW
2024-08-01 08:00,Gurugram,28.4595,77.0266,36.5,29,0,1017.5,6.8,WNW
2024-08-01 09:00,Gurugram,28.4595,77.0266,39.9,37,0,1017.5,12.6,NW
2024-08-01 10:00,Gurugram,28.4595,77.0266,41.9,28,0,1017.2,16.7,ESE
2024-08-01 11:00,Gurugram,28.4595,77.0266,43.8,19,17.7,1016.5,3,W
2024-08-01 12:00,Gurugram,28.4595,77.0266,46.5,14,0,1018.4,4.3,WNW
2024-08-01 13:00,Gurugram,28.4595,77.0266,45.1,14,0,1019.2,16,E
2024-08-01 14:00,Gurugram,28.4595,77.0266,46.5,13,0,1018.2,6.4,ESE
2024-08-01 15:00,Gurugram,28.4595,77.0266,47.2,12,0,1018.2,21.8,NW
2024-08-01 16:00,Gurugram,28.4595,77.0266,47.2,12,0,1018.6,18,WNW
2024-08-01 17:00,Gurugram,28.4595,77.0266,46.5,24,0,1017.4,4.6,WNW
2024-08-01 18:00,Gurugram,28.4595,77.0266,46.1,25,0,1017,11.4,SE
2024-08-01 19:00,Gurugram,28.4595,77.0266,45.5,15,0,1015.3,8.5,ESE
2024-08-01 20:00,Gurugram,28.4595,77.0266,43.1,27,0,1017.1,2.3,WNW
2024-08-01 21:00,Gurugram,28.4595,77.0266,41.5,25,0,1017,4.8,SE
2024-08-01 22:00,Gurugram,28.4595,77.0266,36.2,32,0,1016.5,7,WNW
2024-08-01 23:00,Gurugram,28.4595,77.0266,37.5,36,0,1018,2,SE
2024-08-02 00:00,Gurugram,28.4595,77.0266,36.9,38,0,1017.7,4.4,NW
2024-08-02 01:00,Gurugram,28.4595,77.0266,36.3,55,0,1018.5,10.8,NW
2024-08-02 02:00,Gurugram,28.4595,77.0266,33.1,42,0,1016.6,5,ESE
2024-08-02 03:00,Gurugram,28.4595,77.0266,33,40,0,1016.1,9.6,NW
2024-08-02 04:00,Gurugram,28.4595,77.0266,33.3,40,0,1018.8,8.2,ESE
2024-08-02 05:00,Gurugram,28.4595,77.0266,36,49,0,1018.9,3.9,ESE
2024-08-02 06:00,Gurugram,28.4595,77.0266,37.9,31,0,1016.9,16,W
2024-08-02 07:00,Gurugram,28.4595,77.0266,36.7,33,63.3,1017.5,1.8,SE
2024-08-02 08:00,Gurugram,28.4595,77.0266,40.6,43,0,1018.3,16,WNW
2024-08-02 09:00,Gurugram,28.4595,77.0266,40.9,32,0,1018.7,5.8,E
2024-08-02 10:00,Gurugram,28.4595,77.0266,42.1,27,0,1015.8,6.2,W
2024-08-02 11:00,Gurugram,28.4595,77.0266,43.5,35,0,1019.1,9.2,WNW
2024-08-02 12:00,Gurugram,28.4595,77.0266,46.6,21,0,1016.4,9.3,WNW
2024-08-02 13:00,Gurugram,28.4595,77.0266,46.9,13,0,1016.3,10.7,SW
2024-08-02 14:00,Gurugram,28.4595,77.0266,47.8,14,0,1017.5,12.1,NW
2024-08-02 15:00,Gurugram,28.4595,77.0266,45.6,12,0,1017.4,10.2,ESE
2024-08-02 16:00,Gurugram,28.4595,77.0266,47.8,23,0,1018,11.1,NW
2024-08-02 17:00,Gurugram,28.4595,77.0266,45.3,21,0,1018.1,20.6,NW
2024-08-02 18:00,Gurugram,28.4595,77.0266,43.7,26,0,1020,2.4,Calm
2024-08-02 19:00,Gurugram,28.4595,77.0266,43.9,30,0,1016.9,7.2,NW
2024-08-02 20:00,Gurugram,28.4595,77.0266,42.6,24,0,1019.2,9.1,ESE
2024-08-02 21:00,Gurugram,28.4595,77.0266,45.9,24,0,1016.2,2.2,WNW
2024-08-02 22:00,Gurugram,28.4595,77.0266,38.6,34,0,1016.5,2.9,SE
2024-08-02 23:00,Gurugram,28.4595,77.0266,35.4,32,13.3,1016.8,2.8,SE
2024-08-03 00:00,Gurugram,28.4595,77.0266,36.5,42,0,1015.9,4.5,NW
2024-08-03 01:00,Gurugram,28.4595,77.0266,31.2,50,0,1018.7,12,WNW
2024-08-03 02:00,Gurugram,28.4595,77.0266,34.1,44,0,1019.7,3.9,NW
2024-08-03 03:00,Gurugram,28.4595,77.0266,34.1,46,0,1019.3,5.5,WNW
2024-08-03 04:00,Gurugram,28.4595,77.0266,35.7,44,0,1016.3,9,ESE
2024-08-03 05:00,Gurugram,28.4595,77.0266,36.7,48,0,1020.9,7.2,NW
2024-08-03 06:00,Gurugram,28.4595,77.0266,35.1,37,0,1018.3,7.9,SE
2024-08-03 07:00,Gurugram,28.4595,77.0266,37.1,24,0,1020,15.1,NW
2024-08-03 08:00,Gurugram,28.4595,77.0266,37.5,37,0,1018,12,NW
2024-08-03 09:00,Gurugram,28.4595,77.0266,38.5,36,0,1018,19.2,NW
2024-08-03 10:00,Gurugram,28.4595,77.0266,42.8,29,0,1017.7,3.6,NW
2024-08-03 11:00,Gurugram,28.4595,77.0266,41.5,19,0,1020.7,13.4,WNW
2024-08-03 12:00,Gurugram,28.4595,77.0266,44.4,13,0,1019.9,2.9,NW
2024-08-03 13:00,Gurugram,28.4595,77.0266,44.4,20,0,1018.1,2.1,Calm
2024-08-03 14:00,Gurugram,28.4595,77.0266,47.8,16,0,1017.8,12.1,Calm
2024-08-03 15:00,Gurugram,28.4595,77.0266,47.8,14,0,1019.1,11.6,WNW
2024-08-03 16:00,Gurugram,28.4595,77.0266,44.5,27,0,1016,4.8,W
2024-08-03 17:00,Gurugram,28.4595,77.0266,42.9,12,3.7,1015.6,4.3,SW
2024-08-03 18:00,Gurugram,28.4595,77.0266,44.9,30,0,1016.9,11.3,ESE
2024-08-03 19:00,Gurugram,28.4595,77.0266,43.9,23,0,1018.6,3.4,NW
2024-08-03 20:00,Gurugram,28.4595,77.0266,42.7,15,0,1019.5,3.8,SE
2024-08-03 21:00,Gurugram,28.4595,77.0266,39.8,29,0,1016.7,8.6,NW
2024-08-03 22:00,Gurugram,28.4595,77.0266,38.5,40,7,1020,19.6,WNW
2024-08-03 23:00,Gurugram,28.4595,77.0266,38,35,31.2,1017.5,9,W
2024-08-04 00:00,Gurugram,28.4595,77.0266,37.8,32,0,1018.9,5.6,ESE
2024-08-04 01:00,Gurugram,28.4595,77.0266,31.4,42,0,1017.8,12.2,NW
2024-08-04 02:00,Gurugram,28.4595,77.0266,33.6,39,0,1018.3,22,NW
2024-08-04 03:00,Gurugram,28.4595,77.0266,34.4,48,0,1020.6,12.2,E
2024-08-04 04:00,Gurugram,28.4595,77.0266,32.6,49,0,1017.8,5.6,SE
2024-08-04 05:00,Gurugram,28.4595,77.0266,38,37,0,1017.3,4.5,W
2024-08-04 06:00,Gurugram,28.4595,77.0266,34.8,36,0,1019.2,29.9,W
2024-08-04 07:00,Gurugram,28.4595,77.0266,37.2,42,0,1019.6,6.5,ESE
2024-08-04 08:00,Gurugram,28.4595,77.0266,39.8,29,0,1016.6,10.3,WNW
2024-08-04 09:00,Gurugram,28.4595,77.0266,39.4,24,0,1018.9,15.7,NW
2024-08-04 10:00,Gurugram,28.4595,77.0266,38.9,19,0,1019.1,6.5,WNW
2024-08-04 11:00,Gurugram,28.4595,77.0266,43,25,0,1020.5,7.2,Calm
2024-08-04 12:00,Gurugram,28.4595,77.0266,47,21,0,1017.9,23,SE
2024-08-04 13:00,Gurugram,28.4595,77.0266,45.5,13,0,1020,9.1,WNW
2024-08-04 14:00,Gurugram,28.4595,77.0266,45.3,16,0,1018.6,14.4,NW
2024-08-04 15:00,Gurugram,28.4595,77.0266,47.8,24,0,1018.1,17,E
2024-08-04 16:00,Gurugram,28.4595,77.0266,46.2,12,0,1017.5,12.5,W
2024-08-04 17:00,Gurugram,28.4595,77.0266,45.2,12,0,1019,6,WNW
2024-08-04 18:00,Gurugram,28.4595,77.0266,45.4,22,7.8,1017,5.1,NW
2024-08-04 19:00,Gurugram,28.4595,77.0266,45.2,22,0,1017.1,21,ESE
2024-08-04 20:00,Gurugram,28.4595,77.0266,46.5,22,0,1019.2,7.6,NW
2024-08-04 21:00,Gurugram,28.4595,77.0266,42,34,0,1020.6,2.8,W
2024-08-04 22:00,Gurugram,28.4595,77.0266,40.9,39,0,1016.7,34.5,W
2024-08-04 23:00,Gurugram,28.4595,77.0266,36.4,24,0,1017.5,13.4,ESE
2024-08-05 00:00,Gurugram,28.4595,77.0266,34,37,0,1019,5.9,W
2024-08-05 01:00,Gurugram,28.4595,77.0266,34.9,57,0,1018,8.6,W
2024-08-05 02:00,Gurugram,28.4595,77.0266,34.4,48,0,1016.4,4.2,NW
2024-08-05 03:00,Gurugram,28.4595,77.0266,32,49,0,1017.6,5.8,W
2024-08-05 04:00,Gurugram,28.4595,77.0266,33.8,52,0,1019.2,3.2,NW
2024-08-05 05:00,Gurugram,28.4595,77.0266,35.5,43,0,1018.3,1.5,WNW
2024-08-05 06:00,Gurugram,28.4595,77.0266,36.5,45,0,1019.1,9.3,WNW
2024-08-05 07:00,Gurugram,28.4595,77.0266,38.1,42,0,1017,15,ESE
2024-08-05 08:00,Gurugram,28.4595,77.0266,39.3,37,0,1019.1,21.9,ESE
2024-08-05 09:00,Gurugram,28.4595,77.0266,39.5,28,0,1016.1,21.3,ESE
2024-08-05 10:00,Gurugram,28.4595,77.0266,41.2,27,0,1019.6,12.6,NW
2024-08-05 11:00,Gurugram,28.4595,77.0266,41.5,19,23.1,1020.3,11.6,WNW
2024-08-05 12:00,Gurugram,28.4595,77.0266,47.8,19,0,1017,17.3,NW
2024-08-05 13:00,Gurugram,28.4595,77.0266,46.1,12,0,1018,3.7,WNW
2024-08-05 14:00,Gurugram,28.4595,77.0266,46.3,12,0,1016.9,3.7,W
2024-08-05 15:00,Gurugram,28.4595,77.0266,45.3,13,0,1018.8,6.5,NW
2024-08-05 16:00,Gurugram,28.4595,77.0266,47.8,12,0,1018.8,6.3,WNW
2024-08-05 17:00,Gurugram,28.4595,77.0266,44.1,14,0,1017.1,6.2,E
2024-08-05 18:00,Gurugram,28.4595,77.0266,44.3,18,0,1018,7.7,ESE
2024-08-05 19:00,Gurugram,28.4595,77.0266,44.4,25,0,1020,9,ESE
2024-08-05 20:00,Gurugram,28.4595,77.0266,43.2,32,0,1019.3,11.3,SE
2024-08-05 21:00,Gurugram,28.4595,77.0266,42.2,27,0,1018.9,9.4,WNW
2024-08-05 22:00,Gurugram,28.4595,77.0266,42,42,0,1020,6.1,ESE
2024-08-05 23:00,Gurugram,28.4595,77.0266,38.1,43,0,1020.8,5,NW
2024-08-06 00:00,Gurugram,28.4595,77.0266,33.9,44,0,1019.1,10.6,NW
2024-08-06 01:00,Gurugram,28.4595,77.0266,34.3,44,0,1019.3,18.7,WNW
2024-08-06 02:00,Gurugram,28.4595,77.0266,34.6,46,0,1018.6,7.9,NW
2024-08-06 03:00,Gurugram,28.4595,77.0266,37.6,52,0,1019.1,6.5,WNW
2024-08-06 04:00,Gurugram,28.4595,77.0266,31.6,52,0,1018,8,NW
2024-08-06 05:00,Gurugram,28.4595,77.0266,36.9,51,0,1016.9,10.7,Calm
2024-08-06 06:00,Gurugram,28.4595,77.0266,36.1,41,0,1019.9,4.9,E
2024-08-06 07:00,Gurugram,28.4595,77.0266,38.6,41,0,1019.7,3.4,Calm
2024-08-06 08:00,Gurugram,28.4595,77.0266,38.5,42,0,1019,4.9,SE
2024-08-06 09:00,Gurugram,28.4595,77.0266,38.9,26,0,1019,8.2,Calm
2024-08-06 10:00,Gurugram,28.4595,77.0266,43.4,24,0,1018.1,5.9,WNW
2024-08-06 11:00,Gurugram,28.4595,77.0266,44.8,23,0,1020.3,5,WNW
2024-08-06 12:00,Gurugram,28.4595,77.0266,46.7,25,0,1017.4,6.9,NW
2024-08-06 13:00,Gurugram,28.4595,77.0266,46,23,0,1020.6,18.9,W
2024-08-06 14:00,Gurugram,28.4595,77.0266,45.6,14,27,1019.6,7.5,SE
2024-08-06 15:00,Gurugram,28.4595,77.0266,44.1,12,0,1019.2,4.2,WNW
2024-08-06 16:00,Gurugram,28.4595,77.0266,47.8,17,0,1019.3,18.5,NW
2024-08-06 17:00,Gurugram,28.4595,77.0266,46.8,12,0,1020.1,14.7,WNW
2024-08-06 18:00,Gurugram,28.4595,77.0266,43.2,12,0,1018.2,9.7,NW
2024-08-06 19:00,Gurugram,28.4595,77.0266,42.6,15,0,1019.8,18.5,ESE
2024-08-06 20:00,Gurugram,28.4595,77.0266,41.2,28,0,1018.4,11.2,WNW
2024-08-06 21:00,Gurugram,28.4595,77.0266,37.7,38,0,1019.4,11.3,E
2024-08-06 22:00,Gurugram,28.4595,77.0266,37.2,34,12.5,1017,8.4,SW
2024-08-06 23:00,Gurugram,28.4595,77.0266,35.1,39,27.5,1018.1,17.3,NW
2024-08-07 00:00,Gurugram,28.4595,77.0266,35,48,0,1021.2,3.7,Calm
2024-08-07 01:00,Gurugram,28.4595,77.0266,33.3,34,0,1020.7,14.8,Calm
2024-08-07 02:00,Gurugram,28.4595,77.0266,31.1,48,0,1021.1,33.7,W
2024-08-07 03:00,Gurugram,28.4595,77.0266,37.4,45,0,1020.5,17.2,SE
2024-08-07 04:00,Gurugram,28.4595,77.0266,36.3,48,0,1018.4,13.8,NW
2024-08-07 05:00,Gurugram,28.4595,77.0266,33.3,40,6.9,1018.5,5.5,Calm
2024-08-07 06:00,Gurugram,28.4595,77.0266,36.2,36,0,1020.3,25.3,WNW
2024-08-07 07:00,Gurugram,28.4595,77.0266,37.8,38,0,1020.4,5.2,SW
2024-08-07 08:00,Gurugram,28.4595,77.0266,40.8,44,0,1020.8,9.2,WNW
2024-08-07 09:00,Gurugram,28.4595,77.0266,38.8,35,0,1019.4,9.5,SE
2024-08-07 10:00,Gurugram,28.4595,77.0266,43.9,23,0,1019,1.5,WNW
2024-08-07 11:00,Gurugram,28.4595,77.0266,42.6,14,0,1020.6,11.1,WNW
2024-08-07 12:00,Gurugram,28.4595,77.0266,42.5,12,0,1017.3,5.6,SW
2024-08-07 13:00,Gurugram,28.4595,77.0266,47.2,25,0,1018.9,1.5,ESE
2024-08-07 14:00,Gurugram,28.4595,77.0266,47.8,12,0,1018.8,14.9,SE
2024-08-07 15:00,Gurugram,28.4595,77.0266,47.8,13,0,1018.8,8.3,W
2024-08-07 16:00,Gurugram,28.4595,77.0266,44.4,23,0,1020.7,3.4,SW
2024-08-07 17:00,Gurugram,28.4595,77.0266,47.2,12,0,1019.9,14.9,ESE
2024-08-07 18:00,Gurugram,28.4595,77.0266,44.1,28,0,1019.3,4.8,NW
2024-08-07 19:00,Gurugram,28.4595,77.0266,45,21,0,1017.3,5.2,ESE
2024-08-07 20:00,Gurugram,28.4595,77.0266,39.3,19,0,1017.8,12.3,NW
2024-08-07 21:00,Gurugram,28.4595,77.0266,38,29,0,1020.1,2.4,SE
2024-08-07 22:00,Gurugram,28.4595,77.0266,37.2,30,0,1019.4,9.2,WNW
2024-08-07 23:00,Gurugram,28.4595,77.0266,37.2,40,0,1020.6,12.7,W
2024-08-08 00:00,Gurugram,28.4595,77.0266,34.5,37,0,1018.5,3.9,ESE
2024-08-08 01:00,Gurugram,28.4595,77.0266,35.8,32,0,1019.4,5.4,W
2024-08-08 02:00,Gurugram,28.4595,77.0266,35.8,43,0,1019.2,10.6,ESE
2024-08-08 03:00,Gurugram,28.4595,77.0266,34.8,37,0,1020.4,15.9,E
2024-08-08 04:00,Gurugram,28.4595,77.0266,36.8,46,0,1021.8,24.1,WNW
2024-08-08 05:00,Gurugram,28.4595,77.0266,35.3,36,0,1018.7,18.8,W
2024-08-08 06:00,Gurugram,28.4595,77.0266,33.4,38,0,1016.9,16.6,NW
2024-08-08 07:00,Gurugram,28.4595,77.0266,39.4,39,0,1019.9,12,WNW
2024-08-08 08:00,Gurugram,28.4595,77.0266,37.4,33,0,1019.8,5.2,NW
2024-08-08 09:00,Gurugram,28.4595,77.0266,41.8,32,0,1017.2,14.4,W
2024-08-08 10:00,Gurugram,28.4595,77.0266,44.7,30,0,1018.2,7.8,WNW
2024-08-08 11:00,Gurugram,28.4595,77.0266,44.3,16,0,1018.8,4.3,E
2024-08-08 12:00,Gurugram,28.4595,77.0266,42.1,19,0,1020.7,9.3,WNW
2024-08-08 13:00,Gurugram,28.4595,77.0266,44.2,12,0,1018.1,19.1,NW
2024-08-08 14:00,Gurugram,28.4595,77.0266,47.8,17,0,1019,3.9,WNW
2024-08-08 15:00,Gurugram,28.4595,77.0266,46.4,13,13.1,1017,35.6,NW
2024-08-08 16:00,Gurugram,28.4595,77.0266,46.6,12,0,1019.9,7.7,NW
2024-08-08 17:00,Gurugram,28.4595,77.0266,47.2,19,0,1017.9,4.7,SE
2024-08-08 18:00,Gurugram,28.4595,77.0266,46.1,26,0,1022,6.9,WNW
2024-08-08 19:00,Gurugram,28.4595,77.0266,44,20,0,1018.3,25.2,NW
2024-08-08 20:00,Gurugram,28.4595,77.0266,41.5,20,0,1020.5,6.2,NW
2024-08-08 21:00,Gurugram,28.4595,77.0266,39.6,31,0,1020,4.5,WNW
2024-08-08 22:00,Gurugram,28.4595,77.0266,40.1,26,0,1018.3,14.8,ESE
2024-08-08 23:00,Gurugram,28.4595,77.0266,38,34,0,1020.7,15.7,WNW
2024-08-09 00:00,Gurugram,28.4595,77.0266,35.1,48,0,1017.2,2.1,NW
2024-08-09 01:00,Gurugram,28.4595,77.0266,36.4,43,0,1019.5,18.2,WNW
2024-08-09 02:00,Gurugram,28.4595,77.0266,33.6,33,0,1020.4,9.7,Calm
2024-08-09 03:00,Gurugram,28.4595,77.0266,32.1,34,0,1019.3,8.1,WNW
2024-08-09 04:00,Gurugram,28.4595,77.0266,32.5,45,0,1018.2,6.2,NW
2024-08-09 05:00,Gurugram,28.4595,77.0266,32.7,48,0,1021.5,5.8,W
2024-08-09 06:00,Gurugram,28.4595,77.0266,35,31,0,1019.4,10.5,SE
2024-08-09 07:00,Gurugram,28.4595,77.0266,39.1,40,0,1018.9,5.2,NW
2024-08-09 08:00,Gurugram,28.4595,77.0266,37,42,0,1018.3,17.9,W
2024-08-09 09:00,Gurugram,28.4595,77.0266,40.5,41,0,1019.7,41.2,SE
2024-08-09 10:00,Gurugram,28.4595,77.0266,40.6,28,0,1019.3,8.6,NW
2024-08-09 11:00,Gurugram,28.4595,77.0266,42.9,26,0,1019.2,26.4,SW
2024-08-09 12:00,Gurugram,28.4595,77.0266,42,12,0,1021.6,10.7,W
2024-08-09 13:00,Gurugram,28.4595,77.0266,45.4,30,0,1021.5,8.8,WNW
2024-08-09 14:00,Gurugram,28.4595,77.0266,46,12,0,1019.9,12.4,Calm
2024-08-09 15:00,Gurugram,28.4595,77.0266,47.6,12,0,1020.4,10.6,NW
2024-08-09 16:00,Gurugram,28.4595,77.0266,46.8,14,0,1017.8,12.9,ESE
2024-08-09 17:00,Gurugram,28.4595,77.0266,43.6,26,0,1019.7,12.9,SE
2024-08-09 18:00,Gurugram,28.4595,77.0266,46.7,33,0,1019.9,6.7,WNW
2024-08-09 19:00,Gurugram,28.4595,77.0266,43.7,23,0,1019.3,10.1,NW
2024-08-09 20:00,Gurugram,28.4595,77.0266,42.2,32,0,1019.1,12.9,W
2024-08-09 21:00,Gurugram,28.4595,77.0266,40.1,30,0,1018.6,14.5,NW
2024-08-09 22:00,Gurugram,28.4595,77.0266,37.5,28,0,1019.6,4.4,W
2024-08-09 23:00,Gurugram,28.4595,77.0266,37.3,46,0,1021,7.4,ESE
2024-08-10 00:00,Gurugram,28.4595,77.0266,36.3,37,0,1021.4,6.9,W
2024-08-10 01:00,Gurugram,28.4595,77.0266,31.3,52,0,1019.8,3.1,W
2024-08-10 02:00,Gurugram,28.4595,77.0266,32.8,52,0,1021.1,10.3,NW
2024-08-10 03:00,Gurugram,28.4595,77.0266,33.1,49,20.9,1018.7,11,NW
2024-08-10 04:00,Gurugram,28.4595,77.0266,34.2,55,0,1020.5,21.1,E
2024-08-10 05:00,Gurugram,28.4595,77.0266,36.5,56,0,1019.7,5.4,NW
2024-08-10 06:00,Gurugram,28.4595,77.0266,34,40,3.3,1019,8.6,NW
2024-08-10 07:00,Gurugram,28.4595,77.0266,35.9,33,0,1022.4,17.4,SW
2024-08-10 08:00,Gurugram,28.4595,77.0266,37.4,23,5.8,1019.2,12.9,WNW
2024-08-10 09:00,Gurugram,28.4595,77.0266,38.6,44,0,1019.4,25.1,ESE
2024-08-10 10:00,Gurugram,28.4595,77.0266,41.1,24,0,1019.3,11.4,NW
2024-08-10 11:00,Gurugram,28.4595,77.0266,44.7,29,0,1020.2,8.9,NW
2024-08-10 12:00,Gurugram,28.4595,77.0266,42.7,15,0,1021.4,6.6,WNW
2024-08-10 13:00,Gurugram,28.4595,77.0266,46.4,26,0,1018.4,4.7,W
2024-08-10 14:00,Gurugram,28.4595,77.0266,43.2,12,0,1020.4,9.8,Calm
2024-08-10 15:00,Gurugram,28.4595,77.0266,45.5,12,0,1020.2,7.2,W
2024-08-10 16:00,Gurugram,28.4595,77.0266,45.7,14,0,1017.9,9.4,NW
2024-08-10 17:00,Gurugram,28.4595,77.0266,47.8,14,0,1021.4,21.6,WNW
2024-08-10 18:00,Gurugram,28.4595,77.0266,44.1,23,0,1020.1,11.4,NW
2024-08-10 19:00,Gurugram,28.4595,77.0266,39.3,22,0,1020.7,2.7,NW
2024-08-10 20:00,Gurugram,28.4595,77.0266,38.1,30,0,1017.3,4.4,WNW
2024-08-10 21:00,Gurugram,28.4595,77.0266,40.1,28,0,1021.6,8.6,NW
2024-08-10 22:00,Gurugram,28.4595,77.0266,39.4,30,0,1022.3,7.1,NW
2024-08-10 23:00,Gurugram,28.4595,77.0266,37.5,34,0,1019.6,19.9,Calm
2024-08-11 00:00,Gurugram,28.4595,77.0266,35.6,53,0,1019.2,8.9,W
2024-08-11 01:00,Gurugram,28.4595,77.0266,36.4,44,0,1017.1,6.3,NW
2024-08-11 02:00,Gurugram,28.4595,77.0266,32.7,33,0,1018.5,17.5,NW
2024-08-11 03:00,Gurugram,28.4595,77.0266,35,42,0,1021,9.3,SE
2024-08-11 04:00,Gurugram,28.4595,77.0266,30.7,45,0,1020,1.5,E
2024-08-11 05:00,Gurugram,28.4595,77.0266,32.7,54,0,1018.2,7.8,ESE
2024-08-11 06:00,Gurugram,28.4595,77.0266,32.1,47,0,1021.9,12.5,WNW
2024-08-11 07:00,Gurugram,28.4595,77.0266,36.2,32,0,1019.2,6.5,ESE
2024-08-11 08:00,Gurugram,28.4595,77.0266,38.2,48,19,1018.3,13.1,SW
2024-08-11 09:00,Gurugram,28.4595,77.0266,40.1,30,0,1020.1,16.1,NW
2024-08-11 10:00,Gurugram,28.4595,77.0266,41.7,34,0,1020.6,13.7,E
2024-08-11 11:00,Gurugram,28.4595,77.0266,41.5,16,0,1018.4,9.9,SE
2024-08-11 12:00,Gurugram,28.4595,77.0266,44.2,12,0,1019.7,9.9,WNW
2024-08-11 13:00,Gurugram,28.4595,77.0266,42.9,12,0,1021.9,6.2,NW
2024-08-11 14:00,Gurugram,28.4595,77.0266,47.8,12,0,1018.4,5.5,W
2024-08-11 15:00,Gurugram,28.4595,77.0266,45.9,28,0,1020.5,12.6,NW
2024-08-11 16:00,Gurugram,28.4595,77.0266,45.3,17,0,1019.7,6.9,NW
2024-08-11 17:00,Gurugram,28.4595,77.0266,47.8,12,19.2,1020.7,5.7,Calm
2024-08-11 18:00,Gurugram,28.4595,77.0266,42.3,22,0,1018.8,8.2,WNW
2024-08-11 19:00,Gurugram,28.4595,77.0266,41.2,24,0,1020.3,8.5,WNW
2024-08-11 20:00,Gurugram,28.4595,77.0266,39.6,30,12.2,1018.9,10.5,NW
2024-08-11 21:00,Gurugram,28.4595,77.0266,39.8,37,0,1017.6,4,WNW
2024-08-11 22:00,Gurugram,28.4595,77.0266,39,32,0,1018.3,8.1,ESE
2024-08-11 23:00,Gurugram,28.4595,77.0266,38,32,0,1019.8,7.2,NW
2024-08-12 00:00,Gurugram,28.4595,77.0266,39.9,46,0,1020.5,13,WNW
2024-08-12 01:00,Gurugram,28.4595,77.0266,30.2,48,0,1021.7,14.1,NW
2024-08-12 02:00,Gurugram,28.4595,77.0266,34.6,45,0,1020.7,9.3,WNW
2024-08-12 03:00,Gurugram,28.4595,77.0266,32.3,58,0,1022.1,11.2,E
2024-08-12 04:00,Gurugram,28.4595,77.0266,32.5,42,0,1020,8.6,NW
2024-08-12 05:00,Gurugram,28.4595,77.0266,33.1,38,0,1020.9,17.2,NW
2024-08-12 06:00,Gurugram,28.4595,77.0266,33.6,43,0,1019.1,17,W
2024-08-12 07:00,Gurugram,28.4595,77.0266,39.6,34,0,1020.6,5.4,W
2024-08-12 08:00,Gurugram,28.4595,77.0266,39.7,37,0,1019.8,3.3,WNW
2024-08-12 09:00,Gurugram,28.4595,77.0266,39.9,25,0,1019.7,13.6,W
2024-08-12 10:00,Gurugram,28.4595,77.0266,43.9,24,28.6,1020.3,4,NW
2024-08-12 11:00,Gurugram,28.4595,77.0266,40.4,34,0,1018.6,17.9,WNW
2024-08-12 12:00,Gurugram,28.4595,77.0266,42,17,0,1020.7,4,NW
2024-08-12 13:00,Gurugram,28.4595,77.0266,41.5,12,11.8,1021.1,14.1,NW
2024-08-12 14:00,Gurugram,28.4595,77.0266,44.8,23,38.4,1019.4,8.9,WNW
2024-08-12 15:00,Gurugram,28.4595,77.0266,46.6,12,0,1020.5,25.5,WNW
2024-08-12 16:00,Gurugram,28.4595,77.0266,46.3,12,0,1021.8,18.1,NW
2024-08-12 17:00,Gurugram,28.4595,77.0266,45.7,21,24,1021.2,3.3,NW
2024-08-12 18:00,Gurugram,28.4595,77.0266,41.9,25,0,1020.1,4.6,ESE
2024-08-12 19:00,Gurugram,28.4595,77.0266,44.5,30,0,1020.7,12.6,WNW
2024-08-12 20:00,Gurugram,28.4595,77.0266,41.9,22,0,1022,16,NW
2024-08-12 21:00,Gurugram,28.4595,77.0266,41.1,34,0,1020.6,3.8,NW
2024-08-12 22:00,Gurugram,28.4595,77.0266,34.7,31,0,1021.4,14.5,ESE
2024-08-12 23:00,Gurugram,28.4595,77.0266,37.1,34,0,1021.2,10.1,NW
2024-08-13 00:00,Gurugram,28.4595,77.0266,33,48,0,1020.6,11.3,WNW
2024-08-13 01:00,Gurugram,28.4595,77.0266,33.4,40,0,1022,5.2,WNW
2024-08-13 02:00,Gurugram,28.4595,77.0266,34.4,46,0,1019.3,22.2,SE
2024-08-13 03:00,Gurugram,28.4595,77.0266,33.4,46,0,1021,11,SE
2024-08-13 04:00,Gurugram,28.4595,77.0266,31.9,38,0,1019.8,7.2,ESE
2024-08-13 05:00,Gurugram,28.4595,77.0266,34.1,49,0,1021.5,7.7,WNW
2024-08-13 06:00,Gurugram,28.4595,77.0266,32.4,44,0,1020.5,7.4,W
2024-08-13 07:00,Gurugram,28.4595,77.0266,38.5,26,6.8,1021.6,10.8,W
2024-08-13 08:00,Gurugram,28.4595,77.0266,37.7,36,0,1021.4,9.4,WNW
2024-08-13 09:00,Gurugram,28.4595,77.0266,41.7,25,0,1020,3.4,E
2024-08-13 10:00,Gurugram,28.4595,77.0266,40.5,33,0,1021.1,3,Calm
2024-08-13 11:00,Gurugram,28.4595,77.0266,42,14,0,1021,14.2,NW
2024-08-13 12:00,Gurugram,28.4595,77.0266,42.9,17,0,1020.2,11.8,SE
2024-08-13 13:00,Gurugram,28.4595,77.0266,46.9,19,0,1021.5,21.4,WNW
2024-08-13 14:00,Gurugram,28.4595,77.0266,44.7,16,0,1020.3,3.7,WNW
2024-08-13 15:00,Gurugram,28.4595,77.0266,47.4,20,0,1019.5,8.8,WNW
2024-08-13 16:00,Gurugram,28.4595,77.0266,45.3,12,0,1020.8,9,NW
2024-08-13 17:00,Gurugram,28.4595,77.0266,41.8,27,0,1021,1.5,SW
2024-08-13 18:00,Gurugram,28.4595,77.0266,43.3,23,0,1016.9,8.3,ESE
2024-08-13 19:00,Gurugram,28.4595,77.0266,40.9,31,0,1023.4,12.7,WNW
2024-08-13 20:00,Gurugram,28.4595,77.0266,41.5,31,0,1023.9,17,ESE
2024-08-13 21:00,Gurugram,28.4595,77.0266,37.6,30,0,1019.5,3.9,ESE
2024-08-13 22:00,Gurugram,28.4595,77.0266,39.7,26,9.1,1021.2,11.5,NW
2024-08-13 23:00,Gurugram,28.4595,77.0266,36.3,34,0,1019.2,2.8,NW
2024-08-14 00:00,Gurugram,28.4595,77.0266,34.7,50,0,1018.7,6.9,SE
2024-08-14 01:00,Gurugram,28.4595,77.0266,35.2,51,0,1020.1,10.1,SE
2024-08-14 02:00,Gurugram,28.4595,77.0266,35.1,41,0,1019,8.8,Calm
2024-08-14 03:00,Gurugram,28.4595,77.0266,33.1,28,0,1021.3,2.6,NW
2024-08-14 04:00,Gurugram,28.4595,77.0266,31.9,43,0,1021.8,3.7,W
2024-08-14 05:00,Gurugram,28.4595,77.0266,30.8,41,0,1022.8,4.8,ESE
2024-08-14 06:00,Gurugram,28.4595,77.0266,33.8,39,0,1020.8,10.9,W
2024-08-14 07:00,Gurugram,28.4595,77.0266,35.3,41,0,1021.7,8,ESE
2024-08-14 08:00,Gurugram,28.4595,77.0266,38.1,39,0,1021.2,6.1,NW
2024-08-14 09:00,Gurugram,28.4595,77.0266,39,36,0,1021,11.7,NW
2024-08-14 10:00,Gurugram,28.4595,77.0266,42.5,29,0,1019.5,11.3,NW
2024-08-14 11:00,Gurugram,28.4595,77.0266,41.8,12,0,1020.4,5.4,WNW
2024-08-14 12:00,Gurugram,28.4595,77.0266,44.1,18,0,1020.3,9.6,WNW
2024-08-14 13:00,Gurugram,28.4595,77.0266,47.4,31,0,1021.4,11.3,E
2024-08-14 14:00,Gurugram,28.4595,77.0266,46.5,18,0,1018.2,5,NW
2024-08-14 15:00,Gurugram,28.4595,77.0266,46,17,0,1022,6.6,WNW
2024-08-14 16:00,Gurugram,28.4595,77.0266,44.8,18,0,1020.4,7.5,Calm
2024-08-14 17:00,Gurugram,28.4595,77.0266,44.1,20,0,1019.9,12.7,WNW
2024-08-14 18:00,Gurugram,28.4595,77.0266,42.7,12,0,1021.1,14,NW
2024-08-14 19:00,Gurugram,28.4595,77.0266,41.9,21,0,1020.7,11.7,NW
2024-08-14 20:00,Gurugram,28.4595,77.0266,42.7,26,0,1020.9,3.1,W
2024-08-14 21:00,Gurugram,28.4595,77.0266,39.2,38,19.8,1022.3,4.8,NW
2024-08-14 22:00,Gurugram,28.4595,77.0266,35.5,34,0,1018.6,12.5,Calm
2024-08-14 23:00,Gurugram,28.4595,77.0266,39.5,28,0,1019,13.4,W
2024-08-15 00:00,Gurugram,28.4595,77.0266,35.5,43,0,1020.3,9.2,ESE
2024-08-15 01:00,Gurugram,28.4595,77.0266,31.3,38,0,1022.6,7.9,WNW
2024-08-15 02:00,Gurugram,28.4595,77.0266,32.4,37,0,1021.9,15.5,Calm
2024-08-15 03:00,Gurugram,28.4595,77.0266,33.2,40,0,1020.8,1.9,W
2024-08-15 04:00,Gurugram,28.4595,77.0266,36.3,48,0,1021.6,6.6,W
2024-08-15 05:00,Gurugram,28.4595,77.0266,31.9,51,0,1021.9,19,E
2024-08-15 06:00,Gurugram,28.4595,77.0266,36.7,44,40.5,1021.5,18.8,E
2024-08-15 07:00,Gurugram,28.4595,77.0266,38.8,42,0,1022.2,3.6,NW
2024-08-15 08:00,Gurugram,28.4595,77.0266,36.7,37,0,1021.1,6,NW
2024-08-15 09:00,Gurugram,28.4595,77.0266,39,31,0,1021.5,11.5,NW
2024-08-15 10:00,Gurugram,28.4595,77.0266,39.3,31,0,1021.5,7.9,NW
2024-08-15 11:00,Gurugram,28.4595,77.0266,42.4,12,0,1020.4,10.5,E
2024-08-15 12:00,Gurugram,28.4595,77.0266,44,20,0,1020.8,3.2,NW
2024-08-15 13:00,Gurugram,28.4595,77.0266,46.3,12,0,1021.5,15.2,WNW
2024-08-15 14:00,Gurugram,28.4595,77.0266,47.7,23,0,1019.7,9.3,NW
2024-08-15 15:00,Gurugram,28.4595,77.0266,44.7,14,0,1020,7.5,Calm
2024-08-15 16:00,Gurugram,28.4595,77.0266,42.2,16,0,1020.6,13.5,SE
2024-08-15 17:00,Gurugram,28.4595,77.0266,45.1,12,0,1021,10,W
2024-08-15 18:00,Gurugram,28.4595,77.0266,44.6,26,0,1020.9,11.7,SE
2024-08-15 19:00,Gurugram,28.4595,77.0266,43.2,27,0,1020.9,9,SE
2024-08-15 20:00,Gurugram,28.4595,77.0266,40.6,30,0,1021.1,6.5,W
2024-08-15 21:00,Gurugram,28.4595,77.0266,39.7,25,0,1020.6,12.5,NW
2024-08-15 22:00,Gurugram,28.4595,77.0266,40.5,29,0,1020.1,16.6,ESE
2024-08-15 23:00,Gurugram,28.4595,77.0266,36.9,39,0,1021,18.4,W
2024-08-16 00:00,Gurugram,28.4595,77.0266,34.1,37,0,1021.9,7.2,ESE
2024-08-16 01:00,Gurugram,28.4595,77.0266,32.9,46,0,1022.2,4,W
2024-08-16 02:00,Gurugram,28.4595,77.0266,32.8,32,0,1018.7,12.4,Calm
2024-08-16 03:00,Gurugram,28.4595,77.0266,35.8,42,0,1019.9,5.5,W
2024-08-16 04:00,Gurugram,28.4595,77.0266,32.8,56,0,1022.3,7.3,W
2024-08-16 05:00,Gurugram,28.4595,77.0266,33.7,46,3.5,1020.8,13.8,SE
2024-08-16 06:00,Gurugram,28.4595,77.0266,33.9,42,0,1018.9,7.7,WNW
2024-08-16 07:00,Gurugram,28.4595,77.0266,38.1,50,0,1022.6,3.5,NW
2024-08-16 08:00,Gurugram,28.4595,77.0266,41.2,20,0,1022.3,8,WNW
2024-08-16 09:00,Gurugram,28.4595,77.0266,40.2,25,0,1019.7,13.4,W
2024-08-16 10:00,Gurugram,28.4595,77.0266,41.2,24,0,1019.7,13.6,NW
2024-08-16 11:00,Gurugram,28.4595,77.0266,42.7,28,0,1024.7,21.7,ESE
2024-08-16 12:00,Gurugram,28.4595,77.0266,39.7,25,0,1020,8,SE
2024-08-16 13:00,Gurugram,28.4595,77.0266,46.4,12,0,1022.6,8.2,W
2024-08-16 14:00,Gurugram,28.4595,77.0266,45.9,22,0,1023,11.5,W
2024-08-16 15:00,Gurugram,28.4595,77.0266,46.7,13,0,1019.4,4.2,NW
2024-08-16 16:00,Gurugram,28.4595,77.0266,44.4,23,0,1020,17.2,SW
2024-08-16 17:00,Gurugram,28.4595,77.0266,44.3,12,0,1022.4,13.4,ESE
2024-08-16 18:00,Gurugram,28.4595,77.0266,43.2,19,0,1019.5,8.9,WNW
2024-08-16 19:00,Gurugram,28.4595,77.0266,44.5,20,13,1019.9,10,W
2024-08-16 20:00,Gurugram,28.4595,77.0266,40.4,33,0,1020.9,14.3,WNW
2024-08-16 21:00,Gurugram,28.4595,77.0266,43.1,27,0,1021,26.4,NW
2024-08-16 22:00,Gurugram,28.4595,77.0266,38.5,34,0,1022.4,9.3,NW
2024-08-16 23:00,Gurugram,28.4595,77.0266,33.8,41,0,1021.8,6,NW
2024-08-17 00:00,Gurugram,28.4595,77.0266,34.4,44,0,1021.6,7.7,WNW
2024-08-17 01:00,Gurugram,28.4595,77.0266,32.5,49,0,1021.2,15.4,W
2024-08-17 02:00,Gurugram,28.4595,77.0266,29,46,0,1020.1,10.6,WNW
2024-08-17 03:00,Gurugram,28.4595,77.0266,35.6,43,0,1022.8,19.4,W
2024-08-17 04:00,Gurugram,28.4595,77.0266,34.2,43,0,1021.5,3.1,NW
2024-08-17 05:00,Gurugram,28.4595,77.0266,34.6,44,0,1022.1,8.5,ESE
2024-08-17 06:00,Gurugram,28.4595,77.0266,35,42,0,1021.6,15.1,NW
2024-08-17 07:00,Gurugram,28.4595,77.0266,33.5,37,0,1021.5,3.1,W
2024-08-17 08:00,Gurugram,28.4595,77.0266,36.7,34,0,1021.5,2.6,WNW
2024-08-17 09:00,Gurugram,28.4595,77.0266,40.8,21,0,1021.4,14.8,NW
2024-08-17 10:00,Gurugram,28.4595,77.0266,39,30,0,1021.2,6.9,W
2024-08-17 11:00,Gurugram,28.4595,77.0266,38,24,0,1020.6,12.6,SE
2024-08-17 12:00,Gurugram,28.4595,77.0266,43.4,26,0,1022,4.1,WNW
2024-08-17 13:00,Gurugram,28.4595,77.0266,44.6,17,0,1022.7,7.2,WNW
2024-08-17 14:00,Gurugram,28.4595,77.0266,45.8,12,0,1021.6,10.6,NW
2024-08-17 15:00,Gurugram,28.4595,77.0266,47.1,13,0,1023.3,4.2,W
2024-08-17 16:00,Gurugram,28.4595,77.0266,46.7,15,0,1020.8,3.8,SE
2024-08-17 17:00,Gurugram,28.4595,77.0266,45.4,22,0,1023.9,9.2,W
2024-08-17 18:00,Gurugram,28.4595,77.0266,46,12,0,1021.9,2.8,NW
2024-08-17 19:00,Gurugram,28.4595,77.0266,39.8,23,0,1018,5.3,W
2024-08-17 20:00,Gurugram,28.4595,77.0266,41.8,30,0,1023.6,14.3,NW
2024-08-17 21:00,Gurugram,28.4595,77.0266,40.4,26,0,1020.2,11.5,SE
2024-08-17 22:00,Gurugram,28.4595,77.0266,35.3,35,0,1021.6,13.8,SW
2024-08-17 23:00,Gurugram,28.4595,77.0266,33.3,34,0,1022,11.2,W
2024-08-18 00:00,Gurugram,28.4595,77.0266,33.2,37,0,1021.6,1.5,E
2024-08-18 01:00,Gurugram,28.4595,77.0266,32.3,41,0,1021.4,3.5,NW
2024-08-18 02:00,Gurugram,28.4595,77.0266,34.2,41,2.3,1020.8,5.3,NW
2024-08-18 03:00,Gurugram,28.4595,77.0266,31.5,50,0,1021,19.8,NW
2024-08-18 04:00,Gurugram,28.4595,77.0266,31.3,41,0,1023,14.6,SE
2024-08-18 05:00,Gurugram,28.4595,77.0266,32.4,38,0,1020.3,18.1,WNW
2024-08-18 06:00,Gurugram,28.4595,77.0266,36.5,52,0,1021.6,17.1,WNW
2024-08-18 07:00,Gurugram,28.4595,77.0266,35.9,44,0,1022.4,14.5,NW
2024-08-18 08:00,Gurugram,28.4595,77.0266,37.1,23,0,1020.3,4,SE
2024-08-18 09:00,Gurugram,28.4595,77.0266,38.9,26,0,1022.1,8.3,NW
2024-08-18 10:00,Gurugram,28.4595,77.0266,43.1,28,0,1022.8,6.4,WNW
2024-08-18 11:00,Gurugram,28.4595,77.0266,41,25,0,1022,5.7,NW
2024-08-18 12:00,Gurugram,28.4595,77.0266,46.1,12,0,1022.9,16.5,NW
2024-08-18 13:00,Gurugram,28.4595,77.0266,45.1,24,0,1021.5,10.9,NW
2024-08-18 14:00,Gurugram,28.4595,77.0266,45.1,21,0,1020.5,6.7,WNW
2024-08-18 15:00,Gurugram,28.4595,77.0266,47.8,18,0,1021.4,17.3,WNW
2024-08-18 16:00,Gurugram,28.4595,77.0266,43.5,24,0,1019.9,4,WNW
2024-08-18 17:00,Gurugram,28.4595,77.0266,44.1,20,0,1024.4,13.3,ESE
2024-08-18 18:00,Gurugram,28.4595,77.0266,41.5,23,0,1021.6,2.3,E
2024-08-18 19:00,Gurugram,28.4595,77.0266,44.1,32,0,1019.3,9.6,NW
2024-08-18 20:00,Gurugram,28.4595,77.0266,43.9,33,0,1020.8,4.5,NW
2024-08-18 21:00,Gurugram,28.4595,77.0266,42.1,25,0,1021.3,5.4,WNW
2024-08-18 22:00,Gurugram,28.4595,77.0266,39.7,38,5.9,1020,13.9,W
2024-08-18 23:00,Gurugram,28.4595,77.0266,35.5,34,0,1020,5.8,NW
2024-08-19 00:00,Gurugram,28.4595,77.0266,33.7,44,0,1021.4,4,ESE
2024-08-19 01:00,Gurugram,28.4595,77.0266,30.4,46,0,1022.4,11.8,W
2024-08-19 02:00,Gurugram,28.4595,77.0266,36.4,37,0,1022.9,13.5,ESE
2024-08-19 03:00,Gurugram,28.4595,77.0266,33.3,45,0,1023.1,2.1,WNW
2024-08-19 04:00,Gurugram,28.4595,77.0266,31.8,47,0,1021.1,20.4,WNW
2024-08-19 05:00,Gurugram,28.4595,77.0266,35.8,41,0,1018.6,6.4,SE
2024-08-19 06:00,Gurugram,28.4595,77.0266,32.7,43,0,1023.9,6,NW
2024-08-19 07:00,Gurugram,28.4595,77.0266,36.5,43,0,1021.5,1.6,WNW
2024-08-19 08:00,Gurugram,28.4595,77.0266,37,34,20.8,1021.3,12.1,NW
2024-08-19 09:00,Gurugram,28.4595,77.0266,40.1,32,0,1023.3,4.4,W
2024-08-19 10:00,Gurugram,28.4595,77.0266,40.6,35,0,1021.4,6.9,E
2024-08-19 11:00,Gurugram,28.4595,77.0266,39.6,26,0,1022.4,12.7,NW
2024-08-19 12:00,Gurugram,28.4595,77.0266,43.7,21,0,1022.1,6.8,W
2024-08-19 13:00,Gurugram,28.4595,77.0266,46.5,12,0,1020.3,6.3,SE
2024-08-19 14:00,Gurugram,28.4595,77.0266,45.2,20,0,1020.5,8.3,WNW
2024-08-19 15:00,Gurugram,28.4595,77.0266,46.9,18,0,1021.5,11.4,NW
2024-08-19 16:00,Gurugram,28.4595,77.0266,43.4,24,0,1021.8,14.8,Calm
2024-08-19 17:00,Gurugram,28.4595,77.0266,44.6,18,0,1021,2.2,NW
2024-08-19 18:00,Gurugram,28.4595,77.0266,42.5,12,0,1021,14.4,NW
2024-08-19 19:00,Gurugram,28.4595,77.0266,43.6,13,0,1021.7,13.4,E
2024-08-19 20:00,Gurugram,28.4595,77.0266,40.7,31,0,1020.9,5.6,NW
2024-08-19 21:00,Gurugram,28.4595,77.0266,40.2,27,0,1022.8,10.8,SE
2024-08-19 22:00,Gurugram,28.4595,77.0266,39.3,37,0,1022.1,10.1,WNW
2024-08-19 23:00,Gurugram,28.4595,77.0266,37,39,0,1021.1,11.9,SE
2024-08-20 00:00,Gurugram,28.4595,77.0266,34.8,40,0,1022.7,9.5,ESE
2024-08-20 01:00,Gurugram,28.4595,77.0266,31.4,43,0,1023.6,3.4,WNW
2024-08-20 02:00,Gurugram,28.4595,77.0266,32.6,40,0,1022.2,11.5,W
2024-08-20 03:00,Gurugram,28.4595,77.0266,31.4,46,0,1020.3,4.5,NW
2024-08-20 04:00,Gurugram,28.4595,77.0266,32,42,0,1023.9,16.6,NW
2024-08-20 05:00,Gurugram,28.4595,77.0266,32.6,41,0,1024,26.9,ESE
2024-08-20 06:00,Gurugram,28.4595,77.0266,32.5,39,0,1023.5,8.2,SE
2024-08-20 07:00,Gurugram,28.4595,77.0266,32.1,37,1.5,1022.7,3.6,ESE
2024-08-20 08:00,Gurugram,28.4595,77.0266,36,40,0,1022.6,5.6,SW
2024-08-20 09:00,Gurugram,28.4595,77.0266,39.2,30,0,1022.2,17,E
2024-08-20 10:00,Gurugram,28.4595,77.0266,38.1,33,0,1022.1,14.2,SE
2024-08-20 11:00,Gurugram,28.4595,77.0266,42.1,32,0,1020.6,12.9,E
2024-08-20 12:00,Gurugram,28.4595,77.0266,46.9,25,0,1020.6,18.4,NW
2024-08-20 13:00,Gurugram,28.4595,77.0266,46.3,21,0,1020.9,5.4,ESE
2024-08-20 14:00,Gurugram,28.4595,77.0266,47.8,18,0,1019.6,8.5,ESE
2024-08-20 15:00,Gurugram,28.4595,77.0266,46.1,21,0,1020.5,6.2,NW
2024-08-20 16:00,Gurugram,28.4595,77.0266,47.2,17,0,1022,10.3,SW
2024-08-20 17:00,Gurugram,28.4595,77.0266,43.2,24,0,1019.3,13.1,NW
2024-08-20 18:00,Gurugram,28.4595,77.0266,42.3,24,0,1020.8,5.8,WNW
2024-08-20 19:00,Gurugram,28.4595,77.0266,37.2,21,0,1021.7,16.7,NW
2024-08-20 20:00,Gurugram,28.4595,77.0266,42.7,32,0,1021.1,6.3,W
2024-08-20 21:00,Gurugram,28.4595,77.0266,41.6,31,0,1021.6,8.9,WNW
2024-08-20 22:00,Gurugram,28.4595,77.0266,36.2,34,0,1022.3,15.1,W
2024-08-20 23:00,Gurugram,28.4595,77.0266,35.2,35,0,1023.1,12.3,ESE
2024-08-21 00:00,Gurugram,28.4595,77.0266,32.8,42,0,1021.3,7.6,ESE
2024-08-21 01:00,Gurugram,28.4595,77.0266,33.8,50,0,1021.8,11.8,ESE
2024-08-21 02:00,Gurugram,28.4595,77.0266,34.5,51,0,1019.5,8.9,NW
2024-08-21 03:00,Gurugram,28.4595,77.0266,29.1,48,0,1022.9,10.1,WNW
2024-08-21 04:00,Gurugram,28.4595,77.0266,33.2,49,0,1021.2,9.6,SE
2024-08-21 05:00,Gurugram,28.4595,77.0266,32.6,51,0,1022.6,2.7,W
2024-08-21 06:00,Gurugram,28.4595,77.0266,34.3,40,0,1021.8,8,ESE
2024-08-21 07:00,Gurugram,28.4595,77.0266,36.3,32,0,1024.9,11.2,NW
2024-08-21 08:00,Gurugram,28.4595,77.0266,36.7,42,0,1024.4,24.4,WNW
2024-08-21 09:00,Gurugram,28.4595,77.0266,38.5,28,0,1022.9,8.2,Calm
2024-08-21 10:00,Gurugram,28.4595,77.0266,40,23,0,1022.7,18.5,SE
2024-08-21 11:00,Gurugram,28.4595,77.0266,43.7,12,0,1022.5,5.9,NW
2024-08-21 12:00,Gurugram,28.4595,77.0266,44.1,24,0,1021.6,17.3,W
2024-08-21 13:00,Gurugram,28.4595,77.0266,44.8,12,0,1021.3,24.5,WNW
2024-08-21 14:00,Gurugram,28.4595,77.0266,42.7,12,0,1021.1,2.3,WNW
2024-08-21 15:00,Gurugram,28.4595,77.0266,44.5,19,0,1021.4,4.9,WNW
2024-08-21 16:00,Gurugram,28.4595,77.0266,46.6,21,0,1022.7,8.8,W
2024-08-21 17:00,Gurugram,28.4595,77.0266,44.4,14,0,1021.9,1.9,Calm
2024-08-21 18:00,Gurugram,28.4595,77.0266,44.5,19,0,1019.7,5.6,E
2024-08-21 19:00,Gurugram,28.4595,77.0266,45.2,18,0,1025.3,9.2,E
2024-08-21 20:00,Gurugram,28.4595,77.0266,42.3,24,0,1022,2.9,ESE
2024-08-21 21:00,Gurugram,28.4595,77.0266,38.9,32,0,1024.8,2.7,NW
2024-08-21 22:00,Gurugram,28.4595,77.0266,36.1,32,0,1021.7,3.8,WNW
2024-08-21 23:00,Gurugram,28.4595,77.0266,30.9,37,19.5,1021.9,5.3,WNW
2024-08-22 00:00,Gurugram,28.4595,77.0266,33.7,33,0,1023.5,16.5,SE
2024-08-22 01:00,Gurugram,28.4595,77.0266,32.4,51,0,1022,6.8,SW
2024-08-22 02:00,Gurugram,28.4595,77.0266,33,48,0,1022.9,12.1,WNW
2024-08-22 03:00,Gurugram,28.4595,77.0266,31.8,51,0,1022,7.6,NW
2024-08-22 04:00,Gurugram,28.4595,77.0266,31.7,53,0,1021.8,6.7,WNW
2024-08-22 05:00,Gurugram,28.4595,77.0266,29.8,39,0,1024.2,11.6,W
2024-08-22 06:00,Gurugram,28.4595,77.0266,32.3,39,0,1021,8.6,NW
2024-08-22 07:00,Gurugram,28.4595,77.0266,36.2,27,0,1021.8,11.4,SW
2024-08-22 08:00,Gurugram,28.4595,77.0266,40,54,0,1024.6,12,WNW
2024-08-22 09:00,Gurugram,28.4595,77.0266,38.4,30,0,1022,4.9,Calm
2024-08-22 10:00,Gurugram,28.4595,77.0266,40.9,33,0,1020.6,16.9,NW
2024-08-22 11:00,Gurugram,28.4595,77.0266,43.5,16,0,1023.1,18.3,NW
2024-08-22 12:00,Gurugram,28.4595,77.0266,41.7,26,0,1022.4,2.2,WNW
2024-08-22 13:00,Gurugram,28.4595,77.0266,44.9,29,0,1022.9,13.7,E
2024-08-22 14:00,Gurugram,28.4595,77.0266,43.5,16,0,1022.5,11.8,WNW
2024-08-22 15:00,Gurugram,28.4595,77.0266,46.6,12,0,1021.1,2.5,SE
2024-08-22 16:00,Gurugram,28.4595,77.0266,45.1,16,0,1022.7,9,WNW
2024-08-22 17:00,Gurugram,28.4595,77.0266,44.7,12,0,1023.9,10.2,E
2024-08-22 18:00,Gurugram,28.4595,77.0266,41.8,20,0,1021.8,4.3,NW
2024-08-22 19:00,Gurugram,28.4595,77.0266,43.1,28,0,1021.3,5.3,WNW
2024-08-22 20:00,Gurugram,28.4595,77.0266,44,27,0,1022.2,6.5,NW
2024-08-22 21:00,Gurugram,28.4595,77.0266,36.8,29,0,1022.1,7.7,NW
2024-08-22 22:00,Gurugram,28.4595,77.0266,36.3,38,0,1022,5.6,WNW
2024-08-22 23:00,Gurugram,28.4595,77.0266,35.7,42,0,1023.9,5.6,WNW
2024-08-23 00:00,Gurugram,28.4595,77.0266,35.3,32,0,1022.9,2,SE
2024-08-23 01:00,Gurugram,28.4595,77.0266,31.8,44,0,1024.6,14.3,ESE
2024-08-23 02:00,Gurugram,28.4595,77.0266,27.1,60,0,1022.9,6.5,WNW
2024-08-23 03:00,Gurugram,28.4595,77.0266,34.4,38,0,1023,8.7,Calm
2024-08-23 04:00,Gurugram,28.4595,77.0266,33.5,45,0,1025.2,18.6,Calm
2024-08-23 05:00,Gurugram,28.4595,77.0266,29.7,56,0,1023,3.5,SW
2024-08-23 06:00,Gurugram,28.4595,77.0266,32.7,48,0,1022.3,6.8,W
2024-08-23 07:00,Gurugram,28.4595,77.0266,38,35,0,1021.5,11.5,WNW
2024-08-23 08:00,Gurugram,28.4595,77.0266,39.4,36,0,1021.6,13.2,NW
2024-08-23 09:00,Gurugram,28.4595,77.0266,40.1,31,0,1022.1,4.6,NW
2024-08-23 10:00,Gurugram,28.4595,77.0266,39.8,23,0,1022.3,9.8,W
2024-08-23 11:00,Gurugram,28.4595,77.0266,41.8,23,0,1020.1,4.3,W
2024-08-23 12:00,Gurugram,28.4595,77.0266,42.8,19,0,1022.6,3.5,W
2024-08-23 13:00,Gurugram,28.4595,77.0266,46.1,19,0,1019.3,16.4,W
2024-08-23 14:00,Gurugram,28.4595,77.0266,43.1,12,0,1024.1,6.6,NW
2024-08-23 15:00,Gurugram,28.4595,77.0266,43.5,12,0,1020.3,18.9,ESE
2024-08-23 16:00,Gurugram,28.4595,77.0266,46.5,16,0,1022.8,4.9,WNW
2024-08-23 17:00,Gurugram,28.4595,77.0266,44,28,0,1022.8,11.8,WNW
2024-08-23 18:00,Gurugram,28.4595,77.0266,45.5,21,0,1024.2,4.7,WNW
2024-08-23 19:00,Gurugram,28.4595,77.0266,40.5,21,0,1022.8,7.6,NW
2024-08-23 20:00,Gurugram,28.4595,77.0266,40,32,0,1022.5,1.7,E
2024-08-23 21:00,Gurugram,28.4595,77.0266,36.8,30,0,1023,12.1,NW
2024-08-23 22:00,Gurugram,28.4595,77.0266,36.8,46,0,1022,6.9,W
2024-08-23 23:00,Gurugram,28.4595,77.0266,32.5,38,0,1022,7,E
2024-08-24 00:00,Gurugram,28.4595,77.0266,32.8,46,0,1023.1,6.5,NW
2024-08-24 01:00,Gurugram,28.4595,77.0266,30.1,40,0,1022.5,10.5,WNW
2024-08-24 02:00,Gurugram,28.4595,77.0266,33.3,49,0,1023.6,6.2,WNW
2024-08-24 03:00,Gurugram,28.4595,77.0266,33.1,48,0,1021.7,9.2,NW
2024-08-24 04:00,Gurugram,28.4595,77.0266,28.9,45,0,1023.9,4.8,WNW
2024-08-24 05:00,Gurugram,28.4595,77.0266,35.1,41,0,1023.4,14.3,WNW
2024-08-24 06:00,Gurugram,28.4595,77.0266,38.2,38,0,1022.8,5.7,NW
2024-08-24 07:00,Gurugram,28.4595,77.0266,35.1,40,0,1021,9.3,WNW
2024-08-24 08:00,Gurugram,28.4595,77.0266,35.4,39,0,1023.8,19,NW
2024-08-24 09:00,Gurugram,28.4595,77.0266,43.4,30,0,1025.2,10,E
2024-08-24 10:00,Gurugram,28.4595,77.0266,37.6,29,0,1022.2,12.5,W
2024-08-24 11:00,Gurugram,28.4595,77.0266,41.6,23,0,1023.8,10.3,NW
2024-08-24 12:00,Gurugram,28.4595,77.0266,43.2,21,0,1022.7,9.4,SE
2024-08-24 13:00,Gurugram,28.4595,77.0266,46.3,17,41.6,1021.5,8,WNW
2024-08-24 14:00,Gurugram,28.4595,77.0266,45.2,17,0,1021.9,3.2,NW
2024-08-24 15:00,Gurugram,28.4595,77.0266,43.9,32,0,1022.7,6.1,NW
2024-08-24 16:00,Gurugram,28.4595,77.0266,42.8,18,0,1023.3,4.5,W
2024-08-24 17:00,Gurugram,28.4595,77.0266,43.3,22,0,1021.1,7.1,NW
2024-08-24 18:00,Gurugram,28.4595,77.0266,41.1,23,0,1022,3.4,NW
2024-08-24 19:00,Gurugram,28.4595,77.0266,41.6,22,0,1022.8,7.7,W
2024-08-24 20:00,Gurugram,28.4595,77.0266,38.9,35,62.7,1021.3,17.5,Calm
2024-08-24 21:00,Gurugram,28.4595,77.0266,35.6,29,0,1023.3,17.7,WNW
2024-08-24 22:00,Gurugram,28.4595,77.0266,38.9,41,0,1024.9,11.6,WNW
2024-08-24 23:00,Gurugram,28.4595,77.0266,34.1,37,0,1022.7,6,SW
2024-08-25 00:00,Gurugram,28.4595,77.0266,31.2,36,4.4,1023.9,7.7,NW
2024-08-25 01:00,Gurugram,28.4595,77.0266,32.2,46,0,1021.5,14.5,NW
2024-08-25 02:00,Gurugram,28.4595,77.0266,32,39,0,1022.2,9.1,SW
2024-08-25 03:00,Gurugram,28.4595,77.0266,28.5,49,0,1024.2,23.1,W
2024-08-25 04:00,Gurugram,28.4595,77.0266,32.4,39,0,1021.4,11.9,NW
2024-08-25 05:00,Gurugram,28.4595,77.0266,30.6,42,0,1022.2,11.5,ESE
2024-08-25 06:00,Gurugram,28.4595,77.0266,36.6,33,0,1024.4,10.8,SE
2024-08-25 07:00,Gurugram,28.4595,77.0266,35.8,56,0,1022.3,9,NW
2024-08-25 08:00,Gurugram,28.4595,77.0266,35.7,25,0,1020.6,9.1,WNW
2024-08-25 09:00,Gurugram,28.4595,77.0266,36.8,31,0,1022.3,9.7,NW
2024-08-25 10:00,Gurugram,28.4595,77.0266,39.6,34,0,1025.1,9.8,W
2024-08-25 11:00,Gurugram,28.4595,77.0266,42.5,30,0,1024.7,3.4,W
2024-08-25 12:00,Gurugram,28.4595,77.0266,42.7,26,0,1022.9,1.5,NW
2024-08-25 13:00,Gurugram,28.4595,77.0266,43.4,16,0,1022.7,4.9,ESE
2024-08-25 14:00,Gurugram,28.4595,77.0266,44.5,25,0,1025.8,6.6,W
2024-08-25 15:00,Gurugram,28.4595,77.0266,43.5,22,0,1021.9,17.1,NW
2024-08-25 16:00,Gurugram,28.4595,77.0266,43.8,18,0,1022.2,14.1,W
2024-08-25 17:00,Gurugram,28.4595,77.0266,40,20,0,1024.3,5,W
2024-08-25 18:00,Gurugram,28.4595,77.0266,44.5,19,0,1022,7,WNW
2024-08-25 19:00,Gurugram,28.4595,77.0266,41.9,18,24.9,1023.4,7.1,SW
2024-08-25 20:00,Gurugram,28.4595,77.0266,38.4,35,47,1021.5,24.5,WNW
2024-08-25 21:00,Gurugram,28.4595,77.0266,41.5,39,0,1024.8,9.9,NW
2024-08-25 22:00,Gurugram,28.4595,77.0266,36.6,30,0,1022.5,23.5,ESE
2024-08-25 23:00,Gurugram,28.4595,77.0266,33,38,0,1022.2,11.9,W
2024-08-26 00:00,Gurugram,28.4595,77.0266,34.9,41,0,1022.2,9.9,Calm
2024-08-26 01:00,Gurugram,28.4595,77.0266,33.1,44,0,1021.8,1.8,NW
2024-08-26 02:00,Gurugram,28.4595,77.0266,32.4,46,0,1022.8,8.1,WNW
2024-08-26 03:00,Gurugram,28.4595,77.0266,30.7,52,0,1020.4,13.2,WNW
2024-08-26 04:00,Gurugram,28.4595,77.0266,32.5,41,0,1021.9,6.1,E
2024-08-26 05:00,Gurugram,28.4595,77.0266,31.9,39,0,1023.2,17.3,WNW
2024-08-26 06:00,Gurugram,28.4595,77.0266,34.4,49,0,1023.3,17,SE
2024-08-26 07:00,Gurugram,28.4595,77.0266,31.3,36,0,1023.1,2.6,NW
2024-08-26 08:00,Gurugram,28.4595,77.0266,35.5,28,0,1022.3,2.6,WNW
2024-08-26 09:00,Gurugram,28.4595,77.0266,41.1,28,0,1025,19.2,NW
2024-08-26 10:00,Gurugram,28.4595,77.0266,38.3,25,0,1024.2,5.1,SW
2024-08-26 11:00,Gurugram,28.4595,77.0266,40.1,33,0,1023.1,5.4,NW
2024-08-26 12:00,Gurugram,28.4595,77.0266,41.8,26,0,1023.1,2.9,WNW
2024-08-26 13:00,Gurugram,28.4595,77.0266,41.4,25,0,1022.6,6.8,NW
2024-08-26 14:00,Gurugram,28.4595,77.0266,40.3,22,0,1022.4,6.7,SW
2024-08-26 15:00,Gurugram,28.4595,77.0266,44.1,22,1.7,1023,5.7,W
2024-08-26 16:00,Gurugram,28.4595,77.0266,44.5,13,0,1024.3,19.8,Calm
2024-08-26 17:00,Gurugram,28.4595,77.0266,43.5,17,0,1022.7,19.2,NW
2024-08-26 18:00,Gurugram,28.4595,77.0266,42.3,15,0,1024.7,7.9,NW
2024-08-26 19:00,Gurugram,28.4595,77.0266,41.3,23,0,1022.4,15.7,WNW
2024-08-26 20:00,Gurugram,28.4595,77.0266,41.5,32,0,1025,9.9,W
2024-08-26 21:00,Gurugram,28.4595,77.0266,37.6,32,0,1022.8,16,WNW
2024-08-26 22:00,Gurugram,28.4595,77.0266,35.3,43,0,1024,21,ESE
2024-08-26 23:00,Gurugram,28.4595,77.0266,34.2,32,0,1025.9,8.9,NW
2024-08-27 00:00,Gurugram,28.4595,77.0266,34.3,45,0,1026.3,1.5,W
2024-08-27 01:00,Gurugram,28.4595,77.0266,34.7,37,0,1021.8,16,WNW
2024-08-27 02:00,Gurugram,28.4595,77.0266,30.4,47,0,1024.6,5.7,WNW
2024-08-27 03:00,Gurugram,28.4595,77.0266,31.5,51,0,1022.3,13.9,W
2024-08-27 04:00,Gurugram,28.4595,77.0266,32.1,45,0,1023.8,28.5,NW
2024-08-27 05:00,Gurugram,28.4595,77.0266,30.4,48,0,1024,8.9,SW
2024-08-27 06:00,Gurugram,28.4595,77.0266,33.2,36,0,1024.4,19.9,SE
2024-08-27 07:00,Gurugram,28.4595,77.0266,31.9,29,0,1021.9,14,WNW
2024-08-27 08:00,Gurugram,28.4595,77.0266,32.9,39,0,1022,18.9,W
2024-08-27 09:00,Gurugram,28.4595,77.0266,38.5,42,0,1022.4,12.7,NW
2024-08-27 10:00,Gurugram,28.4595,77.0266,38.8,22,0,1024.1,11.9,WNW
2024-08-27 11:00,Gurugram,28.4595,77.0266,41.4,31,0,1023.7,11.5,WNW
2024-08-27 12:00,Gurugram,28.4595,77.0266,42.4,21,0,1023.9,8.8,WNW
2024-08-27 13:00,Gurugram,28.4595,77.0266,41.7,12,0,1022,31.9,SE
2024-08-27 14:00,Gurugram,28.4595,77.0266,44,12,0,1023.6,10.3,NW
2024-08-27 15:00,Gurugram,28.4595,77.0266,42.1,17,0,1022.6,15,NW
2024-08-27 16:00,Gurugram,28.4595,77.0266,46.6,15,0,1022.7,3.7,W
2024-08-27 17:00,Gurugram,28.4595,77.0266,41,12,0,1023.2,26.7,ESE
2024-08-27 18:00,Gurugram,28.4595,77.0266,42,12,0,1021.6,18.1,NW
2024-08-27 19:00,Gurugram,28.4595,77.0266,39.2,19,0,1024,5.4,W
2024-08-27 20:00,Gurugram,28.4595,77.0266,40.5,29,0,1021.7,12.6,NW
2024-08-27 21:00,Gurugram,28.4595,77.0266,37.2,31,0,1022.9,12.5,ESE
2024-08-27 22:00,Gurugram,28.4595,77.0266,35.2,32,0,1024.3,15.7,WNW
2024-08-27 23:00,Gurugram,28.4595,77.0266,36.1,40,0,1021.6,8.9,SE
2024-08-28 00:00,Gurugram,28.4595,77.0266,33.1,48,0,1021.9,4.3,WNW
2024-08-28 01:00,Gurugram,28.4595,77.0266,32.9,47,0,1024.8,11,SE
2024-08-28 02:00,Gurugram,28.4595,77.0266,29.6,45,9.6,1022.3,5,ESE
2024-08-28 03:00,Gurugram,28.4595,77.0266,28.6,52,0,1024.7,29.1,SE
2024-08-28 04:00,Gurugram,28.4595,77.0266,31.6,40,0,1024.1,11.1,SE
2024-08-28 05:00,Gurugram,28.4595,77.0266,31.4,43,0,1022,3.1,WNW
2024-08-28 06:00,Gurugram,28.4595,77.0266,34.2,41,0,1023.8,7.5,WNW
2024-08-28 07:00,Gurugram,28.4595,77.0266,34.2,32,0,1024.1,11,ESE
2024-08-28 08:00,Gurugram,28.4595,77.0266,36.3,33,0,1021.9,32.2,WNW
2024-08-28 09:00,Gurugram,28.4595,77.0266,34.7,19,0,1023.7,4.5,NW
2024-08-28 10:00,Gurugram,28.4595,77.0266,42.7,39,0,1024.6,3.7,E
2024-08-28 11:00,Gurugram,28.4595,77.0266,40.6,18,0,1023.5,9.9,WNW
2024-08-28 12:00,Gurugram,28.4595,77.0266,43.5,31,0,1023.8,10,NW
2024-08-28 13:00,Gurugram,28.4595,77.0266,41.8,19,0,1023.4,11.6,W
2024-08-28 14:00,Gurugram,28.4595,77.0266,44.5,21,0,1024.8,12.3,E
2024-08-28 15:00,Gurugram,28.4595,77.0266,41.8,14,0,1023.5,10.5,E
2024-08-28 16:00,Gurugram,28.4595,77.0266,44.7,18,0,1022.7,24.4,W
2024-08-28 17:00,Gurugram,28.4595,77.0266,42.6,23,0,1023.3,10.8,NW
2024-08-28 18:00,Gurugram,28.4595,77.0266,42.3,25,0,1021.7,5.7,ESE
2024-08-28 19:00,Gurugram,28.4595,77.0266,42.1,29,0,1020,15.4,W
2024-08-28 20:00,Gurugram,28.4595,77.0266,37.1,26,0,1022.6,14.7,NW
2024-08-28 21:00,Gurugram,28.4595,77.0266,36.4,29,0,1025.4,7.2,SW
2024-08-28 22:00,Gurugram,28.4595,77.0266,36.8,26,0,1024.8,2.2,NW
2024-08-28 23:00,Gurugram,28.4595,77.0266,38.2,42,0,1021.6,7,WNW
2024-08-29 00:00,Gurugram,28.4595,77.0266,32.6,49,0,1022.5,10.1,NW
2024-08-29 01:00,Gurugram,28.4595,77.0266,32.9,54,0,1023,1.9,SW
2024-08-29 02:00,Gurugram,28.4595,77.0266,31,48,0,1023.5,5.7,NW
2024-08-29 03:00,Gurugram,28.4595,77.0266,34.5,42,0,1022.5,3.7,WNW
2024-08-29 04:00,Gurugram,28.4595,77.0266,28,36,0,1023,4.4,E
2024-08-29 05:00,Gurugram,28.4595,77.0266,32,51,0,1025,10.1,NW
2024-08-29 06:00,Gurugram,28.4595,77.0266,29.9,32,0,1022.6,10.4,NW
2024-08-29 07:00,Gurugram,28.4595,77.0266,29.7,37,0,1024.4,5.4,NW
2024-08-29 08:00,Gurugram,28.4595,77.0266,36.3,34,0,1024.7,14.3,WNW
2024-08-29 09:00,Gurugram,28.4595,77.0266,37.7,31,0,1026.7,15.5,WNW
2024-08-29 10:00,Gurugram,28.4595,77.0266,38.6,28,0,1022.9,3.2,ESE
2024-08-29 11:00,Gurugram,28.4595,77.0266,40.5,25,0,1022.4,19.5,NW
2024-08-29 12:00,Gurugram,28.4595,77.0266,47.6,12,0,1021.7,10.2,ESE
2024-08-29 13:00,Gurugram,28.4595,77.0266,42.6,19,0,1024.6,14.3,Calm
2024-08-29 14:00,Gurugram,28.4595,77.0266,44.7,12,0,1024.3,14.4,E
2024-08-29 15:00,Gurugram,28.4595,77.0266,42.8,21,0,1023.6,9,W
2024-08-29 16:00,Gurugram,28.4595,77.0266,44.3,14,0,1024.2,16.7,SW
2024-08-29 17:00,Gurugram,28.4595,77.0266,42.7,12,0,1023.9,10.4,Calm
2024-08-29 18:00,Gurugram,28.4595,77.0266,41.3,16,0,1023.3,17.9,W
2024-08-29 19:00,Gurugram,28.4595,77.0266,44,21,0,1023.4,3,NW
2024-08-29 20:00,Gurugram,28.4595,77.0266,41.3,35,0,1023.7,20.5,SW
2024-08-29 21:00,Gurugram,28.4595,77.0266,37.7,33,0,1026.7,25.6,SE
2024-08-29 22:00,Gurugram,28.4595,77.0266,31.6,38,0,1024.9,10.2,NW
2024-08-29 23:00,Gurugram,28.4595,77.0266,33.6,46,45.3,1022.4,14.1,SW
2024-08-30 00:00,Gurugram,28.4595,77.0266,37.6,42,0,1024.4,9.7,WNW
2024-08-30 01:00,Gurugram,28.4595,77.0266,31.2,49,0,1024,1.9,WNW
2024-08-30 02:00,Gurugram,28.4595,77.0266,33,51,0,1026.1,4,WNW
2024-08-30 03:00,Gurugram,28.4595,77.0266,33.4,39,0,1025.5,11.4,WNW
2024-08-30 04:00,Gurugram,28.4595,77.0266,31.4,55,0,1023.8,5.1,WNW
2024-08-30 05:00,Gurugram,28.4595,77.0266,30.1,36,0,1023.9,28.7,W
2024-08-30 06:00,Gurugram,28.4595,77.0266,28.3,48,0,1022.6,15.1,WNW
2024-08-30 07:00,Gurugram,28.4595,77.0266,35.3,30,0,1024.7,18.8,WNW
2024-08-30 08:00,Gurugram,28.4595,77.0266,34.1,39,0,1025.3,4,ESE
2024-08-30 09:00,Gurugram,28.4595,77.0266,37.6,43,0,1024.1,8.2,NW
2024-08-30 10:00,Gurugram,28.4595,77.0266,36.7,27,4.1,1024.3,3.9,SW
2024-08-30 11:00,Gurugram,28.4595,77.0266,40.1,23,48.9,1023.6,17.4,ESE
2024-08-30 12:00,Gurugram,28.4595,77.0266,42,25,0,1025,3,ESE
2024-08-30 13:00,Gurugram,28.4595,77.0266,43.4,17,0,1022.4,12,WNW
2024-08-30 14:00,Gurugram,28.4595,77.0266,41.6,28,0,1022.6,2.9,Calm
2024-08-30 15:00,Gurugram,28.4595,77.0266,45.9,18,0,1025.1,7.1,NW
2024-08-30 16:00,Gurugram,28.4595,77.0266,42.5,16,0,1022.3,8.2,NW
2024-08-30 17:00,Gurugram,28.4595,77.0266,39.9,16,0,1023.2,20.3,SE
2024-08-30 18:00,Gurugram,28.4595,77.0266,41.7,16,0,1023.6,14.6,ESE
2024-08-30 19:00,Gurugram,28.4595,77.0266,40.6,21,0,1024.5,10.7,NW
2024-08-30 20:00,Gurugram,28.4595,77.0266,39.3,26,0,1024.1,4.7,W
2024-08-30 21:00,Gurugram,28.4595,77.0266,39.7,29,0,1020.3,4.8,W
2024-08-30 22:00,Gurugram,28.4595,77.0266,35.2,32,0,1024.7,6.2,W
2024-08-30 23:00,Gurugram,28.4595,77.0266,33.8,52,0,1023.7,8.3,W
2024-08-31 00:00,Gurugram,28.4595,77.0266,30.5,37,0,1025.4,8.4,Calm
2024-08-31 01:00,Gurugram,28.4595,77.0266,33,46,0,1023,15.5,Calm
2024-08-31 02:00,Gurugram,28.4595,77.0266,31.2,50,0,1026,6.7,Calm
2024-08-31 03:00,Gurugram,28.4595,77.0266,29.9,51,0,1022.7,14.7,W
2024-08-31 04:00,Gurugram,28.4595,77.0266,27.4,46,0,1023.6,11.1,NW
2024-08-31 05:00,Gurugram,28.4595,77.0266,34.1,44,0,1025.7,5.1,W
2024-08-31 06:00,Gurugram,28.4595,77.0266,30.3,45,0,1026.9,12.2,W
2024-08-31 07:00,Gurugram,28.4595,77.0266,32.8,41,0,1022.7,9.3,NW
2024-08-31 08:00,Gurugram,28.4595,77.0266,36.1,34,0,1027.1,2.4,W
2024-08-31 09:00,Gurugram,28.4595,77.0266,35,23,0,1021.3,3.6,W
2024-08-31 10:00,Gurugram,28.4595,77.0266,36.1,25,0,1025.1,13,SW
2024-08-31 11:00,Gurugram,28.4595,77.0266,36.5,18,0,1026.3,6.5,NW
2024-08-31 12:00,Gurugram,28.4595,77.0266,43,17,0,1022.9,10.3,ESE
2024-08-31 13:00,Gurugram,28.4595,77.0266,41.8,19,0,1025.6,16.5,WNW
2024-08-31 14:00,Gurugram,28.4595,77.0266,47.8,20,0,1023.5,8.2,NW
2024-08-31 15:00,Gurugram,28.4595,77.0266,41.8,28,0,1023.2,17.2,NW
2024-08-31 16:00,Gurugram,28.4595,77.0266,41.7,14,0,1022.5,3.7,NW
2024-08-31 17:00,Gurugram,28.4595,77.0266,41.7,24,0,1024,17,NW
2024-08-31 18:00,Gurugram,28.4595,77.0266,42.1,23,0,1024.3,5.1,NW
2024-08-31 19:00,Gurugram,28.4595,77.0266,39.5,32,0,1022.7,10.9,SW
2024-08-31 20:00,Gurugram,28.4595,77.0266,39.9,32,0,1025.9,14.3,NW
2024-08-31 21:00,Gurugram,28.4595,77.0266,35.4,26,0,1023.4,22.9,SE
2024-08-31 22:00,Gurugram,28.4595,77.0266,32.9,26,0,1024.1,30.9,SW
2024-08-31 23:00,Gurugram,28.4595,77.0266,30.6,41,0,1024.4,4,WNW
2024-09-01 00:00,Gurugram,28.4595,77.0266,28.3,40,0,1027.9,25.1,NW
2024-09-01 01:00,Gurugram,28.4595,77.0266,30.4,39,0,1025.9,11.7,W
2024-09-01 02:00,Gurugram,28.4595,77.0266,30.1,39,0,1025.3,6.1,NW
2024-09-01 03:00,Gurugram,28.4595,77.0266,29.3,48,0,1023.8,19.3,NW
2024-09-01 04:00,Gurugram,28.4595,77.0266,32.9,56,0,1024.8,12.9,W
2024-09-01 05:00,Gurugram,28.4595,77.0266,33.5,43,0,1024.9,10.4,WNW
2024-09-01 06:00,Gurugram,28.4595,77.0266,31.7,46,0,1024.3,10.2,ESE
2024-09-01 07:00,Gurugram,28.4595,77.0266,30.5,39,0,1025.5,21.3,W
2024-09-01 08:00,Gurugram,28.4595,77.0266,34.2,28,0,1028.1,12.3,SE
2024-09-01 09:00,Gurugram,28.4595,77.0266,35.9,37,0,1023,13.6,NW
2024-09-01 10:00,Gurugram,28.4595,77.0266,37.4,22,0,1024.8,15.9,NW
2024-09-01 11:00,Gurugram,28.4595,77.0266,38.9,25,0,1024.8,5.4,W
2024-09-01 12:00,Gurugram,28.4595,77.0266,40.4,20,0,1024,14.4,E
2024-09-01 13:00,Gurugram,28.4595,77.0266,41.9,25,0,1023.5,11.8,SE
2024-09-01 14:00,Gurugram,28.4595,77.0266,42.1,12,0,1023.5,19.6,ESE
2024-09-01 15:00,Gurugram,28.4595,77.0266,43.8,20,0,1027,14.2,W
2024-09-01 16:00,Gurugram,28.4595,77.0266,43.9,13,0,1024.5,3.6,W
2024-09-01 17:00,Gurugram,28.4595,77.0266,40.9,16,0,1025.5,6.3,NW
2024-09-01 18:00,Gurugram,28.4595,77.0266,43.8,12,0,1024,14.9,W
2024-09-01 19:00,Gurugram,28.4595,77.0266,38.4,37,0,1024.8,8.8,WNW
2024-09-01 20:00,Gurugram,28.4595,77.0266,35.7,32,0,1024.9,6.6,WNW
2024-09-01 21:00,Gurugram,28.4595,77.0266,37.6,28,13.5,1024,5.1,E
2024-09-01 22:00,Gurugram,28.4595,77.0266,33.8,29,0,1024.6,8,SE
2024-09-01 23:00,Gurugram,28.4595,77.0266,34.3,37,1.9,1025.9,9.7,NW
2024-09-02 00:00,Gurugram,28.4595,77.0266,27.8,47,0,1023.2,8.4,Calm
2024-09-02 01:00,Gurugram,28.4595,77.0266,33.6,34,0,1024.8,12.7,NW
2024-09-02 02:00,Gurugram,28.4595,77.0266,31.7,46,0,1025.2,4.2,NW
2024-09-02 03:00,Gurugram,28.4595,77.0266,27.5,58,0,1025.5,8.4,SW
2024-09-02 04:00,Gurugram,28.4595,77.0266,27.8,40,0,1025.7,10.2,WNW
2024-09-02 05:00,Gurugram,28.4595,77.0266,34.1,46,0,1025.4,12.8,SE
2024-09-02 06:00,Gurugram,28.4595,77.0266,30.8,56,0,1025.9,9.7,NW
2024-09-02 07:00,Gurugram,28.4595,77.0266,32,44,0,1024,7.9,E
2024-09-02 08:00,Gurugram,28.4595,77.0266,31,37,0,1026.3,5.6,SE
2024-09-02 09:00,Gurugram,28.4595,77.0266,36.1,35,0,1024.7,11.9,WNW
2024-09-02 10:00,Gurugram,28.4595,77.0266,38,26,0,1025.6,9.6,ESE
2024-09-02 11:00,Gurugram,28.4595,77.0266,41.3,33,0,1022.9,8.3,Calm
2024-09-02 12:00,Gurugram,28.4595,77.0266,38.8,19,0,1025.3,8.7,WNW
2024-09-02 13:00,Gurugram,28.4595,77.0266,39.6,12,0,1024.7,4.7,WNW
2024-09-02 14:00,Gurugram,28.4595,77.0266,43.8,16,0,1024.1,9.6,ESE
2024-09-02 15:00,Gurugram,28.4595,77.0266,45.1,12,0,1026.1,6,WNW
2024-09-02 16:00,Gurugram,28.4595,77.0266,40.2,16,0,1024.8,8.7,Calm
2024-09-02 17:00,Gurugram,28.4595,77.0266,44.3,18,0,1024.7,10.2,NW
2024-09-02 18:00,Gurugram,28.4595,77.0266,41.4,29,0,1022.8,6.8,WNW
2024-09-02 19:00,Gurugram,28.4595,77.0266,42,29,0,1023.7,2.4,ESE
2024-09-02 20:00,Gurugram,28.4595,77.0266,38.3,30,0,1024.7,20.1,WNW
2024-09-02 21:00,Gurugram,28.4595,77.0266,32.2,32,0,1023.7,5.1,NW
2024-09-02 22:00,Gurugram,28.4595,77.0266,34.8,30,0,1026.2,9.8,WNW
2024-09-02 23:00,Gurugram,28.4595,77.0266,35.4,27,0,1024.2,11.6,E
2024-09-03 00:00,Gurugram,28.4595,77.0266,30.4,44,0,1023.5,14.5,W
2024-09-03 01:00,Gurugram,28.4595,77.0266,30.2,50,0,1023.3,2.5,WNW
2024-09-03 02:00,Gurugram,28.4595,77.0266,30,46,0,1024.5,7.7,ESE
2024-09-03 03:00,Gurugram,28.4595,77.0266,24.8,44,0,1025.7,18.2,W
2024-09-03 04:00,Gurugram,28.4595,77.0266,33.3,50,0,1023.6,24,W
2024-09-03 05:00,Gurugram,28.4595,77.0266,29.3,45,0,1023.4,7,WNW
2024-09-03 06:00,Gurugram,28.4595,77.0266,32.9,53,0,1024,11,NW
2024-09-03 07:00,Gurugram,28.4595,77.0266,33.2,48,0,1024.6,5.8,W
2024-09-03 08:00,Gurugram,28.4595,77.0266,37.1,42,0,1023.4,9.7,WNW
2024-09-03 09:00,Gurugram,28.4595,77.0266,37.3,37,0,1024.8,15.3,WNW
2024-09-03 10:00,Gurugram,28.4595,77.0266,37.8,21,0,1026.5,5.8,NW
2024-09-03 11:00,Gurugram,28.4595,77.0266,38.2,29,0,1024.7,10.5,NW
2024-09-03 12:00,Gurugram,28.4595,77.0266,42.6,24,10.8,1024.2,13.8,SE
2024-09-03 13:00,Gurugram,28.4595,77.0266,38.8,23,0,1026,11.9,WNW
2024-09-03 14:00,Gurugram,28.4595,77.0266,44,21,0,1023.3,3.3,NW
2024-09-03 15:00,Gurugram,28.4595,77.0266,41.1,20,0,1025.3,11.5,NW
2024-09-03 16:00,Gurugram,28.4595,77.0266,45.1,34,0,1024.7,3.7,NW
2024-09-03 17:00,Gurugram,28.4595,77.0266,42.5,19,0,1026.7,2.1,WNW
2024-09-03 18:00,Gurugram,28.4595,77.0266,42.3,28,0,1026.2,4.4,W
2024-09-03 19:00,Gurugram,28.4595,77.0266,40,22,0,1022.3,5.3,NW
2024-09-03 20:00,Gurugram,28.4595,77.0266,35.1,34,0,1024.9,4.6,WNW
2024-09-03 21:00,Gurugram,28.4595,77.0266,35,38,0,1022.9,9.6,NW
2024-09-03 22:00,Gurugram,28.4595,77.0266,36.1,39,0,1026,24.8,NW
2024-09-03 23:00,Gurugram,28.4595,77.0266,33.6,50,0,1023.5,8.3,E
2024-09-04 00:00,Gurugram,28.4595,77.0266,33.9,38,0,1025.8,11,W
2024-09-04 01:00,Gurugram,28.4595,77.0266,31.5,43,0,1026.2,15.4,SE
2024-09-04 02:00,Gurugram,28.4595,77.0266,28.3,49,0,1022.7,22.2,NW
2024-09-04 03:00,Gurugram,28.4595,77.0266,28.4,53,0,1026.6,9.5,WNW
2024-09-04 04:00,Gurugram,28.4595,77.0266,30.3,48,0,1026.2,4.5,WNW
2024-09-04 05:00,Gurugram,28.4595,77.0266,26.6,54,0,1023.6,19.7,W
2024-09-04 06:00,Gurugram,28.4595,77.0266,34.8,39,0,1026.2,7.1,W
2024-09-04 07:00,Gurugram,28.4595,77.0266,33.9,34,0,1023.4,18.4,W
2024-09-04 08:00,Gurugram,28.4595,77.0266,36.9,39,0,1025.9,13.8,NW
2024-09-04 09:00,Gurugram,28.4595,77.0266,33.5,32,0,1024.7,15,WNW
2024-09-04 10:00,Gurugram,28.4595,77.0266,40.3,32,0,1023.1,16.8,SE
2024-09-04 11:00,Gurugram,28.4595,77.0266,43.6,25,0,1026.6,12.3,WNW
2024-09-04 12:00,Gurugram,28.4595,77.0266,38.6,20,0,1026.6,7,NW
2024-09-04 13:00,Gurugram,28.4595,77.0266,43.4,19,0,1025.1,14.9,WNW
2024-09-04 14:00,Gurugram,28.4595,77.0266,42.6,19,0,1024.9,4.5,ESE
2024-09-04 15:00,Gurugram,28.4595,77.0266,40.1,16,0,1024.4,17.3,NW
2024-09-04 16:00,Gurugram,28.4595,77.0266,43.5,17,0,1025.5,25.8,W
2024-09-04 17:00,Gurugram,28.4595,77.0266,43.5,17,0,1025.3,4.5,Calm
2024-09-04 18:00,Gurugram,28.4595,77.0266,39.9,27,0,1026.7,2.5,WNW
2024-09-04 19:00,Gurugram,28.4595,77.0266,41.7,27,0,1025.1,14.3,NW
2024-09-04 20:00,Gurugram,28.4595,77.0266,35.1,43,0,1026.5,10.2,W
2024-09-04 21:00,Gurugram,28.4595,77.0266,33.7,34,0,1022.6,3.1,NW
2024-09-04 22:00,Gurugram,28.4595,77.0266,34.9,33,0,1025.8,3.3,NW
2024-09-04 23:00,Gurugram,28.4595,77.0266,33.2,56,0,1025.1,12.8,NW
2024-09-05 00:00,Gurugram,28.4595,77.0266,30.3,46,0,1025.5,11.3,NW
2024-09-05 01:00,Gurugram,28.4595,77.0266,32,52,0,1027.2,3.5,E
2024-09-05 02:00,Gurugram,28.4595,77.0266,30.9,51,0,1026.3,19.5,ESE
2024-09-05 03:00,Gurugram,28.4595,77.0266,31.2,52,0,1024.6,14.2,WNW
2024-09-05 04:00,Gurugram,28.4595,77.0266,29.7,51,0,1024,8.5,E
2024-09-05 05:00,Gurugram,28.4595,77.0266,31.6,39,0,1022.7,6.9,W
2024-09-05 06:00,Gurugram,28.4595,77.0266,30.8,46,0,1025.6,7.3,WNW
2024-09-05 07:00,Gurugram,28.4595,77.0266,36.6,33,0,1026.5,5.3,NW
2024-09-05 08:00,Gurugram,28.4595,77.0266,33,36,0,1026.5,28,ESE
2024-09-05 09:00,Gurugram,28.4595,77.0266,40,29,0,1024.5,7.9,WNW
2024-09-05 10:00,Gurugram,28.4595,77.0266,37.9,31,0,1026.5,12.2,NW
2024-09-05 11:00,Gurugram,28.4595,77.0266,36.9,28,0,1026.5,4.2,NW
2024-09-05 12:00,Gurugram,28.4595,77.0266,43.2,25,0,1026.2,7.6,NW
2024-09-05 13:00,Gurugram,28.4595,77.0266,42,22,0,1025.1,10.3,ESE
2024-09-05 14:00,Gurugram,28.4595,77.0266,44,15,0,1025,10,NW
2024-09-05 15:00,Gurugram,28.4595,77.0266,44.9,16,0,1025.7,1.5,W
2024-09-05 16:00,Gurugram,28.4595,77.0266,43.1,24,0,1025.8,8,NW
2024-09-05 17:00,Gurugram,28.4595,77.0266,40.7,26,0,1024.5,16.4,W
2024-09-05 18:00,Gurugram,28.4595,77.0266,42.5,16,0,1024.6,3.4,WNW
2024-09-05 19:00,Gurugram,28.4595,77.0266,39.4,16,0,1025.3,30.3,W
2024-09-05 20:00,Gurugram,28.4595,77.0266,39.1,25,0,1024.3,10.5,NW
2024-09-05 21:00,Gurugram,28.4595,77.0266,32.3,39,0,1024.4,11.7,NW
2024-09-05 22:00,Gurugram,28.4595,77.0266,35.3,44,0,1022.9,3.3,NW
2024-09-05 23:00,Gurugram,28.4595,77.0266,31.8,35,0,1023.8,10.6,W
2024-09-06 00:00,Gurugram,28.4595,77.0266,34.4,46,0,1026.1,10.2,NW
2024-09-06 01:00,Gurugram,28.4595,77.0266,31.5,57,7.1,1026.4,3.4,W
2024-09-06 02:00,Gurugram,28.4595,77.0266,30.1,50,0,1025.1,17.7,NW
2024-09-06 03:00,Gurugram,28.4595,77.0266,30.3,57,6,1026.1,5.4,SW
2024-09-06 04:00,Gurugram,28.4595,77.0266,27.9,54,0,1022.5,8.5,WNW
2024-09-06 05:00,Gurugram,28.4595,77.0266,33.3,41,0,1025.7,18.3,NW
2024-09-06 06:00,Gurugram,28.4595,77.0266,35,43,0,1023.4,3.9,NW
2024-09-06 07:00,Gurugram,28.4595,77.0266,33.4,41,0,1024.2,5.2,WNW
2024-09-06 08:00,Gurugram,28.4595,77.0266,37.2,38,0,1026,9.2,E
2024-09-06 09:00,Gurugram,28.4595,77.0266,34.9,39,0,1026.2,9.8,NW
2024-09-06 10:00,Gurugram,28.4595,77.0266,36.2,32,0,1022.9,12.7,SE
2024-09-06 11:00,Gurugram,28.4595,77.0266,39.3,12,0,1023.2,25.7,WNW
2024-09-06 12:00,Gurugram,28.4595,77.0266,41.4,15,0,1024.4,19.5,SE
2024-09-06 13:00,Gurugram,28.4595,77.0266,40.9,12,0,1023,14.2,E
2024-09-06 14:00,Gurugram,28.4595,77.0266,43.2,20,0,1024.7,12.3,Calm
2024-09-06 15:00,Gurugram,28.4595,77.0266,43,20,0,1026.2,6.8,NW
2024-09-06 16:00,Gurugram,28.4595,77.0266,40.5,20,0,1023.3,2.2,SE
2024-09-06 17:00,Gurugram,28.4595,77.0266,42.5,15,0,1027.6,39.4,NW
2024-09-06 18:00,Gurugram,28.4595,77.0266,42.1,27,0,1024.9,6.7,NW
2024-09-06 19:00,Gurugram,28.4595,77.0266,39.5,30,0,1025.6,6.8,W
2024-09-06 20:00,Gurugram,28.4595,77.0266,39.7,22,14,1024,3.9,WNW
2024-09-06 21:00,Gurugram,28.4595,77.0266,33.8,24,0,1026.4,12.8,W
2024-09-06 22:00,Gurugram,28.4595,77.0266,35.1,37,0,1025.5,7.1,Calm
2024-09-06 23:00,Gurugram,28.4595,77.0266,30.6,52,0,1025.5,20.6,SE
2024-09-07 00:00,Gurugram,28.4595,77.0266,29.2,54,0,1025.8,21.5,WNW
2024-09-07 01:00,Gurugram,28.4595,77.0266,29,50,11.9,1023.8,7.5,W
2024-09-07 02:00,Gurugram,28.4595,77.0266,27.8,44,0,1025.8,18.7,NW
2024-09-07 03:00,Gurugram,28.4595,77.0266,28.3,54,0,1026.2,9.1,WNW
2024-09-07 04:00,Gurugram,28.4595,77.0266,29.1,45,0,1023.5,5.1,W
2024-09-07 05:00,Gurugram,28.4595,77.0266,31.7,42,0,1025,5,ESE
2024-09-07 06:00,Gurugram,28.4595,77.0266,30.6,31,0,1025,12.2,SW
2024-09-07 07:00,Gurugram,28.4595,77.0266,29.7,42,0,1025.4,7,NW
2024-09-07 08:00,Gurugram,28.4595,77.0266,36.1,34,0,1026.2,11.5,SW
2024-09-07 09:00,Gurugram,28.4595,77.0266,34.3,34,0,1026.3,13,W
2024-09-07 10:00,Gurugram,28.4595,77.0266,37.3,16,0,1025.2,8.4,NW
2024-09-07 11:00,Gurugram,28.4595,77.0266,39.8,27,0,1026.5,6.7,WNW
2024-09-07 12:00,Gurugram,28.4595,77.0266,40.7,12,0,1023.7,7.4,WNW
2024-09-07 13:00,Gurugram,28.4595,77.0266,43.4,27,0,1025.7,18.1,WNW
2024-09-07 14:00,Gurugram,28.4595,77.0266,42.9,22,0,1022.9,4.3,NW
2024-09-07 15:00,Gurugram,28.4595,77.0266,40.7,17,0,1024.8,4.3,W
2024-09-07 16:00,Gurugram,28.4595,77.0266,46,22,0,1025.9,6.6,NW
2024-09-07 17:00,Gurugram,28.4595,77.0266,41.8,15,0,1026.2,18.4,SW
2024-09-07 18:00,Gurugram,28.4595,77.0266,40.1,23,0,1025.7,18.9,E
2024-09-07 19:00,Gurugram,28.4595,77.0266,40.8,31,0,1027.2,12.6,WNW
2024-09-07 20:00,Gurugram,28.4595,77.0266,37.9,12,11.8,1025.5,16.8,NW
2024-09-07 21:00,Gurugram,28.4595,77.0266,36.5,31,0,1023.3,6.3,W
2024-09-07 22:00,Gurugram,28.4595,77.0266,38.6,37,0,1022.6,4.3,W
2024-09-07 23:00,Gurugram,28.4595,77.0266,32,40,0,1024.2,10.5,E
2024-09-08 00:00,Gurugram,28.4595,77.0266,30.4,53,0,1024.3,13.4,NW
2024-09-08 01:00,Gurugram,28.4595,77.0266,30.1,40,0,1025.6,20.6,ESE
2024-09-08 02:00,Gurugram,28.4595,77.0266,31.2,44,0,1024.9,3.5,W
2024-09-08 03:00,Gurugram,28.4595,77.0266,26.4,37,0,1024.4,8.9,NW
2024-09-08 04:00,Gurugram,28.4595,77.0266,25.8,57,0,1024.8,5.4,NW
2024-09-08 05:00,Gurugram,28.4595,77.0266,28.9,45,0,1025.1,1.6,ESE
2024-09-08 06:00,Gurugram,28.4595,77.0266,28,42,0,1024.5,9.4,WNW
2024-09-08 07:00,Gurugram,28.4595,77.0266,31.6,41,0,1025.6,12.4,Calm
2024-09-08 08:00,Gurugram,28.4595,77.0266,34.8,41,0,1026.6,7.7,E
2024-09-08 09:00,Gurugram,28.4595,77.0266,34,36,0,1024.7,8.3,W
2024-09-08 10:00,Gurugram,28.4595,77.0266,34.7,46,0,1025.6,8.2,W
2024-09-08 11:00,Gurugram,28.4595,77.0266,38.9,29,0,1028,3.4,NW
2024-09-08 12:00,Gurugram,28.4595,77.0266,41.7,20,0,1025.8,8,E
2024-09-08 13:00,Gurugram,28.4595,77.0266,38.1,17,0,1026.8,2.4,WNW
2024-09-08 14:00,Gurugram,28.4595,77.0266,43.3,17,0,1024.9,13.2,W
2024-09-08 15:00,Gurugram,28.4595,77.0266,43.5,12,0,1026.9,5.4,E
2024-09-08 16:00,Gurugram,28.4595,77.0266,43.6,19,0,1024.5,18.4,NW
2024-09-08 17:00,Gurugram,28.4595,77.0266,43.4,25,0,1026.2,1.5,WNW
2024-09-08 18:00,Gurugram,28.4595,77.0266,44.1,19,0,1026.8,18.2,W
2024-09-08 19:00,Gurugram,28.4595,77.0266,38.2,21,0,1027.4,5.1,NW
2024-09-08 20:00,Gurugram,28.4595,77.0266,37.4,39,0,1025.7,21.8,NW
2024-09-08 21:00,Gurugram,28.4595,77.0266,34.8,25,0,1025.2,13,W
2024-09-08 22:00,Gurugram,28.4595,77.0266,33.9,25,0,1023.9,20.3,W
2024-09-08 23:00,Gurugram,28.4595,77.0266,35.1,34,0,1025.4,8.7,WNW
2024-09-09 00:00,Gurugram,28.4595,77.0266,28.3,35,0,1026.6,15.5,E
2024-09-09 01:00,Gurugram,28.4595,77.0266,28.2,49,0,1026.5,10,NW
2024-09-09 02:00,Gurugram,28.4595,77.0266,31.6,46,0,1025.6,3.3,WNW
2024-09-09 03:00,Gurugram,28.4595,77.0266,30.7,48,0,1026.1,5,NW
2024-09-09 04:00,Gurugram,28.4595,77.0266,28.4,55,0,1027.7,21.1,NW
2024-09-09 05:00,Gurugram,28.4595,77.0266,31.3,43,1.7,1026.5,8.3,WNW
2024-09-09 06:00,Gurugram,28.4595,77.0266,31.4,49,0,1025.4,9.3,W
2024-09-09 07:00,Gurugram,28.4595,77.0266,34.8,50,0,1025.7,7.3,ESE
2024-09-09 08:00,Gurugram,28.4595,77.0266,33.8,35,0,1026.5,5.7,WNW
2024-09-09 09:00,Gurugram,28.4595,77.0266,37.2,38,0,1026.4,6.6,NW
2024-09-09 10:00,Gurugram,28.4595,77.0266,41.8,29,0,1028.4,8.6,W
2024-09-09 11:00,Gurugram,28.4595,77.0266,39.7,32,0,1027.7,7.3,WNW
2024-09-09 12:00,Gurugram,28.4595,77.0266,40,14,0,1024.4,18.2,NW
2024-09-09 13:00,Gurugram,28.4595,77.0266,42.3,12,0,1024.9,6.9,SW
2024-09-09 14:00,Gurugram,28.4595,77.0266,41,17,0,1027.2,19.6,W
2024-09-09 15:00,Gurugram,28.4595,77.0266,46.2,14,0,1024.7,6.5,NW
2024-09-09 16:00,Gurugram,28.4595,77.0266,42,16,0,1025.9,8.6,ESE
2024-09-09 17:00,Gurugram,28.4595,77.0266,40.5,20,0,1027.6,5.8,SE
2024-09-09 18:00,Gurugram,28.4595,77.0266,38.5,28,0,1026,8.9,ESE
2024-09-09 19:00,Gurugram,28.4595,77.0266,40.6,24,0,1026.8,8.1,W
2024-09-09 20:00,Gurugram,28.4595,77.0266,38.6,25,0,1025.9,14.4,WNW
2024-09-09 21:00,Gurugram,28.4595,77.0266,34.5,32,0,1025.6,8.4,SE
2024-09-09 22:00,Gurugram,28.4595,77.0266,34.7,33,0,1023.5,21.2,ESE
2024-09-09 23:00,Gurugram,28.4595,77.0266,29.4,36,0,1026,5.7,W
2024-09-10 00:00,Gurugram,28.4595,77.0266,30.9,35,0,1025.2,11.5,W
2024-09-10 01:00,Gurugram,28.4595,77.0266,30.3,48,0,1027.4,12.8,NW
2024-09-10 02:00,Gurugram,28.4595,77.0266,31.9,45,0,1022.8,17,NW
2024-09-10 03:00,Gurugram,28.4595,77.0266,27.3,55,0,1025.2,5.5,SW
2024-09-10 04:00,Gurugram,28.4595,77.0266,26.6,40,0,1027.5,16,SW
2024-09-10 05:00,Gurugram,28.4595,77.0266,27.9,44,0,1028.2,27,SE
2024-09-10 06:00,Gurugram,28.4595,77.0266,28.1,56,0,1027.2,15,WNW
2024-09-10 07:00,Gurugram,28.4595,77.0266,34.3,36,0,1026.6,4.9,NW
2024-09-10 08:00,Gurugram,28.4595,77.0266,36.3,37,0,1023.8,7.5,WNW
2024-09-10 09:00,Gurugram,28.4595,77.0266,35.7,27,0,1024.6,9.7,ESE
2024-09-10 10:00,Gurugram,28.4595,77.0266,39,22,0,1026.9,6.3,WNW
2024-09-10 11:00,Gurugram,28.4595,77.0266,38.6,36,0,1024.3,18.5,SE
2024-09-10 12:00,Gurugram,28.4595,77.0266,39.6,25,0,1025.5,3.5,ESE
2024-09-10 13:00,Gurugram,28.4595,77.0266,40.2,22,0,1025.5,5.3,W
2024-09-10 14:00,Gurugram,28.4595,77.0266,40.9,12,0,1026.3,6.7,SW
2024-09-10 15:00,Gurugram,28.4595,77.0266,38.9,21,0,1026.6,15.3,E
2024-09-10 16:00,Gurugram,28.4595,77.0266,41.9,27,0,1022.8,9.5,ESE
2024-09-10 17:00,Gurugram,28.4595,77.0266,40.7,28,29.2,1026.2,13.9,NW
2024-09-10 18:00,Gurugram,28.4595,77.0266,41.1,28,0,1025,9.4,SW
2024-09-10 19:00,Gurugram,28.4595,77.0266,38.6,20,0,1026.5,10.8,NW
2024-09-10 20:00,Gurugram,28.4595,77.0266,36.5,32,0,1023.7,6.9,WNW
2024-09-10 21:00,Gurugram,28.4595,77.0266,33.6,38,0,1027,12.2,SE
2024-09-10 22:00,Gurugram,28.4595,77.0266,33.6,27,0,1025,15,NW
2024-09-10 23:00,Gurugram,28.4595,77.0266,33.2,35,0,1025.4,4.9,W
2024-09-11 00:00,Gurugram,28.4595,77.0266,28.3,50,0,1027.9,7.2,WNW
2024-09-11 01:00,Gurugram,28.4595,77.0266,29.5,53,0,1025.8,10.9,W
2024-09-11 02:00,Gurugram,28.4595,77.0266,29.1,40,0,1027.2,11.9,Calm
2024-09-11 03:00,Gurugram,28.4595,77.0266,27.1,54,0,1025.9,4.6,SE
2024-09-11 04:00,Gurugram,28.4595,77.0266,27.6,49,0,1028,20.4,NW
2024-09-11 05:00,Gurugram,28.4595,77.0266,29.7,52,0,1026.4,8.6,NW
2024-09-11 06:00,Gurugram,28.4595,77.0266,28.3,41,0,1026.6,7.5,Calm
2024-09-11 07:00,Gurugram,28.4595,77.0266,32.3,46,0,1026.2,29.1,W
2024-09-11 08:00,Gurugram,28.4595,77.0266,31.6,43,0,1025.6,11.9,NW
2024-09-11 09:00,Gurugram,28.4595,77.0266,36.8,32,0,1027,13.1,W
2024-09-11 10:00,Gurugram,28.4595,77.0266,40.8,31,11.8,1025.1,10.3,NW
2024-09-11 11:00,Gurugram,28.4595,77.0266,36.6,23,0,1026.8,9,NW
2024-09-11 12:00,Gurugram,28.4595,77.0266,40.5,34,0,1027.1,12.5,W
2024-09-11 13:00,Gurugram,28.4595,77.0266,39.3,21,0,1026.6,4,WNW
2024-09-11 14:00,Gurugram,28.4595,77.0266,43.1,14,0,1024.8,9.5,WNW
2024-09-11 15:00,Gurugram,28.4595,77.0266,39.2,15,0,1026.5,5.8,W
2024-09-11 16:00,Gurugram,28.4595,77.0266,42.1,21,0,1027.2,6.1,E
2024-09-11 17:00,Gurugram,28.4595,77.0266,39,26,0,1024.5,3.6,ESE
2024-09-11 18:00,Gurugram,28.4595,77.0266,39.2,16,0,1024.1,6,WNW
2024-09-11 19:00,Gurugram,28.4595,77.0266,36.3,38,0,1027,6.2,W
2024-09-11 20:00,Gurugram,28.4595,77.0266,38.1,32,0,1025.2,1.9,ESE
2024-09-11 21:00,Gurugram,28.4595,77.0266,33.4,37,0,1026.9,19.7,SE
2024-09-11 22:00,Gurugram,28.4595,77.0266,34.2,38,0,1028,13.7,NW
2024-09-11 23:00,Gurugram,28.4595,77.0266,31.1,42,0,1024.2,4.3,NW
2024-09-12 00:00,Gurugram,28.4595,77.0266,29.9,44,0,1024.3,5.2,ESE
2024-09-12 01:00,Gurugram,28.4595,77.0266,29.4,54,0,1027.1,4.3,NW
2024-09-12 02:00,Gurugram,28.4595,77.0266,27.1,49,0,1027.7,7,WNW
2024-09-12 03:00,Gurugram,28.4595,77.0266,28.6,54,0,1028.2,6.8,NW
2024-09-12 04:00,Gurugram,28.4595,77.0266,31.2,47,0,1027.1,28,WNW
2024-09-12 05:00,Gurugram,28.4595,77.0266,27.7,49,0,1026,7,WNW
2024-09-12 06:00,Gurugram,28.4595,77.0266,32.2,40,0,1026.2,11.4,E
2024-09-12 07:00,Gurugram,28.4595,77.0266,34.2,49,0,1026.5,5.3,ESE
2024-09-12 08:00,Gurugram,28.4595,77.0266,31.6,34,0,1028.1,14.4,NW
2024-09-12 09:00,Gurugram,28.4595,77.0266,32.1,33,0,1026.5,6.9,E
2024-09-12 10:00,Gurugram,28.4595,77.0266,36.9,29,0,1025.3,3.5,WNW
2024-09-12 11:00,Gurugram,28.4595,77.0266,37,25,0,1026.4,6.1,NW
2024-09-12 12:00,Gurugram,28.4595,77.0266,42.7,28,0,1024.2,5.8,W
2024-09-12 13:00,Gurugram,28.4595,77.0266,40.4,20,0,1025.5,12.1,NW
2024-09-12 14:00,Gurugram,28.4595,77.0266,39.6,29,0,1025.8,9.1,WNW
2024-09-12 15:00,Gurugram,28.4595,77.0266,39.2,15,0,1025.7,10.6,SE
2024-09-12 16:00,Gurugram,28.4595,77.0266,43,21,0,1024.2,15.6,W
2024-09-12 17:00,Gurugram,28.4595,77.0266,39.3,17,0,1024.7,2.7,WNW
2024-09-12 18:00,Gurugram,28.4595,77.0266,39.4,27,0,1026.1,7.8,NW
2024-09-12 19:00,Gurugram,28.4595,77.0266,39.7,27,0,1027.1,6.7,NW
2024-09-12 20:00,Gurugram,28.4595,77.0266,35.5,30,0,1025.6,12.1,Calm
2024-09-12 21:00,Gurugram,28.4595,77.0266,34.6,42,0,1026.2,11.4,WNW
2024-09-12 22:00,Gurugram,28.4595,77.0266,33,35,0,1027.2,2.5,W
2024-09-12 23:00,Gurugram,28.4595,77.0266,32.7,46,0,1029.3,11.5,WNW
2024-09-13 00:00,Gurugram,28.4595,77.0266,31,41,0,1025.9,5.8,NW
2024-09-13 01:00,Gurugram,28.4595,77.0266,28.5,49,0,1025.3,17.9,SW
2024-09-13 02:00,Gurugram,28.4595,77.0266,28.3,42,0,1027.2,8.3,NW
2024-09-13 03:00,Gurugram,28.4595,77.0266,27.3,46,0,1027.3,5.6,W
2024-09-13 04:00,Gurugram,28.4595,77.0266,25.6,49,0,1024.7,18,SE
2024-09-13 05:00,Gurugram,28.4595,77.0266,29.3,59,0,1024.9,5.2,ESE
2024-09-13 06:00,Gurugram,28.4595,77.0266,33.3,46,0,1024.6,15.4,SE
2024-09-13 07:00,Gurugram,28.4595,77.0266,29.7,52,0,1025.4,12.3,ESE
2024-09-13 08:00,Gurugram,28.4595,77.0266,31.4,40,0,1027.3,18.4,WNW
2024-09-13 09:00,Gurugram,28.4595,77.0266,32.9,33,0,1026.7,12.5,E
2024-09-13 10:00,Gurugram,28.4595,77.0266,37.5,40,0,1026.5,16.3,SW
2024-09-13 11:00,Gurugram,28.4595,77.0266,38.6,30,0,1025.1,10,WNW
2024-09-13 12:00,Gurugram,28.4595,77.0266,38.8,20,0,1025,21.2,WNW
2024-09-13 13:00,Gurugram,28.4595,77.0266,38.5,25,0,1026.4,8.7,WNW
2024-09-13 14:00,Gurugram,28.4595,77.0266,40.9,19,0,1026.2,3.6,NW
2024-09-13 15:00,Gurugram,28.4595,77.0266,38.2,12,0,1026.9,3.7,NW
2024-09-13 16:00,Gurugram,28.4595,77.0266,41,26,0,1027.9,2.6,NW
2024-09-13 17:00,Gurugram,28.4595,77.0266,41.7,28,0,1024.9,24.4,SE
2024-09-13 18:00,Gurugram,28.4595,77.0266,36.8,35,0,1026.1,9.1,W
2024-09-13 19:00,Gurugram,28.4595,77.0266,35,30,0,1026.4,2.4,E
2024-09-13 20:00,Gurugram,28.4595,77.0266,39,30,0,1026.5,12.6,ESE
2024-09-13 21:00,Gurugram,28.4595,77.0266,33.4,40,0,1026.4,7.2,WNW
2024-09-13 22:00,Gurugram,28.4595,77.0266,34.9,44,0,1026.2,18.4,NW
2024-09-13 23:00,Gurugram,28.4595,77.0266,31,52,0,1026.5,13.4,W
2024-09-14 00:00,Gurugram,28.4595,77.0266,29.4,45,0,1027,12.2,SW
2024-09-14 01:00,Gurugram,28.4595,77.0266,29.4,47,0,1025.6,6.3,SE
2024-09-14 02:00,Gurugram,28.4595,77.0266,26.4,45,0,1027,25.3,ESE
2024-09-14 03:00,Gurugram,28.4595,77.0266,28,53,0,1027,10.5,ESE
2024-09-14 04:00,Gurugram,28.4595,77.0266,27.3,40,0,1026.7,13.3,W
2024-09-14 05:00,Gurugram,28.4595,77.0266,26.3,53,0,1028.3,5.4,NW
2024-09-14 06:00,Gurugram,28.4595,77.0266,30.3,49,0,1026.7,7.8,NW
2024-09-14 07:00,Gurugram,28.4595,77.0266,30.5,46,0,1026.8,3.3,W
2024-09-14 08:00,Gurugram,28.4595,77.0266,32.3,40,0,1025.2,7.7,NW
2024-09-14 09:00,Gurugram,28.4595,77.0266,32.1,44,0,1027.7,11.8,SE
2024-09-14 10:00,Gurugram,28.4595,77.0266,38.8,37,0,1028.7,2.5,WNW
2024-09-14 11:00,Gurugram,28.4595,77.0266,39.1,24,0,1026.6,3.7,NW
2024-09-14 12:00,Gurugram,28.4595,77.0266,40.6,21,0,1023.9,5.3,SE
2024-09-14 13:00,Gurugram,28.4595,77.0266,39.4,17,0,1027.7,4.9,ESE
2024-09-14 14:00,Gurugram,28.4595,77.0266,37.4,24,0,1028.1,4.3,NW
2024-09-14 15:00,Gurugram,28.4595,77.0266,44.3,14,0,1026.7,6.3,Calm
2024-09-14 16:00,Gurugram,28.4595,77.0266,40.4,27,0,1025.8,11.4,WNW
2024-09-14 17:00,Gurugram,28.4595,77.0266,38.6,30,0,1027.9,3.3,ESE
2024-09-14 18:00,Gurugram,28.4595,77.0266,39.6,19,0,1027.8,3.9,SW
2024-09-14 19:00,Gurugram,28.4595,77.0266,39.6,27,0,1026.7,10.5,NW
2024-09-14 20:00,Gurugram,28.4595,77.0266,35.9,31,0,1027.8,16.3,E
2024-09-14 21:00,Gurugram,28.4595,77.0266,36.6,40,0,1025.5,24,ESE
2024-09-14 22:00,Gurugram,28.4595,77.0266,34.5,49,0,1028,4.1,NW
2024-09-14 23:00,Gurugram,28.4595,77.0266,29.1,33,0,1026.7,5.1,W
2024-09-15 00:00,Gurugram,28.4595,77.0266,28.2,44,0,1026.2,4.8,E
2024-09-15 01:00,Gurugram,28.4595,77.0266,30.1,47,0,1026.7,31.9,SE
2024-09-15 02:00,Gurugram,28.4595,77.0266,22.9,42,0,1027.5,6.9,ESE
2024-09-15 03:00,Gurugram,28.4595,77.0266,27.3,48,0,1026.9,28.8,NW
2024-09-15 04:00,Gurugram,28.4595,77.0266,25.2,52,0,1028.7,11.4,NW
2024-09-15 05:00,Gurugram,28.4595,77.0266,27.6,47,0,1028,16.1,W
2024-09-15 06:00,Gurugram,28.4595,77.0266,28.9,37,0,1025.1,11.4,W
2024-09-15 07:00,Gurugram,28.4595,77.0266,30.2,60,0,1027.7,8,SW
2024-09-15 08:00,Gurugram,28.4595,77.0266,31.4,41,0,1027.8,7.6,WNW
2024-09-15 09:00,Gurugram,28.4595,77.0266,32.1,36,0,1027.3,2.1,NW
2024-09-15 10:00,Gurugram,28.4595,77.0266,39.9,25,0,1025.4,13.5,NW
2024-09-15 11:00,Gurugram,28.4595,77.0266,40.7,29,0,1027.9,18.8,NW
2024-09-15 12:00,Gurugram,28.4595,77.0266,36.6,24,0,1026.9,2.7,NW
2024-09-15 13:00,Gurugram,28.4595,77.0266,42.5,12,0,1025.3,6.2,W
2024-09-15 14:00,Gurugram,28.4595,77.0266,39.6,15,0,1027,4.3,NW
2024-09-15 15:00,Gurugram,28.4595,77.0266,40.8,25,0,1027.9,16.7,E
2024-09-15 16:00,Gurugram,28.4595,77.0266,40.2,33,0,1025.5,3.5,W
2024-09-15 17:00,Gurugram,28.4595,77.0266,38.5,25,0,1025.5,9.4,E
2024-09-15 18:00,Gurugram,28.4595,77.0266,40.4,31,0,1027.4,20.5,WNW
2024-09-15 19:00,Gurugram,28.4595,77.0266,37.5,27,0,1027,7.5,W
2024-09-15 20:00,Gurugram,28.4595,77.0266,34.9,31,0,1027.5,9.9,W
2024-09-15 21:00,Gurugram,28.4595,77.0266,31.7,42,0,1026.6,3.9,Calm
2024-09-15 22:00,Gurugram,28.4595,77.0266,30.8,49,0,1029.6,8.8,SE
2024-09-15 23:00,Gurugram,28.4595,77.0266,27.8,51,0,1026.1,5.7,W
2024-09-16 00:00,Gurugram,28.4595,77.0266,29.2,40,0,1027.5,8.4,W
2024-09-16 01:00,Gurugram,28.4595,77.0266,26,48,0,1026.1,27.3,NW
2024-09-16 02:00,Gurugram,28.4595,77.0266,27.1,52,0,1025,23.5,ESE
2024-09-16 03:00,Gurugram,28.4595,77.0266,29.8,49,0,1026.5,20,Calm
2024-09-16 04:00,Gurugram,28.4595,77.0266,29.7,53,0,1026.3,9.2,NW
2024-09-16 05:00,Gurugram,28.4595,77.0266,28.1,54,0,1028.8,8.2,W
2024-09-16 06:00,Gurugram,28.4595,77.0266,29.1,52,0,1027.2,4.6,WNW
2024-09-16 07:00,Gurugram,28.4595,77.0266,34,53,0,1025.8,11.1,E
2024-09-16 08:00,Gurugram,28.4595,77.0266,33.1,38,0,1026.8,2.9,NW
2024-09-16 09:00,Gurugram,28.4595,77.0266,33.2,28,0,1025.6,8.9,NW
2024-09-16 10:00,Gurugram,28.4595,77.0266,32.9,34,0,1026.4,10.5,NW
2024-09-16 11:00,Gurugram,28.4595,77.0266,37.8,39,0,1027.9,4.1,NW
2024-09-16 12:00,Gurugram,28.4595,77.0266,39.9,22,0,1027.3,12.2,ESE
2024-09-16 13:00,Gurugram,28.4595,77.0266,38.3,27,0,1024.7,9.4,NW
2024-09-16 14:00,Gurugram,28.4595,77.0266,40.6,25,0,1025.7,8.2,W
2024-09-16 15:00,Gurugram,28.4595,77.0266,39.7,22,0,1025.7,11.8,E
2024-09-16 16:00,Gurugram,28.4595,77.0266,39.8,21,0,1025.9,7.1,NW
2024-09-16 17:00,Gurugram,28.4595,77.0266,35,17,0,1027,7.4,NW
2024-09-16 18:00,Gurugram,28.4595,77.0266,38,12,0,1027.9,7.6,Calm
2024-09-16 19:00,Gurugram,28.4595,77.0266,38.8,22,0,1026.3,7.1,ESE
2024-09-16 20:00,Gurugram,28.4595,77.0266,34.4,29,0,1025.9,1.5,NW
2024-09-16 21:00,Gurugram,28.4595,77.0266,33.9,42,0,1027.7,8.7,NW
2024-09-16 22:00,Gurugram,28.4595,77.0266,30.8,39,0,1027.1,13.8,Calm
2024-09-16 23:00,Gurugram,28.4595,77.0266,31.2,40,0,1026.1,7.4,NW
2024-09-17 00:00,Gurugram,28.4595,77.0266,28.6,41,0,1026.3,7.4,ESE
2024-09-17 01:00,Gurugram,28.4595,77.0266,26.3,53,0,1026.5,3.7,NW
2024-09-17 02:00,Gurugram,28.4595,77.0266,29.7,59,0,1028.1,4.4,WNW
2024-09-17 03:00,Gurugram,28.4595,77.0266,28.8,57,0,1027.3,10.8,E
2024-09-17 04:00,Gurugram,28.4595,77.0266,26.2,54,0,1029,6.9,NW
2024-09-17 05:00,Gurugram,28.4595,77.0266,28.9,40,0,1027.5,13.2,NW
2024-09-17 06:00,Gurugram,28.4595,77.0266,30,44,0,1025.7,9.3,WNW
2024-09-17 07:00,Gurugram,28.4595,77.0266,31.5,55,0,1024.8,12.1,W
2024-09-17 08:00,Gurugram,28.4595,77.0266,28.9,47,0,1026.1,5.7,NW
2024-09-17 09:00,Gurugram,28.4595,77.0266,35.4,27,0,1024.9,11.2,WNW
2024-09-17 10:00,Gurugram,28.4595,77.0266,34.2,32,0,1025.9,3.5,WNW
2024-09-17 11:00,Gurugram,28.4595,77.0266,36.2,31,0,1026.8,14.1,NW
2024-09-17 12:00,Gurugram,28.4595,77.0266,42.9,21,0,1025.3,10,WNW
2024-09-17 13:00,Gurugram,28.4595,77.0266,39.8,12,0,1027.8,36.7,SW
2024-09-17 14:00,Gurugram,28.4595,77.0266,39.2,22,0,1026.2,9.7,NW
2024-09-17 15:00,Gurugram,28.4595,77.0266,36.1,16,0,1027.8,8.6,W
2024-09-17 16:00,Gurugram,28.4595,77.0266,42.4,17,0,1025.7,9,NW
2024-09-17 17:00,Gurugram,28.4595,77.0266,36.8,21,0,1027.7,12.2,NW
2024-09-17 18:00,Gurugram,28.4595,77.0266,36.4,25,0,1026.2,6.7,NW
2024-09-17 19:00,Gurugram,28.4595,77.0266,36.2,28,0,1026.5,10.7,WNW
2024-09-17 20:00,Gurugram,28.4595,77.0266,37.8,27,0,1026,9.8,NW
2024-09-17 21:00,Gurugram,28.4595,77.0266,35,35,0,1026.6,16,W
2024-09-17 22:00,Gurugram,28.4595,77.0266,31.6,29,0,1027.5,7.7,SW
2024-09-17 23:00,Gurugram,28.4595,77.0266,30.9,45,0,1025.2,11.8,NW
2024-09-18 00:00,Gurugram,28.4595,77.0266,27.7,30,0,1029.6,12.8,ESE
2024-09-18 01:00,Gurugram,28.4595,77.0266,28,47,0,1029.6,17.4,NW
2024-09-18 02:00,Gurugram,28.4595,77.0266,27.2,56,0,1026.3,5.9,NW
2024-09-18 03:00,Gurugram,28.4595,77.0266,28.6,45,0,1028.1,12,NW
2024-09-18 04:00,Gurugram,28.4595,77.0266,28.8,55,0,1025.5,8.4,WNW
2024-09-18 05:00,Gurugram,28.4595,77.0266,28.6,56,0,1025,3.5,NW
2024-09-18 06:00,Gurugram,28.4595,77.0266,28.1,27,0,1029.3,9.5,ESE
2024-09-18 07:00,Gurugram,28.4595,77.0266,31.4,43,0,1027.9,3.1,NW
2024-09-18 08:00,Gurugram,28.4595,77.0266,31.5,23,0,1027.1,15.8,WNW
2024-09-18 09:00,Gurugram,28.4595,77.0266,31.4,36,0,1027.8,5.2,ESE
2024-09-18 10:00,Gurugram,28.4595,77.0266,34.3,32,0,1026.1,7,NW
2024-09-18 11:00,Gurugram,28.4595,77.0266,36.8,14,0,1027.1,15.7,W
2024-09-18 12:00,Gurugram,28.4595,77.0266,39.6,37,0,1027.2,9.4,NW
2024-09-18 13:00,Gurugram,28.4595,77.0266,38.7,25,0,1025.2,18.3,NW
2024-09-18 14:00,Gurugram,28.4595,77.0266,37.5,17,0,1028.3,12.6,SE
2024-09-18 15:00,Gurugram,28.4595,77.0266,40,30,0,1026.4,13.8,WNW
2024-09-18 16:00,Gurugram,28.4595,77.0266,39.8,12,0,1025.5,7.2,SE
2024-09-18 17:00,Gurugram,28.4595,77.0266,39.3,16,0,1029,12.2,NW
2024-09-18 18:00,Gurugram,28.4595,77.0266,39.6,12,0,1028.4,8,WNW
2024-09-18 19:00,Gurugram,28.4595,77.0266,38.4,40,0,1026.7,11.1,NW
2024-09-18 20:00,Gurugram,28.4595,77.0266,34,34,0,1025.4,19.7,WNW
2024-09-18 21:00,Gurugram,28.4595,77.0266,32.2,40,0,1027.6,13.1,WNW
2024-09-18 22:00,Gurugram,28.4595,77.0266,29.8,42,0,1027,12.2,NW
2024-09-18 23:00,Gurugram,28.4595,77.0266,31.4,47,0,1029.6,17.7,WNW
2024-09-19 00:00,Gurugram,28.4595,77.0266,31.1,48,0,1028.7,9.5,NW
2024-09-19 01:00,Gurugram,28.4595,77.0266,26.9,51,0,1026.5,5.9,SE
2024-09-19 02:00,Gurugram,28.4595,77.0266,26.4,52,0,1028.8,18.1,WNW
2024-09-19 03:00,Gurugram,28.4595,77.0266,29.3,48,0,1028.7,18.9,ESE
2024-09-19 04:00,Gurugram,28.4595,77.0266,27.8,51,0,1025,17,SE
2024-09-19 05:00,Gurugram,28.4595,77.0266,28.3,51,0,1027.8,2.7,NW
2024-09-19 06:00,Gurugram,28.4595,77.0266,26.4,48,0,1028.5,12.2,WNW
2024-09-19 07:00,Gurugram,28.4595,77.0266,31.1,35,0,1026.6,11.7,NW
2024-09-19 08:00,Gurugram,28.4595,77.0266,29.8,32,0,1025.6,8,NW
2024-09-19 09:00,Gurugram,28.4595,77.0266,31.1,43,0,1030.7,9.8,NW
2024-09-19 10:00,Gurugram,28.4595,77.0266,34.2,31,0,1029,13.2,WNW
2024-09-19 11:00,Gurugram,28.4595,77.0266,35.3,33,0,1027.4,12.6,WNW
2024-09-19 12:00,Gurugram,28.4595,77.0266,37.3,19,0,1024.5,2.8,NW
2024-09-19 13:00,Gurugram,28.4595,77.0266,36.2,15,0,1026.6,12.8,NW
2024-09-19 14:00,Gurugram,28.4595,77.0266,41.1,17,0,1029.5,5.8,NW
2024-09-19 15:00,Gurugram,28.4595,77.0266,41.6,20,0,1028.7,21.1,NW
2024-09-19 16:00,Gurugram,28.4595,77.0266,35.9,18,0,1026.8,11.4,W
2024-09-19 17:00,Gurugram,28.4595,77.0266,40.5,31,0,1026.5,14.9,ESE
2024-09-19 18:00,Gurugram,28.4595,77.0266,36.3,27,0,1028.9,7.3,WNW
2024-09-19 19:00,Gurugram,28.4595,77.0266,37.9,40,0,1026.8,15.1,SE
2024-09-19 20:00,Gurugram,28.4595,77.0266,34.7,35,0,1027,6,WNW
2024-09-19 21:00,Gurugram,28.4595,77.0266,33.2,22,0,1027.6,6.1,W
2024-09-19 22:00,Gurugram,28.4595,77.0266,31.1,47,0,1027.8,7.4,NW
2024-09-19 23:00,Gurugram,28.4595,77.0266,32.1,35,0,1025.8,23.2,NW
2024-09-20 00:00,Gurugram,28.4595,77.0266,26.1,49,0,1028,7.5,ESE
2024-09-20 01:00,Gurugram,28.4595,77.0266,28.3,45,0,1026.1,9.1,Calm
2024-09-20 02:00,Gurugram,28.4595,77.0266,28.6,64,0,1028.8,2.3,ESE
2024-09-20 03:00,Gurugram,28.4595,77.0266,27.7,60,0,1026.8,28.7,NW
2024-09-20 04:00,Gurugram,28.4595,77.0266,30.8,47,0,1027.6,5.8,NW
2024-09-20 05:00,Gurugram,28.4595,77.0266,26.3,49,0,1023.8,13.9,WNW
2024-09-20 06:00,Gurugram,28.4595,77.0266,30,49,0,1028.3,14.1,ESE
2024-09-20 07:00,Gurugram,28.4595,77.0266,29.4,50,0,1028.4,8.9,NW
2024-09-20 08:00,Gurugram,28.4595,77.0266,33.4,41,0,1026.6,6,ESE
2024-09-20 09:00,Gurugram,28.4595,77.0266,32.9,31,0,1025.6,16,W
2024-09-20 10:00,Gurugram,28.4595,77.0266,33.9,29,0,1025.6,10.2,SE
2024-09-20 11:00,Gurugram,28.4595,77.0266,38.5,29,0,1027.3,7.3,W
2024-09-20 12:00,Gurugram,28.4595,77.0266,36.6,34,0,1025.9,7.1,W
2024-09-20 13:00,Gurugram,28.4595,77.0266,36,26,0,1027.2,16.2,NW
2024-09-20 14:00,Gurugram,28.4595,77.0266,38.2,18,0,1027.4,13.7,ESE
2024-09-20 15:00,Gurugram,28.4595,77.0266,40.5,26,0,1027.5,8.9,SE
2024-09-20 16:00,Gurugram,28.4595,77.0266,41.7,20,0,1029,16.2,E
2024-09-20 17:00,Gurugram,28.4595,77.0266,38.7,29,0,1028.8,11.5,NW
2024-09-20 18:00,Gurugram,28.4595,77.0266,39.8,41,0,1027.4,12.7,W
2024-09-20 19:00,Gurugram,28.4595,77.0266,33.7,27,0,1028.1,10.7,Calm
2024-09-20 20:00,Gurugram,28.4595,77.0266,33.8,38,0,1027.7,6.9,W
2024-09-20 21:00,Gurugram,28.4595,77.0266,32.4,32,0,1029,7.9,NW
2024-09-20 22:00,Gurugram,28.4595,77.0266,31,40,0,1027.4,3.2,E
2024-09-20 23:00,Gurugram,28.4595,77.0266,29.8,45,0,1028.4,11.7,NW
2024-09-21 00:00,Gurugram,28.4595,77.0266,29.3,47,0,1030,5.2,NW
2024-09-21 01:00,Gurugram,28.4595,77.0266,26.2,65,0,1027.9,13,WNW
2024-09-21 02:00,Gurugram,28.4595,77.0266,26.6,50,0,1026.8,7.2,NW
2024-09-21 03:00,Gurugram,28.4595,77.0266,26.1,56,0,1026.9,27.2,NW
2024-09-21 04:00,Gurugram,28.4595,77.0266,24.7,40,0,1026.5,10.3,WNW
2024-09-21 05:00,Gurugram,28.4595,77.0266,26.8,53,0,1028.3,3.4,W
2024-09-21 06:00,Gurugram,28.4595,77.0266,27.8,55,0,1027.8,3.7,SW
2024-09-21 07:00,Gurugram,28.4595,77.0266,29.1,41,0,1027,6.7,ESE
2024-09-21 08:00,Gurugram,28.4595,77.0266,31,26,0,1029.2,6,SE
2024-09-21 09:00,Gurugram,28.4595,77.0266,32.8,37,0,1026.9,33.7,WNW
2024-09-21 10:00,Gurugram,28.4595,77.0266,33.5,33,0,1027.5,2,NW
2024-09-21 11:00,Gurugram,28.4595,77.0266,38.2,34,0,1026.5,8.6,W
2024-09-21 12:00,Gurugram,28.4595,77.0266,35.1,39,0,1027.3,20.8,ESE
2024-09-21 13:00,Gurugram,28.4595,77.0266,37,22,0,1026.4,12,W
2024-09-21 14:00,Gurugram,28.4595,77.0266,43.9,17,0,1027.3,6.3,NW
2024-09-21 15:00,Gurugram,28.4595,77.0266,37.3,15,0,1026.1,18.5,WNW
2024-09-21 16:00,Gurugram,28.4595,77.0266,36.5,24,0,1026.8,13.3,WNW
2024-09-21 17:00,Gurugram,28.4595,77.0266,39.6,27,0,1026.5,3.2,NW
2024-09-21 18:00,Gurugram,28.4595,77.0266,33.5,23,0,1026.6,16.5,E
2024-09-21 19:00,Gurugram,28.4595,77.0266,35.5,34,0,1026.3,14.3,WNW
2024-09-21 20:00,Gurugram,28.4595,77.0266,38.2,36,0,1027,5,ESE
2024-09-21 21:00,Gurugram,28.4595,77.0266,29.9,37,0,1024.4,29,NW
2024-09-21 22:00,Gurugram,28.4595,77.0266,27.4,36,0,1028.2,9.6,W
2024-09-21 23:00,Gurugram,28.4595,77.0266,26.7,42,0,1027.7,9.6,SW
2024-09-22 00:00,Gurugram,28.4595,77.0266,29.4,33,0,1027.8,15.5,NW
2024-09-22 01:00,Gurugram,28.4595,77.0266,28.8,52,0,1027.3,9.2,WNW
2024-09-22 02:00,Gurugram,28.4595,77.0266,25.2,52,0,1029,7.9,WNW
2024-09-22 03:00,Gurugram,28.4595,77.0266,27.1,54,0,1026.6,9.2,WNW
2024-09-22 04:00,Gurugram,28.4595,77.0266,28.6,55,0,1025.4,11.2,W
2024-09-22 05:00,Gurugram,28.4595,77.0266,30,53,0,1027.8,14.4,WNW
2024-09-22 06:00,Gurugram,28.4595,77.0266,27.4,47,0,1029.7,6.4,ESE
2024-09-22 07:00,Gurugram,28.4595,77.0266,25,45,0,1029.2,15.5,WNW
2024-09-22 08:00,Gurugram,28.4595,77.0266,29.2,33,0,1028.6,7,NW
2024-09-22 09:00,Gurugram,28.4595,77.0266,31.6,34,0,1030.2,9.2,SW
2024-09-22 10:00,Gurugram,28.4595,77.0266,33.6,34,0,1027,5.9,NW
2024-09-22 11:00,Gurugram,28.4595,77.0266,35.3,26,0,1026.9,4.2,W
2024-09-22 12:00,Gurugram,28.4595,77.0266,39,32,0,1027.1,13.5,NW
2024-09-22 13:00,Gurugram,28.4595,77.0266,40.3,20,0,1024.5,15.5,SW
2024-09-22 14:00,Gurugram,28.4595,77.0266,38.4,24,0,1029.2,6,SW
2024-09-22 15:00,Gurugram,28.4595,77.0266,40.9,23,0,1027.4,19.6,WNW
2024-09-22 16:00,Gurugram,28.4595,77.0266,39.3,27,0,1026.7,7.8,NW
2024-09-22 17:00,Gurugram,28.4595,77.0266,38.1,30,0,1027.2,3.9,ESE
2024-09-22 18:00,Gurugram,28.4595,77.0266,38.6,31,0,1026.3,4.1,NW
2024-09-22 19:00,Gurugram,28.4595,77.0266,35.8,17,0,1027.5,16.4,ESE
2024-09-22 20:00,Gurugram,28.4595,77.0266,37.8,41,0,1026.8,6.9,SW
2024-09-22 21:00,Gurugram,28.4595,77.0266,29.8,47,0,1026.9,7.3,W
2024-09-22 22:00,Gurugram,28.4595,77.0266,29.8,38,0,1026.4,4.1,E
2024-09-22 23:00,Gurugram,28.4595,77.0266,28.9,46,0,1027.5,5.7,NW
2024-09-23 00:00,Gurugram,28.4595,77.0266,28.3,43,0,1026.9,10.7,SW
2024-09-23 01:00,Gurugram,28.4595,77.0266,28.8,39,0,1029.2,6.8,NW
2024-09-23 02:00,Gurugram,28.4595,77.0266,25.8,48,0,1028.2,7.4,NW
2024-09-23 03:00,Gurugram,28.4595,77.0266,23.1,49,0,1026,10.6,E
2024-09-23 04:00,Gurugram,28.4595,77.0266,27.4,50,0,1028.3,10.3,W
2024-09-23 05:00,Gurugram,28.4595,77.0266,27.9,45,0,1027.9,11.5,SE
2024-09-23 06:00,Gurugram,28.4595,77.0266,24.1,44,0,1027.6,12.8,SE
2024-09-23 07:00,Gurugram,28.4595,77.0266,28.9,45,0,1027.3,23.9,W
2024-09-23 08:00,Gurugram,28.4595,77.0266,27.6,37,0,1028.9,6.2,NW
2024-09-23 09:00,Gurugram,28.4595,77.0266,31,41,0,1026.2,5.8,ESE
2024-09-23 10:00,Gurugram,28.4595,77.0266,32.2,38,0,1027.4,8.5,NW
2024-09-23 11:00,Gurugram,28.4595,77.0266,36.9,45,0,1025.5,9,NW
2024-09-23 12:00,Gurugram,28.4595,77.0266,37,34,0,1028.2,8.8,W
2024-09-23 13:00,Gurugram,28.4595,77.0266,35.5,26,0,1027.4,16.9,SW
2024-09-23 14:00,Gurugram,28.4595,77.0266,40,20,0,1026.3,10.6,SE
2024-09-23 15:00,Gurugram,28.4595,77.0266,36.1,24,0,1027.7,9.3,WNW
2024-09-23 16:00,Gurugram,28.4595,77.0266,39,25,0,1029.2,4.2,SE
2024-09-23 17:00,Gurugram,28.4595,77.0266,36.3,22,0,1027.7,2.9,Calm
2024-09-23 18:00,Gurugram,28.4595,77.0266,36.1,32,0,1025.6,14.4,WNW
2024-09-23 19:00,Gurugram,28.4595,77.0266,36.3,22,0,1027.5,17.5,NW
2024-09-23 20:00,Gurugram,28.4595,77.0266,34.8,32,0,1027.9,9,NW
2024-09-23 21:00,Gurugram,28.4595,77.0266,34.6,41,0,1026.7,20.6,WNW
2024-09-23 22:00,Gurugram,28.4595,77.0266,30.3,40,0,1030.2,5.9,NW
2024-09-23 23:00,Gurugram,28.4595,77.0266,29.5,44,0,1025.8,4.1,WNW
2024-09-24 00:00,Gurugram,28.4595,77.0266,26.5,48,0,1024.6,9.6,ESE
2024-09-24 01:00,Gurugram,28.4595,77.0266,26.6,46,0,1026.5,5.3,W
2024-09-24 02:00,Gurugram,28.4595,77.0266,26.4,60,0,1025.3,18.3,Calm
2024-09-24 03:00,Gurugram,28.4595,77.0266,25.2,47,0,1028.8,4,WNW
2024-09-24 04:00,Gurugram,28.4595,77.0266,22.4,54,0,1028.9,8.6,NW
2024-09-24 05:00,Gurugram,28.4595,77.0266,26.9,54,0,1025.7,7.5,WNW
2024-09-24 06:00,Gurugram,28.4595,77.0266,28,43,0,1026.3,10.9,SW
2024-09-24 07:00,Gurugram,28.4595,77.0266,27.4,46,0,1026.2,8.6,NW
2024-09-24 08:00,Gurugram,28.4595,77.0266,27.9,36,0,1027.6,11,NW
2024-09-24 09:00,Gurugram,28.4595,77.0266,34.6,46,0,1028.2,11.7,ESE
2024-09-24 10:00,Gurugram,28.4595,77.0266,34.5,27,0,1029.4,7.5,NW
2024-09-24 11:00,Gurugram,28.4595,77.0266,34.7,27,0,1028.1,11.7,ESE
2024-09-24 12:00,Gurugram,28.4595,77.0266,34.5,20,0,1027.2,11.6,WNW
2024-09-24 13:00,Gurugram,28.4595,77.0266,36.1,17,0,1027.2,11.8,SE
2024-09-24 14:00,Gurugram,28.4595,77.0266,40.5,33,0,1027.7,3.3,W
2024-09-24 15:00,Gurugram,28.4595,77.0266,38.7,26,0,1027.8,14.7,NW
2024-09-24 16:00,Gurugram,28.4595,77.0266,37.2,24,0,1027.5,5.1,WNW
2024-09-24 17:00,Gurugram,28.4595,77.0266,38.5,21,0,1027.7,17.6,WNW
2024-09-24 18:00,Gurugram,28.4595,77.0266,35,33,0,1027.6,10.6,SE
2024-09-24 19:00,Gurugram,28.4595,77.0266,37.9,26,0,1025.9,11.4,W
2024-09-24 20:00,Gurugram,28.4595,77.0266,36,39,0,1027.8,16.4,SE
2024-09-24 21:00,Gurugram,28.4595,77.0266,31.1,33,0,1026.6,4,WNW
2024-09-24 22:00,Gurugram,28.4595,77.0266,29.1,38,0,1027.9,12,ESE
2024-09-24 23:00,Gurugram,28.4595,77.0266,23.9,50,0,1028.2,12.5,NW
2024-09-25 00:00,Gurugram,28.4595,77.0266,24.4,54,0,1029.1,18.6,NW
2024-09-25 01:00,Gurugram,28.4595,77.0266,23.6,55,0,1027.7,5.9,NW
2024-09-25 02:00,Gurugram,28.4595,77.0266,25.6,47,0,1027,17.1,SE
2024-09-25 03:00,Gurugram,28.4595,77.0266,24.6,51,0,1028.7,13.4,W
2024-09-25 04:00,Gurugram,28.4595,77.0266,23,54,0,1027.8,1.8,WNW
2024-09-25 05:00,Gurugram,28.4595,77.0266,25.5,46,0,1030.1,15.5,E
2024-09-25 06:00,Gurugram,28.4595,77.0266,28,57,0,1026,3.3,WNW
2024-09-25 07:00,Gurugram,28.4595,77.0266,29.4,31,0,1027,10.3,W
2024-09-25 08:00,Gurugram,28.4595,77.0266,26.6,38,0,1026.9,9.2,Calm
2024-09-25 09:00,Gurugram,28.4595,77.0266,31.4,35,0,1029.9,7.2,W
2024-09-25 10:00,Gurugram,28.4595,77.0266,30.8,17,0,1028.3,15.4,SE
2024-09-25 11:00,Gurugram,28.4595,77.0266,36.5,22,0,1025.5,36.9,WNW
2024-09-25 12:00,Gurugram,28.4595,77.0266,37.7,32,0,1025.6,9.3,NW
2024-09-25 13:00,Gurugram,28.4595,77.0266,35.7,26,0,1028.8,13.1,SE
2024-09-25 14:00,Gurugram,28.4595,77.0266,36.6,33,0,1026.5,14,SW
2024-09-25 15:00,Gurugram,28.4595,77.0266,37.3,33,0,1027.7,18.3,WNW
2024-09-25 16:00,Gurugram,28.4595,77.0266,33.9,26,0,1027.5,6.1,WNW
2024-09-25 17:00,Gurugram,28.4595,77.0266,37.9,27,0,1030.1,3.7,WNW
2024-09-25 18:00,Gurugram,28.4595,77.0266,35.8,28,0,1027.4,7.7,Calm
2024-09-25 19:00,Gurugram,28.4595,77.0266,36.7,15,0,1027.2,17.3,SW
2024-09-25 20:00,Gurugram,28.4595,77.0266,31.4,26,0,1028.4,8.2,NW
2024-09-25 21:00,Gurugram,28.4595,77.0266,30.5,39,0,1029.1,7.1,SE
2024-09-25 22:00,Gurugram,28.4595,77.0266,27.3,46,0,1027.9,3.2,W
2024-09-25 23:00,Gurugram,28.4595,77.0266,26.6,48,0,1025,8.7,NW
2024-09-26 00:00,Gurugram,28.4595,77.0266,24.7,44,0,1028.8,13.7,WNW
2024-09-26 01:00,Gurugram,28.4595,77.0266,27.6,57,0,1026.2,10.5,NW
2024-09-26 02:00,Gurugram,28.4595,77.0266,23.9,62,0,1026,5.6,E
2024-09-26 03:00,Gurugram,28.4595,77.0266,25.1,59,0,1027.2,15.3,NW
2024-09-26 04:00,Gurugram,28.4595,77.0266,24.4,59,0,1028,5.5,E
2024-09-26 05:00,Gurugram,28.4595,77.0266,23.5,48,0,1029.6,8.7,SW
2024-09-26 06:00,Gurugram,28.4595,77.0266,26.5,56,0,1025.4,11.7,NW
2024-09-26 07:00,Gurugram,28.4595,77.0266,29.2,47,0,1028,10.6,ESE
2024-09-26 08:00,Gurugram,28.4595,77.0266,27.5,46,0,1029.6,12.8,W
2024-09-26 09:00,Gurugram,28.4595,77.0266,32.9,41,0,1027.7,12.6,Calm
2024-09-26 10:00,Gurugram,28.4595,77.0266,31.6,34,0,1028.8,4.8,SE
2024-09-26 11:00,Gurugram,28.4595,77.0266,33.8,26,0,1028.7,5.9,ESE
2024-09-26 12:00,Gurugram,28.4595,77.0266,37,28,0,1027.1,14,SW
2024-09-26 13:00,Gurugram,28.4595,77.0266,35.8,32,0,1028.6,13.3,NW
2024-09-26 14:00,Gurugram,28.4595,77.0266,37.8,22,0,1028,8.1,WNW
2024-09-26 15:00,Gurugram,28.4595,77.0266,37.3,29,0,1027.4,5.1,SE
2024-09-26 16:00,Gurugram,28.4595,77.0266,37.9,29,0,1029.7,18.7,NW
2024-09-26 17:00,Gurugram,28.4595,77.0266,32.7,24,0,1027.6,6.7,SW
2024-09-26 18:00,Gurugram,28.4595,77.0266,32.7,36,0,1029.6,11.9,ESE
2024-09-26 19:00,Gurugram,28.4595,77.0266,35.8,29,0,1027.4,11.1,WNW
2024-09-26 20:00,Gurugram,28.4595,77.0266,35,44,0,1027.7,7.1,WNW
2024-09-26 21:00,Gurugram,28.4595,77.0266,29.8,41,0,1027.6,8.5,NW
2024-09-26 22:00,Gurugram,28.4595,77.0266,29.3,42,0,1029.1,10.6,NW
2024-09-26 23:00,Gurugram,28.4595,77.0266,28.7,41,0,1026.8,14,WNW
2024-09-27 00:00,Gurugram,28.4595,77.0266,27.8,49,0,1028.5,7.8,SE
2024-09-27 01:00,Gurugram,28.4595,77.0266,21.9,51,0,1028.4,11.9,W
2024-09-27 02:00,Gurugram,28.4595,77.0266,23.3,46,0,1028.4,17.4,WNW
2024-09-27 03:00,Gurugram,28.4595,77.0266,24.1,53,0,1030.4,8.8,NW
2024-09-27 04:00,Gurugram,28.4595,77.0266,26.1,49,0,1027.7,4.2,NW
2024-09-27 05:00,Gurugram,28.4595,77.0266,30,56,0,1031.2,4.7,Calm
2024-09-27 06:00,Gurugram,28.4595,77.0266,26.1,57,0,1029.3,13.5,NW
2024-09-27 07:00,Gurugram,28.4595,77.0266,25.4,39,0,1026.2,6.1,NW
2024-09-27 08:00,Gurugram,28.4595,77.0266,30.2,53,0,1026.6,10.8,ESE
2024-09-27 09:00,Gurugram,28.4595,77.0266,33.5,38,0,1029.2,8.9,W
2024-09-27 10:00,Gurugram,28.4595,77.0266,33,29,0,1027,1.5,NW
2024-09-27 11:00,Gurugram,28.4595,77.0266,32.8,36,0,1028.2,7.2,Calm
2024-09-27 12:00,Gurugram,28.4595,77.0266,37.5,26,0,1027.1,8.4,W
2024-09-27 13:00,Gurugram,28.4595,77.0266,38,26,0,1027.4,7.5,NW
2024-09-27 14:00,Gurugram,28.4595,77.0266,35.6,22,0,1027.6,7.5,SE
2024-09-27 15:00,Gurugram,28.4595,77.0266,38.3,19,0,1029.1,10.8,NW
2024-09-27 16:00,Gurugram,28.4595,77.0266,39.2,29,0,1027.7,4.9,WNW
2024-09-27 17:00,Gurugram,28.4595,77.0266,38.9,24,0,1029.6,3.7,SE
2024-09-27 18:00,Gurugram,28.4595,77.0266,35.6,20,0,1026.8,5.4,Calm
2024-09-27 19:00,Gurugram,28.4595,77.0266,33.8,35,0,1028.9,20.3,WNW
2024-09-27 20:00,Gurugram,28.4595,77.0266,35,28,0,1028.2,9.3,NW
2024-09-27 21:00,Gurugram,28.4595,77.0266,29,32,0,1026.4,4.1,W
2024-09-27 22:00,Gurugram,28.4595,77.0266,30.3,50,0,1027.2,4.2,SW
2024-09-27 23:00,Gurugram,28.4595,77.0266,25.4,39,0,1027.8,12.9,W
2024-09-28 00:00,Gurugram,28.4595,77.0266,28.2,36,0,1029.5,19.7,W
2024-09-28 01:00,Gurugram,28.4595,77.0266,24.8,56,0,1027.9,6.4,NW
2024-09-28 02:00,Gurugram,28.4595,77.0266,26.9,52,0,1030.5,6.7,W
2024-09-28 03:00,Gurugram,28.4595,77.0266,25.3,53,0,1027.6,28.6,E
2024-09-28 04:00,Gurugram,28.4595,77.0266,22.4,52,0,1028.1,6.9,WNW
2024-09-28 05:00,Gurugram,28.4595,77.0266,27.8,54,0,1029.6,1.9,NW
2024-09-28 06:00,Gurugram,28.4595,77.0266,29.1,45,0,1026.5,10.1,WNW
2024-09-28 07:00,Gurugram,28.4595,77.0266,29.2,56,0,1029.5,5.7,WNW
2024-09-28 08:00,Gurugram,28.4595,77.0266,27.8,34,0,1027.2,9.2,WNW
2024-09-28 09:00,Gurugram,28.4595,77.0266,30.3,42,0,1027.7,22.8,NW
2024-09-28 10:00,Gurugram,28.4595,77.0266,32.8,39,0,1028.3,9.2,WNW
2024-09-28 11:00,Gurugram,28.4595,77.0266,32.9,27,0,1027,9,SE
2024-09-28 12:00,Gurugram,28.4595,77.0266,38.5,23,0,1031.2,4,WNW
2024-09-28 13:00,Gurugram,28.4595,77.0266,36.8,32,0,1028.3,9.5,Calm
2024-09-28 14:00,Gurugram,28.4595,77.0266,32.3,19,0,1028.2,14.4,ESE
2024-09-28 15:00,Gurugram,28.4595,77.0266,38,21,0,1027.3,25.6,WNW
2024-09-28 16:00,Gurugram,28.4595,77.0266,36.5,30,0,1026.4,2.2,NW
2024-09-28 17:00,Gurugram,28.4595,77.0266,36.4,27,0,1029.4,13.6,ESE
2024-09-28 18:00,Gurugram,28.4595,77.0266,34.8,18,0,1027.7,5.1,NW
2024-09-28 19:00,Gurugram,28.4595,77.0266,35.6,42,0,1028.4,15.4,SW
2024-09-28 20:00,Gurugram,28.4595,77.0266,34.6,32,0,1026.8,3.3,NW
2024-09-28 21:00,Gurugram,28.4595,77.0266,31.4,37,0,1029,16.5,NW
2024-09-28 22:00,Gurugram,28.4595,77.0266,28.6,45,0,1027.6,15.5,NW
2024-09-28 23:00,Gurugram,28.4595,77.0266,27.6,51,0,1026,12.7,W
2024-09-29 00:00,Gurugram,28.4595,77.0266,26.1,62,0,1027.8,10.1,SE
2024-09-29 01:00,Gurugram,28.4595,77.0266,23.6,43,0,1029,2.3,NW
2024-09-29 02:00,Gurugram,28.4595,77.0266,25.4,59,0,1028.8,21.4,W
2024-09-29 03:00,Gurugram,28.4595,77.0266,25,59,0,1028.6,7.5,NW
2024-09-29 04:00,Gurugram,28.4595,77.0266,27.1,53,0,1028.1,20.6,W
2024-09-29 05:00,Gurugram,28.4595,77.0266,27.3,57,0,1028.1,9,NW
2024-09-29 06:00,Gurugram,28.4595,77.0266,24.8,56,0,1027.4,10.6,W
2024-09-29 07:00,Gurugram,28.4595,77.0266,28.9,39,0,1029.5,10.2,W
2024-09-29 08:00,Gurugram,28.4595,77.0266,27.2,54,0,1028,7.6,NW
2024-09-29 09:00,Gurugram,28.4595,77.0266,31.9,30,0,1027.5,5.2,ESE
2024-09-29 10:00,Gurugram,28.4595,77.0266,31.4,29,0,1030.3,13.9,W
2024-09-29 11:00,Gurugram,28.4595,77.0266,32,31,0,1029.6,3.4,W
2024-09-29 12:00,Gurugram,28.4595,77.0266,35.7,41,0,1028.2,10.6,W
2024-09-29 13:00,Gurugram,28.4595,77.0266,31.5,25,0,1027.7,5.1,ESE
2024-09-29 14:00,Gurugram,28.4595,77.0266,33.8,25,0,1027.7,10.5,W
2024-09-29 15:00,Gurugram,28.4595,77.0266,36.8,33,0,1026.9,11.2,SW
2024-09-29 16:00,Gurugram,28.4595,77.0266,37.1,23,0,1029.2,14,SW
2024-09-29 17:00,Gurugram,28.4595,77.0266,35.6,20,0,1030.3,15.6,ESE
2024-09-29 18:00,Gurugram,28.4595,77.0266,32.4,27,0,1028.8,7.3,SW
2024-09-29 19:00,Gurugram,28.4595,77.0266,32.4,40,0,1030,5,SW
2024-09-29 20:00,Gurugram,28.4595,77.0266,33,36,0,1029.1,1.6,NW
2024-09-29 21:00,Gurugram,28.4595,77.0266,31.7,51,0,1026.3,1.9,Calm
2024-09-29 22:00,Gurugram,28.4595,77.0266,28.9,48,0,1029.9,14.6,NW
2024-09-29 23:00,Gurugram,28.4595,77.0266,29.5,43,0,1027.8,4,NW
2024-09-30 00:00,Gurugram,28.4595,77.0266,26.5,51,0,1028.4,12.5,Calm
2024-09-30 01:00,Gurugram,28.4595,77.0266,23.4,48,0,1027.1,27.4,NW
2024-09-30 02:00,Gurugram,28.4595,77.0266,23.6,51,0,1026.1,4.4,W
2024-09-30 03:00,Gurugram,28.4595,77.0266,21.4,82,0,1027.4,9.5,Calm
2024-09-30 04:00,Gurugram,28.4595,77.0266,23.9,61,0,1028.5,7.4,NW
2024-09-30 05:00,Gurugram,28.4595,77.0266,26.8,58,0,1028.3,18.5,NW
2024-09-30 06:00,Gurugram,28.4595,77.0266,27,47,0,1029.1,5.6,W
2024-09-30 07:00,Gurugram,28.4595,77.0266,29.7,57,0,1028.5,8,ESE
2024-09-30 08:00,Gurugram,28.4595,77.0266,28.2,51,0,1028.4,3.9,SE
2024-09-30 09:00,Gurugram,28.4595,77.0266,32.8,51,0,1027.5,6.8,E
2024-09-30 10:00,Gurugram,28.4595,77.0266,31.7,47,0,1030.6,4.1,NW
2024-09-30 11:00,Gurugram,28.4595,77.0266,36.3,24,0,1030.5,10.7,WNW
2024-09-30 12:00,Gurugram,28.4595,77.0266,34.9,23,0,1028.5,21.2,ESE
2024-09-30 13:00,Gurugram,28.4595,77.0266,37.3,21,0,1026.5,9.8,ESE
2024-09-30 14:00,Gurugram,28.4595,77.0266,39.3,20,0,1028.6,14.8,NW
2024-09-30 15:00,Gurugram,28.4595,77.0266,36.5,27,0,1026.7,4.7,NW
2024-09-30 16:00,Gurugram,28.4595,77.0266,37.1,22,0,1026.5,4,WNW
2024-09-30 17:00,Gurugram,28.4595,77.0266,38.3,39,0,1029.4,11.9,E
2024-09-30 18:00,Gurugram,28.4595,77.0266,34.7,41,0,1027.2,16.8,SW
2024-09-30 19:00,Gurugram,28.4595,77.0266,31.3,32,0,1027.6,6.3,NW
2024-09-30 20:00,Gurugram,28.4595,77.0266,35.9,48,0,1029.3,7.5,WNW
2024-09-30 21:00,Gurugram,28.4595,77.0266,29.5,49,0,1028.8,2.3,WNW
2024-09-30 22:00,Gurugram,28.4595,77.0266,29,41,0,1029,16.3,Calm
2024-09-30 23:00,Gurugram,28.4595,77.0266,29.2,35,0,1030.3,6.7,SW
2024-10-01 00:00,Gurugram,28.4595,77.0266,24.4,50,0,1027.6,10.3,W
2024-10-01 01:00,Gurugram,28.4595,77.0266,22.7,50,0,1028.7,8,NW
2024-10-01 02:00,Gurugram,28.4595,77.0266,24.3,56,0,1030.1,19.3,NW
2024-10-01 03:00,Gurugram,28.4595,77.0266,20.4,56,0,1027.2,3.2,WNW
2024-10-01 04:00,Gurugram,28.4595,77.0266,23.3,55,0,1028.1,12,Calm
2024-10-01 05:00,Gurugram,28.4595,77.0266,24.9,57,0,1029.3,8,NW
2024-10-01 06:00,Gurugram,28.4595,77.0266,25,44,0,1026.8,11.9,SE
2024-10-01 07:00,Gurugram,28.4595,77.0266,24.1,50,0,1028.5,5.3,NW
2024-10-01 08:00,Gurugram,28.4595,77.0266,31.3,42,0,1027.9,7.3,WNW
2024-10-01 09:00,Gurugram,28.4595,77.0266,30.3,42,0,1027.2,2,ESE
2024-10-01 10:00,Gurugram,28.4595,77.0266,34.4,42,0,1029.7,4.3,ESE
2024-10-01 11:00,Gurugram,28.4595,77.0266,32.9,26,0,1029.4,3,SE
2024-10-01 12:00,Gurugram,28.4595,77.0266,33.1,28,0,1028.9,12.2,SE
2024-10-01 13:00,Gurugram,28.4595,77.0266,36.2,27,0,1029.1,13.7,NW
2024-10-01 14:00,Gurugram,28.4595,77.0266,36,23,0,1027.8,6.2,WNW
2024-10-01 15:00,Gurugram,28.4595,77.0266,34.5,31,0,1028.3,15.9,SE
2024-10-01 16:00,Gurugram,28.4595,77.0266,39,22,0,1027.3,12,NW
2024-10-01 17:00,Gurugram,28.4595,77.0266,34.6,24,0,1029.2,6.1,WNW
2024-10-01 18:00,Gurugram,28.4595,77.0266,31.4,26,0,1027.2,3.4,SW
2024-10-01 19:00,Gurugram,28.4595,77.0266,35.8,39,0,1027.7,2.7,E
2024-10-01 20:00,Gurugram,28.4595,77.0266,30.9,34,0,1027,4.6,SE
2024-10-01 21:00,Gurugram,28.4595,77.0266,29,43,0,1028.5,24.7,NW
2024-10-01 22:00,Gurugram,28.4595,77.0266,25.3,56,0,1028,15.3,E
2024-10-01 23:00,Gurugram,28.4595,77.0266,30,47,0,1028.7,15.7,SW
2024-10-02 00:00,Gurugram,28.4595,77.0266,22.9,58,0,1027.5,5.5,W
2024-10-02 01:00,Gurugram,28.4595,77.0266,24.3,64,0,1027.4,14.9,NW
2024-10-02 02:00,Gurugram,28.4595,77.0266,25.2,61,0,1028.9,9.9,WNW
2024-10-02 03:00,Gurugram,28.4595,77.0266,24.1,56,0,1028.2,16.8,ESE
2024-10-02 04:00,Gurugram,28.4595,77.0266,23.5,59,0,1031.7,15.4,SE
2024-10-02 05:00,Gurugram,28.4595,77.0266,21.2,46,0,1029.1,14.8,WNW
2024-10-02 06:00,Gurugram,28.4595,77.0266,23.8,47,0,1028.5,7.3,WNW
2024-10-02 07:00,Gurugram,28.4595,77.0266,26.9,45,0,1029.9,10,ESE
2024-10-02 08:00,Gurugram,28.4595,77.0266,26.8,58,0,1029.5,7.2,ESE
2024-10-02 09:00,Gurugram,28.4595,77.0266,30.2,36,0,1028.6,7.4,WNW
2024-10-02 10:00,Gurugram,28.4595,77.0266,32.8,32,0,1032,8.5,WNW
2024-10-02 11:00,Gurugram,28.4595,77.0266,34.8,27,0,1029.7,6.6,W
2024-10-02 12:00,Gurugram,28.4595,77.0266,32.2,33,0,1027,15.6,NW
2024-10-02 13:00,Gurugram,28.4595,77.0266,39.4,29,0,1027.9,13.3,NW
2024-10-02 14:00,Gurugram,28.4595,77.0266,37.5,33,0,1026.2,23.2,W
2024-10-02 15:00,Gurugram,28.4595,77.0266,36.4,30,0,1026.6,4.1,NW
2024-10-02 16:00,Gurugram,28.4595,77.0266,38.1,18,0,1031.9,43.4,SE
2024-10-02 17:00,Gurugram,28.4595,77.0266,39.7,23,0,1030,13.3,SE
2024-10-02 18:00,Gurugram,28.4595,77.0266,31.9,38,0,1026.3,1.5,ESE
2024-10-02 19:00,Gurugram,28.4595,77.0266,32.7,32,0,1028.3,5.5,SW
2024-10-02 20:00,Gurugram,28.4595,77.0266,27.3,44,0,1027.9,11.5,NW
2024-10-02 21:00,Gurugram,28.4595,77.0266,30.2,40,0,1031.5,12.5,NW
2024-10-02 22:00,Gurugram,28.4595,77.0266,28.8,39,0,1025.5,8,NW
2024-10-02 23:00,Gurugram,28.4595,77.0266,26.5,46,0,1027.6,13.1,SE
2024-10-03 00:00,Gurugram,28.4595,77.0266,23.8,46,0,1027.7,8.3,W
2024-10-03 01:00,Gurugram,28.4595,77.0266,20.3,51,0,1027.6,10.7,NW
2024-10-03 02:00,Gurugram,28.4595,77.0266,24,57,0,1028.7,2.6,NW
2024-10-03 03:00,Gurugram,28.4595,77.0266,25.7,59,0,1029.5,5.4,E
2024-10-03 04:00,Gurugram,28.4595,77.0266,22.3,46,0,1027.8,19,ESE
2024-10-03 05:00,Gurugram,28.4595,77.0266,24.8,54,0,1028.3,6.3,W
2024-10-03 06:00,Gurugram,28.4595,77.0266,22.2,48,0,1027.3,11.6,Calm
2024-10-03 07:00,Gurugram,28.4595,77.0266,27.2,45,0,1027.4,4,SE
2024-10-03 08:00,Gurugram,28.4595,77.0266,27.2,46,0,1028.9,4.5,NW
2024-10-03 09:00,Gurugram,28.4595,77.0266,28.2,38,0,1029.1,5.7,WNW
2024-10-03 10:00,Gurugram,28.4595,77.0266,29.9,45,0,1026.2,8.3,WNW
2024-10-03 11:00,Gurugram,28.4595,77.0266,32.1,41,0,1027.5,8.7,SE
2024-10-03 12:00,Gurugram,28.4595,77.0266,34.9,38,0,1028,24.7,NW
2024-10-03 13:00,Gurugram,28.4595,77.0266,32.9,25,0,1027.9,12.2,WNW
2024-10-03 14:00,Gurugram,28.4595,77.0266,35.2,21,0,1028.1,9.8,W
2024-10-03 15:00,Gurugram,28.4595,77.0266,36,27,0,1025.4,14.8,SW
2024-10-03 16:00,Gurugram,28.4595,77.0266,33.9,26,0,1029.7,4.8,E
2024-10-03 17:00,Gurugram,28.4595,77.0266,38.5,24,0,1028.3,2.3,W
2024-10-03 18:00,Gurugram,28.4595,77.0266,32.7,23,0,1031.8,9.8,W
2024-10-03 19:00,Gurugram,28.4595,77.0266,31.6,33,0,1029.2,8.5,E
2024-10-03 20:00,Gurugram,28.4595,77.0266,29.5,35,0,1028.9,3.1,ESE
2024-10-03 21:00,Gurugram,28.4595,77.0266,32.8,45,0,1027.4,14.3,E
2024-10-03 22:00,Gurugram,28.4595,77.0266,28.9,49,0,1027.7,7,E
2024-10-03 23:00,Gurugram,28.4595,77.0266,24.7,55,0,1029.4,7.1,SE
2024-10-04 00:00,Gurugram,28.4595,77.0266,26.7,44,0,1028.1,8.7,NW
2024-10-04 01:00,Gurugram,28.4595,77.0266,24.1,57,0,1027.6,14.3,NW
2024-10-04 02:00,Gurugram,28.4595,77.0266,23.5,52,0,1030.7,4.9,WNW
2024-10-04 03:00,Gurugram,28.4595,77.0266,22.2,49,0,1028.9,8.1,ESE
2024-10-04 04:00,Gurugram,28.4595,77.0266,21.7,53,0,1029.4,9.5,NW
2024-10-04 05:00,Gurugram,28.4595,77.0266,24.3,61,0,1028.1,11.1,WNW
2024-10-04 06:00,Gurugram,28.4595,77.0266,23.8,50,0,1029.9,4.2,WNW
2024-10-04 07:00,Gurugram,28.4595,77.0266,29.4,58,0,1027.8,7.8,Calm
2024-10-04 08:00,Gurugram,28.4595,77.0266,25.4,49,0,1029.9,20.6,WNW
2024-10-04 09:00,Gurugram,28.4595,77.0266,32.1,39,0,1027.9,15.9,NW
2024-10-04 10:00,Gurugram,28.4595,77.0266,30.8,45,0,1030.4,21.6,NW
2024-10-04 11:00,Gurugram,28.4595,77.0266,33.1,37,0,1030.1,10.9,NW
2024-10-04 12:00,Gurugram,28.4595,77.0266,35.4,25,0,1028,9.5,SW
2024-10-04 13:00,Gurugram,28.4595,77.0266,33.8,40,0,1031.2,4.5,Calm
2024-10-04 14:00,Gurugram,28.4595,77.0266,37.2,29,0,1028.7,20.3,W
2024-10-04 15:00,Gurugram,28.4595,77.0266,31,27,0,1030.5,5.6,W
2024-10-04 16:00,Gurugram,28.4595,77.0266,34.3,22,0,1027.1,7.3,SE
2024-10-04 17:00,Gurugram,28.4595,77.0266,33.3,36,0,1029.3,9.4,NW
2024-10-04 18:00,Gurugram,28.4595,77.0266,31.7,34,0,1029,12.2,WNW
2024-10-04 19:00,Gurugram,28.4595,77.0266,32.2,38,0,1028,5.2,W
2024-10-04 20:00,Gurugram,28.4595,77.0266,31.7,35,0,1029.6,7.3,E
2024-10-04 21:00,Gurugram,28.4595,77.0266,30.6,46,0,1030,6.7,ESE
2024-10-04 22:00,Gurugram,28.4595,77.0266,28.1,51,0,1029.1,7,WNW
2024-10-04 23:00,Gurugram,28.4595,77.0266,24.9,45,0,1029,4.9,SW
2024-10-05 00:00,Gurugram,28.4595,77.0266,25.1,44,0,1028.9,12.4,W
2024-10-05 01:00,Gurugram,28.4595,77.0266,23.7,58,0,1029.2,15.1,SE
2024-10-05 02:00,Gurugram,28.4595,77.0266,24.5,47,0,1029.5,28.6,WNW
2024-10-05 03:00,Gurugram,28.4595,77.0266,24,58,0,1029.4,12.5,NW
2024-10-05 04:00,Gurugram,28.4595,77.0266,22.8,54,0,1029.3,3.9,NW
2024-10-05 05:00,Gurugram,28.4595,77.0266,21.8,62,0,1028,5.2,SW
2024-10-05 06:00,Gurugram,28.4595,77.0266,23.3,50,0,1029.8,3.9,NW
2024-10-05 07:00,Gurugram,28.4595,77.0266,24.8,56,0,1029.2,13.4,W
2024-10-05 08:00,Gurugram,28.4595,77.0266,26.8,43,0,1029,14.3,WNW
2024-10-05 09:00,Gurugram,28.4595,77.0266,29.5,48,0,1028.3,17.8,WNW
2024-10-05 10:00,Gurugram,28.4595,77.0266,32,50,0,1029.7,7.5,WNW
2024-10-05 11:00,Gurugram,28.4595,77.0266,32.2,28,0,1026.1,11.2,NW
2024-10-05 12:00,Gurugram,28.4595,77.0266,33.7,33,0,1028.5,14.6,NW
2024-10-05 13:00,Gurugram,28.4595,77.0266,35,45,0,1028.1,18.9,NW
2024-10-05 14:00,Gurugram,28.4595,77.0266,34.4,28,0,1028,16.6,NW
2024-10-05 15:00,Gurugram,28.4595,77.0266,33.9,27,0,1028.2,13.1,NW
2024-10-05 16:00,Gurugram,28.4595,77.0266,32.2,32,0,1027.3,14.6,ESE
2024-10-05 17:00,Gurugram,28.4595,77.0266,33.4,29,0,1028.1,14.6,NW
2024-10-05 18:00,Gurugram,28.4595,77.0266,34.5,21,0,1027.1,9.9,NW
2024-10-05 19:00,Gurugram,28.4595,77.0266,31.1,41,0,1029,7.3,W
2024-10-05 20:00,Gurugram,28.4595,77.0266,30.3,26,0,1029.7,9.5,NW
2024-10-05 21:00,Gurugram,28.4595,77.0266,29.9,39,0,1029.8,10.3,SW
2024-10-05 22:00,Gurugram,28.4595,77.0266,28.3,53,0,1029.2,2.1,WNW
2024-10-05 23:00,Gurugram,28.4595,77.0266,23.9,47,0,1027.9,3.4,Calm
2024-10-06 00:00,Gurugram,28.4595,77.0266,26,49,0,1027.3,4.4,NW
2024-10-06 01:00,Gurugram,28.4595,77.0266,25.2,60,0,1027.8,22.5,NW
2024-10-06 02:00,Gurugram,28.4595,77.0266,20.5,52,0,1028.2,4.7,W
2024-10-06 03:00,Gurugram,28.4595,77.0266,20.8,50,0,1027.8,9.4,WNW
2024-10-06 04:00,Gurugram,28.4595,77.0266,24.7,58,0,1031.5,10.8,W
2024-10-06 05:00,Gurugram,28.4595,77.0266,22.9,54,0,1029.4,10.8,WNW
2024-10-06 06:00,Gurugram,28.4595,77.0266,20.2,45,0,1029.3,7.7,WNW
2024-10-06 07:00,Gurugram,28.4595,77.0266,23,53,0,1029,15.2,E
2024-10-06 08:00,Gurugram,28.4595,77.0266,26.7,49,0,1028,10.8,NW
2024-10-06 09:00,Gurugram,28.4595,77.0266,26.7,40,0,1028.8,7.6,WNW
2024-10-06 10:00,Gurugram,28.4595,77.0266,29.7,37,0,1029.4,12.7,WNW
2024-10-06 11:00,Gurugram,28.4595,77.0266,32.1,37,0,1029.8,21.7,ESE
2024-10-06 12:00,Gurugram,28.4595,77.0266,36,39,0,1029,3.4,NW
2024-10-06 13:00,Gurugram,28.4595,77.0266,33.9,27,0,1029.5,7.6,W
2024-10-06 14:00,Gurugram,28.4595,77.0266,37,32,0,1028,10.1,WNW
2024-10-06 15:00,Gurugram,28.4595,77.0266,37.9,31,0,1026.7,9.2,Calm
2024-10-06 16:00,Gurugram,28.4595,77.0266,37.7,33,0,1030.2,13.4,ESE
2024-10-06 17:00,Gurugram,28.4595,77.0266,34.9,29,0,1027.9,5.5,NW
2024-10-06 18:00,Gurugram,28.4595,77.0266,29.9,26,0,1027.9,8.4,WNW
2024-10-06 19:00,Gurugram,28.4595,77.0266,32.9,32,0,1027.5,3.8,SE
2024-10-06 20:00,Gurugram,28.4595,77.0266,32.4,40,0,1029,9.1,W
2024-10-06 21:00,Gurugram,28.4595,77.0266,28.7,53,0,1028,9.7,WNW
2024-10-06 22:00,Gurugram,28.4595,77.0266,30.3,43,0,1030.4,7.4,WNW
2024-10-06 23:00,Gurugram,28.4595,77.0266,27.1,55,0,1030.4,4.9,WNW
2024-10-07 00:00,Gurugram,28.4595,77.0266,25,51,0,1029.1,4.2,NW
2024-10-07 01:00,Gurugram,28.4595,77.0266,24.9,56,0,1027.8,5.1,ESE
2024-10-07 02:00,Gurugram,28.4595,77.0266,22.9,66,0,1030.9,8.1,W
2024-10-07 03:00,Gurugram,28.4595,77.0266,17.5,62,0,1030,5.9,NW
2024-10-07 04:00,Gurugram,28.4595,77.0266,21.4,50,0,1027.9,10.7,W
2024-10-07 05:00,Gurugram,28.4595,77.0266,25.1,52,0,1029.2,13.7,NW
2024-10-07 06:00,Gurugram,28.4595,77.0266,22.5,61,0,1029,3.9,NW
2024-10-07 07:00,Gurugram,28.4595,77.0266,24.9,51,0,1029.4,7.9,ESE
2024-10-07 08:00,Gurugram,28.4595,77.0266,25,40,0,1028.8,7.6,SE
2024-10-07 09:00,Gurugram,28.4595,77.0266,31.7,38,0,1028.7,8.1,W
2024-10-07 10:00,Gurugram,28.4595,77.0266,33.2,43,0,1032.2,7.7,SE
2024-10-07 11:00,Gurugram,28.4595,77.0266,30.2,41,0,1029.4,6.8,WNW
2024-10-07 12:00,Gurugram,28.4595,77.0266,33.4,32,0,1027.9,7.9,NW
2024-10-07 13:00,Gurugram,28.4595,77.0266,32.9,44,0,1028.2,10.8,W
2024-10-07 14:00,Gurugram,28.4595,77.0266,35.9,33,0,1030.9,10.9,NW
2024-10-07 15:00,Gurugram,28.4595,77.0266,35.9,26,0,1028.3,10,SE
2024-10-07 16:00,Gurugram,28.4595,77.0266,36.3,23,0,1027.6,6.4,WNW
2024-10-07 17:00,Gurugram,28.4595,77.0266,34.8,24,0,1028.8,3.7,ESE
2024-10-07 18:00,Gurugram,28.4595,77.0266,38.4,34,0,1028.5,10.3,W
2024-10-07 19:00,Gurugram,28.4595,77.0266,29.9,32,0,1030.4,9.3,SE
2024-10-07 20:00,Gurugram,28.4595,77.0266,27.1,49,0,1030.7,9.6,SE
2024-10-07 21:00,Gurugram,28.4595,77.0266,27.8,51,0,1028.4,22.6,NW
2024-10-07 22:00,Gurugram,28.4595,77.0266,24,50,0,1029.7,12.6,NW
2024-10-07 23:00,Gurugram,28.4595,77.0266,22.6,43,0,1028.6,8.6,E
2024-10-08 00:00,Gurugram,28.4595,77.0266,21.9,49,0,1027.8,14.8,WNW
2024-10-08 01:00,Gurugram,28.4595,77.0266,21,63,0,1031,10.1,WNW
2024-10-08 02:00,Gurugram,28.4595,77.0266,20.3,54,0,1031.2,12.3,NW
2024-10-08 03:00,Gurugram,28.4595,77.0266,22.7,65,0,1029.2,8.8,W
2024-10-08 04:00,Gurugram,28.4595,77.0266,21.1,60,0,1028.1,1.5,NW
2024-10-08 05:00,Gurugram,28.4595,77.0266,22.3,56,0,1027.6,8,SE
2024-10-08 06:00,Gurugram,28.4595,77.0266,25.3,49,0,1029.6,10.5,NW
2024-10-08 07:00,Gurugram,28.4595,77.0266,23.6,50,0,1030.4,6.9,WNW
2024-10-08 08:00,Gurugram,28.4595,77.0266,26.1,48,0,1029,11.3,NW
2024-10-08 09:00,Gurugram,28.4595,77.0266,28.9,49,0,1030.2,6.9,W
2024-10-08 10:00,Gurugram,28.4595,77.0266,26.5,34,0,1028.6,22.5,SW
2024-10-08 11:00,Gurugram,28.4595,77.0266,27.2,34,0,1028.2,10.4,NW
2024-10-08 12:00,Gurugram,28.4595,77.0266,33.5,33,0,1029.2,8.6,NW
2024-10-08 13:00,Gurugram,28.4595,77.0266,34.8,34,0,1026.4,9.3,WNW
2024-10-08 14:00,Gurugram,28.4595,77.0266,38.3,23,0,1028.3,6.2,ESE
2024-10-08 15:00,Gurugram,28.4595,77.0266,35,20,0,1029.8,15.5,Calm
2024-10-08 16:00,Gurugram,28.4595,77.0266,36,32,0,1025.9,5.3,NW
2024-10-08 17:00,Gurugram,28.4595,77.0266,33.5,21,0,1027.3,19.7,SE
2024-10-08 18:00,Gurugram,28.4595,77.0266,33.4,40,0,1028.7,16.1,WNW
2024-10-08 19:00,Gurugram,28.4595,77.0266,34.5,34,0,1027.4,5.5,NW
2024-10-08 20:00,Gurugram,28.4595,77.0266,26.1,30,0,1028.3,4.2,NW
2024-10-08 21:00,Gurugram,28.4595,77.0266,29,40,0,1026.4,5.8,SW
2024-10-08 22:00,Gurugram,28.4595,77.0266,30.4,49,0,1029.6,18,SE
2024-10-08 23:00,Gurugram,28.4595,77.0266,25.5,47,0,1030.2,7.9,NW
2024-10-09 00:00,Gurugram,28.4595,77.0266,26.4,54,0,1027.1,3.4,SW
2024-10-09 01:00,Gurugram,28.4595,77.0266,21.2,61,0,1029.2,14.8,NW
2024-10-09 02:00,Gurugram,28.4595,77.0266,21.7,57,0,1028.7,13.2,WNW
2024-10-09 03:00,Gurugram,28.4595,77.0266,21.6,53,0,1029.5,12.2,W
2024-10-09 04:00,Gurugram,28.4595,77.0266,17.7,56,0,1030.7,21.2,Calm
2024-10-09 05:00,Gurugram,28.4595,77.0266,20.3,65,0,1027.5,11.7,WNW
2024-10-09 06:00,Gurugram,28.4595,77.0266,21.4,64,0,1030.4,16.1,SE
2024-10-09 07:00,Gurugram,28.4595,77.0266,26.2,39,0,1030.9,7.1,SW
2024-10-09 08:00,Gurugram,28.4595,77.0266,27.9,54,0,1026.8,10.8,NW
2024-10-09 09:00,Gurugram,28.4595,77.0266,28.6,45,0,1030.1,15.5,NW
2024-10-09 10:00,Gurugram,28.4595,77.0266,31.2,45,0,1027.9,3.2,NW
2024-10-09 11:00,Gurugram,28.4595,77.0266,30.9,32,0,1029.7,7.4,SE
2024-10-09 12:00,Gurugram,28.4595,77.0266,34.8,22,0,1028,8.6,W
2024-10-09 13:00,Gurugram,28.4595,77.0266,33.6,34,0,1028.3,18.4,NW
2024-10-09 14:00,Gurugram,28.4595,77.0266,34.4,23,0,1028.1,9.7,WNW
2024-10-09 15:00,Gurugram,28.4595,77.0266,34,20,0,1027.8,3.5,WNW
2024-10-09 16:00,Gurugram,28.4595,77.0266,35.5,21,0,1029.8,5.5,ESE
2024-10-09 17:00,Gurugram,28.4595,77.0266,32.9,34,0,1029.5,7.4,SE
2024-10-09 18:00,Gurugram,28.4595,77.0266,34.3,34,0,1029.5,7.3,NW
2024-10-09 19:00,Gurugram,28.4595,77.0266,29.2,40,0,1028.5,16,WNW
2024-10-09 20:00,Gurugram,28.4595,77.0266,27.7,43,0,1028.6,13.9,NW
2024-10-09 21:00,Gurugram,28.4595,77.0266,29.2,41,0,1029.4,5.9,ESE
2024-10-09 22:00,Gurugram,28.4595,77.0266,26.2,47,0,1027.9,8.1,W
2024-10-09 23:00,Gurugram,28.4595,77.0266,23.9,48,0,1028.3,5.9,ESE
2024-10-10 00:00,Gurugram,28.4595,77.0266,24.7,53,0,1030.1,13.1,NW
2024-10-10 01:00,Gurugram,28.4595,77.0266,21,51,0,1029.4,9.3,WNW
2024-10-10 02:00,Gurugram,28.4595,77.0266,21.1,61,0,1030.3,4.8,SE
2024-10-10 03:00,Gurugram,28.4595,77.0266,23.7,65,0,1025.9,19.7,ESE
2024-10-10 04:00,Gurugram,28.4595,77.0266,24.2,53,0,1030.7,20,E
2024-10-10 05:00,Gurugram,28.4595,77.0266,24.9,64,0,1030.1,4.5,NW
2024-10-10 06:00,Gurugram,28.4595,77.0266,22.6,55,0,1030.1,16.9,NW
2024-10-10 07:00,Gurugram,28.4595,77.0266,26.7,53,0,1027,5.9,WNW
2024-10-10 08:00,Gurugram,28.4595,77.0266,24.3,37,0,1028.3,12.2,W
2024-10-10 09:00,Gurugram,28.4595,77.0266,26.1,33,0,1028.4,4.6,NW
2024-10-10 10:00,Gurugram,28.4595,77.0266,25.2,41,0,1029.2,4.7,WNW
2024-10-10 11:00,Gurugram,28.4595,77.0266,34,41,0,1031.1,5.8,ESE
2024-10-10 12:00,Gurugram,28.4595,77.0266,30.8,29,0,1029.2,15.5,W
2024-10-10 13:00,Gurugram,28.4595,77.0266,33.1,41,0,1030.4,2.5,NW
2024-10-10 14:00,Gurugram,28.4595,77.0266,32.4,34,0,1030.6,12,Calm
2024-10-10 15:00,Gurugram,28.4595,77.0266,35.5,23,0,1029.8,10.9,W
2024-10-10 16:00,Gurugram,28.4595,77.0266,33.3,29,0,1029.2,16,WNW
2024-10-10 17:00,Gurugram,28.4595,77.0266,31,46,0,1030.4,5.4,Calm
2024-10-10 18:00,Gurugram,28.4595,77.0266,33.1,26,0,1027.1,16.2,NW
2024-10-10 19:00,Gurugram,28.4595,77.0266,28.4,39,0,1029.7,15.6,W
2024-10-10 20:00,Gurugram,28.4595,77.0266,27.9,38,0,1030.8,7,SE
2024-10-10 21:00,Gurugram,28.4595,77.0266,23.9,48,0,1029.1,12.7,WNW
2024-10-10 22:00,Gurugram,28.4595,77.0266,23.5,55,0,1029.7,4.7,ESE
2024-10-10 23:00,Gurugram,28.4595,77.0266,24.8,49,0,1030.2,7.7,E
2024-10-11 00:00,Gurugram,28.4595,77.0266,19.3,61,0,1028.5,6.1,NW
2024-10-11 01:00,Gurugram,28.4595,77.0266,19.2,70,0,1032.6,4.3,NW
2024-10-11 02:00,Gurugram,28.4595,77.0266,21.2,59,0,1027.5,11.9,WNW
2024-10-11 03:00,Gurugram,28.4595,77.0266,20,64,0,1026.7,6.7,WNW
2024-10-11 04:00,Gurugram,28.4595,77.0266,24.8,55,0,1029.8,16.7,NW
2024-10-11 05:00,Gurugram,28.4595,77.0266,25.1,57,0,1028.2,4.1,NW
2024-10-11 06:00,Gurugram,28.4595,77.0266,21.3,54,0,1029.2,15,E
2024-10-11 07:00,Gurugram,28.4595,77.0266,25.2,56,0,1029.3,8.8,W
2024-10-11 08:00,Gurugram,28.4595,77.0266,27.1,55,0,1029.5,10.1,NW
2024-10-11 09:00,Gurugram,28.4595,77.0266,26.4,43,0,1027.4,5.1,SW
2024-10-11 10:00,Gurugram,28.4595,77.0266,26.4,49,0,1028.1,8.5,SE
2024-10-11 11:00,Gurugram,28.4595,77.0266,30.7,46,0,1030.3,10.1,WNW
2024-10-11 12:00,Gurugram,28.4595,77.0266,31.7,39,0,1028.3,11.6,ESE
2024-10-11 13:00,Gurugram,28.4595,77.0266,32.3,28,0,1028.8,11.9,W
2024-10-11 14:00,Gurugram,28.4595,77.0266,34.5,26,0,1028.2,10.8,ESE
2024-10-11 15:00,Gurugram,28.4595,77.0266,32.6,24,0,1029.5,17.9,WNW
2024-10-11 16:00,Gurugram,28.4595,77.0266,31.7,35,0,1028.4,4,NW
2024-10-11 17:00,Gurugram,28.4595,77.0266,33.3,24,0,1030.9,2.9,NW
2024-10-11 18:00,Gurugram,28.4595,77.0266,32.7,38,0,1028,19.7,NW
2024-10-11 19:00,Gurugram,28.4595,77.0266,28.6,30,0,1027.2,10.9,WNW
2024-10-11 20:00,Gurugram,28.4595,77.0266,30.8,45,0,1027.4,15.9,WNW
2024-10-11 21:00,Gurugram,28.4595,77.0266,24.3,44,0,1030.3,1.5,NW
2024-10-11 22:00,Gurugram,28.4595,77.0266,24.7,56,0,1027.4,10.2,E
2024-10-11 23:00,Gurugram,28.4595,77.0266,23.7,58,0,1027.3,2.4,ESE
2024-10-12 00:00,Gurugram,28.4595,77.0266,21.4,64,0,1029.8,12.2,WNW
2024-10-12 01:00,Gurugram,28.4595,77.0266,20.5,66,0,1031.1,10.9,Calm
2024-10-12 02:00,Gurugram,28.4595,77.0266,24.3,60,0,1031.5,19.4,SW
2024-10-12 03:00,Gurugram,28.4595,77.0266,19.1,53,0,1028.8,9.6,NW
2024-10-12 04:00,Gurugram,28.4595,77.0266,25.3,53,0,1025.2,16.3,W
2024-10-12 05:00,Gurugram,28.4595,77.0266,22.3,45,0,1028.7,13.7,SE
2024-10-12 06:00,Gurugram,28.4595,77.0266,22.7,49,0,1030.4,8.5,NW
2024-10-12 07:00,Gurugram,28.4595,77.0266,24.8,52,0,1027.7,11,NW
2024-10-12 08:00,Gurugram,28.4595,77.0266,30,45,0,1028.2,18.1,NW
2024-10-12 09:00,Gurugram,28.4595,77.0266,25.4,43,0,1029.3,32,NW
2024-10-12 10:00,Gurugram,28.4595,77.0266,26.8,44,0,1030.4,13.7,Calm
2024-10-12 11:00,Gurugram,28.4595,77.0266,29.1,35,0,1027.8,15.8,SE
2024-10-12 12:00,Gurugram,28.4595,77.0266,31.8,27,0,1030.2,12.4,NW
2024-10-12 13:00,Gurugram,28.4595,77.0266,29.7,31,0,1029.8,17,SE
2024-10-12 14:00,Gurugram,28.4595,77.0266,33.5,25,0,1028.6,2.6,NW
2024-10-12 15:00,Gurugram,28.4595,77.0266,36.7,28,0,1029.9,10.9,WNW
2024-10-12 16:00,Gurugram,28.4595,77.0266,33.7,38,0,1030.2,9.6,NW
2024-10-12 17:00,Gurugram,28.4595,77.0266,32.3,30,0,1030.9,9.3,NW
2024-10-12 18:00,Gurugram,28.4595,77.0266,30.7,44,0,1030.8,11.3,NW
2024-10-12 19:00,Gurugram,28.4595,77.0266,32,46,0,1027.6,10.6,ESE
2024-10-12 20:00,Gurugram,28.4595,77.0266,27.4,37,0,1029.5,10.7,NW
2024-10-12 21:00,Gurugram,28.4595,77.0266,30.5,38,0,1028.9,1.5,SE
2024-10-12 22:00,Gurugram,28.4595,77.0266,29,48,0,1029.4,18.1,NW
2024-10-12 23:00,Gurugram,28.4595,77.0266,24.4,59,0,1029,15.5,W
2024-10-13 00:00,Gurugram,28.4595,77.0266,22.3,53,0,1029.2,3.6,E
2024-10-13 01:00,Gurugram,28.4595,77.0266,23.1,63,0,1029,6,NW
2024-10-13 02:00,Gurugram,28.4595,77.0266,22.6,67,0,1028.2,20.3,W
2024-10-13 03:00,Gurugram,28.4595,77.0266,19,55,0,1029.3,6.8,WNW
2024-10-13 04:00,Gurugram,28.4595,77.0266,19.7,55,0,1030.1,11.9,WNW
2024-10-13 05:00,Gurugram,28.4595,77.0266,18.9,62,0,1028.7,11.7,NW
2024-10-13 06:00,Gurugram,28.4595,77.0266,23,56,0,1028.4,6.8,ESE
2024-10-13 07:00,Gurugram,28.4595,77.0266,24.9,48,0,1029.2,4.5,NW
2024-10-13 08:00,Gurugram,28.4595,77.0266,22.8,47,0,1029.4,2.8,WNW
2024-10-13 09:00,Gurugram,28.4595,77.0266,26.1,44,0,1028.1,11.5,ESE
2024-10-13 10:00,Gurugram,28.4595,77.0266,26.2,32,0,1028.5,12.6,SW
2024-10-13 11:00,Gurugram,28.4595,77.0266,28.5,42,0,1027.6,4.8,WNW
2024-10-13 12:00,Gurugram,28.4595,77.0266,32.5,31,0,1029.4,13.1,ESE
2024-10-13 13:00,Gurugram,28.4595,77.0266,31.2,15,0,1028.6,9.4,Calm
2024-10-13 14:00,Gurugram,28.4595,77.0266,32.6,30,0,1030.6,11.7,NW
2024-10-13 15:00,Gurugram,28.4595,77.0266,30.5,25,0,1029.6,8.8,W
2024-10-13 16:00,Gurugram,28.4595,77.0266,33.5,40,0,1029.8,9.6,NW
2024-10-13 17:00,Gurugram,28.4595,77.0266,32.5,28,0,1029.2,10.4,SE
2024-10-13 18:00,Gurugram,28.4595,77.0266,30.2,28,0,1030,13.4,NW
2024-10-13 19:00,Gurugram,28.4595,77.0266,29.8,40,0,1027,14,WNW
2024-10-13 20:00,Gurugram,28.4595,77.0266,28.9,37,0,1029,5.2,ESE
2024-10-13 21:00,Gurugram,28.4595,77.0266,25.4,40,0,1028.6,6.4,SE
2024-10-13 22:00,Gurugram,28.4595,77.0266,22.6,52,0,1030.4,4.5,WNW
2024-10-13 23:00,Gurugram,28.4595,77.0266,26.9,46,0,1027.4,23,W
2024-10-14 00:00,Gurugram,28.4595,77.0266,20.9,47,0,1029.3,4.8,Calm
2024-10-14 01:00,Gurugram,28.4595,77.0266,20.8,69,0,1030.6,3.1,E
2024-10-14 02:00,Gurugram,28.4595,77.0266,22.2,63,0,1028.9,5.5,ESE
2024-10-14 03:00,Gurugram,28.4595,77.0266,26.5,59,0,1028.9,24.8,SW
2024-10-14 04:00,Gurugram,28.4595,77.0266,18.1,60,0,1029.3,5.6,E
2024-10-14 05:00,Gurugram,28.4595,77.0266,21.8,61,0,1028.8,6.1,ESE
2024-10-14 06:00,Gurugram,28.4595,77.0266,20.8,62,0,1029.5,14,SW
2024-10-14 07:00,Gurugram,28.4595,77.0266,22.4,48,0,1030.3,16.3,SE
2024-10-14 08:00,Gurugram,28.4595,77.0266,23.7,51,0,1029.4,6,WNW
2024-10-14 09:00,Gurugram,28.4595,77.0266,24.6,42,0,1029,3.7,WNW
2024-10-14 10:00,Gurugram,28.4595,77.0266,28.2,40,0,1030,6.3,NW
2024-10-14 11:00,Gurugram,28.4595,77.0266,27.2,39,0,1030.8,12.1,NW
2024-10-14 12:00,Gurugram,28.4595,77.0266,32.9,35,0,1028.2,9.7,ESE
2024-10-14 13:00,Gurugram,28.4595,77.0266,32.4,37,0,1031.3,15.4,W
2024-10-14 14:00,Gurugram,28.4595,77.0266,33.7,34,0,1028.3,12.6,ESE
2024-10-14 15:00,Gurugram,28.4595,77.0266,32.3,21,0,1029.5,13.5,SW
2024-10-14 16:00,Gurugram,28.4595,77.0266,32.2,23,0,1029.4,14.2,WNW
2024-10-14 17:00,Gurugram,28.4595,77.0266,32.8,30,0,1029.5,12.6,NW
2024-10-14 18:00,Gurugram,28.4595,77.0266,29.1,46,0,1027,10.5,W
2024-10-14 19:00,Gurugram,28.4595,77.0266,29.2,33,0,1027.5,11.2,NW
2024-10-14 20:00,Gurugram,28.4595,77.0266,26.8,40,0,1028.5,13.8,W
2024-10-14 21:00,Gurugram,28.4595,77.0266,25,42,0,1028.2,5.2,W
2024-10-14 22:00,Gurugram,28.4595,77.0266,21.2,46,0,1029.6,19.1,ESE
2024-10-14 23:00,Gurugram,28.4595,77.0266,25.8,54,0,1030.4,4.2,WNW
2024-10-15 00:00,Gurugram,28.4595,77.0266,20.5,65,0,1026.6,3.8,NW
2024-10-15 01:00,Gurugram,28.4595,77.0266,22.8,61,0,1027.6,7.2,NW
2024-10-15 02:00,Gurugram,28.4595,77.0266,22,55,0,1028.4,8.2,ESE
2024-10-15 03:00,Gurugram,28.4595,77.0266,17.5,77,0,1027.7,9.5,WNW
2024-10-15 04:00,Gurugram,28.4595,77.0266,18.1,61,0,1028.6,9.4,W
2024-10-15 05:00,Gurugram,28.4595,77.0266,25.3,55,0,1028,6.5,WNW
2024-10-15 06:00,Gurugram,28.4595,77.0266,24.9,65,0,1029.6,6.1,SE
2024-10-15 07:00,Gurugram,28.4595,77.0266,23.1,50,0,1032.3,10.9,Calm
2024-10-15 08:00,Gurugram,28.4595,77.0266,25.1,59,0,1028,15.4,NW
2024-10-15 09:00,Gurugram,28.4595,77.0266,25.2,40,0,1030.5,5.8,ESE
2024-10-15 10:00,Gurugram,28.4595,77.0266,28.8,50,0,1032.2,2.3,NW
2024-10-15 11:00,Gurugram,28.4595,77.0266,28.3,39,0,1028.2,3.9,ESE
2024-10-15 12:00,Gurugram,28.4595,77.0266,27.3,43,0,1031.6,6.3,WNW
2024-10-15 13:00,Gurugram,28.4595,77.0266,29.6,44,0,1028,3.2,W
2024-10-15 14:00,Gurugram,28.4595,77.0266,32.7,24,0,1030.5,13.1,NW
2024-10-15 15:00,Gurugram,28.4595,77.0266,30.8,38,0,1028,6.4,E
2024-10-15 16:00,Gurugram,28.4595,77.0266,32.5,23,0,1026.8,13.7,NW
2024-10-15 17:00,Gurugram,28.4595,77.0266,30.1,26,0,1030.2,10.4,SW
2024-10-15 18:00,Gurugram,28.4595,77.0266,29.5,30,0,1029.6,13.8,NW
2024-10-15 19:00,Gurugram,28.4595,77.0266,31.1,41,0,1028.9,14.3,NW
2024-10-15 20:00,Gurugram,28.4595,77.0266,28.5,42,0,1027,22.5,W
2024-10-15 21:00,Gurugram,28.4595,77.0266,26.3,45,0,1030.6,1.5,E
2024-10-15 22:00,Gurugram,28.4595,77.0266,26.3,50,0,1030.3,13.2,W
2024-10-15 23:00,Gurugram,28.4595,77.0266,24,57,0,1026.8,10.9,NW
2024-10-16 00:00,Gurugram,28.4595,77.0266,24.1,61,0,1029.3,16.5,E
2024-10-16 01:00,Gurugram,28.4595,77.0266,19.6,66,0,1029.7,4.3,W
2024-10-16 02:00,Gurugram,28.4595,77.0266,19,71,0,1027.6,6.7,NW
2024-10-16 03:00,Gurugram,28.4595,77.0266,17.2,61,0,1030.2,10.8,W
2024-10-16 04:00,Gurugram,28.4595,77.0266,19,57,0,1032,9.2,ESE
2024-10-16 05:00,Gurugram,28.4595,77.0266,22.2,63,0,1030.3,4.3,ESE
2024-10-16 06:00,Gurugram,28.4595,77.0266,23.8,50,0,1031.1,5.5,ESE
2024-10-16 07:00,Gurugram,28.4595,77.0266,24.6,49,0,1030.1,18.3,E
2024-10-16 08:00,Gurugram,28.4595,77.0266,21.2,56,0,1027.6,5.5,SE
2024-10-16 09:00,Gurugram,28.4595,77.0266,28,45,0,1030,14,W
2024-10-16 10:00,Gurugram,28.4595,77.0266,24.5,35,0,1027.4,2.8,NW
2024-10-16 11:00,Gurugram,28.4595,77.0266,30.9,30,0,1028.4,6.5,ESE
2024-10-16 12:00,Gurugram,28.4595,77.0266,30,36,0,1028.7,5.4,Calm
2024-10-16 13:00,Gurugram,28.4595,77.0266,33,40,0,1028.5,9.5,NW
2024-10-16 14:00,Gurugram,28.4595,77.0266,30,38,0,1028,5.4,W
2024-10-16 15:00,Gurugram,28.4595,77.0266,34.7,32,0,1028.7,5.5,ESE
2024-10-16 16:00,Gurugram,28.4595,77.0266,29.7,44,0,1028.8,22.9,W
2024-10-16 17:00,Gurugram,28.4595,77.0266,30.5,32,0,1030.5,5.2,SW
2024-10-16 18:00,Gurugram,28.4595,77.0266,28.9,35,0,1029.5,15.1,WNW
2024-10-16 19:00,Gurugram,28.4595,77.0266,26.2,23,0,1030.2,13.9,W
2024-10-16 20:00,Gurugram,28.4595,77.0266,27.9,39,0,1028.7,10.9,NW
2024-10-16 21:00,Gurugram,28.4595,77.0266,29.3,51,0,1030.1,8.6,SW
2024-10-16 22:00,Gurugram,28.4595,77.0266,29.2,59,0,1026.7,9.6,NW
2024-10-16 23:00,Gurugram,28.4595,77.0266,23,49,0,1027.4,6.2,Calm
2024-10-17 00:00,Gurugram,28.4595,77.0266,23.2,60,0,1030.2,6.6,NW
2024-10-17 01:00,Gurugram,28.4595,77.0266,20.6,66,0,1028.3,6.7,NW
2024-10-17 02:00,Gurugram,28.4595,77.0266,20.4,61,0,1029.1,8.6,WNW
2024-10-17 03:00,Gurugram,28.4595,77.0266,18.7,48,0,1026.2,15.2,W
2024-10-17 04:00,Gurugram,28.4595,77.0266,19.9,62,0,1028.5,19.1,WNW
2024-10-17 05:00,Gurugram,28.4595,77.0266,21.1,64,0,1027.5,6.8,WNW
2024-10-17 06:00,Gurugram,28.4595,77.0266,20.2,51,0,1028.2,4.7,W
2024-10-17 07:00,Gurugram,28.4595,77.0266,22.4,52,0,1029.1,14.2,Calm
2024-10-17 08:00,Gurugram,28.4595,77.0266,24,43,0,1029.1,5.1,Calm
2024-10-17 09:00,Gurugram,28.4595,77.0266,27.3,31,0,1028.7,6.9,WNW
2024-10-17 10:00,Gurugram,28.4595,77.0266,25.6,49,0,1030.1,7.4,ESE
2024-10-17 11:00,Gurugram,28.4595,77.0266,29,39,0,1028.5,7.4,ESE
2024-10-17 12:00,Gurugram,28.4595,77.0266,33.8,45,0,1028.7,11.4,W
2024-10-17 13:00,Gurugram,28.4595,77.0266,33.5,39,0,1027.5,16.2,NW
2024-10-17 14:00,Gurugram,28.4595,77.0266,34.5,30,0,1030.4,24,W
2024-10-17 15:00,Gurugram,28.4595,77.0266,32.4,31,0,1028,10,ESE
2024-10-17 16:00,Gurugram,28.4595,77.0266,32.7,35,0,1027.3,4.4,NW
2024-10-17 17:00,Gurugram,28.4595,77.0266,33.2,39,0,1027.5,14.1,WNW
2024-10-17 18:00,Gurugram,28.4595,77.0266,33.2,38,0,1029.2,4.6,NW
2024-10-17 19:00,Gurugram,28.4595,77.0266,25.5,46,0,1028.9,5.2,E
2024-10-17 20:00,Gurugram,28.4595,77.0266,25.1,41,0,1028.7,2.2,E
2024-10-17 21:00,Gurugram,28.4595,77.0266,28.2,40,0,1030.2,10.8,NW
2024-10-17 22:00,Gurugram,28.4595,77.0266,23.6,50,0,1027.8,13.6,ESE
2024-10-17 23:00,Gurugram,28.4595,77.0266,21.3,55,0,1029.6,6.6,WNW
2024-10-18 00:00,Gurugram,28.4595,77.0266,18.7,50,0,1029.1,9.4,ESE
2024-10-18 01:00,Gurugram,28.4595,77.0266,18.9,52,0,1029.5,16.4,WNW
2024-10-18 02:00,Gurugram,28.4595,77.0266,16.7,64,0,1029.1,14.1,WNW
2024-10-18 03:00,Gurugram,28.4595,77.0266,22.8,59,0,1028.1,5.3,E
2024-10-18 04:00,Gurugram,28.4595,77.0266,19.2,60,0,1026.3,9.8,W
2024-10-18 05:00,Gurugram,28.4595,77.0266,19.8,58,0,1030,12.4,NW
2024-10-18 06:00,Gurugram,28.4595,77.0266,22,67,0,1029,5.6,NW
2024-10-18 07:00,Gurugram,28.4595,77.0266,24,62,0,1029.1,2.9,SW
2024-10-18 08:00,Gurugram,28.4595,77.0266,25.6,43,0,1029,8.1,NW
2024-10-18 09:00,Gurugram,28.4595,77.0266,27.5,44,0,1027.2,13.3,ESE
2024-10-18 10:00,Gurugram,28.4595,77.0266,26.1,48,0,1029.3,9.9,WNW
2024-10-18 11:00,Gurugram,28.4595,77.0266,28.2,43,0,1029,6.3,NW
2024-10-18 12:00,Gurugram,28.4595,77.0266,31.5,36,0,1028.9,13.6,SE
2024-10-18 13:00,Gurugram,28.4595,77.0266,30.2,27,0,1031.1,30.4,SW
2024-10-18 14:00,Gurugram,28.4595,77.0266,31.8,28,0,1029.1,21.4,NW
2024-10-18 15:00,Gurugram,28.4595,77.0266,32.8,29,0,1028.8,12.2,NW
2024-10-18 16:00,Gurugram,28.4595,77.0266,33.2,34,0,1028.8,11.7,SE
2024-10-18 17:00,Gurugram,28.4595,77.0266,28,44,0,1027.7,8.1,WNW
2024-10-18 18:00,Gurugram,28.4595,77.0266,31.4,32,0,1029.2,10.1,ESE
2024-10-18 19:00,Gurugram,28.4595,77.0266,28.4,33,0,1029.3,1.7,WNW
2024-10-18 20:00,Gurugram,28.4595,77.0266,28.5,42,0,1028.2,12.5,WNW
2024-10-18 21:00,Gurugram,28.4595,77.0266,26.9,53,0,1029.9,15.7,NW
2024-10-18 22:00,Gurugram,28.4595,77.0266,26.7,42,0,1029.6,4.5,W
2024-10-18 23:00,Gurugram,28.4595,77.0266,24.7,63,0,1028.9,5.3,NW
2024-10-19 00:00,Gurugram,28.4595,77.0266,23.1,57,0,1030,1.9,ESE
2024-10-19 01:00,Gurugram,28.4595,77.0266,22.2,56,0,1028.5,8,W
2024-10-19 02:00,Gurugram,28.4595,77.0266,19.5,52,0,1030,9.2,SE
2024-10-19 03:00,Gurugram,28.4595,77.0266,18.8,66,0,1028.4,10.1,SW
2024-10-19 04:00,Gurugram,28.4595,77.0266,20.6,61,0,1030.9,8.4,SW
2024-10-19 05:00,Gurugram,28.4595,77.0266,20.9,61,0,1028.3,1.9,W
2024-10-19 06:00,Gurugram,28.4595,77.0266,20.1,52,0,1028.8,1.5,NW
2024-10-19 07:00,Gurugram,28.4595,77.0266,22.7,53,0,1028,8.1,WNW
2024-10-19 08:00,Gurugram,28.4595,77.0266,23.5,48,0,1029.7,6.5,W
2024-10-19 09:00,Gurugram,28.4595,77.0266,23.7,47,0,1027.6,11.6,ESE
2024-10-19 10:00,Gurugram,28.4595,77.0266,29.3,39,0,1028.9,8.1,NW
2024-10-19 11:00,Gurugram,28.4595,77.0266,28.6,31,0,1027.3,7.4,Calm
2024-10-19 12:00,Gurugram,28.4595,77.0266,33.5,53,0,1029.6,3,NW
2024-10-19 13:00,Gurugram,28.4595,77.0266,28,26,0,1029.7,11.1,W
2024-10-19 14:00,Gurugram,28.4595,77.0266,30.5,34,0,1029.1,8.4,W
2024-10-19 15:00,Gurugram,28.4595,77.0266,31.8,22,0,1028.4,18.8,W
2024-10-19 16:00,Gurugram,28.4595,77.0266,33.6,21,0,1029.8,10.6,W
2024-10-19 17:00,Gurugram,28.4595,77.0266,31.6,35,0,1027.9,6.2,NW
2024-10-19 18:00,Gurugram,28.4595,77.0266,30.4,38,0,1028.1,7.6,Calm
2024-10-19 19:00,Gurugram,28.4595,77.0266,26.5,47,0,1029.8,11.4,Calm
2024-10-19 20:00,Gurugram,28.4595,77.0266,24.9,46,0,1029.7,17.1,W
2024-10-19 21:00,Gurugram,28.4595,77.0266,25.8,46,0,1029.7,5.7,NW
2024-10-19 22:00,Gurugram,28.4595,77.0266,21.1,45,0,1031.8,16.2,NW
2024-10-19 23:00,Gurugram,28.4595,77.0266,21.1,64,0,1029.2,14.1,NW
2024-10-20 00:00,Gurugram,28.4595,77.0266,21.3,64,0,1028.5,30,W
2024-10-20 01:00,Gurugram,28.4595,77.0266,17.6,53,0,1028.8,6.6,WNW
2024-10-20 02:00,Gurugram,28.4595,77.0266,21.6,62,0,1026.5,10.3,WNW
2024-10-20 03:00,Gurugram,28.4595,77.0266,20.7,64,0,1029.5,8.8,W
2024-10-20 04:00,Gurugram,28.4595,77.0266,15.9,60,0,1030.7,19.9,E
2024-10-20 05:00,Gurugram,28.4595,77.0266,17.7,65,0,1028.6,3.7,NW
2024-10-20 06:00,Gurugram,28.4595,77.0266,16.3,63,0,1030.6,19.8,W
2024-10-20 07:00,Gurugram,28.4595,77.0266,20.3,54,0,1027.8,5.2,ESE
2024-10-20 08:00,Gurugram,28.4595,77.0266,24.7,50,0,1028.1,13.3,Calm
2024-10-20 09:00,Gurugram,28.4595,77.0266,24.2,57,0,1028.1,15,ESE
2024-10-20 10:00,Gurugram,28.4595,77.0266,27.5,49,0,1027.2,6.3,W
2024-10-20 11:00,Gurugram,28.4595,77.0266,25.5,41,0,1030.7,5,ESE
2024-10-20 12:00,Gurugram,28.4595,77.0266,31,27,0,1029.6,4.6,Calm
2024-10-20 13:00,Gurugram,28.4595,77.0266,29.6,37,0,1029.7,4.4,E
2024-10-20 14:00,Gurugram,28.4595,77.0266,31.3,37,0,1028.1,15.7,NW
2024-10-20 15:00,Gurugram,28.4595,77.0266,31.3,16,0,1030,6.7,W
2024-10-20 16:00,Gurugram,28.4595,77.0266,29,35,0,1028.4,4.2,SE
2024-10-20 17:00,Gurugram,28.4595,77.0266,28.5,32,0,1028.4,15.2,ESE
2024-10-20 18:00,Gurugram,28.4595,77.0266,31.3,36,0,1030.3,7,WNW
2024-10-20 19:00,Gurugram,28.4595,77.0266,29,35,0,1028,13.2,WNW
2024-10-20 20:00,Gurugram,28.4595,77.0266,28.6,43,0,1027.8,4.9,W
2024-10-20 21:00,Gurugram,28.4595,77.0266,25.6,56,0,1027.7,7.9,WNW
2024-10-20 22:00,Gurugram,28.4595,77.0266,23.6,49,0,1028.8,5.1,WNW
2024-10-20 23:00,Gurugram,28.4595,77.0266,18.6,61,0,1031.5,5.8,SE
2024-10-21 00:00,Gurugram,28.4595,77.0266,19.6,54,0,1028.7,9,NW
2024-10-21 01:00,Gurugram,28.4595,77.0266,19,66,0,1027.4,18.2,W
2024-10-21 02:00,Gurugram,28.4595,77.0266,21.9,63,0,1028.2,18.2,E
2024-10-21 03:00,Gurugram,28.4595,77.0266,19.4,65,0,1028.4,7.3,W
2024-10-21 04:00,Gurugram,28.4595,77.0266,21.2,63,0,1029.1,11.2,WNW
2024-10-21 05:00,Gurugram,28.4595,77.0266,20.2,65,0,1029.4,5.2,NW
2024-10-21 06:00,Gurugram,28.4595,77.0266,18.8,43,0,1026.5,13.1,ESE
2024-10-21 07:00,Gurugram,28.4595,77.0266,21.7,47,0,1027.5,18.4,Calm
2024-10-21 08:00,Gurugram,28.4595,77.0266,23.5,54,0,1027.4,4.6,SE
2024-10-21 09:00,Gurugram,28.4595,77.0266,23,36,0,1030.2,10.2,W
2024-10-21 10:00,Gurugram,28.4595,77.0266,25.7,41,0,1027.8,1.5,WNW
2024-10-21 11:00,Gurugram,28.4595,77.0266,27.6,40,0,1029.3,15,NW
2024-10-21 12:00,Gurugram,28.4595,77.0266,32.2,33,0,1029.6,3.5,ESE
2024-10-21 13:00,Gurugram,28.4595,77.0266,26.6,31,0,1028.4,4.6,NW
2024-10-21 14:00,Gurugram,28.4595,77.0266,33.2,35,0,1026.1,6.5,E
2024-10-21 15:00,Gurugram,28.4595,77.0266,29.5,39,0,1030.4,3.9,WNW
2024-10-21 16:00,Gurugram,28.4595,77.0266,28.5,28,0,1030.6,6.2,WNW
2024-10-21 17:00,Gurugram,28.4595,77.0266,32.5,32,0,1029,13.1,NW
2024-10-21 18:00,Gurugram,28.4595,77.0266,30.6,33,0,1028.2,3.6,WNW
2024-10-21 19:00,Gurugram,28.4595,77.0266,30.2,26,0,1031.2,13.7,ESE
2024-10-21 20:00,Gurugram,28.4595,77.0266,27.8,45,0,1028.1,1.5,NW
2024-10-21 21:00,Gurugram,28.4595,77.0266,28.4,54,0,1030,8.2,ESE
2024-10-21 22:00,Gurugram,28.4595,77.0266,24,58,0,1027.2,5.8,W
2024-10-21 23:00,Gurugram,28.4595,77.0266,21.2,50,0,1029.5,22.4,WNW
2024-10-22 00:00,Gurugram,28.4595,77.0266,20.5,52,0,1027.4,3.7,NW
2024-10-22 01:00,Gurugram,28.4595,77.0266,21,62,0,1029.4,11.3,E
2024-10-22 02:00,Gurugram,28.4595,77.0266,16.8,68,0,1029,3.8,NW
2024-10-22 03:00,Gurugram,28.4595,77.0266,16.8,64,0,1028.6,8.6,ESE
2024-10-22 04:00,Gurugram,28.4595,77.0266,17.6,65,0,1028.5,8,WNW
2024-10-22 05:00,Gurugram,28.4595,77.0266,15,68,0,1030.3,9.2,ESE
2024-10-22 06:00,Gurugram,28.4595,77.0266,20.1,55,0,1028.9,18.6,WNW
2024-10-22 07:00,Gurugram,28.4595,77.0266,17.8,55,0,1029.5,8.3,NW
2024-10-22 08:00,Gurugram,28.4595,77.0266,22.8,62,0,1032.4,8.7,Calm
2024-10-22 09:00,Gurugram,28.4595,77.0266,26,47,0,1027.5,15.5,NW
2024-10-22 10:00,Gurugram,28.4595,77.0266,25.3,37,0,1028.1,14.6,NW
2024-10-22 11:00,Gurugram,28.4595,77.0266,30.7,37,0,1027,17,WNW
2024-10-22 12:00,Gurugram,28.4595,77.0266,26.4,32,0,1027,9.7,SW
2024-10-22 13:00,Gurugram,28.4595,77.0266,32.2,38,0,1031.3,7.7,NW
2024-10-22 14:00,Gurugram,28.4595,77.0266,31.9,29,0,1028.5,12.1,W
2024-10-22 15:00,Gurugram,28.4595,77.0266,27.8,35,0,1025.8,7.6,W
2024-10-22 16:00,Gurugram,28.4595,77.0266,35.6,30,0,1028.7,2.1,WNW
2024-10-22 17:00,Gurugram,28.4595,77.0266,29.9,23,0,1028.4,2.4,ESE
2024-10-22 18:00,Gurugram,28.4595,77.0266,27.4,40,0,1027.7,10.1,WNW
2024-10-22 19:00,Gurugram,28.4595,77.0266,25.1,42,0,1028.5,5.7,W
2024-10-22 20:00,Gurugram,28.4595,77.0266,25.7,48,0,1029.2,4.3,NW
2024-10-22 21:00,Gurugram,28.4595,77.0266,24.2,44,0,1028.5,2.6,SW
2024-10-22 22:00,Gurugram,28.4595,77.0266,22.9,48,0,1030,4,NW
2024-10-22 23:00,Gurugram,28.4595,77.0266,20.6,58,0,1028.9,9.1,ESE
2024-10-23 00:00,Gurugram,28.4595,77.0266,20.7,69,0,1029,20,E
2024-10-23 01:00,Gurugram,28.4595,77.0266,17.8,62,0,1028.7,9.3,NW
2024-10-23 02:00,Gurugram,28.4595,77.0266,14.4,66,0,1027.5,7.5,NW
2024-10-23 03:00,Gurugram,28.4595,77.0266,17.4,62,0,1027.5,6.2,WNW
2024-10-23 04:00,Gurugram,28.4595,77.0266,13.6,54,0,1029.1,13.4,SE
2024-10-23 05:00,Gurugram,28.4595,77.0266,19.2,68,0,1028.1,7.3,ESE
2024-10-23 06:00,Gurugram,28.4595,77.0266,17.8,65,0,1029.7,6.8,SE
2024-10-23 07:00,Gurugram,28.4595,77.0266,21.2,61,0,1028.6,4.4,WNW
2024-10-23 08:00,Gurugram,28.4595,77.0266,24.8,52,0,1028.1,5.6,Calm
2024-10-23 09:00,Gurugram,28.4595,77.0266,22.4,52,0,1029.3,12.4,WNW
2024-10-23 10:00,Gurugram,28.4595,77.0266,27.8,50,0,1029,10.5,SE
2024-10-23 11:00,Gurugram,28.4595,77.0266,26.6,51,0,1027,8.6,WNW
2024-10-23 12:00,Gurugram,28.4595,77.0266,31.9,44,0,1026.8,9,NW
2024-10-23 13:00,Gurugram,28.4595,77.0266,29.1,36,0,1029.7,6.4,WNW
2024-10-23 14:00,Gurugram,28.4595,77.0266,28.9,27,0,1028.1,11.2,NW
2024-10-23 15:00,Gurugram,28.4595,77.0266,31.9,35,0,1029.2,9.4,NW
2024-10-23 16:00,Gurugram,28.4595,77.0266,29.7,36,0,1029.3,4.1,WNW
2024-10-23 17:00,Gurugram,28.4595,77.0266,28.3,40,0,1030.4,7.7,NW
2024-10-23 18:00,Gurugram,28.4595,77.0266,27.9,46,0,1031,5.4,WNW
2024-10-23 19:00,Gurugram,28.4595,77.0266,27.3,41,0,1027.6,17.1,NW
2024-10-23 20:00,Gurugram,28.4595,77.0266,28.3,58,0,1028.8,11.8,WNW
2024-10-23 21:00,Gurugram,28.4595,77.0266,20.7,38,0,1028.8,16.8,Calm
2024-10-23 22:00,Gurugram,28.4595,77.0266,22.5,55,0,1030.8,4.9,WNW
2024-10-23 23:00,Gurugram,28.4595,77.0266,22,52,0,1027.3,15.5,NW
2024-10-24 00:00,Gurugram,28.4595,77.0266,19.6,48,0,1030.7,6.5,NW
2024-10-24 01:00,Gurugram,28.4595,77.0266,20.6,61,0,1029.6,3.4,SE
2024-10-24 02:00,Gurugram,28.4595,77.0266,17.5,55,0,1028.3,8.3,NW
2024-10-24 03:00,Gurugram,28.4595,77.0266,17.1,63,0,1030,6.6,WNW
2024-10-24 04:00,Gurugram,28.4595,77.0266,18.7,64,0,1028.5,6.9,SE
2024-10-24 05:00,Gurugram,28.4595,77.0266,18.4,69,0,1027,7.8,NW
2024-10-24 06:00,Gurugram,28.4595,77.0266,18.6,51,0,1029.1,15.1,WNW
2024-10-24 07:00,Gurugram,28.4595,77.0266,21.6,62,0,1028.6,10.8,NW
2024-10-24 08:00,Gurugram,28.4595,77.0266,21,54,0,1028.4,12,NW
2024-10-24 09:00,Gurugram,28.4595,77.0266,22.8,55,0,1028,11.2,NW
2024-10-24 10:00,Gurugram,28.4595,77.0266,24.6,43,0,1029.7,5,WNW
2024-10-24 11:00,Gurugram,28.4595,77.0266,29.6,34,0,1028.9,1.8,SE
2024-10-24 12:00,Gurugram,28.4595,77.0266,22.7,31,0,1028.4,7.7,WNW
2024-10-24 13:00,Gurugram,28.4595,77.0266,30.2,29,0,1028.2,11,WNW
2024-10-24 14:00,Gurugram,28.4595,77.0266,30.2,38,0,1028.4,9.7,NW
2024-10-24 15:00,Gurugram,28.4595,77.0266,27.4,43,0,1028.3,8.9,WNW
2024-10-24 16:00,Gurugram,28.4595,77.0266,30.7,31,0,1028.5,11.6,WNW
2024-10-24 17:00,Gurugram,28.4595,77.0266,30.4,40,0,1029.8,8.4,E
2024-10-24 18:00,Gurugram,28.4595,77.0266,29.5,30,0,1028.5,8.7,NW
2024-10-24 19:00,Gurugram,28.4595,77.0266,22.4,43,0,1029.1,5.4,W
2024-10-24 20:00,Gurugram,28.4595,77.0266,28,49,0,1028.5,17.4,E
2024-10-24 21:00,Gurugram,28.4595,77.0266,22.6,41,0,1026.8,2.6,WNW
2024-10-24 22:00,Gurugram,28.4595,77.0266,23.4,52,0,1029.2,15.4,W
2024-10-24 23:00,Gurugram,28.4595,77.0266,22,61,0,1028.1,2.5,W
2024-10-25 00:00,Gurugram,28.4595,77.0266,17.4,43,0,1029.7,13,WNW
2024-10-25 01:00,Gurugram,28.4595,77.0266,19.2,71,0,1030.9,8.7,NW
2024-10-25 02:00,Gurugram,28.4595,77.0266,16.6,66,0,1028.2,14.5,NW
2024-10-25 03:00,Gurugram,28.4595,77.0266,13.4,69,0,1030,12.5,NW
2024-10-25 04:00,Gurugram,28.4595,77.0266,19.4,62,0,1028.5,3.8,ESE
2024-10-25 05:00,Gurugram,28.4595,77.0266,16.6,52,0,1028.6,1.5,W
2024-10-25 06:00,Gurugram,28.4595,77.0266,17.5,64,0,1029.4,5.6,SE
2024-10-25 07:00,Gurugram,28.4595,77.0266,19.6,57,0,1026.6,7.1,NW
2024-10-25 08:00,Gurugram,28.4595,77.0266,22.4,54,0,1026.9,1.7,SE
2024-10-25 09:00,Gurugram,28.4595,77.0266,23.5,56,0,1029,10.5,NW
2024-10-25 10:00,Gurugram,28.4595,77.0266,26.3,50,0,1025.8,7.9,NW
2024-10-25 11:00,Gurugram,28.4595,77.0266,24.4,54,0,1030.2,5.9,W
2024-10-25 12:00,Gurugram,28.4595,77.0266,26.9,40,0,1030.5,9.7,SW
2024-10-25 13:00,Gurugram,28.4595,77.0266,29,33,0,1029.4,14.7,WNW
2024-10-25 14:00,Gurugram,28.4595,77.0266,33.3,34,0,1028.8,14.6,WNW
2024-10-25 15:00,Gurugram,28.4595,77.0266,29.9,37,0,1030.3,8.8,WNW
2024-10-25 16:00,Gurugram,28.4595,77.0266,31.8,41,0,1028.4,10.5,WNW
2024-10-25 17:00,Gurugram,28.4595,77.0266,29.3,28,0,1028.5,1.7,NW
2024-10-25 18:00,Gurugram,28.4595,77.0266,27.3,39,0,1028.8,12.4,WNW
2024-10-25 19:00,Gurugram,28.4595,77.0266,26.4,52,0,1028,20.6,WNW
2024-10-25 20:00,Gurugram,28.4595,77.0266,25,44,0,1030.5,7.7,ESE
2024-10-25 21:00,Gurugram,28.4595,77.0266,24.7,55,0,1030.5,11.7,NW
2024-10-25 22:00,Gurugram,28.4595,77.0266,24.4,57,0,1027.8,10.3,W
2024-10-25 23:00,Gurugram,28.4595,77.0266,21,63,0,1028,8.4,W
2024-10-26 00:00,Gurugram,28.4595,77.0266,20.9,56,0,1028.5,12.5,WNW
2024-10-26 01:00,Gurugram,28.4595,77.0266,16,58,0,1030.4,5.9,W
2024-10-26 02:00,Gurugram,28.4595,77.0266,16.3,65,0,1028.5,7,ESE
2024-10-26 03:00,Gurugram,28.4595,77.0266,15.5,56,0,1029.1,5.9,WNW
2024-10-26 04:00,Gurugram,28.4595,77.0266,17.6,63,0,1027.6,22.7,WNW
2024-10-26 05:00,Gurugram,28.4595,77.0266,17.1,65,0,1030.8,5.1,SE
2024-10-26 06:00,Gurugram,28.4595,77.0266,20.1,71,0,1027.5,11.7,Calm
2024-10-26 07:00,Gurugram,28.4595,77.0266,18.4,60,0,1028.4,4.9,NW
2024-10-26 08:00,Gurugram,28.4595,77.0266,21.7,58,0,1026.9,9.6,E
2024-10-26 09:00,Gurugram,28.4595,77.0266,24.6,57,0,1030.4,11.1,W
2024-10-26 10:00,Gurugram,28.4595,77.0266,21.3,40,0,1028.9,2.2,WNW
2024-10-26 11:00,Gurugram,28.4595,77.0266,30.4,42,0,1031.1,3.4,E
2024-10-26 12:00,Gurugram,28.4595,77.0266,27.4,54,0,1027.7,4.9,SW
2024-10-26 13:00,Gurugram,28.4595,77.0266,25.3,37,0,1030.2,3.7,NW
2024-10-26 14:00,Gurugram,28.4595,77.0266,29.9,42,0,1029.4,4.5,WNW
2024-10-26 15:00,Gurugram,28.4595,77.0266,29.9,41,0,1028,10.1,E
2024-10-26 16:00,Gurugram,28.4595,77.0266,29.5,27,0,1028.1,6.2,WNW
2024-10-26 17:00,Gurugram,28.4595,77.0266,30.7,39,0,1029.6,12.4,NW
2024-10-26 18:00,Gurugram,28.4595,77.0266,29.3,40,0,1028.9,19.8,Calm
2024-10-26 19:00,Gurugram,28.4595,77.0266,27.1,45,0,1028.1,3.4,NW
2024-10-26 20:00,Gurugram,28.4595,77.0266,25.8,42,0,1031,20.9,W
2024-10-26 21:00,Gurugram,28.4595,77.0266,23.1,43,0,1029,13.6,WNW
2024-10-26 22:00,Gurugram,28.4595,77.0266,24.8,51,0,1028.5,11.4,WNW
2024-10-26 23:00,Gurugram,28.4595,77.0266,17.4,57,0,1027.6,8.4,NW
2024-10-27 00:00,Gurugram,28.4595,77.0266,18.7,68,0,1028.3,9.3,NW
2024-10-27 01:00,Gurugram,28.4595,77.0266,17.5,74,0,1026.3,4.4,NW
2024-10-27 02:00,Gurugram,28.4595,77.0266,18.2,73,0,1028.9,8.9,ESE
2024-10-27 03:00,Gurugram,28.4595,77.0266,15,71,0,1029.8,16.6,ESE
2024-10-27 04:00,Gurugram,28.4595,77.0266,13.6,59,0,1030.6,4.6,SE
2024-10-27 05:00,Gurugram,28.4595,77.0266,17.7,61,0,1028.4,12,ESE
2024-10-27 06:00,Gurugram,28.4595,77.0266,19,62,0,1029.5,15,NW
2024-10-27 07:00,Gurugram,28.4595,77.0266,22.5,54,0,1028.5,5.3,Calm
2024-10-27 08:00,Gurugram,28.4595,77.0266,19.1,58,0,1026.7,10.6,NW
2024-10-27 09:00,Gurugram,28.4595,77.0266,25.1,55,0,1026.4,12.3,WNW
2024-10-27 10:00,Gurugram,28.4595,77.0266,29,50,0,1028.8,21.7,ESE
2024-10-27 11:00,Gurugram,28.4595,77.0266,25.6,49,0,1026.5,16.7,NW
2024-10-27 12:00,Gurugram,28.4595,77.0266,25.3,35,0,1028.6,16.5,NW
2024-10-27 13:00,Gurugram,28.4595,77.0266,28,43,0,1028.4,6.9,E
2024-10-27 14:00,Gurugram,28.4595,77.0266,29.4,32,0,1026.8,11.8,WNW
2024-10-27 15:00,Gurugram,28.4595,77.0266,30.6,30,0,1025.6,8.3,W
2024-10-27 16:00,Gurugram,28.4595,77.0266,28.3,39,0,1028,3.2,E
2024-10-27 17:00,Gurugram,28.4595,77.0266,31.5,45,0,1030.7,4.8,Calm
2024-10-27 18:00,Gurugram,28.4595,77.0266,25.7,43,0,1029.2,8.8,NW
2024-10-27 19:00,Gurugram,28.4595,77.0266,23.2,43,0,1028,7.8,NW
2024-10-27 20:00,Gurugram,28.4595,77.0266,26.7,49,0,1027.9,20.7,ESE
2024-10-27 21:00,Gurugram,28.4595,77.0266,19,51,0,1029.3,9.3,NW
2024-10-27 22:00,Gurugram,28.4595,77.0266,21,48,0,1029,14.9,W
2024-10-27 23:00,Gurugram,28.4595,77.0266,25.4,51,0,1029.7,10.7,W
2024-10-28 00:00,Gurugram,28.4595,77.0266,18.2,61,0,1031,11.3,W
2024-10-28 01:00,Gurugram,28.4595,77.0266,15.1,64,0,1030.2,13.6,W
2024-10-28 02:00,Gurugram,28.4595,77.0266,16.4,66,0,1030.1,7.7,E
2024-10-28 03:00,Gurugram,28.4595,77.0266,16.2,70,0,1028.7,8.6,NW
2024-10-28 04:00,Gurugram,28.4595,77.0266,16.8,64,0,1026.1,7,W
2024-10-28 05:00,Gurugram,28.4595,77.0266,18.4,67,0,1026.3,8.5,WNW
2024-10-28 06:00,Gurugram,28.4595,77.0266,16.3,61,0,1029.4,9.4,NW
2024-10-28 07:00,Gurugram,28.4595,77.0266,22.6,69,0,1028.1,10.7,NW
2024-10-28 08:00,Gurugram,28.4595,77.0266,21.5,55,0,1030.8,9.2,W
2024-10-28 09:00,Gurugram,28.4595,77.0266,24.1,65,0,1030.6,9.7,Calm
2024-10-28 10:00,Gurugram,28.4595,77.0266,23.3,49,0,1029,10.6,ESE
2024-10-28 11:00,Gurugram,28.4595,77.0266,28.4,42,0,1028.2,1.5,NW
2024-10-28 12:00,Gurugram,28.4595,77.0266,26.9,35,0,1027.7,6.1,ESE
2024-10-28 13:00,Gurugram,28.4595,77.0266,28.9,29,0,1030.8,6.4,NW
2024-10-28 14:00,Gurugram,28.4595,77.0266,27.4,31,0,1029,10.5,ESE
2024-10-28 15:00,Gurugram,28.4595,77.0266,27.5,31,0,1028,11.7,E
2024-10-28 16:00,Gurugram,28.4595,77.0266,30.3,39,0,1028.7,4.6,WNW
2024-10-28 17:00,Gurugram,28.4595,77.0266,27.6,35,0,1028.5,14.7,NW
2024-10-28 18:00,Gurugram,28.4595,77.0266,25.8,42,0,1031,11.4,NW
2024-10-28 19:00,Gurugram,28.4595,77.0266,24.9,51,0,1029.1,4.9,NW
2024-10-28 20:00,Gurugram,28.4595,77.0266,25.7,47,0,1028.9,6.5,W
2024-10-28 21:00,Gurugram,28.4595,77.0266,21.7,63,0,1027.2,8.3,NW
2024-10-28 22:00,Gurugram,28.4595,77.0266,20.9,48,0,1029.4,13.8,NW
2024-10-28 23:00,Gurugram,28.4595,77.0266,19.6,58,0,1028.9,12.3,W
2024-10-29 00:00,Gurugram,28.4595,77.0266,14.5,59,0,1029.5,4.9,E
2024-10-29 01:00,Gurugram,28.4595,77.0266,14.2,70,0,1028.9,15.2,WNW
2024-10-29 02:00,Gurugram,28.4595,77.0266,16.8,52,0,1028.4,9.2,WNW
2024-10-29 03:00,Gurugram,28.4595,77.0266,14.7,58,0,1028.9,15.6,NW
2024-10-29 04:00,Gurugram,28.4595,77.0266,18.1,65,0,1027.9,9.6,WNW
2024-10-29 05:00,Gurugram,28.4595,77.0266,18.6,74,0,1029,4.5,WNW
2024-10-29 06:00,Gurugram,28.4595,77.0266,19.2,63,0,1030.4,11.2,Calm
2024-10-29 07:00,Gurugram,28.4595,77.0266,22.5,51,0,1029.9,22,NW
2024-10-29 08:00,Gurugram,28.4595,77.0266,20.7,48,0,1028.5,6.1,NW
2024-10-29 09:00,Gurugram,28.4595,77.0266,23.7,61,0,1028.6,5.2,NW
2024-10-29 10:00,Gurugram,28.4595,77.0266,23.1,44,0,1029.5,7.5,E
2024-10-29 11:00,Gurugram,28.4595,77.0266,30.2,38,0,1029.3,11.4,WNW
2024-10-29 12:00,Gurugram,28.4595,77.0266,30.7,50,0,1028.8,25,SE
2024-10-29 13:00,Gurugram,28.4595,77.0266,28.2,45,0,1028.2,15.6,ESE
2024-10-29 14:00,Gurugram,28.4595,77.0266,29.5,45,0,1027.8,4.4,SW
2024-10-29 15:00,Gurugram,28.4595,77.0266,31.5,31,0,1027.7,18,NW
2024-10-29 16:00,Gurugram,28.4595,77.0266,28.5,28,0,1028.6,11.4,NW
2024-10-29 17:00,Gurugram,28.4595,77.0266,27,39,0,1029.2,11.2,ESE
2024-10-29 18:00,Gurugram,28.4595,77.0266,28.7,43,0,1026.8,7.8,W
2024-10-29 19:00,Gurugram,28.4595,77.0266,25.9,46,0,1029.7,7.1,ESE
2024-10-29 20:00,Gurugram,28.4595,77.0266,24.5,56,0,1027.6,9.2,W
2024-10-29 21:00,Gurugram,28.4595,77.0266,21,41,0,1028,20,W
2024-10-29 22:00,Gurugram,28.4595,77.0266,17.7,60,0,1028.5,3.3,SW
2024-10-29 23:00,Gurugram,28.4595,77.0266,19.7,52,0,1029.3,11.8,SW
2024-10-30 00:00,Gurugram,28.4595,77.0266,19.3,68,0,1030.6,10.4,NW
2024-10-30 01:00,Gurugram,28.4595,77.0266,16.2,62,0,1028.2,9.1,WNW
2024-10-30 02:00,Gurugram,28.4595,77.0266,18.6,61,0,1030.1,15,WNW
2024-10-30 03:00,Gurugram,28.4595,77.0266,14.5,63,0,1028.3,3.6,WNW
2024-10-30 04:00,Gurugram,28.4595,77.0266,14.1,58,0,1030.4,18.1,NW
2024-10-30 05:00,Gurugram,28.4595,77.0266,16.5,65,0,1028.7,1.5,WNW
2024-10-30 06:00,Gurugram,28.4595,77.0266,17.5,58,0,1027,7.9,Calm
2024-10-30 07:00,Gurugram,28.4595,77.0266,20.4,64,0,1027.9,3.2,NW
2024-10-30 08:00,Gurugram,28.4595,77.0266,19.2,60,0,1028.8,7.5,SE
2024-10-30 09:00,Gurugram,28.4595,77.0266,24.7,62,0,1028.5,19,NW
2024-10-30 10:00,Gurugram,28.4595,77.0266,27.5,50,0,1027.6,6.8,W
2024-10-30 11:00,Gurugram,28.4595,77.0266,25.4,47,0,1027.2,4.6,WNW
2024-10-30 12:00,Gurugram,28.4595,77.0266,29.1,50,0,1029.8,17.6,WNW
2024-10-30 13:00,Gurugram,28.4595,77.0266,26,35,0,1026,10.3,E
2024-10-30 14:00,Gurugram,28.4595,77.0266,30.5,28,0,1029.4,7.7,Calm
2024-10-30 15:00,Gurugram,28.4595,77.0266,30.6,38,0,1027.5,5.2,WNW
2024-10-30 16:00,Gurugram,28.4595,77.0266,30.1,29,0,1031.1,9.6,W
2024-10-30 17:00,Gurugram,28.4595,77.0266,27.8,54,0,1026.4,7.9,W
2024-10-30 18:00,Gurugram,28.4595,77.0266,21.5,50,0,1026.3,11.5,NW
2024-10-30 19:00,Gurugram,28.4595,77.0266,24.3,57,0,1028.3,2.8,NW
2024-10-30 20:00,Gurugram,28.4595,77.0266,22.8,48,0,1030,10.2,SE
2024-10-30 21:00,Gurugram,28.4595,77.0266,20.5,55,0,1031.4,15.5,WNW
2024-10-30 22:00,Gurugram,28.4595,77.0266,20.8,53,0,1030,2.5,NW
2024-10-30 23:00,Gurugram,28.4595,77.0266,18.2,65,0,1029,21.2,Calm
2024-10-31 00:00,Gurugram,28.4595,77.0266,15.9,56,0,1027.6,5.2,NW
2024-10-31 01:00,Gurugram,28.4595,77.0266,14.4,50,0,1027.8,3.1,NW
2024-10-31 02:00,Gurugram,28.4595,77.0266,14.4,62,0,1028,7.2,E
2024-10-31 03:00,Gurugram,28.4595,77.0266,17.5,59,0,1028.3,4.3,WNW
2024-10-31 04:00,Gurugram,28.4595,77.0266,14.5,76,0,1028.4,4.8,W
2024-10-31 05:00,Gurugram,28.4595,77.0266,15.4,76,0,1029,7.2,NW
2024-10-31 06:00,Gurugram,28.4595,77.0266,16.6,54,0,1028,6.3,SW
2024-10-31 07:00,Gurugram,28.4595,77.0266,19.3,68,0,1028.9,7.5,NW
2024-10-31 08:00,Gurugram,28.4595,77.0266,21.1,62,0,1029.2,22,NW
2024-10-31 09:00,Gurugram,28.4595,77.0266,16.5,43,0,1027.4,2.5,NW
2024-10-31 10:00,Gurugram,28.4595,77.0266,25.5,46,0,1027.2,5.6,WNW
2024-10-31 11:00,Gurugram,28.4595,77.0266,27.8,41,0,1030.1,11,SE
2024-10-31 12:00,Gurugram,28.4595,77.0266,24.7,46,0,1028.9,8.7,NW
2024-10-31 13:00,Gurugram,28.4595,77.0266,25.9,32,0,1028.6,10.4,NW
2024-10-31 14:00,Gurugram,28.4595,77.0266,27.4,37,0,1027,9.3,WNW
2024-10-31 15:00,Gurugram,28.4595,77.0266,27.1,33,0,1029.7,7.7,Calm
2024-10-31 16:00,Gurugram,28.4595,77.0266,28.7,41,0,1028.7,2,NW
2024-10-31 17:00,Gurugram,28.4595,77.0266,24.1,38,0,1030.5,18.4,WNW
2024-10-31 18:00,Gurugram,28.4595,77.0266,24.6,38,0,1029,5.6,W
2024-10-31 19:00,Gurugram,28.4595,77.0266,28,44,0,1028.4,3.8,SE
2024-10-31 20:00,Gurugram,28.4595,77.0266,22,61,0,1028,8.7,ESE
2024-10-31 21:00,Gurugram,28.4595,77.0266,24.2,50,0,1030.6,26.7,NW
2024-10-31 22:00,Gurugram,28.4595,77.0266,20.9,50,0,1029.9,13.2,WNW
2024-10-31 23:00,Gurugram,28.4595,77.0266,15.5,63,0,1029,14.9,NW
2024-11-01 00:00,Gurugram,28.4595,77.0266,18.3,62,0,1029.8,39,W
2024-11-01 01:00,Gurugram,28.4595,77.0266,15.9,57,0,1029.1,10.3,NW
2024-11-01 02:00,Gurugram,28.4595,77.0266,14.6,81,0,1026.5,3.3,NW
2024-11-01 03:00,Gurugram,28.4595,77.0266,15.6,66,0,1029.8,6,NW
2024-11-01 04:00,Gurugram,28.4595,77.0266,16.3,65,0,1029.5,6.1,SW
2024-11-01 05:00,Gurugram,28.4595,77.0266,17.3,67,0,1027.4,3.1,ESE
2024-11-01 06:00,Gurugram,28.4595,77.0266,19.2,74,0,1029.4,7.3,NW
2024-11-01 07:00,Gurugram,28.4595,77.0266,19.2,50,0,1027.7,17.6,NW
2024-11-01 08:00,Gurugram,28.4595,77.0266,17.5,58,0,1028.2,19.8,NW
2024-11-01 09:00,Gurugram,28.4595,77.0266,20.9,65,0,1028.9,5.2,NW
2024-11-01 10:00,Gurugram,28.4595,77.0266,28.7,50,0,1028.8,19.1,ESE
2024-11-01 11:00,Gurugram,28.4595,77.0266,26.3,38,0,1028.6,11.5,ESE
2024-11-01 12:00,Gurugram,28.4595,77.0266,30.6,38,0,1026.8,3.9,SE
2024-11-01 13:00,Gurugram,28.4595,77.0266,29.8,41,0,1028.8,1.8,SW
2024-11-01 14:00,Gurugram,28.4595,77.0266,28.4,46,0,1030.7,11.7,WNW
2024-11-01 15:00,Gurugram,28.4595,77.0266,28.7,36,0,1029,9.6,E
2024-11-01 16:00,Gurugram,28.4595,77.0266,27.9,43,0,1028.5,8.3,ESE
2024-11-01 17:00,Gurugram,28.4595,77.0266,24.2,31,0,1029.5,3,W
2024-11-01 18:00,Gurugram,28.4595,77.0266,26.3,33,0,1028.9,3.2,Calm
2024-11-01 19:00,Gurugram,28.4595,77.0266,27.1,42,0,1028.2,6,SW
2024-11-01 20:00,Gurugram,28.4595,77.0266,22.3,57,0,1029.8,4.4,E
2024-11-01 21:00,Gurugram,28.4595,77.0266,22.4,53,0,1029,11.4,NW
2024-11-01 22:00,Gurugram,28.4595,77.0266,21.6,58,0,1029.2,10.7,NW
2024-11-01 23:00,Gurugram,28.4595,77.0266,16.8,62,0,1028.5,5.7,SW
2024-11-02 00:00,Gurugram,28.4595,77.0266,16,70,0,1028.5,8.4,WNW
2024-11-02 01:00,Gurugram,28.4595,77.0266,14,62,0,1029.6,17.2,SE
2024-11-02 02:00,Gurugram,28.4595,77.0266,13.7,72,0,1028,12.5,ESE
2024-11-02 03:00,Gurugram,28.4595,77.0266,12.6,63,0,1031.4,5.8,ESE
2024-11-02 04:00,Gurugram,28.4595,77.0266,13.5,80,0,1027.9,12.7,NW
2024-11-02 05:00,Gurugram,28.4595,77.0266,18.4,61,0,1027.9,16.1,WNW
2024-11-02 06:00,Gurugram,28.4595,77.0266,15.2,58,0,1029.9,14.9,E
2024-11-02 07:00,Gurugram,28.4595,77.0266,18.4,64,0,1028.6,5,WNW
2024-11-02 08:00,Gurugram,28.4595,77.0266,18.8,58,0,1029.4,5.6,ESE
2024-11-02 09:00,Gurugram,28.4595,77.0266,23.6,55,0,1030.5,2.4,ESE
2024-11-02 10:00,Gurugram,28.4595,77.0266,25.5,51,0,1029.1,11.8,NW
2024-11-02 11:00,Gurugram,28.4595,77.0266,26.2,39,0,1029.1,19.4,NW
2024-11-02 12:00,Gurugram,28.4595,77.0266,26.6,52,0,1028,12.7,ESE
2024-11-02 13:00,Gurugram,28.4595,77.0266,26.6,46,0,1027.6,9.6,NW
2024-11-02 14:00,Gurugram,28.4595,77.0266,25.6,47,0,1026.8,21.1,WNW
2024-11-02 15:00,Gurugram,28.4595,77.0266,31.4,35,0,1027.8,10.1,SW
2024-11-02 16:00,Gurugram,28.4595,77.0266,26.3,41,0,1028.1,25.6,W
2024-11-02 17:00,Gurugram,28.4595,77.0266,28.3,41,0,1027.8,13.3,SW
2024-11-02 18:00,Gurugram,28.4595,77.0266,27.9,49,0,1028.3,8.1,NW
2024-11-02 19:00,Gurugram,28.4595,77.0266,23.7,53,0,1028.1,2,W
2024-11-02 20:00,Gurugram,28.4595,77.0266,25,50,0,1029.7,3.2,NW
2024-11-02 21:00,Gurugram,28.4595,77.0266,22.8,44,0,1027.1,21.9,NW
2024-11-02 22:00,Gurugram,28.4595,77.0266,22.9,68,0,1029.8,9.3,Calm
2024-11-02 23:00,Gurugram,28.4595,77.0266,17.3,64,0,1029.5,18.3,NW
2024-11-03 00:00,Gurugram,28.4595,77.0266,14.3,61,0,1027.5,18.3,NW
2024-11-03 01:00,Gurugram,28.4595,77.0266,14.6,69,0,1027.1,10.1,SE
2024-11-03 02:00,Gurugram,28.4595,77.0266,15.3,59,0,1029.3,19.8,SE
2024-11-03 03:00,Gurugram,28.4595,77.0266,14.8,75,0,1029.3,13.9,Calm
2024-11-03 04:00,Gurugram,28.4595,77.0266,14.2,59,0,1027.6,18.1,NW
2024-11-03 05:00,Gurugram,28.4595,77.0266,12.1,65,0,1027,10,NW
2024-11-03 06:00,Gurugram,28.4595,77.0266,17.4,66,0,1028.1,8,WNW
2024-11-03 07:00,Gurugram,28.4595,77.0266,21.5,67,0,1024.7,6.2,W
2024-11-03 08:00,Gurugram,28.4595,77.0266,20.3,58,0,1029.2,4.8,NW
2024-11-03 09:00,Gurugram,28.4595,77.0266,22.3,57,0,1027.8,10.5,NW
2024-11-03 10:00,Gurugram,28.4595,77.0266,23.9,50,0,1028.8,5,ESE
2024-11-03 11:00,Gurugram,28.4595,77.0266,25.1,46,0,1030.7,12.5,W
2024-11-03 12:00,Gurugram,28.4595,77.0266,27.4,43,0,1028.1,6.7,NW
2024-11-03 13:00,Gurugram,28.4595,77.0266,27.5,39,0,1029.4,8.3,SW
2024-11-03 14:00,Gurugram,28.4595,77.0266,26.9,29,0,1028.3,14.1,NW
2024-11-03 15:00,Gurugram,28.4595,77.0266,26.2,34,0,1028.1,17.2,E
2024-11-03 16:00,Gurugram,28.4595,77.0266,27,41,0,1030.4,6.9,SW
2024-11-03 17:00,Gurugram,28.4595,77.0266,27.4,39,0,1027.9,4.4,WNW
2024-11-03 18:00,Gurugram,28.4595,77.0266,25.2,42,0,1029.2,12.1,WNW
2024-11-03 19:00,Gurugram,28.4595,77.0266,25,44,0,1029,11.4,NW
2024-11-03 20:00,Gurugram,28.4595,77.0266,23.6,45,0,1029.1,19.8,SE
2024-11-03 21:00,Gurugram,28.4595,77.0266,22.7,51,0,1029.3,6.4,NW
2024-11-03 22:00,Gurugram,28.4595,77.0266,21.8,56,0,1029.2,6.3,W
2024-11-03 23:00,Gurugram,28.4595,77.0266,18.1,61,0,1027.9,12.9,W
2024-11-04 00:00,Gurugram,28.4595,77.0266,14,67,0,1028,9.8,NW
2024-11-04 01:00,Gurugram,28.4595,77.0266,14.7,66,0,1028.9,16.8,Calm
2024-11-04 02:00,Gurugram,28.4595,77.0266,14.7,62,0,1026.3,11.4,SE
2024-11-04 03:00,Gurugram,28.4595,77.0266,11.1,61,0,1029,12.5,NW
2024-11-04 04:00,Gurugram,28.4595,77.0266,17.1,84,0,1027.8,7.7,WNW
2024-11-04 05:00,Gurugram,28.4595,77.0266,15.5,60,0,1029.8,9.8,WNW
2024-11-04 06:00,Gurugram,28.4595,77.0266,17,62,0,1026.2,14.6,E
2024-11-04 07:00,Gurugram,28.4595,77.0266,20.1,65,0,1029.1,1.9,NW
2024-11-04 08:00,Gurugram,28.4595,77.0266,18.1,60,0,1028.9,26.5,Calm
2024-11-04 09:00,Gurugram,28.4595,77.0266,21.9,57,0,1028.7,6.1,NW
2024-11-04 10:00,Gurugram,28.4595,77.0266,22.4,47,0,1030.1,10.5,NW
2024-11-04 11:00,Gurugram,28.4595,77.0266,23.8,48,0,1028.6,7.4,W
2024-11-04 12:00,Gurugram,28.4595,77.0266,24.1,44,0,1028.8,17.9,NW
2024-11-04 13:00,Gurugram,28.4595,77.0266,29.5,39,0,1027.1,10.5,E
2024-11-04 14:00,Gurugram,28.4595,77.0266,26.5,41,0,1028.7,35.4,NW
2024-11-04 15:00,Gurugram,28.4595,77.0266,28.7,45,0,1028.2,17.1,Calm
2024-11-04 16:00,Gurugram,28.4595,77.0266,23.8,39,0,1028.2,1.5,E
2024-11-04 17:00,Gurugram,28.4595,77.0266,28.7,41,0,1026.6,13.7,SE
2024-11-04 18:00,Gurugram,28.4595,77.0266,27.4,50,0,1030.6,1.5,WNW
2024-11-04 19:00,Gurugram,28.4595,77.0266,24.3,52,0,1027.4,3.8,WNW
2024-11-04 20:00,Gurugram,28.4595,77.0266,22.2,60,0,1028.2,9,WNW
2024-11-04 21:00,Gurugram,28.4595,77.0266,21.6,43,0,1026.7,17.1,Calm
2024-11-04 22:00,Gurugram,28.4595,77.0266,23.3,63,0,1026.8,7.8,NW
2024-11-04 23:00,Gurugram,28.4595,77.0266,14.5,65,0,1026.8,17.9,WNW
2024-11-05 00:00,Gurugram,28.4595,77.0266,17.4,60,0,1030.3,7.7,Calm
2024-11-05 01:00,Gurugram,28.4595,77.0266,13.4,69,0,1026.5,4.5,WNW
2024-11-05 02:00,Gurugram,28.4595,77.0266,14.3,75,0,1027.8,11.6,WNW
2024-11-05 03:00,Gurugram,28.4595,77.0266,13.7,64,0,1028,6.3,W
2024-11-05 04:00,Gurugram,28.4595,77.0266,13.6,72,0,1027.6,1.5,SW
2024-11-05 05:00,Gurugram,28.4595,77.0266,15,73,0,1027.4,7.1,NW
2024-11-05 06:00,Gurugram,28.4595,77.0266,14,59,0,1028,10.8,SW
2024-11-05 07:00,Gurugram,28.4595,77.0266,19.2,61,0,1027,8.2,NW
2024-11-05 08:00,Gurugram,28.4595,77.0266,15.7,60,0,1029.6,9.3,SE
2024-11-05 09:00,Gurugram,28.4595,77.0266,21.6,50,0,1030.3,23.9,NW
2024-11-05 10:00,Gurugram,28.4595,77.0266,21.7,45,0,1030,14,NW
2024-11-05 11:00,Gurugram,28.4595,77.0266,21.8,46,0,1026.2,4.8,SE
2024-11-05 12:00,Gurugram,28.4595,77.0266,25.6,49,0,1026.1,24.6,WNW
2024-11-05 13:00,Gurugram,28.4595,77.0266,23.5,45,0,1026.6,7.9,WNW
2024-11-05 14:00,Gurugram,28.4595,77.0266,27,35,0,1029.1,11,WNW
2024-11-05 15:00,Gurugram,28.4595,77.0266,24.6,43,0,1027.8,12,W
2024-11-05 16:00,Gurugram,28.4595,77.0266,27.7,35,0,1031.3,25.3,NW
2024-11-05 17:00,Gurugram,28.4595,77.0266,24.6,32,0,1028.5,1.5,NW
2024-11-05 18:00,Gurugram,28.4595,77.0266,24.4,42,0,1029.8,12.6,WNW
2024-11-05 19:00,Gurugram,28.4595,77.0266,24.4,54,0,1029.8,11.6,NW
2024-11-05 20:00,Gurugram,28.4595,77.0266,20.9,54,0,1027.3,15.3,W
2024-11-05 21:00,Gurugram,28.4595,77.0266,20.5,54,0,1027.5,6.3,SE
2024-11-05 22:00,Gurugram,28.4595,77.0266,16.2,56,0,1030.3,10.9,ESE
2024-11-05 23:00,Gurugram,28.4595,77.0266,18.5,60,0,1026.4,9.6,WNW
2024-11-06 00:00,Gurugram,28.4595,77.0266,19,66,0,1028.2,8.2,W
2024-11-06 01:00,Gurugram,28.4595,77.0266,19.8,61,0,1029.2,9,NW
2024-11-06 02:00,Gurugram,28.4595,77.0266,14.3,67,0,1029,4,SW
2024-11-06 03:00,Gurugram,28.4595,77.0266,15.3,69,0,1027.9,14.5,W
2024-11-06 04:00,Gurugram,28.4595,77.0266,10.9,61,0,1027.9,3.2,NW
2024-11-06 05:00,Gurugram,28.4595,77.0266,17.4,63,0,1026.9,3,NW
2024-11-06 06:00,Gurugram,28.4595,77.0266,17.2,68,0,1027.3,3.1,W
2024-11-06 07:00,Gurugram,28.4595,77.0266,16.2,62,0,1030.4,20.6,W
2024-11-06 08:00,Gurugram,28.4595,77.0266,20.9,57,0,1028.6,8.7,NW
2024-11-06 09:00,Gurugram,28.4595,77.0266,19.9,49,0,1027.7,12.8,WNW
2024-11-06 10:00,Gurugram,28.4595,77.0266,21.2,60,0,1029.1,18.6,ESE
2024-11-06 11:00,Gurugram,28.4595,77.0266,24.5,42,0,1027.9,5.9,NW
2024-11-06 12:00,Gurugram,28.4595,77.0266,23.1,46,0,1027.1,12.5,WNW
2024-11-06 13:00,Gurugram,28.4595,77.0266,27.8,39,0,1027.7,15.2,NW
2024-11-06 14:00,Gurugram,28.4595,77.0266,24.7,41,0,1026.7,10.6,NW
2024-11-06 15:00,Gurugram,28.4595,77.0266,25,43,0,1030.3,7.4,WNW
2024-11-06 16:00,Gurugram,28.4595,77.0266,25,32,0,1029.2,12.5,ESE
2024-11-06 17:00,Gurugram,28.4595,77.0266,27.4,42,0,1029.1,5.9,NW
2024-11-06 18:00,Gurugram,28.4595,77.0266,23.9,51,0,1027.8,12.6,ESE
2024-11-06 19:00,Gurugram,28.4595,77.0266,21.2,58,0,1028.3,2.4,W
2024-11-06 20:00,Gurugram,28.4595,77.0266,21,50,0,1027.8,11.9,WNW
2024-11-06 21:00,Gurugram,28.4595,77.0266,20.3,55,0,1026.7,11.9,Calm
2024-11-06 22:00,Gurugram,28.4595,77.0266,16.6,72,0,1029.5,10.2,E
2024-11-06 23:00,Gurugram,28.4595,77.0266,15,69,0,1029.4,6,W
2024-11-07 00:00,Gurugram,28.4595,77.0266,19.3,62,0,1028.8,3.3,W
2024-11-07 01:00,Gurugram,28.4595,77.0266,12.9,65,0,1028.4,1.8,NW
2024-11-07 02:00,Gurugram,28.4595,77.0266,13.2,76,0,1027.3,18.9,SW
2024-11-07 03:00,Gurugram,28.4595,77.0266,12.9,64,0,1028.7,4.8,E
2024-11-07 04:00,Gurugram,28.4595,77.0266,13.1,76,0,1027.2,5.8,ESE
2024-11-07 05:00,Gurugram,28.4595,77.0266,15.6,70,0,1027.3,3.6,NW
2024-11-07 06:00,Gurugram,28.4595,77.0266,17.2,69,0,1027.2,16.1,ESE
2024-11-07 07:00,Gurugram,28.4595,77.0266,16.3,61,0,1027.5,7,NW
2024-11-07 08:00,Gurugram,28.4595,77.0266,16.2,55,0,1027.4,10.7,NW
2024-11-07 09:00,Gurugram,28.4595,77.0266,22.4,64,0,1029.2,3.7,ESE
2024-11-07 10:00,Gurugram,28.4595,77.0266,21.6,50,0,1027.1,11,Calm
2024-11-07 11:00,Gurugram,28.4595,77.0266,26.5,45,0,1028.3,5.7,NW
2024-11-07 12:00,Gurugram,28.4595,77.0266,20.7,44,0,1029.1,14.4,NW
2024-11-07 13:00,Gurugram,28.4595,77.0266,26.1,43,0,1029.8,16.3,NW
2024-11-07 14:00,Gurugram,28.4595,77.0266,29.8,35,0,1028.8,5.5,Calm
2024-11-07 15:00,Gurugram,28.4595,77.0266,26,37,0,1026,12.6,ESE
2024-11-07 16:00,Gurugram,28.4595,77.0266,26,37,0,1028.1,20.7,ESE
2024-11-07 17:00,Gurugram,28.4595,77.0266,26.3,47,0,1029.2,6,WNW
2024-11-07 18:00,Gurugram,28.4595,77.0266,23.7,39,0,1027.1,34.9,W
2024-11-07 19:00,Gurugram,28.4595,77.0266,22.8,37,0,1029.9,5.5,NW
2024-11-07 20:00,Gurugram,28.4595,77.0266,21.2,40,0,1029.9,11.3,NW
2024-11-07 21:00,Gurugram,28.4595,77.0266,19,46,0,1028.9,27.5,SE
2024-11-07 22:00,Gurugram,28.4595,77.0266,20.6,67,0,1029.5,9.6,WNW
2024-11-07 23:00,Gurugram,28.4595,77.0266,17.7,63,0,1029.8,8.6,NW
2024-11-08 00:00,Gurugram,28.4595,77.0266,15.7,69,0,1028.3,15.3,W
2024-11-08 01:00,Gurugram,28.4595,77.0266,15.7,72,0,1029.3,14.1,NW
2024-11-08 02:00,Gurugram,28.4595,77.0266,13.1,71,0,1026.9,7.2,WNW
2024-11-08 03:00,Gurugram,28.4595,77.0266,12,70,0,1029.1,2.3,NW
2024-11-08 04:00,Gurugram,28.4595,77.0266,12.5,76,0,1028.7,8.8,ESE
2024-11-08 05:00,Gurugram,28.4595,77.0266,14.2,70,0,1031.2,10.1,WNW
2024-11-08 06:00,Gurugram,28.4595,77.0266,13.3,75,0,1027.8,15.1,WNW
2024-11-08 07:00,Gurugram,28.4595,77.0266,15.7,67,0,1029.8,11.9,ESE
2024-11-08 08:00,Gurugram,28.4595,77.0266,17.2,56,0,1029.4,7.6,W
2024-11-08 09:00,Gurugram,28.4595,77.0266,23.7,53,0,1028.1,10.7,WNW
2024-11-08 10:00,Gurugram,28.4595,77.0266,16.5,47,0,1026.1,2.9,NW
2024-11-08 11:00,Gurugram,28.4595,77.0266,22.8,56,0,1027.8,10.2,SW
2024-11-08 12:00,Gurugram,28.4595,77.0266,27.5,43,0,1028.1,11.3,NW
2024-11-08 13:00,Gurugram,28.4595,77.0266,25.7,38,0,1029.4,7.6,ESE
2024-11-08 14:00,Gurugram,28.4595,77.0266,27.5,43,0,1028.6,12.8,SW
2024-11-08 15:00,Gurugram,28.4595,77.0266,26.5,40,0,1028.3,23.3,NW
2024-11-08 16:00,Gurugram,28.4595,77.0266,24.9,43,0,1029.2,9.1,NW
2024-11-08 17:00,Gurugram,28.4595,77.0266,21.4,54,0,1029.2,14.7,NW
2024-11-08 18:00,Gurugram,28.4595,77.0266,24.8,51,0,1029.4,19.6,NW
2024-11-08 19:00,Gurugram,28.4595,77.0266,21.7,48,0,1027.2,4.4,WNW
2024-11-08 20:00,Gurugram,28.4595,77.0266,20.1,43,0,1029.4,3.7,W
2024-11-08 21:00,Gurugram,28.4595,77.0266,18.9,53,0,1029.8,6.8,ESE
2024-11-08 22:00,Gurugram,28.4595,77.0266,21.3,64,0,1031.5,20.1,SW
2024-11-08 23:00,Gurugram,28.4595,77.0266,20.9,56,0,1028.8,9.1,WNW
2024-11-09 00:00,Gurugram,28.4595,77.0266,15.4,80,0,1029.5,8,ESE
2024-11-09 01:00,Gurugram,28.4595,77.0266,13.1,69,0,1028.7,5.7,NW
2024-11-09 02:00,Gurugram,28.4595,77.0266,11.2,71,0,1028.9,4,WNW
2024-11-09 03:00,Gurugram,28.4595,77.0266,13.9,67,0,1029.5,5.6,NW
2024-11-09 04:00,Gurugram,28.4595,77.0266,16.5,74,0,1026.2,7.8,ESE
2024-11-09 05:00,Gurugram,28.4595,77.0266,13.5,62,0,1028.5,6.4,SW
2024-11-09 06:00,Gurugram,28.4595,77.0266,10.7,80,0,1028.6,7.2,E
2024-11-09 07:00,Gurugram,28.4595,77.0266,17.5,72,0,1027.4,18.7,WNW
2024-11-09 08:00,Gurugram,28.4595,77.0266,19.7,66,0,1026.3,6.4,NW
2024-11-09 09:00,Gurugram,28.4595,77.0266,16.7,48,0,1027.6,4.4,NW
2024-11-09 10:00,Gurugram,28.4595,77.0266,21.6,54,0,1028.6,13.8,NW
2024-11-09 11:00,Gurugram,28.4595,77.0266,23.6,56,0,1027.9,7.2,NW
2024-11-09 12:00,Gurugram,28.4595,77.0266,24.1,49,0,1028.5,7.5,NW
2024-11-09 13:00,Gurugram,28.4595,77.0266,23.8,37,0,1027.1,5.6,NW
2024-11-09 14:00,Gurugram,28.4595,77.0266,27.7,38,0,1028.4,9,NW
2024-11-09 15:00,Gurugram,28.4595,77.0266,25.4,38,0,1028.6,20.9,NW
2024-11-09 16:00,Gurugram,28.4595,77.0266,23.2,38,0,1026.7,18.7,ESE
2024-11-09 17:00,Gurugram,28.4595,77.0266,21.5,52,0,1026.5,11.8,W
2024-11-09 18:00,Gurugram,28.4595,77.0266,26.5,34,0,1029.1,6.3,SW
2024-11-09 19:00,Gurugram,28.4595,77.0266,23.9,53,0,1028.3,12.4,WNW
2024-11-09 20:00,Gurugram,28.4595,77.0266,21.4,45,0,1027,22.9,WNW
2024-11-09 21:00,Gurugram,28.4595,77.0266,18.8,50,0,1027.7,12.9,NW
2024-11-09 22:00,Gurugram,28.4595,77.0266,17,48,0,1028.7,10.7,NW
2024-11-09 23:00,Gurugram,28.4595,77.0266,14.4,60,0,1027.1,4.2,ESE
2024-11-10 00:00,Gurugram,28.4595,77.0266,14,76,0,1029.9,12.7,NW
2024-11-10 01:00,Gurugram,28.4595,77.0266,9.9,71,0,1028.8,14.2,SE
2024-11-10 02:00,Gurugram,28.4595,77.0266,11.7,64,0,1029.1,9.9,ESE
2024-11-10 03:00,Gurugram,28.4595,77.0266,12.3,78,0,1028.3,2.4,ESE
2024-11-10 04:00,Gurugram,28.4595,77.0266,14.1,78,0,1028.8,14.9,ESE
2024-11-10 05:00,Gurugram,28.4595,77.0266,13.6,70,0,1030.6,11.8,ESE
2024-11-10 06:00,Gurugram,28.4595,77.0266,16.2,79,0,1027.6,10.7,W
2024-11-10 07:00,Gurugram,28.4595,77.0266,18.5,69,0,1027.6,11.8,ESE
2024-11-10 08:00,Gurugram,28.4595,77.0266,19.6,65,0,1030.6,4.8,W
2024-11-10 09:00,Gurugram,28.4595,77.0266,20.2,52,0,1029.7,7,NW
2024-11-10 10:00,Gurugram,28.4595,77.0266,21,56,0,1027.9,10.1,NW
2024-11-10 11:00,Gurugram,28.4595,77.0266,20.8,50,0,1027.1,7.8,WNW
2024-11-10 12:00,Gurugram,28.4595,77.0266,25.3,49,0,1027.6,9.6,NW
2024-11-10 13:00,Gurugram,28.4595,77.0266,28,39,0,1030.5,6,E
2024-11-10 14:00,Gurugram,28.4595,77.0266,26.2,43,0,1028.2,8.5,NW
2024-11-10 15:00,Gurugram,28.4595,77.0266,29.3,37,0,1029.4,25.5,NW
2024-11-10 16:00,Gurugram,28.4595,77.0266,22.9,29,0,1028.4,9.7,WNW
2024-11-10 17:00,Gurugram,28.4595,77.0266,22.9,50,0,1028.5,7.5,SE
2024-11-10 18:00,Gurugram,28.4595,77.0266,25.5,37,0,1028.8,4.3,WNW
2024-11-10 19:00,Gurugram,28.4595,77.0266,23.1,50,0,1027.9,12.3,NW
2024-11-10 20:00,Gurugram,28.4595,77.0266,23.4,55,0,1027.8,9.6,W
2024-11-10 21:00,Gurugram,28.4595,77.0266,19.3,59,0,1030,10.7,W
2024-11-10 22:00,Gurugram,28.4595,77.0266,16.1,59,0,1027.8,5.3,ESE
2024-11-10 23:00,Gurugram,28.4595,77.0266,15.7,66,0,1028.7,8,SE
2024-11-11 00:00,Gurugram,28.4595,77.0266,11.7,70,0,1029.3,8.7,ESE
2024-11-11 01:00,Gurugram,28.4595,77.0266,11.4,74,0,1028.7,11.7,NW
2024-11-11 02:00,Gurugram,28.4595,77.0266,14.5,82,0,1028.9,26.1,NW
2024-11-11 03:00,Gurugram,28.4595,77.0266,14.1,73,0,1026,11.3,Calm
2024-11-11 04:00,Gurugram,28.4595,77.0266,13.4,72,0,1028.3,12.4,NW
2024-11-11 05:00,Gurugram,28.4595,77.0266,10.3,65,0,1029.5,5.2,NW
2024-11-11 06:00,Gurugram,28.4595,77.0266,13.8,70,0,1030.7,2.7,ESE
2024-11-11 07:00,Gurugram,28.4595,77.0266,13.6,69,0,1029.4,11.6,W
2024-11-11 08:00,Gurugram,28.4595,77.0266,19.5,60,0,1028.3,6.9,WNW
2024-11-11 09:00,Gurugram,28.4595,77.0266,18,60,0,1028.7,9.3,NW
2024-11-11 10:00,Gurugram,28.4595,77.0266,18.8,51,0,1028.9,4.9,NW
2024-11-11 11:00,Gurugram,28.4595,77.0266,22.4,54,0,1025.6,5.3,ESE
2024-11-11 12:00,Gurugram,28.4595,77.0266,22.5,52,0,1026.6,33.9,NW
2024-11-11 13:00,Gurugram,28.4595,77.0266,27.4,49,0,1028.2,15,WNW
2024-11-11 14:00,Gurugram,28.4595,77.0266,24,43,0,1027.9,10,ESE
2024-11-11 15:00,Gurugram,28.4595,77.0266,23.1,36,0,1027.6,7.1,SW
2024-11-11 16:00,Gurugram,28.4595,77.0266,21.5,39,0,1028.5,33.8,E
2024-11-11 17:00,Gurugram,28.4595,77.0266,24.6,48,0,1028.6,8.7,E
2024-11-11 18:00,Gurugram,28.4595,77.0266,22.7,61,0,1026.2,11.4,WNW
2024-11-11 19:00,Gurugram,28.4595,77.0266,19.8,47,0,1026.4,20,SW
2024-11-11 20:00,Gurugram,28.4595,77.0266,22.9,56,0,1027.5,5.5,ESE
2024-11-11 21:00,Gurugram,28.4595,77.0266,20.3,54,0,1028.7,18.4,E
2024-11-11 22:00,Gurugram,28.4595,77.0266,17.3,55,0,1027.8,18.1,NW
2024-11-11 23:00,Gurugram,28.4595,77.0266,18.3,60,0,1027.4,3.2,NW
2024-11-12 00:00,Gurugram,28.4595,77.0266,15.4,56,0,1029.6,11.9,WNW
2024-11-12 01:00,Gurugram,28.4595,77.0266,11.7,79,0,1028.7,8.3,SE
2024-11-12 02:00,Gurugram,28.4595,77.0266,10.7,59,0,1027.7,6.1,WNW
2024-11-12 03:00,Gurugram,28.4595,77.0266,13.8,71,0,1030.1,9.9,E
2024-11-12 04:00,Gurugram,28.4595,77.0266,13.3,65,0,1028,17.1,NW
2024-11-12 05:00,Gurugram,28.4595,77.0266,13.5,65,0,1029.1,11.6,NW
2024-11-12 06:00,Gurugram,28.4595,77.0266,12.7,76,0,1026.8,3.4,ESE
2024-11-12 07:00,Gurugram,28.4595,77.0266,16.7,66,0,1026.2,11.2,W
2024-11-12 08:00,Gurugram,28.4595,77.0266,15.8,56,0,1026.9,7.3,WNW
2024-11-12 09:00,Gurugram,28.4595,77.0266,18.6,54,0,1028.6,11,SE
2024-11-12 10:00,Gurugram,28.4595,77.0266,23.1,49,0,1027.8,17.3,SE
2024-11-12 11:00,Gurugram,28.4595,77.0266,20.9,50,0,1027.7,17.5,WNW
2024-11-12 12:00,Gurugram,28.4595,77.0266,20.6,48,0,1028.2,6.6,SE
2024-11-12 13:00,Gurugram,28.4595,77.0266,22.6,56,0,1028.1,5.1,WNW
2024-11-12 14:00,Gurugram,28.4595,77.0266,26.9,31,0,1029.4,8.9,W
2024-11-12 15:00,Gurugram,28.4595,77.0266,25.8,42,0,1027.2,10.8,NW
2024-11-12 16:00,Gurugram,28.4595,77.0266,24.9,41,0,1026.2,5.6,NW
2024-11-12 17:00,Gurugram,28.4595,77.0266,23.5,50,0,1029.9,21.4,WNW
2024-11-12 18:00,Gurugram,28.4595,77.0266,24.3,49,0,1027.4,8.9,NW
2024-11-12 19:00,Gurugram,28.4595,77.0266,20.5,53,0,1029.4,27.9,NW
2024-11-12 20:00,Gurugram,28.4595,77.0266,21.1,56,0,1028.4,8,WNW
2024-11-12 21:00,Gurugram,28.4595,77.0266,17.5,52,0,1029.7,10.8,WNW
2024-11-12 22:00,Gurugram,28.4595,77.0266,15.5,69,0,1027.2,5.1,NW
2024-11-12 23:00,Gurugram,28.4595,77.0266,14.4,70,0,1029,15.5,NW
2024-11-13 00:00,Gurugram,28.4595,77.0266,13.3,74,0,1027.5,14,NW
2024-11-13 01:00,Gurugram,28.4595,77.0266,12.8,78,0,1027,5.1,NW
2024-11-13 02:00,Gurugram,28.4595,77.0266,12.7,75,0,1029.8,10.8,WNW
2024-11-13 03:00,Gurugram,28.4595,77.0266,5.4,82,0,1026.9,12.3,NW
2024-11-13 04:00,Gurugram,28.4595,77.0266,10.8,75,0,1026.9,13.6,SW
2024-11-13 05:00,Gurugram,28.4595,77.0266,12.2,70,0,1026.5,23.3,NW
2024-11-13 06:00,Gurugram,28.4595,77.0266,16.7,68,0,1027.3,29.8,NW
2024-11-13 07:00,Gurugram,28.4595,77.0266,13.4,65,0,1028,10.7,WNW
2024-11-13 08:00,Gurugram,28.4595,77.0266,17.2,59,0,1027.6,16.9,NW
2024-11-13 09:00,Gurugram,28.4595,77.0266,21.3,68,0,1028.3,6.5,NW
2024-11-13 10:00,Gurugram,28.4595,77.0266,17.9,56,0,1025.9,25,ESE
2024-11-13 11:00,Gurugram,28.4595,77.0266,22.5,51,0,1027.8,8.1,W
2024-11-13 12:00,Gurugram,28.4595,77.0266,21.7,50,0,1026.1,12.8,NW
2024-11-13 13:00,Gurugram,28.4595,77.0266,23.3,63,0,1027.3,9.2,WNW
2024-11-13 14:00,Gurugram,28.4595,77.0266,23.4,37,0,1027.5,18.5,NW
2024-11-13 15:00,Gurugram,28.4595,77.0266,23.7,38,0,1027.8,2.7,WNW
2024-11-13 16:00,Gurugram,28.4595,77.0266,29.7,35,0,1028.2,6.6,WNW
2024-11-13 17:00,Gurugram,28.4595,77.0266,25.7,43,0,1026.3,12.7,SE
2024-11-13 18:00,Gurugram,28.4595,77.0266,25.1,49,0,1027.3,21.6,ESE
2024-11-13 19:00,Gurugram,28.4595,77.0266,22.7,48,0,1030.6,3.2,E
2024-11-13 20:00,Gurugram,28.4595,77.0266,17.4,51,0,1027.7,12.2,NW
2024-11-13 21:00,Gurugram,28.4595,77.0266,19.3,59,0,1027.6,6.3,W
2024-11-13 22:00,Gurugram,28.4595,77.0266,18.8,59,0,1025.5,3.7,NW
2024-11-13 23:00,Gurugram,28.4595,77.0266,13.8,67,0,1028,12.3,SE
2024-11-14 00:00,Gurugram,28.4595,77.0266,15.5,76,0,1025.8,24.3,WNW
2024-11-14 01:00,Gurugram,28.4595,77.0266,14,75,0,1024.7,10.1,NW
2024-11-14 02:00,Gurugram,28.4595,77.0266,15.4,78,0,1028.2,15.5,WNW
2024-11-14 03:00,Gurugram,28.4595,77.0266,11.1,80,0,1028.2,5.6,NW
2024-11-14 04:00,Gurugram,28.4595,77.0266,10.1,74,0,1025.8,3.1,ESE
2024-11-14 05:00,Gurugram,28.4595,77.0266,12,70,0,1026,5.9,NW
2024-11-14 06:00,Gurugram,28.4595,77.0266,16.3,64,0,1026.8,10.8,W
2024-11-14 07:00,Gurugram,28.4595,77.0266,11.8,63,0,1030,8.7,SE
2024-11-14 08:00,Gurugram,28.4595,77.0266,12.9,59,0,1028.1,4,ESE
2024-11-14 09:00,Gurugram,28.4595,77.0266,18.5,63,0,1028.4,4.9,SW
2024-11-14 10:00,Gurugram,28.4595,77.0266,19.2,56,0,1029.2,14.2,NW
2024-11-14 11:00,Gurugram,28.4595,77.0266,21.6,55,0,1029.5,20.7,WNW
2024-11-14 12:00,Gurugram,28.4595,77.0266,24.6,41,0,1027.9,11.7,WNW
2024-11-14 13:00,Gurugram,28.4595,77.0266,22.9,54,0,1028.3,10,NW
2024-11-14 14:00,Gurugram,28.4595,77.0266,21.2,41,0,1027.7,6.3,SE
2024-11-14 15:00,Gurugram,28.4595,77.0266,28.5,37,0,1025.3,1.5,ESE
2024-11-14 16:00,Gurugram,28.4595,77.0266,22.8,41,0,1028.1,18.2,W
2024-11-14 17:00,Gurugram,28.4595,77.0266,22,60,0,1027.1,9,WNW
2024-11-14 18:00,Gurugram,28.4595,77.0266,24.9,45,0,1024.2,31.2,E
2024-11-14 19:00,Gurugram,28.4595,77.0266,20.9,49,0,1026.8,8,NW
2024-11-14 20:00,Gurugram,28.4595,77.0266,19.9,53,0,1027.1,10.3,WNW
2024-11-14 21:00,Gurugram,28.4595,77.0266,19.2,57,0,1028.8,8.9,Calm
2024-11-14 22:00,Gurugram,28.4595,77.0266,18.6,57,0,1027.5,5.4,NW
2024-11-14 23:00,Gurugram,28.4595,77.0266,14.5,67,0,1026.8,16.9,SE
2024-11-15 00:00,Gurugram,28.4595,77.0266,16.2,76,0,1026,4.5,ESE
2024-11-15 01:00,Gurugram,28.4595,77.0266,8.6,74,0,1027.3,8.8,SW
2024-11-15 02:00,Gurugram,28.4595,77.0266,13.2,67,0,1027.8,5.6,NW
2024-11-15 03:00,Gurugram,28.4595,77.0266,10.1,72,0,1028.3,7.8,Calm
2024-11-15 04:00,Gurugram,28.4595,77.0266,14.3,70,0,1028.6,12.4,NW
2024-11-15 05:00,Gurugram,28.4595,77.0266,12.7,72,0,1025.9,28.6,WNW
2024-11-15 06:00,Gurugram,28.4595,77.0266,12.3,77,0,1027.9,17.9,NW
2024-11-15 07:00,Gurugram,28.4595,77.0266,16,65,0,1027.4,11.8,NW
2024-11-15 08:00,Gurugram,28.4595,77.0266,18,62,0,1027.3,11.8,Calm
2024-11-15 09:00,Gurugram,28.4595,77.0266,19.2,69,0,1027.9,2.4,ESE
2024-11-15 10:00,Gurugram,28.4595,77.0266,17.9,60,0,1029.7,20.3,WNW
2024-11-15 11:00,Gurugram,28.4595,77.0266,20.4,55,0,1027.3,13.9,NW
2024-11-15 12:00,Gurugram,28.4595,77.0266,22.7,60,0,1027.7,14.7,W
2024-11-15 13:00,Gurugram,28.4595,77.0266,23.6,49,0,1026.4,1.5,WNW
2024-11-15 14:00,Gurugram,28.4595,77.0266,25.7,32,0,1026.3,11.1,NW
2024-11-15 15:00,Gurugram,28.4595,77.0266,20.9,49,0,1026.2,5.6,W
2024-11-15 16:00,Gurugram,28.4595,77.0266,24.9,35,0,1025.7,9.8,SE
2024-11-15 17:00,Gurugram,28.4595,77.0266,23.2,48,0,1026.8,8.1,WNW
2024-11-15 18:00,Gurugram,28.4595,77.0266,21.2,38,0,1029.7,11.6,WNW
2024-11-15 19:00,Gurugram,28.4595,77.0266,20,48,0,1026.7,10.3,W
2024-11-15 20:00,Gurugram,28.4595,77.0266,19.4,53,0,1027.2,4.6,NW
2024-11-15 21:00,Gurugram,28.4595,77.0266,11.6,54,0,1025.9,14.3,SE
2024-11-15 22:00,Gurugram,28.4595,77.0266,15.1,61,0,1027.3,6.4,SE
2024-11-15 23:00,Gurugram,28.4595,77.0266,13.2,72,0,1026.3,14.4,W
2024-11-16 00:00,Gurugram,28.4595,77.0266,14.2,65,0,1027.1,5.7,NW
2024-11-16 01:00,Gurugram,28.4595,77.0266,10.7,75,0,1027.1,6.6,WNW
2024-11-16 02:00,Gurugram,28.4595,77.0266,11.2,68,0,1027.4,9.1,NW
2024-11-16 03:00,Gurugram,28.4595,77.0266,14.1,73,0,1028.8,9.6,ESE
2024-11-16 04:00,Gurugram,28.4595,77.0266,13.3,76,0,1029.6,8.9,NW
2024-11-16 05:00,Gurugram,28.4595,77.0266,13.8,66,0,1029.6,5.5,NW
2024-11-16 06:00,Gurugram,28.4595,77.0266,12.3,62,0,1027.6,30.2,SW
2024-11-16 07:00,Gurugram,28.4595,77.0266,15.5,70,0,1027.7,6.3,WNW
2024-11-16 08:00,Gurugram,28.4595,77.0266,15.7,70,0,1027.6,4.7,SE
2024-11-16 09:00,Gurugram,28.4595,77.0266,17.5,59,0,1028.4,4.4,W
2024-11-16 10:00,Gurugram,28.4595,77.0266,20.2,53,0,1026.7,5.7,NW
2024-11-16 11:00,Gurugram,28.4595,77.0266,20,53,0,1026.3,3.8,NW
2024-11-16 12:00,Gurugram,28.4595,77.0266,25.1,49,0,1025.1,12.4,SE
2024-11-16 13:00,Gurugram,28.4595,77.0266,23.2,48,0,1028.6,6.5,ESE
2024-11-16 14:00,Gurugram,28.4595,77.0266,25.2,29,0,1027.8,11.6,NW
2024-11-16 15:00,Gurugram,28.4595,77.0266,26.9,38,0,1026.5,6.2,NW
2024-11-16 16:00,Gurugram,28.4595,77.0266,26,40,0,1029.4,12.2,ESE
2024-11-16 17:00,Gurugram,28.4595,77.0266,20.9,47,0,1026.7,21.3,Calm
2024-11-16 18:00,Gurugram,28.4595,77.0266,23.2,50,0,1029.3,4.3,SE
2024-11-16 19:00,Gurugram,28.4595,77.0266,22.6,55,0,1026.5,17.8,ESE
2024-11-16 20:00,Gurugram,28.4595,77.0266,21.1,57,0,1027.7,17.6,SW
2024-11-16 21:00,Gurugram,28.4595,77.0266,15.8,51,0,1028,14.1,NW
2024-11-16 22:00,Gurugram,28.4595,77.0266,15,72,0,1026.9,5.8,NW
2024-11-16 23:00,Gurugram,28.4595,77.0266,16.4,74,0,1026,2.9,WNW
2024-11-17 00:00,Gurugram,28.4595,77.0266,11.6,63,0,1027.4,4.9,Calm
2024-11-17 01:00,Gurugram,28.4595,77.0266,11.4,75,0,1026.5,19,E
2024-11-17 02:00,Gurugram,28.4595,77.0266,14.1,70,0,1025.5,17,NW
2024-11-17 03:00,Gurugram,28.4595,77.0266,11,75,0,1025.2,7.9,WNW
2024-11-17 04:00,Gurugram,28.4595,77.0266,10,80,0,1027.6,12.2,NW
2024-11-17 05:00,Gurugram,28.4595,77.0266,10.4,85,0,1024.6,15.3,SE
2024-11-17 06:00,Gurugram,28.4595,77.0266,13.6,75,0,1027,10.5,WNW
2024-11-17 07:00,Gurugram,28.4595,77.0266,11.9,69,0,1028.3,3.8,SW
2024-11-17 08:00,Gurugram,28.4595,77.0266,15.4,61,0,1025.6,8.3,NW
2024-11-17 09:00,Gurugram,28.4595,77.0266,18.2,61,0,1025.8,6.2,ESE
2024-11-17 10:00,Gurugram,28.4595,77.0266,21.6,64,0,1027.8,7.5,WNW
2024-11-17 11:00,Gurugram,28.4595,77.0266,22,52,0,1024.2,10.8,NW
2024-11-17 12:00,Gurugram,28.4595,77.0266,20.9,44,0,1027.3,9.4,WNW
2024-11-17 13:00,Gurugram,28.4595,77.0266,25.3,37,0,1026.8,3,WNW
2024-11-17 14:00,Gurugram,28.4595,77.0266,23.3,48,0,1029.1,21.5,WNW
2024-11-17 15:00,Gurugram,28.4595,77.0266,21.8,46,0,1029.3,5.3,W
2024-11-17 16:00,Gurugram,28.4595,77.0266,23.5,41,0,1027.8,5.6,W
2024-11-17 17:00,Gurugram,28.4595,77.0266,25.8,53,0,1026.6,3.3,NW
2024-11-17 18:00,Gurugram,28.4595,77.0266,22.5,46,0,1027.5,13.7,W
2024-11-17 19:00,Gurugram,28.4595,77.0266,20.8,51,0,1028.4,3.6,ESE
2024-11-17 20:00,Gurugram,28.4595,77.0266,22.2,56,0,1028.2,8.9,NW
2024-11-17 21:00,Gurugram,28.4595,77.0266,15,57,0,1024.6,15.8,W
2024-11-17 22:00,Gurugram,28.4595,77.0266,13.6,65,0,1025.6,40.7,SE
2024-11-17 23:00,Gurugram,28.4595,77.0266,11.4,74,0,1028.3,12.3,SE
2024-11-18 00:00,Gurugram,28.4595,77.0266,13.4,64,0,1025.7,10.4,NW
2024-11-18 01:00,Gurugram,28.4595,77.0266,12,76,0,1027.7,27.3,ESE
2024-11-18 02:00,Gurugram,28.4595,77.0266,13.8,76,0,1028.3,6.7,SE
2024-11-18 03:00,Gurugram,28.4595,77.0266,11.3,76,0,1028,18.7,WNW
2024-11-18 04:00,Gurugram,28.4595,77.0266,10.3,80,0,1027.9,7.8,W
2024-11-18 05:00,Gurugram,28.4595,77.0266,11.7,73,0,1026.7,39.1,NW
2024-11-18 06:00,Gurugram,28.4595,77.0266,12.9,73,0,1025.6,22.8,NW
2024-11-18 07:00,Gurugram,28.4595,77.0266,11.1,72,0,1029.4,5.5,WNW
2024-11-18 08:00,Gurugram,28.4595,77.0266,20.5,61,0,1025,16,NW
2024-11-18 09:00,Gurugram,28.4595,77.0266,18.3,62,0,1027.4,7.8,WNW
2024-11-18 10:00,Gurugram,28.4595,77.0266,19.4,55,0,1026.6,13,NW
2024-11-18 11:00,Gurugram,28.4595,77.0266,21.7,52,0,1028.9,12.7,NW
2024-11-18 12:00,Gurugram,28.4595,77.0266,23.2,47,0,1027.3,1.5,WNW
2024-11-18 13:00,Gurugram,28.4595,77.0266,22.7,50,0,1026.2,16.2,SE
2024-11-18 14:00,Gurugram,28.4595,77.0266,22.5,46,0,1026.7,2.8,NW
2024-11-18 15:00,Gurugram,28.4595,77.0266,24.9,47,0,1028.3,14.3,W
2024-11-18 16:00,Gurugram,28.4595,77.0266,24.3,45,0,1028.6,13.8,NW
2024-11-18 17:00,Gurugram,28.4595,77.0266,21.5,37,0,1028.1,12.8,NW
2024-11-18 18:00,Gurugram,28.4595,77.0266,24.5,50,0,1027.4,10.4,SW
2024-11-18 19:00,Gurugram,28.4595,77.0266,21.1,53,0,1026.1,14.2,W
2024-11-18 20:00,Gurugram,28.4595,77.0266,20.3,58,0,1026.4,12.2,NW
2024-11-18 21:00,Gurugram,28.4595,77.0266,19.8,56,0,1027.8,4.3,W
2024-11-18 22:00,Gurugram,28.4595,77.0266,15.7,57,0,1028.5,6.5,NW
2024-11-18 23:00,Gurugram,28.4595,77.0266,14.7,71,0,1025.5,6.7,E
2024-11-19 00:00,Gurugram,28.4595,77.0266,14,69,0,1025.1,4.8,NW
2024-11-19 01:00,Gurugram,28.4595,77.0266,10.2,74,0,1026.9,17.1,SE
2024-11-19 02:00,Gurugram,28.4595,77.0266,10.9,73,0,1027.4,8.3,NW
2024-11-19 03:00,Gurugram,28.4595,77.0266,10.8,75,0,1027.4,7.1,W
2024-11-19 04:00,Gurugram,28.4595,77.0266,9.1,72,0,1027.8,10.1,SW
2024-11-19 05:00,Gurugram,28.4595,77.0266,15.6,68,0,1026.5,9.3,NW
2024-11-19 06:00,Gurugram,28.4595,77.0266,10,74,0,1028.6,14.8,NW
2024-11-19 07:00,Gurugram,28.4595,77.0266,11.5,64,0,1029,8.1,W
2024-11-19 08:00,Gurugram,28.4595,77.0266,17.8,65,0,1027.8,4.7,NW
2024-11-19 09:00,Gurugram,28.4595,77.0266,18.4,63,0,1026.5,5.4,ESE
2024-11-19 10:00,Gurugram,28.4595,77.0266,16.9,53,0,1023.8,13.3,W
2024-11-19 11:00,Gurugram,28.4595,77.0266,21.4,46,0,1026.4,11,WNW
2024-11-19 12:00,Gurugram,28.4595,77.0266,24.3,64,0,1027.3,5.9,ESE
2024-11-19 13:00,Gurugram,28.4595,77.0266,22.7,44,0,1027.9,15.8,NW
2024-11-19 14:00,Gurugram,28.4595,77.0266,28,50,0,1026.7,30,SW
2024-11-19 15:00,Gurugram,28.4595,77.0266,20.5,57,0,1027,12.9,WNW
2024-11-19 16:00,Gurugram,28.4595,77.0266,24.6,51,0,1029.2,8.3,ESE
2024-11-19 17:00,Gurugram,28.4595,77.0266,24.8,46,0,1025.8,14.2,NW
2024-11-19 18:00,Gurugram,28.4595,77.0266,23.3,49,0,1025.2,11.1,ESE
2024-11-19 19:00,Gurugram,28.4595,77.0266,20,48,0,1024.3,7.6,NW
2024-11-19 20:00,Gurugram,28.4595,77.0266,18.2,62,0,1028.3,28.9,NW
2024-11-19 21:00,Gurugram,28.4595,77.0266,17.9,64,0,1025.6,19.7,NW
2024-11-19 22:00,Gurugram,28.4595,77.0266,16.9,61,0,1026.7,11.8,WNW
2024-11-19 23:00,Gurugram,28.4595,77.0266,14.9,62,0,1028.1,2.6,WNW
2024-11-20 00:00,Gurugram,28.4595,77.0266,14.1,64,0,1028.9,6.6,WNW
2024-11-20 01:00,Gurugram,28.4595,77.0266,9.4,80,0,1027.1,8.9,Calm
2024-11-20 02:00,Gurugram,28.4595,77.0266,10.2,76,0,1025.8,8.2,NW
2024-11-20 03:00,Gurugram,28.4595,77.0266,8.7,77,0,1027.5,11.9,SE
2024-11-20 04:00,Gurugram,28.4595,77.0266,9.9,70,0,1025.8,5.1,WNW
2024-11-20 05:00,Gurugram,28.4595,77.0266,13,65,0,1027,4.1,WNW
2024-11-20 06:00,Gurugram,28.4595,77.0266,12.4,77,0,1025.4,19.8,NW
2024-11-20 07:00,Gurugram,28.4595,77.0266,18.3,69,0,1026,3.5,W
2024-11-20 08:00,Gurugram,28.4595,77.0266,15.5,70,0,1029.7,30.1,WNW
2024-11-20 09:00,Gurugram,28.4595,77.0266,17,59,0,1028.3,11.2,SE
2024-11-20 10:00,Gurugram,28.4595,77.0266,18.7,56,0,1026.2,13.6,Calm
2024-11-20 11:00,Gurugram,28.4595,77.0266,19,58,0,1026.5,8.2,NW
2024-11-20 12:00,Gurugram,28.4595,77.0266,21.3,55,0,1027.9,13.7,NW
2024-11-20 13:00,Gurugram,28.4595,77.0266,24.5,53,0,1026.5,18.4,NW
2024-11-20 14:00,Gurugram,28.4595,77.0266,23.3,45,0,1028.5,12.8,WNW
2024-11-20 15:00,Gurugram,28.4595,77.0266,21.9,50,0,1025.2,4.9,NW
2024-11-20 16:00,Gurugram,28.4595,77.0266,21.5,53,0,1027,1.8,Calm
2024-11-20 17:00,Gurugram,28.4595,77.0266,21.7,47,0,1026.1,10.6,SE
2024-11-20 18:00,Gurugram,28.4595,77.0266,21.6,47,0,1027.4,8.7,Calm
2024-11-20 19:00,Gurugram,28.4595,77.0266,22.2,61,0,1027.2,11.6,WNW
2024-11-20 20:00,Gurugram,28.4595,77.0266,16.1,53,0,1027.1,15,NW
2024-11-20 21:00,Gurugram,28.4595,77.0266,16.3,65,0,1027.6,5.4,WNW
2024-11-20 22:00,Gurugram,28.4595,77.0266,15.4,64,0,1027.4,1.6,W
2024-11-20 23:00,Gurugram,28.4595,77.0266,10.3,57,0,1025.7,9.1,ESE
2024-11-21 00:00,Gurugram,28.4595,77.0266,10.5,79,0,1026.8,7.9,E
2024-11-21 01:00,Gurugram,28.4595,77.0266,9.8,58,0,1026.8,4.6,WNW
2024-11-21 02:00,Gurugram,28.4595,77.0266,8.9,64,0,1026.9,15.2,NW
2024-11-21 03:00,Gurugram,28.4595,77.0266,10.5,79,0,1029.6,10.4,NW
2024-11-21 04:00,Gurugram,28.4595,77.0266,10,79,0,1027,18.7,ESE
2024-11-21 05:00,Gurugram,28.4595,77.0266,10,70,0,1028.9,15.3,W
2024-11-21 06:00,Gurugram,28.4595,77.0266,12.8,73,0,1024.6,16.3,WNW
2024-11-21 07:00,Gurugram,28.4595,77.0266,16.5,54,0,1026.2,7.4,NW
2024-11-21 08:00,Gurugram,28.4595,77.0266,17.9,69,0,1026.6,2.9,E
2024-11-21 09:00,Gurugram,28.4595,77.0266,13.2,63,0,1028.8,7.5,SE
2024-11-21 10:00,Gurugram,28.4595,77.0266,19.3,57,0,1024.3,19.1,NW
2024-11-21 11:00,Gurugram,28.4595,77.0266,19.5,54,0,1028.1,4.9,WNW
2024-11-21 12:00,Gurugram,28.4595,77.0266,21.5,54,0,1027.6,12,W
2024-11-21 13:00,Gurugram,28.4595,77.0266,21.5,48,0,1027.6,3,WNW
2024-11-21 14:00,Gurugram,28.4595,77.0266,23.1,36,0,1026.7,5.6,WNW
2024-11-21 15:00,Gurugram,28.4595,77.0266,23.4,59,0,1027.1,23.5,ESE
2024-11-21 16:00,Gurugram,28.4595,77.0266,21.9,54,0,1026.9,18.3,NW
2024-11-21 17:00,Gurugram,28.4595,77.0266,20.6,41,0,1026.1,10,WNW
2024-11-21 18:00,Gurugram,28.4595,77.0266,20.4,49,0,1028,8.3,NW
2024-11-21 19:00,Gurugram,28.4595,77.0266,20.3,52,0,1027,10.8,NW
2024-11-21 20:00,Gurugram,28.4595,77.0266,19.4,64,0,1026,6.1,WNW
2024-11-21 21:00,Gurugram,28.4595,77.0266,18.2,48,0,1027.4,8.9,NW
2024-11-21 22:00,Gurugram,28.4595,77.0266,14,62,0,1026.7,11.3,NW
2024-11-21 23:00,Gurugram,28.4595,77.0266,13.9,58,0,1026.4,9.5,WNW
2024-11-22 00:00,Gurugram,28.4595,77.0266,13.5,71,0,1024.8,7.9,Calm
2024-11-22 01:00,Gurugram,28.4595,77.0266,12.9,72,0,1026.2,8.3,ESE
2024-11-22 02:00,Gurugram,28.4595,77.0266,10,77,0,1026.1,3.5,NW
2024-11-22 03:00,Gurugram,28.4595,77.0266,9.5,73,0,1027.2,27.1,WNW
2024-11-22 04:00,Gurugram,28.4595,77.0266,10.4,72,0,1026.3,12,WNW
2024-11-22 05:00,Gurugram,28.4595,77.0266,8.7,78,0,1030,6.2,NW
2024-11-22 06:00,Gurugram,28.4595,77.0266,11.4,75,0,1025,3,NW
2024-11-22 07:00,Gurugram,28.4595,77.0266,14.5,72,0,1025.3,11.5,NW
2024-11-22 08:00,Gurugram,28.4595,77.0266,15.9,64,0,1026.1,14.2,W
2024-11-22 09:00,Gurugram,28.4595,77.0266,15.9,58,0,1027.2,5.4,ESE
2024-11-22 10:00,Gurugram,28.4595,77.0266,18.5,57,0,1026.4,9.2,W
2024-11-22 11:00,Gurugram,28.4595,77.0266,18.1,57,0,1026.1,18.1,Calm
2024-11-22 12:00,Gurugram,28.4595,77.0266,22.2,38,0,1025.4,23.7,NW
2024-11-22 13:00,Gurugram,28.4595,77.0266,21.9,51,0,1027.3,3,Calm
2024-11-22 14:00,Gurugram,28.4595,77.0266,22.2,49,0,1030.1,4.2,WNW
2024-11-22 15:00,Gurugram,28.4595,77.0266,22.2,47,0,1025.5,16.8,NW
2024-11-22 16:00,Gurugram,28.4595,77.0266,22.5,46,0,1027.5,20.6,SW
2024-11-22 17:00,Gurugram,28.4595,77.0266,21.2,33,0,1028.7,16.6,WNW
2024-11-22 18:00,Gurugram,28.4595,77.0266,22.2,48,0,1027,6.2,WNW
2024-11-22 19:00,Gurugram,28.4595,77.0266,18.9,65,0,1027.2,19.1,NW
2024-11-22 20:00,Gurugram,28.4595,77.0266,20.9,58,0,1026.7,5.4,NW
2024-11-22 21:00,Gurugram,28.4595,77.0266,19,60,0,1028.9,12,Calm
2024-11-22 22:00,Gurugram,28.4595,77.0266,13.1,66,0,1027.8,6.7,NW
2024-11-22 23:00,Gurugram,28.4595,77.0266,13.3,71,0,1028.2,7.5,Calm
2024-11-23 00:00,Gurugram,28.4595,77.0266,10.4,77,0,1026.5,5.7,WNW
2024-11-23 01:00,Gurugram,28.4595,77.0266,9.9,74,0,1027.5,11.4,NW
2024-11-23 02:00,Gurugram,28.4595,77.0266,13.5,79,0,1026.6,14.7,NW
2024-11-23 03:00,Gurugram,28.4595,77.0266,9.1,87,0,1027.6,9.8,WNW
2024-11-23 04:00,Gurugram,28.4595,77.0266,10.5,83,0,1026.2,6.9,NW
2024-11-23 05:00,Gurugram,28.4595,77.0266,11.5,89,0,1028.1,17.7,ESE
2024-11-23 06:00,Gurugram,28.4595,77.0266,9.8,69,0,1027.3,16.7,NW
2024-11-23 07:00,Gurugram,28.4595,77.0266,11.4,80,0,1026.1,38.1,SE
2024-11-23 08:00,Gurugram,28.4595,77.0266,12.3,61,0,1027.7,7.5,SE
2024-11-23 09:00,Gurugram,28.4595,77.0266,14.6,64,0,1026.3,16,NW
2024-11-23 10:00,Gurugram,28.4595,77.0266,12.7,63,0,1025.2,14.2,ESE
2024-11-23 11:00,Gurugram,28.4595,77.0266,20.4,52,0,1026.3,14.1,E
2024-11-23 12:00,Gurugram,28.4595,77.0266,24.4,52,0,1026.3,6.7,W
2024-11-23 13:00,Gurugram,28.4595,77.0266,22,55,0,1025.3,3,WNW
2024-11-23 14:00,Gurugram,28.4595,77.0266,19.9,43,0,1027.3,8.6,WNW
2024-11-23 15:00,Gurugram,28.4595,77.0266,21.5,57,0,1027.2,4.3,SE
2024-11-23 16:00,Gurugram,28.4595,77.0266,21.6,39,0,1026.6,6.1,NW
2024-11-23 17:00,Gurugram,28.4595,77.0266,19.9,61,0,1027.6,10,WNW
2024-11-23 18:00,Gurugram,28.4595,77.0266,22.3,57,0,1026.2,9.2,NW
2024-11-23 19:00,Gurugram,28.4595,77.0266,20.9,54,0,1024.9,11.4,WNW
2024-11-23 20:00,Gurugram,28.4595,77.0266,15.8,56,0,1025.9,3.9,NW
2024-11-23 21:00,Gurugram,28.4595,77.0266,17.5,59,0,1025.7,9.8,WNW
2024-11-23 22:00,Gurugram,28.4595,77.0266,17.2,65,0,1026.2,20.2,WNW
2024-11-23 23:00,Gurugram,28.4595,77.0266,16.3,69,0,1026.8,8.4,NW
2024-11-24 00:00,Gurugram,28.4595,77.0266,16.5,81,0,1029,12.5,NW
2024-11-24 01:00,Gurugram,28.4595,77.0266,8.7,87,0,1024.7,11.1,W
2024-11-24 02:00,Gurugram,28.4595,77.0266,14.7,78,0,1027.6,15,E
2024-11-24 03:00,Gurugram,28.4595,77.0266,8.8,72,0,1025.3,12.1,WNW
2024-11-24 04:00,Gurugram,28.4595,77.0266,8.6,74,0,1027.1,4.7,NW
2024-11-24 05:00,Gurugram,28.4595,77.0266,10.9,74,0,1025.8,4.1,NW
2024-11-24 06:00,Gurugram,28.4595,77.0266,10.3,67,0,1026.8,7.5,E
2024-11-24 07:00,Gurugram,28.4595,77.0266,13.4,63,0,1028.5,21.3,W
2024-11-24 08:00,Gurugram,28.4595,77.0266,11.9,79,0,1024.8,8.4,NW
2024-11-24 09:00,Gurugram,28.4595,77.0266,15.5,64,0,1026.9,10.5,ESE
2024-11-24 10:00,Gurugram,28.4595,77.0266,19.9,54,0,1027,9.8,NW
2024-11-24 11:00,Gurugram,28.4595,77.0266,19.1,60,0,1027.8,1.5,NW
2024-11-24 12:00,Gurugram,28.4595,77.0266,20.8,45,0,1026.6,11.1,NW
2024-11-24 13:00,Gurugram,28.4595,77.0266,22.4,43,0,1030.7,16.2,NW
2024-11-24 14:00,Gurugram,28.4595,77.0266,24.3,43,0,1028,10.3,W
2024-11-24 15:00,Gurugram,28.4595,77.0266,19.4,57,0,1027.3,7.1,WNW
2024-11-24 16:00,Gurugram,28.4595,77.0266,23.3,46,0,1027,10.3,ESE
2024-11-24 17:00,Gurugram,28.4595,77.0266,21.1,35,0,1027.2,4.2,WNW
2024-11-24 18:00,Gurugram,28.4595,77.0266,20.8,59,0,1026.7,2.5,WNW
2024-11-24 19:00,Gurugram,28.4595,77.0266,21.1,53,0,1026.7,9.7,W
2024-11-24 20:00,Gurugram,28.4595,77.0266,15.5,48,0,1024.7,13.6,WNW
2024-11-24 21:00,Gurugram,28.4595,77.0266,14.1,61,0,1027.2,13.6,NW
2024-11-24 22:00,Gurugram,28.4595,77.0266,10.8,69,0,1027.2,22.2,ESE
2024-11-24 23:00,Gurugram,28.4595,77.0266,11.7,72,0,1027,6.7,Calm
2024-11-25 00:00,Gurugram,28.4595,77.0266,13.5,84,0,1026.8,6.9,WNW
2024-11-25 01:00,Gurugram,28.4595,77.0266,9.9,71,0,1027.3,8.6,WNW
2024-11-25 02:00,Gurugram,28.4595,77.0266,7,78,0,1026.9,21.7,NW
2024-11-25 03:00,Gurugram,28.4595,77.0266,8.3,74,0,1026.5,2.7,E
2024-11-25 04:00,Gurugram,28.4595,77.0266,6.7,68,0,1026.8,18,SW
2024-11-25 05:00,Gurugram,28.4595,77.0266,8,81,0,1027.9,8.6,SE
2024-11-25 06:00,Gurugram,28.4595,77.0266,11.8,76,0,1028.2,9.2,NW
2024-11-25 07:00,Gurugram,28.4595,77.0266,10.3,72,0,1025.2,1.5,SW
2024-11-25 08:00,Gurugram,28.4595,77.0266,16,69,0,1025.9,10.5,NW
2024-11-25 09:00,Gurugram,28.4595,77.0266,15.6,59,0,1027.5,4.1,WNW
2024-11-25 10:00,Gurugram,28.4595,77.0266,17.5,53,0,1027.1,14,WNW
2024-11-25 11:00,Gurugram,28.4595,77.0266,18.4,56,0,1025.6,18.9,SE
2024-11-25 12:00,Gurugram,28.4595,77.0266,21.7,59,0,1026.5,16.1,ESE
2024-11-25 13:00,Gurugram,28.4595,77.0266,22.7,60,0,1027.3,3.1,SE
2024-11-25 14:00,Gurugram,28.4595,77.0266,22.6,53,0,1028.7,7,E
2024-11-25 15:00,Gurugram,28.4595,77.0266,23.2,48,0,1029.2,3,WNW
2024-11-25 16:00,Gurugram,28.4595,77.0266,21.6,50,0,1024.2,12,SE
2024-11-25 17:00,Gurugram,28.4595,77.0266,22.3,50,0,1027.4,10.2,NW
2024-11-25 18:00,Gurugram,28.4595,77.0266,19.7,46,0,1025.6,16.1,WNW
2024-11-25 19:00,Gurugram,28.4595,77.0266,19,56,0,1027.8,10.4,NW
2024-11-25 20:00,Gurugram,28.4595,77.0266,16.9,51,0,1024.7,7.3,SW
2024-11-25 21:00,Gurugram,28.4595,77.0266,14.9,62,0,1025.6,3.6,Calm
2024-11-25 22:00,Gurugram,28.4595,77.0266,12.8,77,0,1026.2,5.2,NW
2024-11-25 23:00,Gurugram,28.4595,77.0266,13.3,75,0,1027.2,16,W
2024-11-26 00:00,Gurugram,28.4595,77.0266,13.2,68,0,1025.8,3.6,WNW
2024-11-26 01:00,Gurugram,28.4595,77.0266,12,76,0,1025.4,9,WNW
2024-11-26 02:00,Gurugram,28.4595,77.0266,6.9,73,0,1024.2,8.3,WNW
2024-11-26 03:00,Gurugram,28.4595,77.0266,11.3,78,0,1025.5,8.8,NW
2024-11-26 04:00,Gurugram,28.4595,77.0266,8.6,84,0,1027.1,8.6,NW
2024-11-26 05:00,Gurugram,28.4595,77.0266,10.9,80,0,1028,4.6,W
2024-11-26 06:00,Gurugram,28.4595,77.0266,9.2,89,0,1025,15.2,NW
2024-11-26 07:00,Gurugram,28.4595,77.0266,12.5,78,0,1025.1,12,W
2024-11-26 08:00,Gurugram,28.4595,77.0266,14.4,68,0,1025.4,7.5,NW
2024-11-26 09:00,Gurugram,28.4595,77.0266,12.8,67,0,1026.1,10.5,SE
2024-11-26 10:00,Gurugram,28.4595,77.0266,18.3,58,0,1026.5,8.4,W
2024-11-26 11:00,Gurugram,28.4595,77.0266,21.1,49,0,1025.9,7.9,ESE
2024-11-26 12:00,Gurugram,28.4595,77.0266,19.8,61,0,1024.4,17.8,NW
2024-11-26 13:00,Gurugram,28.4595,77.0266,23.6,56,0,1023.8,10.4,NW
2024-11-26 14:00,Gurugram,28.4595,77.0266,21.4,47,0,1025.7,7.4,Calm
2024-11-26 15:00,Gurugram,28.4595,77.0266,23.5,50,0,1026.9,5.5,WNW
2024-11-26 16:00,Gurugram,28.4595,77.0266,17.8,56,0,1026.3,8.5,WNW
2024-11-26 17:00,Gurugram,28.4595,77.0266,25.5,55,0,1028.3,15.1,E
2024-11-26 18:00,Gurugram,28.4595,77.0266,22.8,44,0,1024.4,7.1,NW
2024-11-26 19:00,Gurugram,28.4595,77.0266,18.2,57,0,1026.4,12.9,W
2024-11-26 20:00,Gurugram,28.4595,77.0266,13.6,58,0,1027.9,7.9,NW
2024-11-26 21:00,Gurugram,28.4595,77.0266,16,70,0,1025.9,9.8,WNW
2024-11-26 22:00,Gurugram,28.4595,77.0266,11.2,73,0,1024.7,18.2,NW
2024-11-26 23:00,Gurugram,28.4595,77.0266,13,79,0,1023,5.2,NW
2024-11-27 00:00,Gurugram,28.4595,77.0266,11.4,68,0,1025.7,12.2,WNW
2024-11-27 01:00,Gurugram,28.4595,77.0266,7.9,72,0,1025.5,12.5,SE
2024-11-27 02:00,Gurugram,28.4595,77.0266,11,85,0,1025.3,3,Calm
2024-11-27 03:00,Gurugram,28.4595,77.0266,10.2,75,0,1026.5,3.7,W
2024-11-27 04:00,Gurugram,28.4595,77.0266,10.7,69,0,1028.3,1.5,WNW
2024-11-27 05:00,Gurugram,28.4595,77.0266,9.6,80,0,1024.5,6.7,ESE
2024-11-27 06:00,Gurugram,28.4595,77.0266,8.1,71,0,1025,15,WNW
2024-11-27 07:00,Gurugram,28.4595,77.0266,13.8,82,0,1025.9,2.9,WNW
2024-11-27 08:00,Gurugram,28.4595,77.0266,13.1,69,0,1027,8.7,NW
2024-11-27 09:00,Gurugram,28.4595,77.0266,12.8,65,0,1025.6,15.1,SE
2024-11-27 10:00,Gurugram,28.4595,77.0266,19.4,58,0,1026.8,13.9,WNW
2024-11-27 11:00,Gurugram,28.4595,77.0266,22.3,66,0,1024.4,3.6,Calm
2024-11-27 12:00,Gurugram,28.4595,77.0266,19.8,55,0,1026.2,11.2,SE
2024-11-27 13:00,Gurugram,28.4595,77.0266,24.8,48,0,1026.1,10.6,WNW
2024-11-27 14:00,Gurugram,28.4595,77.0266,21.7,44,0,1028,9.3,ESE
2024-11-27 15:00,Gurugram,28.4595,77.0266,21.1,48,0,1027.5,4.7,WNW
2024-11-27 16:00,Gurugram,28.4595,77.0266,20.4,43,0,1026.2,12.9,NW
2024-11-27 17:00,Gurugram,28.4595,77.0266,23.8,57,0,1025,11.1,WNW
2024-11-27 18:00,Gurugram,28.4595,77.0266,18.4,42,0,1023.3,16,E
2024-11-27 19:00,Gurugram,28.4595,77.0266,19.8,55,0,1025,14.4,E
2024-11-27 20:00,Gurugram,28.4595,77.0266,15.9,63,0,1028.7,9.5,W
2024-11-27 21:00,Gurugram,28.4595,77.0266,14.4,66,0,1023.9,6.1,WNW
2024-11-27 22:00,Gurugram,28.4595,77.0266,15.4,63,0,1025,6.2,NW
2024-11-27 23:00,Gurugram,28.4595,77.0266,11.3,75,0,1026.3,15.8,NW
2024-11-28 00:00,Gurugram,28.4595,77.0266,9.7,69,0,1027.5,5.1,Calm
2024-11-28 01:00,Gurugram,28.4595,77.0266,11.4,77,0,1024.4,6.3,ESE
2024-11-28 02:00,Gurugram,28.4595,77.0266,11.6,83,0,1026.5,6,ESE
2024-11-28 03:00,Gurugram,28.4595,77.0266,9.7,82,0,1025,7.6,ESE
2024-11-28 04:00,Gurugram,28.4595,77.0266,7.6,75,0,1024.5,7.7,W
2024-11-28 05:00,Gurugram,28.4595,77.0266,8.5,84,0,1025.2,10.6,W
2024-11-28 06:00,Gurugram,28.4595,77.0266,10.6,75,0,1025.9,8.2,WNW
2024-11-28 07:00,Gurugram,28.4595,77.0266,12.4,76,0,1024.4,8.5,WNW
2024-11-28 08:00,Gurugram,28.4595,77.0266,11.6,77,0,1027.3,16.4,E
2024-11-28 09:00,Gurugram,28.4595,77.0266,16.3,71,0,1027.7,8.9,WNW
2024-11-28 10:00,Gurugram,28.4595,77.0266,16.9,67,0,1025.1,6.6,SE
2024-11-28 11:00,Gurugram,28.4595,77.0266,15.2,58,0,1026.9,17.4,SE
2024-11-28 12:00,Gurugram,28.4595,77.0266,18,58,0,1024.1,5.7,SE
2024-11-28 13:00,Gurugram,28.4595,77.0266,19.8,52,0,1025.7,9.1,NW
2024-11-28 14:00,Gurugram,28.4595,77.0266,21.2,42,0,1027,10.2,NW
2024-11-28 15:00,Gurugram,28.4595,77.0266,24.9,51,0,1026.8,14.6,NW
2024-11-28 16:00,Gurugram,28.4595,77.0266,21.7,51,0,1026.1,6.5,SE
2024-11-28 17:00,Gurugram,28.4595,77.0266,19.2,55,0,1027.4,8.9,E
2024-11-28 18:00,Gurugram,28.4595,77.0266,20,53,0,1025.1,22,NW
2024-11-28 19:00,Gurugram,28.4595,77.0266,17.7,52,0,1026.1,9.9,WNW
2024-11-28 20:00,Gurugram,28.4595,77.0266,17.3,64,0,1026,14.3,E
2024-11-28 21:00,Gurugram,28.4595,77.0266,16.1,56,0,1026.5,37,NW
2024-11-28 22:00,Gurugram,28.4595,77.0266,15.5,77,0,1026.7,29.4,Calm
2024-11-28 23:00,Gurugram,28.4595,77.0266,11.7,70,0,1024.4,9.5,WNW
2024-11-29 00:00,Gurugram,28.4595,77.0266,13.2,77,0,1026.6,7.8,SW
2024-11-29 01:00,Gurugram,28.4595,77.0266,10.8,81,0,1024.4,8.3,WNW
2024-11-29 02:00,Gurugram,28.4595,77.0266,7.3,83,0,1026.9,11,WNW
2024-11-29 03:00,Gurugram,28.4595,77.0266,12.3,71,0,1027.9,18,WNW
2024-11-29 04:00,Gurugram,28.4595,77.0266,9.1,84,0,1025.2,11.8,E
2024-11-29 05:00,Gurugram,28.4595,77.0266,7.7,79,0,1024.7,10.5,WNW
2024-11-29 06:00,Gurugram,28.4595,77.0266,13.2,71,0,1027.8,5.3,W
2024-11-29 07:00,Gurugram,28.4595,77.0266,15.3,68,0,1025.7,9.8,WNW
2024-11-29 08:00,Gurugram,28.4595,77.0266,13.1,66,0,1024.2,7.1,SW
2024-11-29 09:00,Gurugram,28.4595,77.0266,13.9,57,0,1024.7,4.4,NW
2024-11-29 10:00,Gurugram,28.4595,77.0266,16.2,71,0,1024.8,5.4,WNW
2024-11-29 11:00,Gurugram,28.4595,77.0266,19.4,66,0,1027.3,15.2,NW
2024-11-29 12:00,Gurugram,28.4595,77.0266,21.7,57,0,1024.6,19.2,W
2024-11-29 13:00,Gurugram,28.4595,77.0266,21.5,50,0,1023,10.8,WNW
2024-11-29 14:00,Gurugram,28.4595,77.0266,21.3,49,0,1025.7,7.2,NW
2024-11-29 15:00,Gurugram,28.4595,77.0266,24,54,0,1026.2,10.3,SE
2024-11-29 16:00,Gurugram,28.4595,77.0266,20.5,61,0,1026.5,6.2,WNW
2024-11-29 17:00,Gurugram,28.4595,77.0266,22.3,48,0,1022.6,2.2,WNW
2024-11-29 18:00,Gurugram,28.4595,77.0266,18.9,47,0,1025.6,3.3,WNW
2024-11-29 19:00,Gurugram,28.4595,77.0266,18.9,66,0,1025.3,4.5,WNW
2024-11-29 20:00,Gurugram,28.4595,77.0266,16.3,50,0,1026.3,5,NW
2024-11-29 21:00,Gurugram,28.4595,77.0266,14.7,58,0,1023.4,16.2,SE
2024-11-29 22:00,Gurugram,28.4595,77.0266,12.5,67,0,1026,10.4,WNW
2024-11-29 23:00,Gurugram,28.4595,77.0266,14,63,0,1026,2,ESE
2024-11-30 00:00,Gurugram,28.4595,77.0266,8.7,82,0,1027,21.1,NW
2024-11-30 01:00,Gurugram,28.4595,77.0266,7.7,83,0,1026.1,23.4,W
2024-11-30 02:00,Gurugram,28.4595,77.0266,12.2,76,0,1026.5,7.5,SW
2024-11-30 03:00,Gurugram,28.4595,77.0266,9.9,88,0,1024.2,8.5,WNW
2024-11-30 04:00,Gurugram,28.4595,77.0266,4,88,0,1025.5,7.5,NW
2024-11-30 05:00,Gurugram,28.4595,77.0266,8,77,0,1027.2,16.9,NW
2024-11-30 06:00,Gurugram,28.4595,77.0266,6.8,73,0,1025.1,14.8,E
2024-11-30 07:00,Gurugram,28.4595,77.0266,9.7,86,0,1026.6,7.4,NW
2024-11-30 08:00,Gurugram,28.4595,77.0266,7.3,73,0,1024.5,4.5,Calm
2024-11-30 09:00,Gurugram,28.4595,77.0266,14.4,66,0,1025.4,21.7,NW
2024-11-30 10:00,Gurugram,28.4595,77.0266,14.2,69,0,1023.7,18.8,WNW
2024-11-30 11:00,Gurugram,28.4595,77.0266,18,59,0,1025.5,5.8,WNW
2024-11-30 12:00,Gurugram,28.4595,77.0266,16.3,51,0,1024.6,12,NW
2024-11-30 13:00,Gurugram,28.4595,77.0266,20.4,52,0,1027,7.1,W
2024-11-30 14:00,Gurugram,28.4595,77.0266,20.1,57,0,1028.1,18.5,ESE
2024-11-30 15:00,Gurugram,28.4595,77.0266,23.8,38,0,1023.6,17.8,ESE
2024-11-30 16:00,Gurugram,28.4595,77.0266,23.4,49,0,1024.2,8.3,W
2024-11-30 17:00,Gurugram,28.4595,77.0266,21.7,60,0,1026.8,16.8,SE
2024-11-30 18:00,Gurugram,28.4595,77.0266,18.6,51,0,1024.7,18.2,ESE
2024-11-30 19:00,Gurugram,28.4595,77.0266,21.4,67,0,1025.5,11.3,NW
2024-11-30 20:00,Gurugram,28.4595,77.0266,13.5,70,0,1027.5,19.4,WNW
2024-11-30 21:00,Gurugram,28.4595,77.0266,12.1,65,0,1027.5,8.2,NW
2024-11-30 22:00,Gurugram,28.4595,77.0266,12.8,65,0,1024.1,4.6,NW
2024-11-30 23:00,Gurugram,28.4595,77.0266,15.4,71,0,1028,4.9,ESE
2024-12-01 00:00,Gurugram,28.4595,77.0266,9.4,92,0,1026.3,17.4,W
2024-12-01 01:00,Gurugram,28.4595,77.0266,8.4,90,0,1026.7,7,W
2024-12-01 02:00,Gurugram,28.4595,77.0266,5.5,81,0,1024.7,6.6,ESE
2024-12-01 03:00,Gurugram,28.4595,77.0266,9.6,77,0,1024.6,3.4,NW
2024-12-01 04:00,Gurugram,28.4595,77.0266,9.8,80,0,1023.4,14.3,WNW
2024-12-01 05:00,Gurugram,28.4595,77.0266,10.2,80,0,1024,8.6,W
2024-12-01 06:00,Gurugram,28.4595,77.0266,8.7,68,0,1026.3,18,NW
2024-12-01 07:00,Gurugram,28.4595,77.0266,9.9,73,0,1026,19.1,SE
2024-12-01 08:00,Gurugram,28.4595,77.0266,10.4,77,0,1026.4,24.9,WNW
2024-12-01 09:00,Gurugram,28.4595,77.0266,14.6,55,0,1025.8,8,W
2024-12-01 10:00,Gurugram,28.4595,77.0266,14.1,66,0,1025.5,6.9,Calm
2024-12-01 11:00,Gurugram,28.4595,77.0266,15.5,66,0,1024.6,15.4,WNW
2024-12-01 12:00,Gurugram,28.4595,77.0266,18.2,51,0,1025.1,7,NW
2024-12-01 13:00,Gurugram,28.4595,77.0266,19.2,62,0,1026.6,13.5,NW
2024-12-01 14:00,Gurugram,28.4595,77.0266,19.7,47,0,1026.5,7.3,NW
2024-12-01 15:00,Gurugram,28.4595,77.0266,21.7,53,0,1025.8,13.2,ESE
2024-12-01 16:00,Gurugram,28.4595,77.0266,20.8,49,0,1024.4,11.3,NW
2024-12-01 17:00,Gurugram,28.4595,77.0266,19.5,50,0,1024.9,2.8,NW
2024-12-01 18:00,Gurugram,28.4595,77.0266,19.3,51,0,1023.9,6.5,ESE
2024-12-01 19:00,Gurugram,28.4595,77.0266,15.9,62,0,1025.1,8.1,NW
2024-12-01 20:00,Gurugram,28.4595,77.0266,16.3,67,0,1023.5,4.8,W
2024-12-01 21:00,Gurugram,28.4595,77.0266,14.7,65,0,1025.1,15.7,WNW
2024-12-01 22:00,Gurugram,28.4595,77.0266,10,61,0,1024.7,6.7,WNW
2024-12-01 23:00,Gurugram,28.4595,77.0266,12.9,75,0,1025.5,10.5,WNW
2024-12-02 00:00,Gurugram,28.4595,77.0266,8,79,0,1024.4,9.6,NW
2024-12-02 01:00,Gurugram,28.4595,77.0266,8.7,77,0,1026.2,12.2,E
2024-12-02 02:00,Gurugram,28.4595,77.0266,10,91,0,1023.4,7.8,NW
2024-12-02 03:00,Gurugram,28.4595,77.0266,9.4,71,0,1023.4,11.9,NW
2024-12-02 04:00,Gurugram,28.4595,77.0266,8,67,0,1025,18.9,WNW
2024-12-02 05:00,Gurugram,28.4595,77.0266,7.9,74,0,1025.6,6,NW
2024-12-02 06:00,Gurugram,28.4595,77.0266,11.3,81,0,1024.8,13,ESE
2024-12-02 07:00,Gurugram,28.4595,77.0266,12.2,67,0,1024.9,9.1,WNW
2024-12-02 08:00,Gurugram,28.4595,77.0266,11.4,64,0,1025.4,10.5,NW
2024-12-02 09:00,Gurugram,28.4595,77.0266,12.8,71,0,1025.9,14.4,WNW
2024-12-02 10:00,Gurugram,28.4595,77.0266,12.2,65,0,1024.8,11.2,NW
2024-12-02 11:00,Gurugram,28.4595,77.0266,17.7,60,0,1025.6,18.8,NW
2024-12-02 12:00,Gurugram,28.4595,77.0266,18.6,60,0,1026.5,17.3,W
2024-12-02 13:00,Gurugram,28.4595,77.0266,21.9,50,0,1023.7,11,E
2024-12-02 14:00,Gurugram,28.4595,77.0266,21.1,49,0,1026.8,13.2,WNW
2024-12-02 15:00,Gurugram,28.4595,77.0266,23.1,56,0,1026.8,11.4,WNW
2024-12-02 16:00,Gurugram,28.4595,77.0266,19.2,43,0,1024.3,2.9,SE
2024-12-02 17:00,Gurugram,28.4595,77.0266,21.9,40,0,1026,12,NW
2024-12-02 18:00,Gurugram,28.4595,77.0266,17.8,52,0,1023.5,4.9,NW
2024-12-02 19:00,Gurugram,28.4595,77.0266,18.9,64,0,1025.7,9.2,WNW
2024-12-02 20:00,Gurugram,28.4595,77.0266,13.3,63,0,1027,3.6,W
2024-12-02 21:00,Gurugram,28.4595,77.0266,14.6,71,0,1024.1,25.2,NW
2024-12-02 22:00,Gurugram,28.4595,77.0266,8.9,57,0,1024.4,11.2,WNW
2024-12-02 23:00,Gurugram,28.4595,77.0266,10.5,75,0,1025.8,4.1,W
2024-12-03 00:00,Gurugram,28.4595,77.0266,10.2,81,0,1024.8,13.3,WNW
2024-12-03 01:00,Gurugram,28.4595,77.0266,7.4,71,0,1025.4,22.9,W
2024-12-03 02:00,Gurugram,28.4595,77.0266,5.8,86,0,1028.1,15.8,W
2024-12-03 03:00,Gurugram,28.4595,77.0266,9,80,0,1024.7,7.3,WNW
2024-12-03 04:00,Gurugram,28.4595,77.0266,7.5,98,0,1023.3,8.7,NW
2024-12-03 05:00,Gurugram,28.4595,77.0266,7.5,66,0,1024.4,9.5,NW
2024-12-03 06:00,Gurugram,28.4595,77.0266,9.5,85,0,1025.4,17.2,E
2024-12-03 07:00,Gurugram,28.4595,77.0266,15.5,71,0,1023.6,18.2,ESE
2024-12-03 08:00,Gurugram,28.4595,77.0266,14.4,60,0,1024.3,11.8,ESE
2024-12-03 09:00,Gurugram,28.4595,77.0266,16.1,63,0,1026.6,9.6,SW
2024-12-03 10:00,Gurugram,28.4595,77.0266,16.5,64,0,1027.1,6.9,ESE
2024-12-03 11:00,Gurugram,28.4595,77.0266,17.6,65,0,1024.7,24.7,ESE
2024-12-03 12:00,Gurugram,28.4595,77.0266,14.3,66,0,1024.7,13,W
2024-12-03 13:00,Gurugram,28.4595,77.0266,18.4,62,0,1023.7,5.8,NW
2024-12-03 14:00,Gurugram,28.4595,77.0266,19.4,46,0,1025.5,6.5,Calm
2024-12-03 15:00,Gurugram,28.4595,77.0266,17.1,58,0,1028,15.6,W
2024-12-03 16:00,Gurugram,28.4595,77.0266,18.2,54,0,1024.7,6.8,NW
2024-12-03 17:00,Gurugram,28.4595,77.0266,16.1,49,0,1024.8,5.8,NW
2024-12-03 18:00,Gurugram,28.4595,77.0266,18.5,54,0,1025.8,17.4,SE
2024-12-03 19:00,Gurugram,28.4595,77.0266,18.7,54,0,1024.6,9.5,NW
2024-12-03 20:00,Gurugram,28.4595,77.0266,17.7,62,0,1024.6,10.6,NW
2024-12-03 21:00,Gurugram,28.4595,77.0266,14.7,62,0,1026.8,19.3,WNW
2024-12-03 22:00,Gurugram,28.4595,77.0266,10.6,64,0,1023.6,16.2,SE
2024-12-03 23:00,Gurugram,28.4595,77.0266,7.3,76,0,1023.9,11.7,WNW
2024-12-04 00:00,Gurugram,28.4595,77.0266,6,81,0,1025.8,15.6,SE
2024-12-04 01:00,Gurugram,28.4595,77.0266,5.9,78,0,1024.8,4.3,SE
2024-12-04 02:00,Gurugram,28.4595,77.0266,5.9,89,0,1023.7,13.6,E
2024-12-04 03:00,Gurugram,28.4595,77.0266,7,80,0,1025.3,7.7,W
2024-12-04 04:00,Gurugram,28.4595,77.0266,5.7,79,0,1024.6,13.7,ESE
2024-12-04 05:00,Gurugram,28.4595,77.0266,8.8,83,0,1025.2,5.7,NW
2024-12-04 06:00,Gurugram,28.4595,77.0266,8.8,76,0,1024.7,14,NW
2024-12-04 07:00,Gurugram,28.4595,77.0266,10.6,74,0,1023.2,4.7,W
2024-12-04 08:00,Gurugram,28.4595,77.0266,14.2,55,0,1026.3,9.2,NW
2024-12-04 09:00,Gurugram,28.4595,77.0266,11.7,67,0,1027,17.9,WNW
2024-12-04 10:00,Gurugram,28.4595,77.0266,16.2,52,0,1023.9,9.2,NW
2024-12-04 11:00,Gurugram,28.4595,77.0266,17,52,0,1026.9,13.3,NW
2024-12-04 12:00,Gurugram,28.4595,77.0266,17.8,48,0,1024.9,2.1,E
2024-12-04 13:00,Gurugram,28.4595,77.0266,21,47,0,1021.4,4.1,W
2024-12-04 14:00,Gurugram,28.4595,77.0266,21.7,49,0,1025.5,12.8,W
2024-12-04 15:00,Gurugram,28.4595,77.0266,18.6,49,0,1022.4,3.5,WNW
2024-12-04 16:00,Gurugram,28.4595,77.0266,19.8,56,0,1024.4,6,WNW
2024-12-04 17:00,Gurugram,28.4595,77.0266,19.9,55,0,1025.8,8.9,NW
2024-12-04 18:00,Gurugram,28.4595,77.0266,17.9,44,0,1025.6,12.5,WNW
2024-12-04 19:00,Gurugram,28.4595,77.0266,18.1,59,0,1024.1,15.5,W
2024-12-04 20:00,Gurugram,28.4595,77.0266,16,64,0,1025.8,7.9,NW
2024-12-04 21:00,Gurugram,28.4595,77.0266,17.1,64,0,1026.1,13.8,NW
2024-12-04 22:00,Gurugram,28.4595,77.0266,9.4,70,0,1024.3,23.4,WNW
2024-12-04 23:00,Gurugram,28.4595,77.0266,10.3,75,0,1024.6,19,WNW
2024-12-05 00:00,Gurugram,28.4595,77.0266,7.4,82,0,1025.1,19.5,SE
2024-12-05 01:00,Gurugram,28.4595,77.0266,9.1,70,0,1023.4,8.9,SE
2024-12-05 02:00,Gurugram,28.4595,77.0266,4.4,80,0,1023.9,15.7,WNW
2024-12-05 03:00,Gurugram,28.4595,77.0266,7.7,91,0,1026,12.2,WNW
2024-12-05 04:00,Gurugram,28.4595,77.0266,6.2,90,0,1027.6,16.5,Calm
2024-12-05 05:00,Gurugram,28.4595,77.0266,6.7,85,0,1025.6,19.2,SE
2024-12-05 06:00,Gurugram,28.4595,77.0266,6.4,81,0,1025.1,11.2,NW
2024-12-05 07:00,Gurugram,28.4595,77.0266,9.5,84,17.7,1027,12.6,NW
2024-12-05 08:00,Gurugram,28.4595,77.0266,13.9,82,0,1023.7,2.9,NW
2024-12-05 09:00,Gurugram,28.4595,77.0266,13.6,66,0,1024.9,22.3,ESE
2024-12-05 10:00,Gurugram,28.4595,77.0266,16.4,57,0,1025.8,8.1,NW
2024-12-05 11:00,Gurugram,28.4595,77.0266,19.9,58,0,1023.8,19.6,W
2024-12-05 12:00,Gurugram,28.4595,77.0266,18.7,75,0,1022.9,9.1,ESE
2024-12-05 13:00,Gurugram,28.4595,77.0266,18.2,44,0,1025.8,10.2,SE
2024-12-05 14:00,Gurugram,28.4595,77.0266,20.7,50,0,1026,11,WNW
2024-12-05 15:00,Gurugram,28.4595,77.0266,19.1,43,0,1025.8,12.5,NW
2024-12-05 16:00,Gurugram,28.4595,77.0266,19,53,0,1025.9,9.6,SE
2024-12-05 17:00,Gurugram,28.4595,77.0266,16.5,47,0,1024.9,17.2,WNW
2024-12-05 18:00,Gurugram,28.4595,77.0266,19.9,56,0,1025,12.7,SE
2024-12-05 19:00,Gurugram,28.4595,77.0266,16.2,48,0,1025.1,9.1,NW
2024-12-05 20:00,Gurugram,28.4595,77.0266,15.6,67,0,1026.2,4.7,SW
2024-12-05 21:00,Gurugram,28.4595,77.0266,11.7,74,16.5,1025.2,7.7,WNW
2024-12-05 22:00,Gurugram,28.4595,77.0266,12.7,68,0,1024.9,13.2,NW
2024-12-05 23:00,Gurugram,28.4595,77.0266,9,74,0,1025.2,17.9,W
2024-12-06 00:00,Gurugram,28.4595,77.0266,8.6,77,0,1025.2,7.7,E
2024-12-06 01:00,Gurugram,28.4595,77.0266,9.4,81,0,1023.4,14.2,WNW
2024-12-06 02:00,Gurugram,28.4595,77.0266,8.6,81,0,1026.3,9.6,NW
2024-12-06 03:00,Gurugram,28.4595,77.0266,6.9,87,0,1023.9,5.7,W
2024-12-06 04:00,Gurugram,28.4595,77.0266,4,89,0,1024.7,16.2,SE
2024-12-06 05:00,Gurugram,28.4595,77.0266,13.2,75,0,1023.5,10.8,NW
2024-12-06 06:00,Gurugram,28.4595,77.0266,12,76,0,1024.4,2.6,NW
2024-12-06 07:00,Gurugram,28.4595,77.0266,11.5,80,0,1025.3,5.5,NW
2024-12-06 08:00,Gurugram,28.4595,77.0266,10.4,63,0,1025,5.5,NW
2024-12-06 09:00,Gurugram,28.4595,77.0266,13.2,55,0,1024,16.9,NW
2024-12-06 10:00,Gurugram,28.4595,77.0266,14.1,65,0,1023.8,7.4,WNW
2024-12-06 11:00,Gurugram,28.4595,77.0266,18.9,63,0,1025,7.3,ESE
2024-12-06 12:00,Gurugram,28.4595,77.0266,18.5,52,0,1026,5.1,ESE
2024-12-06 13:00,Gurugram,28.4595,77.0266,17.6,51,0,1026.4,6.9,W
2024-12-06 14:00,Gurugram,28.4595,77.0266,18.8,48,0,1027.1,7,NW
2024-12-06 15:00,Gurugram,28.4595,77.0266,21.9,47,0,1023.8,20.2,ESE
2024-12-06 16:00,Gurugram,28.4595,77.0266,22.6,57,0,1023.7,12.6,W
2024-12-06 17:00,Gurugram,28.4595,77.0266,21.8,47,0,1024.5,15.7,E
2024-12-06 18:00,Gurugram,28.4595,77.0266,19.4,55,0,1024.4,20.1,WNW
2024-12-06 19:00,Gurugram,28.4595,77.0266,16.2,54,0,1022.9,6.3,NW
2024-12-06 20:00,Gurugram,28.4595,77.0266,9.3,55,0,1025.7,5.4,W
2024-12-06 21:00,Gurugram,28.4595,77.0266,14,72,5,1023.7,15.3,NW
2024-12-06 22:00,Gurugram,28.4595,77.0266,11.7,68,0,1023.9,8.7,Calm
2024-12-06 23:00,Gurugram,28.4595,77.0266,10.4,76,0,1025.2,27.8,ESE
2024-12-07 00:00,Gurugram,28.4595,77.0266,8.7,69,0,1023,4.8,ESE
2024-12-07 01:00,Gurugram,28.4595,77.0266,5.2,76,0,1024.2,4,ESE
2024-12-07 02:00,Gurugram,28.4595,77.0266,8,87,0,1025.4,12.7,NW
2024-12-07 03:00,Gurugram,28.4595,77.0266,7.9,98,0,1024.5,7,WNW
2024-12-07 04:00,Gurugram,28.4595,77.0266,8.2,70,0,1025.4,9.3,W
2024-12-07 05:00,Gurugram,28.4595,77.0266,9.3,79,0,1025.7,7.2,NW
2024-12-07 06:00,Gurugram,28.4595,77.0266,9.7,81,0,1024.4,9.2,ESE
2024-12-07 07:00,Gurugram,28.4595,77.0266,9.2,71,0,1020.5,13.5,SE
2024-12-07 08:00,Gurugram,28.4595,77.0266,11.4,77,0,1026,8.3,NW
2024-12-07 09:00,Gurugram,28.4595,77.0266,13.4,62,0,1024.4,7.2,NW
2024-12-07 10:00,Gurugram,28.4595,77.0266,15.1,65,0,1025.4,8.7,E
2024-12-07 11:00,Gurugram,28.4595,77.0266,18.3,57,0,1026.1,1.5,NW
2024-12-07 12:00,Gurugram,28.4595,77.0266,19,64,0,1022.3,15.4,NW
2024-12-07 13:00,Gurugram,28.4595,77.0266,22.6,51,0,1024.5,15.9,WNW
2024-12-07 14:00,Gurugram,28.4595,77.0266,23.5,51,0,1026.3,18.7,ESE
2024-12-07 15:00,Gurugram,28.4595,77.0266,19.9,58,0,1024.2,9.4,Calm
2024-12-07 16:00,Gurugram,28.4595,77.0266,12.6,47,0,1025.7,9,WNW
2024-12-07 17:00,Gurugram,28.4595,77.0266,21.1,55,0,1023.2,24.8,SW
2024-12-07 18:00,Gurugram,28.4595,77.0266,16.9,46,0,1025.1,5.1,WNW
2024-12-07 19:00,Gurugram,28.4595,77.0266,15,54,0,1023,20.6,ESE
2024-12-07 20:00,Gurugram,28.4595,77.0266,14.2,66,0,1025.6,22.4,NW
2024-12-07 21:00,Gurugram,28.4595,77.0266,12.4,62,0,1023.9,6.7,WNW
2024-12-07 22:00,Gurugram,28.4595,77.0266,12.6,68,0,1026.2,6.8,E
2024-12-07 23:00,Gurugram,28.4595,77.0266,7.2,78,0,1026.2,5.3,NW
2024-12-08 00:00,Gurugram,28.4595,77.0266,6.5,75,0,1023.6,5.8,NW
2024-12-08 01:00,Gurugram,28.4595,77.0266,8,86,0,1026.3,9,W
2024-12-08 02:00,Gurugram,28.4595,77.0266,7.9,84,0,1023.6,8,WNW
2024-12-08 03:00,Gurugram,28.4595,77.0266,7.7,86,0,1025.1,22.1,NW
2024-12-08 04:00,Gurugram,28.4595,77.0266,5.3,90,6.2,1024.3,7.8,SW
2024-12-08 05:00,Gurugram,28.4595,77.0266,5.7,83,0,1023.8,24.2,W
2024-12-08 06:00,Gurugram,28.4595,77.0266,7.5,88,0,1025.3,16.2,WNW
2024-12-08 07:00,Gurugram,28.4595,77.0266,10.2,81,0,1023.7,4.8,Calm
2024-12-08 08:00,Gurugram,28.4595,77.0266,14,69,0,1023.6,17.3,NW
2024-12-08 09:00,Gurugram,28.4595,77.0266,9.4,76,0,1024.3,10.9,SE
2024-12-08 10:00,Gurugram,28.4595,77.0266,14.3,66,0,1025.4,13.3,NW
2024-12-08 11:00,Gurugram,28.4595,77.0266,13.9,58,0,1024.6,6.9,NW
2024-12-08 12:00,Gurugram,28.4595,77.0266,14.7,59,0,1023.9,16.4,WNW
2024-12-08 13:00,Gurugram,28.4595,77.0266,20.4,62,0,1023.7,14.1,W
2024-12-08 14:00,Gurugram,28.4595,77.0266,20.3,56,0,1024.1,9,ESE
2024-12-08 15:00,Gurugram,28.4595,77.0266,20.4,64,0,1025,2.3,NW
2024-12-08 16:00,Gurugram,28.4595,77.0266,21,60,0,1023,16.6,NW
2024-12-08 17:00,Gurugram,28.4595,77.0266,17.8,58,0,1023.5,4.6,W
2024-12-08 18:00,Gurugram,28.4595,77.0266,16.9,51,0,1025.3,7.1,E
2024-12-08 19:00,Gurugram,28.4595,77.0266,20.2,59,0,1023.3,4.6,W
2024-12-08 20:00,Gurugram,28.4595,77.0266,14.3,65,0,1023.6,9.2,NW
2024-12-08 21:00,Gurugram,28.4595,77.0266,14.4,72,0,1024.3,13.3,WNW
2024-12-08 22:00,Gurugram,28.4595,77.0266,11.4,76,0,1023.3,23.5,W
2024-12-08 23:00,Gurugram,28.4595,77.0266,6.5,76,0,1023.8,6.4,NW
2024-12-09 00:00,Gurugram,28.4595,77.0266,4.6,80,0,1024.3,5,W
2024-12-09 01:00,Gurugram,28.4595,77.0266,6.2,86,0,1025,10.4,WNW
2024-12-09 02:00,Gurugram,28.4595,77.0266,8.5,78,0,1023.2,16.9,WNW
2024-12-09 03:00,Gurugram,28.4595,77.0266,7.8,94,0,1023.1,8.5,W
2024-12-09 04:00,Gurugram,28.4595,77.0266,8.2,71,0,1025.5,9.7,W
2024-12-09 05:00,Gurugram,28.4595,77.0266,5.5,90,0,1023.3,3.2,Calm
2024-12-09 06:00,Gurugram,28.4595,77.0266,11.2,79,0,1023.2,7.9,WNW
2024-12-09 07:00,Gurugram,28.4595,77.0266,7.9,82,0,1021.7,4.1,W
2024-12-09 08:00,Gurugram,28.4595,77.0266,11.6,74,0,1025.4,8.9,NW
2024-12-09 09:00,Gurugram,28.4595,77.0266,12.8,70,0,1025.8,12.2,W
2024-12-09 10:00,Gurugram,28.4595,77.0266,14.2,68,0,1024.1,32.7,NW
2024-12-09 11:00,Gurugram,28.4595,77.0266,18.5,66,0,1024.4,11.3,NW
2024-12-09 12:00,Gurugram,28.4595,77.0266,16.2,56,0,1024.1,10.7,NW
2024-12-09 13:00,Gurugram,28.4595,77.0266,16.1,62,0,1022.8,9.9,W
2024-12-09 14:00,Gurugram,28.4595,77.0266,19.2,47,0,1024.9,6.4,W
2024-12-09 15:00,Gurugram,28.4595,77.0266,18.6,53,0,1025.8,28.3,SE
2024-12-09 16:00,Gurugram,28.4595,77.0266,25.2,59,0,1024.1,15.3,WNW
2024-12-09 17:00,Gurugram,28.4595,77.0266,19.7,61,0,1025,15.7,WNW
2024-12-09 18:00,Gurugram,28.4595,77.0266,16.7,60,0,1023.1,16.8,NW
2024-12-09 19:00,Gurugram,28.4595,77.0266,14.2,58,0,1023,6.1,ESE
2024-12-09 20:00,Gurugram,28.4595,77.0266,11.2,70,0,1024.7,12,NW
2024-12-09 21:00,Gurugram,28.4595,77.0266,11,64,0.9,1026,9.3,WNW
2024-12-09 22:00,Gurugram,28.4595,77.0266,11.4,83,0,1023.4,4.1,NW
2024-12-09 23:00,Gurugram,28.4595,77.0266,12.2,75,0,1023.9,2,SE
2024-12-10 00:00,Gurugram,28.4595,77.0266,10.1,70,0,1024.6,12.8,ESE
2024-12-10 01:00,Gurugram,28.4595,77.0266,7.5,75,0,1023.4,12,ESE
2024-12-10 02:00,Gurugram,28.4595,77.0266,5.8,83,0,1024.5,9.4,NW
2024-12-10 03:00,Gurugram,28.4595,77.0266,6.7,85,0,1022.8,20.6,W
2024-12-10 04:00,Gurugram,28.4595,77.0266,5.5,95,0,1024.5,8.1,ESE
2024-12-10 05:00,Gurugram,28.4595,77.0266,10.1,75,0,1023.7,17.8,NW
2024-12-10 06:00,Gurugram,28.4595,77.0266,7.7,80,0,1022,2.2,NW
2024-12-10 07:00,Gurugram,28.4595,77.0266,9.3,70,0,1022.7,8.8,NW
2024-12-10 08:00,Gurugram,28.4595,77.0266,7,70,0,1024.3,13,ESE
2024-12-10 09:00,Gurugram,28.4595,77.0266,12.3,79,0,1025.6,34.2,NW
2024-12-10 10:00,Gurugram,28.4595,77.0266,15.9,58,0,1022.4,12.6,NW
2024-12-10 11:00,Gurugram,28.4595,77.0266,14,65,0,1025.2,2.1,NW
2024-12-10 12:00,Gurugram,28.4595,77.0266,15.9,60,0,1024.4,10.3,WNW
2024-12-10 13:00,Gurugram,28.4595,77.0266,19.7,56,0,1025.1,11.1,NW
2024-12-10 14:00,Gurugram,28.4595,77.0266,16.3,57,0,1023.8,9.5,SE
2024-12-10 15:00,Gurugram,28.4595,77.0266,21.1,47,0,1024.7,9.3,NW
2024-12-10 16:00,Gurugram,28.4595,77.0266,18,64,0,1026.2,8.1,NW
2024-12-10 17:00,Gurugram,28.4595,77.0266,17.6,67,0,1024.2,3.9,W
2024-12-10 18:00,Gurugram,28.4595,77.0266,15.3,58,0,1022.8,6.2,SW
2024-12-10 19:00,Gurugram,28.4595,77.0266,16.6,76,0,1025.7,18,E
2024-12-10 20:00,Gurugram,28.4595,77.0266,18.8,62,0,1024.6,10,NW
2024-12-10 21:00,Gurugram,28.4595,77.0266,14.1,71,0,1024.2,7.3,NW
2024-12-10 22:00,Gurugram,28.4595,77.0266,9.4,81,0,1026.1,10.4,W
2024-12-10 23:00,Gurugram,28.4595,77.0266,11.5,73,0,1025.6,13.1,NW
2024-12-11 00:00,Gurugram,28.4595,77.0266,7.3,71,0,1024.3,3.1,W
2024-12-11 01:00,Gurugram,28.4595,77.0266,9.4,72,0,1022.7,15.2,WNW
2024-12-11 02:00,Gurugram,28.4595,77.0266,7.7,96,0,1023.3,12.5,W
2024-12-11 03:00,Gurugram,28.4595,77.0266,2,81,0,1024,2.2,SW
2024-12-11 04:00,Gurugram,28.4595,77.0266,4.4,82,0,1023.7,18.5,NW
2024-12-11 05:00,Gurugram,28.4595,77.0266,8.6,75,1.5,1023.2,5.6,W
2024-12-11 06:00,Gurugram,28.4595,77.0266,8.2,85,0,1023.5,14.2,WNW
2024-12-11 07:00,Gurugram,28.4595,77.0266,7.4,72,0,1025,11.9,WNW
2024-12-11 08:00,Gurugram,28.4595,77.0266,9.7,70,0,1024,16.2,W
2024-12-11 09:00,Gurugram,28.4595,77.0266,9.1,71,13.9,1023.2,8.5,Calm
2024-12-11 10:00,Gurugram,28.4595,77.0266,14,59,0,1024.5,19.5,E
2024-12-11 11:00,Gurugram,28.4595,77.0266,19.7,60,0,1024.4,15.9,W
2024-12-11 12:00,Gurugram,28.4595,77.0266,18.6,67,0,1023.7,2.4,WNW
2024-12-11 13:00,Gurugram,28.4595,77.0266,22.1,59,0,1022.4,8.9,WNW
2024-12-11 14:00,Gurugram,28.4595,77.0266,20.4,55,0,1023.6,17.9,SE
2024-12-11 15:00,Gurugram,28.4595,77.0266,20.9,55,0,1023.7,4.8,NW
2024-12-11 16:00,Gurugram,28.4595,77.0266,22.3,52,0,1024.8,10.6,W
2024-12-11 17:00,Gurugram,28.4595,77.0266,18.8,68,0,1022.9,6.6,WNW
2024-12-11 18:00,Gurugram,28.4595,77.0266,16.8,54,0,1023.4,10.9,W
2024-12-11 19:00,Gurugram,28.4595,77.0266,17.6,63,0,1025.6,9.3,NW
2024-12-11 20:00,Gurugram,28.4595,77.0266,16.8,66,0,1023.5,4,ESE
2024-12-11 21:00,Gurugram,28.4595,77.0266,11.6,75,0,1023.7,13.4,W
2024-12-11 22:00,Gurugram,28.4595,77.0266,9.5,80,0,1025.9,1.5,NW
2024-12-11 23:00,Gurugram,28.4595,77.0266,9.5,76,0,1022.7,4.6,WNW
2024-12-12 00:00,Gurugram,28.4595,77.0266,9.2,82,0,1025.1,8.8,ESE
2024-12-12 01:00,Gurugram,28.4595,77.0266,8.1,84,0,1023.1,16.4,SW
2024-12-12 02:00,Gurugram,28.4595,77.0266,3.5,70,0,1023.8,10.4,NW
2024-12-12 03:00,Gurugram,28.4595,77.0266,9.3,75,0,1023.9,2.2,NW
2024-12-12 04:00,Gurugram,28.4595,77.0266,4.9,80,0,1023.3,9.3,NW
2024-12-12 05:00,Gurugram,28.4595,77.0266,6.2,79,0,1022.4,2.1,Calm
2024-12-12 06:00,Gurugram,28.4595,77.0266,6.1,73,0,1022.8,6.5,ESE
2024-12-12 07:00,Gurugram,28.4595,77.0266,13.9,81,0,1023.3,7.4,W
2024-12-12 08:00,Gurugram,28.4595,77.0266,11.1,73,0,1022.6,8.2,NW
2024-12-12 09:00,Gurugram,28.4595,77.0266,10.8,68,0,1023.6,16.8,WNW
2024-12-12 10:00,Gurugram,28.4595,77.0266,15.6,58,0,1022.7,13.5,ESE
2024-12-12 11:00,Gurugram,28.4595,77.0266,17,62,0,1022.5,17.4,E
2024-12-12 12:00,Gurugram,28.4595,77.0266,16.6,43,0,1021.7,16.5,WNW
2024-12-12 13:00,Gurugram,28.4595,77.0266,19.5,55,0,1025.6,11,Calm
2024-12-12 14:00,Gurugram,28.4595,77.0266,17.1,55,0,1023.4,2.9,NW
2024-12-12 15:00,Gurugram,28.4595,77.0266,18,56,0,1022.8,9.8,WNW
2024-12-12 16:00,Gurugram,28.4595,77.0266,15,46,0,1022.4,16.5,E
2024-12-12 17:00,Gurugram,28.4595,77.0266,15.6,58,0,1022.9,5.4,W
2024-12-12 18:00,Gurugram,28.4595,77.0266,20.2,53,0,1021.3,5.6,SE
2024-12-12 19:00,Gurugram,28.4595,77.0266,18.5,57,0,1022.8,5.4,SW
2024-12-12 20:00,Gurugram,28.4595,77.0266,14.1,70,0,1024.4,9.7,WNW
2024-12-12 21:00,Gurugram,28.4595,77.0266,15.3,81,0,1022.8,10.4,NW
2024-12-12 22:00,Gurugram,28.4595,77.0266,10.4,74,0,1024.3,13.4,ESE
2024-12-12 23:00,Gurugram,28.4595,77.0266,8.7,72,0,1024.7,16.5,W
2024-12-13 00:00,Gurugram,28.4595,77.0266,7.7,81,0,1024.1,16,SE
2024-12-13 01:00,Gurugram,28.4595,77.0266,6.3,88,0,1023.4,5.3,WNW
2024-12-13 02:00,Gurugram,28.4595,77.0266,5.5,88,0,1024.8,11.2,SE
2024-12-13 03:00,Gurugram,28.4595,77.0266,7.7,98,0,1024.7,5.2,SW
2024-12-13 04:00,Gurugram,28.4595,77.0266,6.2,80,0,1022.5,18.6,ESE
2024-12-13 05:00,Gurugram,28.4595,77.0266,7.8,84,0,1022.3,11.2,ESE
2024-12-13 06:00,Gurugram,28.4595,77.0266,9.4,90,0,1022.8,10.1,W
2024-12-13 07:00,Gurugram,28.4595,77.0266,9.6,86,0,1023,25.6,WNW
2024-12-13 08:00,Gurugram,28.4595,77.0266,8.7,62,0,1024.8,1.9,Calm
2024-12-13 09:00,Gurugram,28.4595,77.0266,9.7,70,0,1024.3,12.8,W
2024-12-13 10:00,Gurugram,28.4595,77.0266,14.1,75,0,1023.5,9.6,SE
2024-12-13 11:00,Gurugram,28.4595,77.0266,15.1,80,0,1023.6,8.4,WNW
2024-12-13 12:00,Gurugram,28.4595,77.0266,16.9,63,0,1022.1,5.3,W
2024-12-13 13:00,Gurugram,28.4595,77.0266,17.8,55,0,1024.7,9.6,W
2024-12-13 14:00,Gurugram,28.4595,77.0266,23.1,49,0,1023.6,9.8,ESE
2024-12-13 15:00,Gurugram,28.4595,77.0266,16.3,68,0,1022.1,13.1,WNW
2024-12-13 16:00,Gurugram,28.4595,77.0266,14.9,60,0,1021.3,10,WNW
2024-12-13 17:00,Gurugram,28.4595,77.0266,18.4,52,0,1021.8,16.7,NW
2024-12-13 18:00,Gurugram,28.4595,77.0266,16.1,58,0,1023.5,7.7,WNW
2024-12-13 19:00,Gurugram,28.4595,77.0266,16,64,0,1020.3,25.7,NW
2024-12-13 20:00,Gurugram,28.4595,77.0266,14.9,69,0,1022,8.8,WNW
2024-12-13 21:00,Gurugram,28.4595,77.0266,14.5,64,0,1023.9,5.8,E
2024-12-13 22:00,Gurugram,28.4595,77.0266,7.8,70,0,1022.8,5.8,Calm
2024-12-13 23:00,Gurugram,28.4595,77.0266,7.9,67,0,1021.2,1.6,W
2024-12-14 00:00,Gurugram,28.4595,77.0266,8.2,87,0,1022.4,12.8,NW
2024-12-14 01:00,Gurugram,28.4595,77.0266,7.8,81,0,1023.1,10.5,WNW
2024-12-14 02:00,Gurugram,28.4595,77.0266,9.7,87,0,1024.3,12.6,W
2024-12-14 03:00,Gurugram,28.4595,77.0266,7.2,94,0,1023.7,2.8,WNW
2024-12-14 04:00,Gurugram,28.4595,77.0266,5.6,86,0,1023.7,20.8,NW
2024-12-14 05:00,Gurugram,28.4595,77.0266,4.8,82,0,1024,13.4,NW
2024-12-14 06:00,Gurugram,28.4595,77.0266,6.4,82,0,1021.2,4.1,WNW
2024-12-14 07:00,Gurugram,28.4595,77.0266,7.7,78,0,1024.7,3.3,NW
2024-12-14 08:00,Gurugram,28.4595,77.0266,11.5,81,0,1024.7,6.8,NW
2024-12-14 09:00,Gurugram,28.4595,77.0266,12.5,72,0,1022.4,17.9,E
2024-12-14 10:00,Gurugram,28.4595,77.0266,11.3,63,0,1019.6,19.9,SE
2024-12-14 11:00,Gurugram,28.4595,77.0266,14.5,69,0,1024.8,12.5,NW
2024-12-14 12:00,Gurugram,28.4595,77.0266,18.2,67,0,1019.9,6,WNW
2024-12-14 13:00,Gurugram,28.4595,77.0266,18.3,49,0,1023.6,4.9,W
2024-12-14 14:00,Gurugram,28.4595,77.0266,19.3,65,0,1022.6,8.8,NW
2024-12-14 15:00,Gurugram,28.4595,77.0266,19.2,57,0,1022.5,5.8,ESE
2024-12-14 16:00,Gurugram,28.4595,77.0266,21.2,57,0,1022.7,17.5,WNW
2024-12-14 17:00,Gurugram,28.4595,77.0266,18.1,63,0,1023.3,13.1,WNW
2024-12-14 18:00,Gurugram,28.4595,77.0266,15.9,56,0,1020.6,6.5,NW
2024-12-14 19:00,Gurugram,28.4595,77.0266,13.6,68,0,1022.9,1.8,WNW
2024-12-14 20:00,Gurugram,28.4595,77.0266,14.1,64,0,1021.5,5.1,E
2024-12-14 21:00,Gurugram,28.4595,77.0266,7.6,61,0,1022.6,8.8,SE
2024-12-14 22:00,Gurugram,28.4595,77.0266,10,68,0,1023.4,7.8,SW
2024-12-14 23:00,Gurugram,28.4595,77.0266,8.4,81,0,1024.2,3.5,ESE
2024-12-15 00:00,Gurugram,28.4595,77.0266,4.8,75,7.2,1022.1,14.7,W
2024-12-15 01:00,Gurugram,28.4595,77.0266,4.6,93,0,1025.1,7.6,NW
2024-12-15 02:00,Gurugram,28.4595,77.0266,7,92,0,1021.9,6.8,W
2024-12-15 03:00,Gurugram,28.4595,77.0266,5.8,93,0,1021.9,13.3,SW
2024-12-15 04:00,Gurugram,28.4595,77.0266,5.8,86,0,1024.2,9.1,NW
2024-12-15 05:00,Gurugram,28.4595,77.0266,6.8,85,0,1022.7,9.5,WNW
2024-12-15 06:00,Gurugram,28.4595,77.0266,7.4,74,0,1023.2,11.6,NW
2024-12-15 07:00,Gurugram,28.4595,77.0266,10.8,84,0,1022.4,18,SE
2024-12-15 08:00,Gurugram,28.4595,77.0266,10.4,77,0,1022.5,13.6,W
2024-12-15 09:00,Gurugram,28.4595,77.0266,9.2,74,0,1023.4,4.2,E
2024-12-15 10:00,Gurugram,28.4595,77.0266,16.5,77,0,1024.5,33.1,NW
2024-12-15 11:00,Gurugram,28.4595,77.0266,15.8,59,0,1023.1,9.2,SW
2024-12-15 12:00,Gurugram,28.4595,77.0266,15.4,59,0,1023.5,1.5,NW
2024-12-15 13:00,Gurugram,28.4595,77.0266,15.2,59,0,1024.2,5.4,NW
2024-12-15 14:00,Gurugram,28.4595,77.0266,18.8,50,0,1022.4,5.3,NW
2024-12-15 15:00,Gurugram,28.4595,77.0266,18.1,54,0,1021.8,18.5,NW
2024-12-15 16:00,Gurugram,28.4595,77.0266,21,59,0,1021.7,10.3,NW
2024-12-15 17:00,Gurugram,28.4595,77.0266,16.9,55,0,1021.9,9.9,WNW
2024-12-15 18:00,Gurugram,28.4595,77.0266,14.9,68,0,1021.7,10.6,SE
2024-12-15 19:00,Gurugram,28.4595,77.0266,16.7,54,1.3,1024.3,12.7,E
2024-12-15 20:00,Gurugram,28.4595,77.0266,15.2,73,5.1,1020.7,12.2,W
2024-12-15 21:00,Gurugram,28.4595,77.0266,12.2,74,0,1023.7,5.1,NW
2024-12-15 22:00,Gurugram,28.4595,77.0266,11.4,71,0,1021.5,21.5,NW
2024-12-15 23:00,Gurugram,28.4595,77.0266,8.5,72,0,1025.1,2.6,WNW
2024-12-16 00:00,Gurugram,28.4595,77.0266,7.5,69,0,1023.3,19.1,ESE
2024-12-16 01:00,Gurugram,28.4595,77.0266,8.2,79,0,1021.7,2.5,W
2024-12-16 02:00,Gurugram,28.4595,77.0266,6.5,92,0,1022.1,5.6,W
2024-12-16 03:00,Gurugram,28.4595,77.0266,4.9,85,0,1022.7,9.5,NW
2024-12-16 04:00,Gurugram,28.4595,77.0266,7.9,92,0,1023.5,8.2,WNW
2024-12-16 05:00,Gurugram,28.4595,77.0266,2,80,0,1023.2,4.9,W
2024-12-16 06:00,Gurugram,28.4595,77.0266,10.8,86,0,1022.8,12.6,W
2024-12-16 07:00,Gurugram,28.4595,77.0266,5.4,74,0,1021.9,7.4,NW
2024-12-16 08:00,Gurugram,28.4595,77.0266,8.9,69,0,1022.4,14.1,NW
2024-12-16 09:00,Gurugram,28.4595,77.0266,11.6,70,16.4,1024.4,6.2,SW
2024-12-16 10:00,Gurugram,28.4595,77.0266,13.1,63,0,1025.3,5.8,WNW
2024-12-16 11:00,Gurugram,28.4595,77.0266,16.8,54,0,1024.1,10.4,ESE
2024-12-16 12:00,Gurugram,28.4595,77.0266,14.4,59,0,1021.6,15.5,NW
2024-12-16 13:00,Gurugram,28.4595,77.0266,17.8,58,0,1024.5,14.4,W
2024-12-16 14:00,Gurugram,28.4595,77.0266,16.9,64,0,1022.4,3.6,WNW
2024-12-16 15:00,Gurugram,28.4595,77.0266,18.7,61,0,1022.8,8.9,NW
2024-12-16 16:00,Gurugram,28.4595,77.0266,17.9,64,0,1021.3,15.3,WNW
2024-12-16 17:00,Gurugram,28.4595,77.0266,17.5,62,0,1022.9,7.7,WNW
2024-12-16 18:00,Gurugram,28.4595,77.0266,15.3,62,2.5,1021.8,16.1,WNW
2024-12-16 19:00,Gurugram,28.4595,77.0266,14,56,0,1024.4,19.1,NW
2024-12-16 20:00,Gurugram,28.4595,77.0266,13.9,68,0,1025.8,17.5,W
2024-12-16 21:00,Gurugram,28.4595,77.0266,13.4,74,0,1022.8,14.6,WNW
2024-12-16 22:00,Gurugram,28.4595,77.0266,8.9,83,0,1023.4,8.2,NW
2024-12-16 23:00,Gurugram,28.4595,77.0266,6.9,82,0,1022.4,8.4,ESE
2024-12-17 00:00,Gurugram,28.4595,77.0266,8.1,89,0,1022.7,6.2,ESE
2024-12-17 01:00,Gurugram,28.4595,77.0266,5.9,78,0,1021.9,10.7,E
2024-12-17 02:00,Gurugram,28.4595,77.0266,6.8,84,0,1023,12.9,W
2024-12-17 03:00,Gurugram,28.4595,77.0266,3.4,89,0,1023.1,14.5,NW
2024-12-17 04:00,Gurugram,28.4595,77.0266,2.1,93,0,1022.9,9.8,E
2024-12-17 05:00,Gurugram,28.4595,77.0266,5,83,0,1023.5,8.4,NW
2024-12-17 06:00,Gurugram,28.4595,77.0266,5.6,81,0,1022.1,9.7,W
2024-12-17 07:00,Gurugram,28.4595,77.0266,8.2,83,0,1025.8,4.8,NW
2024-12-17 08:00,Gurugram,28.4595,77.0266,8.7,68,0,1021.8,14.7,W
2024-12-17 09:00,Gurugram,28.4595,77.0266,12.9,81,0,1021.8,14.4,SE
2024-12-17 10:00,Gurugram,28.4595,77.0266,12.7,62,0,1019.6,5.1,W
2024-12-17 11:00,Gurugram,28.4595,77.0266,15.1,52,0,1023.5,12,WNW
2024-12-17 12:00,Gurugram,28.4595,77.0266,16.4,61,0,1019.1,3.7,Calm
2024-12-17 13:00,Gurugram,28.4595,77.0266,17.5,68,0,1022.2,17.1,NW
2024-12-17 14:00,Gurugram,28.4595,77.0266,17.8,60,0,1021.7,25.4,WNW
2024-12-17 15:00,Gurugram,28.4595,77.0266,19,61,0,1020.9,12.5,SW
2024-12-17 16:00,Gurugram,28.4595,77.0266,16.4,57,0,1022.7,13,W
2024-12-17 17:00,Gurugram,28.4595,77.0266,19.7,57,0,1024.7,7.6,W
2024-12-17 18:00,Gurugram,28.4595,77.0266,15.7,51,0,1023.5,8.3,W
2024-12-17 19:00,Gurugram,28.4595,77.0266,12.4,50,0,1021.7,19.4,WNW
2024-12-17 20:00,Gurugram,28.4595,77.0266,13.6,68,0,1025,8.4,NW
2024-12-17 21:00,Gurugram,28.4595,77.0266,10,79,0,1021.7,9,NW
2024-12-17 22:00,Gurugram,28.4595,77.0266,11.1,77,0,1023.9,10.3,WNW
2024-12-17 23:00,Gurugram,28.4595,77.0266,12.3,82,0,1020.5,10.4,WNW
2024-12-18 00:00,Gurugram,28.4595,77.0266,5.4,92,0,1022.1,21.5,WNW
2024-12-18 01:00,Gurugram,28.4595,77.0266,6.4,86,0,1020.9,16.9,W
2024-12-18 02:00,Gurugram,28.4595,77.0266,2,85,0,1024.9,20.3,NW
2024-12-18 03:00,Gurugram,28.4595,77.0266,5.7,82,0,1021.5,25.7,NW
2024-12-18 04:00,Gurugram,28.4595,77.0266,3.5,98,0,1021.1,14.7,WNW
2024-12-18 05:00,Gurugram,28.4595,77.0266,4.6,88,0,1022.9,5.3,WNW
2024-12-18 06:00,Gurugram,28.4595,77.0266,4.8,76,0,1022.1,6.3,WNW
2024-12-18 07:00,Gurugram,28.4595,77.0266,9.5,72,0,1025,11.3,W
2024-12-18 08:00,Gurugram,28.4595,77.0266,11.5,83,0,1022.7,2.4,NW
2024-12-18 09:00,Gurugram,28.4595,77.0266,11.4,65,0,1022.5,8.5,NW
2024-12-18 10:00,Gurugram,28.4595,77.0266,11.5,79,0,1023.2,14.8,E
2024-12-18 11:00,Gurugram,28.4595,77.0266,17.5,47,0,1022.1,10.8,NW
2024-12-18 12:00,Gurugram,28.4595,77.0266,14.6,69,0,1022.7,7.7,Calm
2024-12-18 13:00,Gurugram,28.4595,77.0266,13.1,61,0,1021.4,15.5,Calm
2024-12-18 14:00,Gurugram,28.4595,77.0266,18.5,58,0,1021.6,5.6,ESE
2024-12-18 15:00,Gurugram,28.4595,77.0266,15.9,55,0,1021.3,17.3,WNW
2024-12-18 16:00,Gurugram,28.4595,77.0266,19.5,68,0,1022.8,12.7,SE
2024-12-18 17:00,Gurugram,28.4595,77.0266,16.3,63,0,1021.6,13.3,E
2024-12-18 18:00,Gurugram,28.4595,77.0266,17.1,55,0,1023.3,7.6,ESE
2024-12-18 19:00,Gurugram,28.4595,77.0266,17.2,54,0,1021.3,14.9,NW
2024-12-18 20:00,Gurugram,28.4595,77.0266,10.9,69,0,1021.2,11.4,NW
2024-12-18 21:00,Gurugram,28.4595,77.0266,10.4,71,0,1022.7,16.2,NW
2024-12-18 22:00,Gurugram,28.4595,77.0266,9.6,66,0,1022.5,27.6,NW
2024-12-18 23:00,Gurugram,28.4595,77.0266,10.9,79,0,1023.4,5.5,NW
2024-12-19 00:00,Gurugram,28.4595,77.0266,5.5,79,0,1020.7,25.8,WNW
2024-12-19 01:00,Gurugram,28.4595,77.0266,4.6,85,0,1020.3,14,W
2024-12-19 02:00,Gurugram,28.4595,77.0266,5.8,91,0,1023.6,15.7,ESE
2024-12-19 03:00,Gurugram,28.4595,77.0266,3.7,96,0,1020.5,20.4,NW
2024-12-19 04:00,Gurugram,28.4595,77.0266,5.3,92,0,1023.2,23.2,NW
2024-12-19 05:00,Gurugram,28.4595,77.0266,2.8,80,0,1019.3,2,W
2024-12-19 06:00,Gurugram,28.4595,77.0266,10.6,85,0,1022.9,8.4,WNW
2024-12-19 07:00,Gurugram,28.4595,77.0266,5.6,80,0,1022.2,21.6,W
2024-12-19 08:00,Gurugram,28.4595,77.0266,9,68,0,1022.7,6.2,WNW
2024-12-19 09:00,Gurugram,28.4595,77.0266,11.2,74,0,1023.1,11,ESE
2024-12-19 10:00,Gurugram,28.4595,77.0266,16.4,79,0,1023.3,8.6,ESE
2024-12-19 11:00,Gurugram,28.4595,77.0266,12.1,64,0,1022.7,5.9,W
2024-12-19 12:00,Gurugram,28.4595,77.0266,19.4,52,0,1023.2,5.8,NW
2024-12-19 13:00,Gurugram,28.4595,77.0266,18.2,59,0,1023.5,16.5,E
2024-12-19 14:00,Gurugram,28.4595,77.0266,18.3,50,0,1023.7,11.2,WNW
2024-12-19 15:00,Gurugram,28.4595,77.0266,16,62,0,1022.8,4.3,NW
2024-12-19 16:00,Gurugram,28.4595,77.0266,18.6,60,0,1021,7.6,ESE
2024-12-19 17:00,Gurugram,28.4595,77.0266,15.6,58,0,1021.9,5.7,WNW
2024-12-19 18:00,Gurugram,28.4595,77.0266,18.1,59,0,1022,5,NW
2024-12-19 19:00,Gurugram,28.4595,77.0266,12.8,63,0,1021.4,15.1,SE
2024-12-19 20:00,Gurugram,28.4595,77.0266,12.7,68,0,1020.8,10.7,WNW
2024-12-19 21:00,Gurugram,28.4595,77.0266,10.3,67,0,1023.3,9.7,ESE
2024-12-19 22:00,Gurugram,28.4595,77.0266,7.8,67,0,1022.5,2.3,ESE
2024-12-19 23:00,Gurugram,28.4595,77.0266,9.3,86,0,1021.4,19.6,NW
2024-12-20 00:00,Gurugram,28.4595,77.0266,7.5,80,0,1022,3.6,W
2024-12-20 01:00,Gurugram,28.4595,77.0266,7.7,86,0,1022.3,10.5,WNW
2024-12-20 02:00,Gurugram,28.4595,77.0266,2,88,1.2,1020.6,11.6,W
2024-12-20 03:00,Gurugram,28.4595,77.0266,6.5,89,0,1021,7.7,NW
2024-12-20 04:00,Gurugram,28.4595,77.0266,9.3,80,0,1021.6,11.8,W
2024-12-20 05:00,Gurugram,28.4595,77.0266,4.7,75,0,1021.8,17.2,SE
2024-12-20 06:00,Gurugram,28.4595,77.0266,9.9,79,0,1020,11,Calm
2024-12-20 07:00,Gurugram,28.4595,77.0266,7.4,82,0,1022.9,6.4,WNW
2024-12-20 08:00,Gurugram,28.4595,77.0266,7,72,0,1022,4.6,NW
2024-12-20 09:00,Gurugram,28.4595,77.0266,10.6,70,0,1021.7,4,WNW
2024-12-20 10:00,Gurugram,28.4595,77.0266,14.7,81,0,1021.1,17.1,NW
2024-12-20 11:00,Gurugram,28.4595,77.0266,12.9,53,0,1020.7,12.9,WNW
2024-12-20 12:00,Gurugram,28.4595,77.0266,14.6,57,0,1022,14.5,SW
2024-12-20 13:00,Gurugram,28.4595,77.0266,17.8,70,0,1022.1,4.7,NW
2024-12-20 14:00,Gurugram,28.4595,77.0266,17.4,57,0,1024.3,9,WNW
2024-12-20 15:00,Gurugram,28.4595,77.0266,18.7,53,0,1024.4,2.3,W
2024-12-20 16:00,Gurugram,28.4595,77.0266,17.8,65,0,1021.3,9.7,NW
2024-12-20 17:00,Gurugram,28.4595,77.0266,17.6,59,0,1020.8,14.1,WNW
2024-12-20 18:00,Gurugram,28.4595,77.0266,14.9,59,0,1020.4,8.3,SW
2024-12-20 19:00,Gurugram,28.4595,77.0266,14.8,66,0,1022.1,17.8,NW
2024-12-20 20:00,Gurugram,28.4595,77.0266,11.1,64,0,1020.5,3.4,W
2024-12-20 21:00,Gurugram,28.4595,77.0266,13.4,66,0,1020.3,10.6,NW
2024-12-20 22:00,Gurugram,28.4595,77.0266,8.3,75,0,1021.1,6.4,W
2024-12-20 23:00,Gurugram,28.4595,77.0266,9.9,74,0,1021.2,8.4,NW
2024-12-21 00:00,Gurugram,28.4595,77.0266,6,83,0,1020.9,8.8,NW
2024-12-21 01:00,Gurugram,28.4595,77.0266,5.7,87,0,1019.8,9.6,NW
2024-12-21 02:00,Gurugram,28.4595,77.0266,3.8,92,0,1021.6,10.1,NW
2024-12-21 03:00,Gurugram,28.4595,77.0266,2.7,94,0,1021.6,6.2,Calm
2024-12-21 04:00,Gurugram,28.4595,77.0266,2,84,0,1023.4,2.5,WNW
2024-12-21 05:00,Gurugram,28.4595,77.0266,3.5,88,0,1020.3,10.4,SE
2024-12-21 06:00,Gurugram,28.4595,77.0266,5.8,86,0,1022.4,8.3,SW
2024-12-21 07:00,Gurugram,28.4595,77.0266,8.1,82,0,1023.9,4.5,NW
2024-12-21 08:00,Gurugram,28.4595,77.0266,11.1,73,0,1020,8.2,E
2024-12-21 09:00,Gurugram,28.4595,77.0266,10.2,66,0,1020.4,11.5,ESE
2024-12-21 10:00,Gurugram,28.4595,77.0266,11.1,72,0,1020.2,4,W
2024-12-21 11:00,Gurugram,28.4595,77.0266,11.6,55,0,1022.3,19,SE
2024-12-21 12:00,Gurugram,28.4595,77.0266,16.4,60,0,1022.2,6.8,NW
2024-12-21 13:00,Gurugram,28.4595,77.0266,19.1,44,0,1022.9,6.1,NW
2024-12-21 14:00,Gurugram,28.4595,77.0266,19.5,50,0,1021.8,16.8,NW
2024-12-21 15:00,Gurugram,28.4595,77.0266,18.8,52,0,1023.9,19.2,E
2024-12-21 16:00,Gurugram,28.4595,77.0266,18.4,64,0,1022.4,12,NW
2024-12-21 17:00,Gurugram,28.4595,77.0266,19.7,64,0,1023.3,8,Calm
2024-12-21 18:00,Gurugram,28.4595,77.0266,16.2,58,0,1021.9,10.9,NW
2024-12-21 19:00,Gurugram,28.4595,77.0266,15.4,69,0,1021.3,14.7,W
2024-12-21 20:00,Gurugram,28.4595,77.0266,12.1,74,0,1021.5,21.1,W
2024-12-21 21:00,Gurugram,28.4595,77.0266,8.5,71,0,1023.4,6.2,SW
2024-12-21 22:00,Gurugram,28.4595,77.0266,8.1,68,0,1022.7,6.3,WNW
2024-12-21 23:00,Gurugram,28.4595,77.0266,7.7,79,0,1022.6,10.7,WNW
2024-12-22 00:00,Gurugram,28.4595,77.0266,6.4,83,0,1022.7,8.5,SE
2024-12-22 01:00,Gurugram,28.4595,77.0266,8.7,78,0,1021.9,3,Calm
2024-12-22 02:00,Gurugram,28.4595,77.0266,4.7,89,0,1024.9,6.4,NW
2024-12-22 03:00,Gurugram,28.4595,77.0266,6.5,89,0,1021.3,5.2,W
2024-12-22 04:00,Gurugram,28.4595,77.0266,3.8,90,0,1021.7,28,NW
2024-12-22 05:00,Gurugram,28.4595,77.0266,4.7,87,0,1021,10.7,ESE
2024-12-22 06:00,Gurugram,28.4595,77.0266,3.9,88,0,1022.1,6,SE
2024-12-22 07:00,Gurugram,28.4595,77.0266,6.3,79,0,1019.4,10.9,ESE
2024-12-22 08:00,Gurugram,28.4595,77.0266,10.1,78,0,1018,12.1,WNW
2024-12-22 09:00,Gurugram,28.4595,77.0266,10.9,70,17.1,1020.8,10.9,NW
2024-12-22 10:00,Gurugram,28.4595,77.0266,14.2,65,0,1022.2,8.8,W
2024-12-22 11:00,Gurugram,28.4595,77.0266,14.4,73,0,1022.8,9.1,SE
2024-12-22 12:00,Gurugram,28.4595,77.0266,14.8,50,0,1020,13.6,SW
2024-12-22 13:00,Gurugram,28.4595,77.0266,20.3,65,0,1019.5,11.1,WNW
2024-12-22 14:00,Gurugram,28.4595,77.0266,17,54,0,1020.7,10.5,NW
2024-12-22 15:00,Gurugram,28.4595,77.0266,19.4,53,0,1020.7,9.4,NW
2024-12-22 16:00,Gurugram,28.4595,77.0266,16.4,60,0,1021.8,8,SE
2024-12-22 17:00,Gurugram,28.4595,77.0266,17.8,51,0,1021.7,12.3,W
2024-12-22 18:00,Gurugram,28.4595,77.0266,17.1,57,0,1023.3,10.3,ESE
2024-12-22 19:00,Gurugram,28.4595,77.0266,14.5,60,0,1021,10.3,NW
2024-12-22 20:00,Gurugram,28.4595,77.0266,8.3,67,0,1019.9,24.4,NW
2024-12-22 21:00,Gurugram,28.4595,77.0266,10.9,68,0,1021.9,4.8,Calm
2024-12-22 22:00,Gurugram,28.4595,77.0266,11.4,86,0,1020.4,6.7,SE
2024-12-22 23:00,Gurugram,28.4595,77.0266,8.6,91,0,1020.4,35.9,WNW
2024-12-23 00:00,Gurugram,28.4595,77.0266,6.9,71,0,1023.4,8.1,WNW
2024-12-23 01:00,Gurugram,28.4595,77.0266,2,89,0,1022.4,9.7,SW
2024-12-23 02:00,Gurugram,28.4595,77.0266,3.2,93,0,1020.8,8.6,NW
2024-12-23 03:00,Gurugram,28.4595,77.0266,5,91,0,1023.5,12,SE
2024-12-23 04:00,Gurugram,28.4595,77.0266,5.2,84,0,1022.3,7.2,NW
2024-12-23 05:00,Gurugram,28.4595,77.0266,7.3,85,0,1021.8,2.2,E
2024-12-23 06:00,Gurugram,28.4595,77.0266,5.9,79,0,1020.5,17.3,W
2024-12-23 07:00,Gurugram,28.4595,77.0266,8.2,78,0,1018.9,1.7,WNW
2024-12-23 08:00,Gurugram,28.4595,77.0266,9.1,70,0,1020.3,27.8,ESE
2024-12-23 09:00,Gurugram,28.4595,77.0266,8.9,72,0,1020.7,13.3,NW
2024-12-23 10:00,Gurugram,28.4595,77.0266,8.3,60,0,1019.9,5.7,NW
2024-12-23 11:00,Gurugram,28.4595,77.0266,14.8,64,0,1021.5,5.9,WNW
2024-12-23 12:00,Gurugram,28.4595,77.0266,15.6,55,0,1018.9,2.4,W
2024-12-23 13:00,Gurugram,28.4595,77.0266,15.2,61,0,1022.9,5.2,NW
2024-12-23 14:00,Gurugram,28.4595,77.0266,14.1,54,0,1020.8,5.7,WNW
2024-12-23 15:00,Gurugram,28.4595,77.0266,18.4,60,0,1022.2,14.8,NW
2024-12-23 16:00,Gurugram,28.4595,77.0266,16.5,65,0,1022.2,11,W
2024-12-23 17:00,Gurugram,28.4595,77.0266,17.4,70,0,1019.8,2.3,SW
2024-12-23 18:00,Gurugram,28.4595,77.0266,18.7,47,0,1019.2,2.4,NW
2024-12-23 19:00,Gurugram,28.4595,77.0266,10.1,60,0,1020.6,4.7,NW
2024-12-23 20:00,Gurugram,28.4595,77.0266,11.1,67,0,1021.8,4.9,W
2024-12-23 21:00,Gurugram,28.4595,77.0266,10.3,76,0,1021.5,20.5,WNW
2024-12-23 22:00,Gurugram,28.4595,77.0266,11.7,67,0,1022.7,5.4,ESE
2024-12-23 23:00,Gurugram,28.4595,77.0266,4.5,75,0,1021.8,22.5,NW
2024-12-24 00:00,Gurugram,28.4595,77.0266,9.5,85,0,1021.7,11.6,W
2024-12-24 01:00,Gurugram,28.4595,77.0266,5.2,87,0,1020.1,13.6,WNW
2024-12-24 02:00,Gurugram,28.4595,77.0266,4.2,90,0,1020.8,9.1,NW
2024-12-24 03:00,Gurugram,28.4595,77.0266,3.7,91,0,1020.8,5.1,ESE
2024-12-24 04:00,Gurugram,28.4595,77.0266,3.5,90,0,1021.9,6.3,SE
2024-12-24 05:00,Gurugram,28.4595,77.0266,6.9,87,0,1022,22.3,WNW
2024-12-24 06:00,Gurugram,28.4595,77.0266,4.1,84,0,1020.8,13.4,W
2024-12-24 07:00,Gurugram,28.4595,77.0266,8,85,0,1020.9,13,NW
2024-12-24 08:00,Gurugram,28.4595,77.0266,8.2,64,0,1021.5,16.9,SE
2024-12-24 09:00,Gurugram,28.4595,77.0266,9.2,83,0,1023.4,13.3,NW
2024-12-24 10:00,Gurugram,28.4595,77.0266,16.9,56,0,1019,4.7,NW
2024-12-24 11:00,Gurugram,28.4595,77.0266,14.6,59,0,1020,5.9,SW
2024-12-24 12:00,Gurugram,28.4595,77.0266,16.3,61,0,1020,10.3,WNW
2024-12-24 13:00,Gurugram,28.4595,77.0266,18.3,64,0,1019.5,25.8,W
2024-12-24 14:00,Gurugram,28.4595,77.0266,14.3,41,0,1020.2,15.5,SE
2024-12-24 15:00,Gurugram,28.4595,77.0266,20.3,58,0,1021.6,6.7,ESE
2024-12-24 16:00,Gurugram,28.4595,77.0266,12.4,64,0,1022.2,12.5,W
2024-12-24 17:00,Gurugram,28.4595,77.0266,14.8,66,0,1021.4,2.3,WNW
2024-12-24 18:00,Gurugram,28.4595,77.0266,14.4,58,0,1021.4,5.1,SW
2024-12-24 19:00,Gurugram,28.4595,77.0266,14.9,64,0,1020,8.2,NW
2024-12-24 20:00,Gurugram,28.4595,77.0266,12.7,66,0,1017.9,13.7,E
2024-12-24 21:00,Gurugram,28.4595,77.0266,10.3,71,0,1021.6,16.6,ESE
2024-12-24 22:00,Gurugram,28.4595,77.0266,8.9,71,0,1022.7,6,W
2024-12-24 23:00,Gurugram,28.4595,77.0266,5.6,75,0,1022.3,7.2,WNW
2024-12-25 00:00,Gurugram,28.4595,77.0266,3.2,87,0,1020.8,16.7,NW
2024-12-25 01:00,Gurugram,28.4595,77.0266,6.2,87,0,1021,8.2,WNW
2024-12-25 02:00,Gurugram,28.4595,77.0266,5.5,91,0,1022.6,5.9,SE
2024-12-25 03:00,Gurugram,28.4595,77.0266,6.8,90,0,1020.1,15.2,ESE
2024-12-25 04:00,Gurugram,28.4595,77.0266,2.8,92,0,1020.3,11.2,W
2024-12-25 05:00,Gurugram,28.4595,77.0266,6.1,92,0,1018.7,11.3,Calm
2024-12-25 06:00,Gurugram,28.4595,77.0266,5.4,74,0,1021.4,2.9,Calm
2024-12-25 07:00,Gurugram,28.4595,77.0266,9.4,76,0,1020.3,5,WNW
2024-12-25 08:00,Gurugram,28.4595,77.0266,10.6,76,0,1020.5,9.8,NW
2024-12-25 09:00,Gurugram,28.4595,77.0266,10.9,73,0,1021.7,8.4,WNW
2024-12-25 10:00,Gurugram,28.4595,77.0266,11.6,66,0,1020,14.6,SE
2024-12-25 11:00,Gurugram,28.4595,77.0266,15.5,72,0,1021.5,10.1,WNW
2024-12-25 12:00,Gurugram,28.4595,77.0266,16.2,75,0,1021.6,4.5,WNW
2024-12-25 13:00,Gurugram,28.4595,77.0266,14.9,62,0,1020.5,7.2,ESE
2024-12-25 14:00,Gurugram,28.4595,77.0266,14.4,60,0,1021.9,4.5,W
2024-12-25 15:00,Gurugram,28.4595,77.0266,16.5,64,3.7,1020.8,16.6,Calm
2024-12-25 16:00,Gurugram,28.4595,77.0266,19.5,48,0,1021.8,7.9,W
2024-12-25 17:00,Gurugram,28.4595,77.0266,18.2,61,0,1020.2,8.2,Calm
2024-12-25 18:00,Gurugram,28.4595,77.0266,13.1,69,0,1021.6,5.5,NW
2024-12-25 19:00,Gurugram,28.4595,77.0266,11.6,62,0,1020.5,3.9,E
2024-12-25 20:00,Gurugram,28.4595,77.0266,14.5,62,0,1021.3,7.3,WNW
2024-12-25 21:00,Gurugram,28.4595,77.0266,8.4,72,0,1021.3,5,SE
2024-12-25 22:00,Gurugram,28.4595,77.0266,9.7,77,0,1020.4,1.5,SW
2024-12-25 23:00,Gurugram,28.4595,77.0266,6.1,76,0,1020.4,7.5,W
2024-12-26 00:00,Gurugram,28.4595,77.0266,8.7,97,0,1020.4,8.1,ESE
2024-12-26 01:00,Gurugram,28.4595,77.0266,3.4,84,0,1020.8,6.7,Calm
2024-12-26 02:00,Gurugram,28.4595,77.0266,6.2,81,0,1021.4,4.3,WNW
2024-12-26 03:00,Gurugram,28.4595,77.0266,4.2,88,0,1021,8,WNW
2024-12-26 04:00,Gurugram,28.4595,77.0266,4.5,94,0,1017.1,8.5,E
2024-12-26 05:00,Gurugram,28.4595,77.0266,2,87,3.2,1021.7,4.9,ESE
2024-12-26 06:00,Gurugram,28.4595,77.0266,2,87,0,1021.2,9.1,E
2024-12-26 07:00,Gurugram,28.4595,77.0266,6.7,76,0,1022.1,4.4,W
2024-12-26 08:00,Gurugram,28.4595,77.0266,9.1,87,0,1021.7,22,ESE
2024-12-26 09:00,Gurugram,28.4595,77.0266,8.3,77,0,1020.2,4.1,NW
2024-12-26 10:00,Gurugram,28.4595,77.0266,10.1,76,0,1019.3,1.5,WNW
2024-12-26 11:00,Gurugram,28.4595,77.0266,14.6,69,0,1022.8,6.5,SE
2024-12-26 12:00,Gurugram,28.4595,77.0266,16,68,0,1022.2,9.2,WNW
2024-12-26 13:00,Gurugram,28.4595,77.0266,15.8,56,0,1021.6,19.8,WNW
2024-12-26 14:00,Gurugram,28.4595,77.0266,18.1,56,0,1019.7,7.9,Calm
2024-12-26 15:00,Gurugram,28.4595,77.0266,14.8,67,0,1019.1,5.2,W
2024-12-26 16:00,Gurugram,28.4595,77.0266,16,69,0,1020.2,11.7,NW
2024-12-26 17:00,Gurugram,28.4595,77.0266,19,54,0,1021.7,7.7,WNW
2024-12-26 18:00,Gurugram,28.4595,77.0266,15.1,65,0,1017.8,7.2,WNW
2024-12-26 19:00,Gurugram,28.4595,77.0266,13.8,64,0,1019.8,11.2,Calm
2024-12-26 20:00,Gurugram,28.4595,77.0266,16.2,66,0,1023.9,10.8,ESE
2024-12-26 21:00,Gurugram,28.4595,77.0266,7.9,76,0,1020.2,7.9,WNW
2024-12-26 22:00,Gurugram,28.4595,77.0266,10.1,85,0,1020.7,8.3,WNW
2024-12-26 23:00,Gurugram,28.4595,77.0266,10.1,84,0,1020.6,15.6,SW
2024-12-27 00:00,Gurugram,28.4595,77.0266,5.1,83,0,1022.5,6.9,W
2024-12-27 01:00,Gurugram,28.4595,77.0266,6.2,90,0,1020.1,16.3,WNW
2024-12-27 02:00,Gurugram,28.4595,77.0266,2.2,86,0,1018.3,4.7,WNW
2024-12-27 03:00,Gurugram,28.4595,77.0266,2.5,92,0,1021.7,7.3,NW
2024-12-27 04:00,Gurugram,28.4595,77.0266,4.7,97,0,1019.2,11.3,Calm
2024-12-27 05:00,Gurugram,28.4595,77.0266,6.1,75,0,1018.7,12.8,ESE
2024-12-27 06:00,Gurugram,28.4595,77.0266,7.7,90,0,1022.3,8.2,WNW
2024-12-27 07:00,Gurugram,28.4595,77.0266,9.8,72,0,1021.3,10.3,NW
2024-12-27 08:00,Gurugram,28.4595,77.0266,8.5,85,0,1020,9.5,NW
2024-12-27 09:00,Gurugram,28.4595,77.0266,12.4,70,0,1021.8,7,WNW
2024-12-27 10:00,Gurugram,28.4595,77.0266,11.3,63,0,1021.6,18.1,WNW
2024-12-27 11:00,Gurugram,28.4595,77.0266,15.1,71,0,1019.6,5.6,WNW
2024-12-27 12:00,Gurugram,28.4595,77.0266,15.2,66,0,1020.7,20.8,E
2024-12-27 13:00,Gurugram,28.4595,77.0266,16.7,55,0,1020.3,3.1,Calm
2024-12-27 14:00,Gurugram,28.4595,77.0266,17.3,52,0,1019.7,9.3,WNW
2024-12-27 15:00,Gurugram,28.4595,77.0266,13.9,58,1.9,1020.5,8.3,NW
2024-12-27 16:00,Gurugram,28.4595,77.0266,14.5,52,0,1021.4,4.5,SE
2024-12-27 17:00,Gurugram,28.4595,77.0266,16.1,55,0,1019.3,20.2,WNW
2024-12-27 18:00,Gurugram,28.4595,77.0266,11.8,64,0,1021.4,20.9,NW
2024-12-27 19:00,Gurugram,28.4595,77.0266,15,61,0,1018.2,3.3,NW
2024-12-27 20:00,Gurugram,28.4595,77.0266,13.5,73,0,1020.7,3.3,NW
2024-12-27 21:00,Gurugram,28.4595,77.0266,10.9,83,0,1019.6,10.5,NW
2024-12-27 22:00,Gurugram,28.4595,77.0266,6.6,77,0,1022.3,23.9,SW
2024-12-27 23:00,Gurugram,28.4595,77.0266,9.5,82,0,1018.5,8.5,WNW
2024-12-28 00:00,Gurugram,28.4595,77.0266,9.2,97,0,1019.9,15.9,NW
2024-12-28 01:00,Gurugram,28.4595,77.0266,4.8,80,0,1019.2,7.4,NW
2024-12-28 02:00,Gurugram,28.4595,77.0266,4.8,96,0,1019.5,24.9,WNW
2024-12-28 03:00,Gurugram,28.4595,77.0266,4,96,0,1018.9,14.6,W
2024-12-28 04:00,Gurugram,28.4595,77.0266,4.8,94,0,1020.4,3.3,ESE
2024-12-28 05:00,Gurugram,28.4595,77.0266,4.3,95,0,1020.5,12.5,NW
2024-12-28 06:00,Gurugram,28.4595,77.0266,5.5,87,0,1018.2,8,Calm
2024-12-28 07:00,Gurugram,28.4595,77.0266,8.5,78,0,1021,4,ESE
2024-12-28 08:00,Gurugram,28.4595,77.0266,12.7,85,0,1018.3,14.5,SE
2024-12-28 09:00,Gurugram,28.4595,77.0266,7.6,81,0,1020.3,8,WNW
2024-12-28 10:00,Gurugram,28.4595,77.0266,11.7,77,0,1022.3,8.4,WNW
2024-12-28 11:00,Gurugram,28.4595,77.0266,11.3,67,0,1019.2,6.8,W
2024-12-28 12:00,Gurugram,28.4595,77.0266,17.6,60,0,1019.9,6.1,WNW
2024-12-28 13:00,Gurugram,28.4595,77.0266,14.7,63,0,1019.3,21.9,NW
2024-12-28 14:00,Gurugram,28.4595,77.0266,13.8,66,0,1019.4,2,Calm
2024-12-28 15:00,Gurugram,28.4595,77.0266,17.8,66,0,1020.6,22.1,SE
2024-12-28 16:00,Gurugram,28.4595,77.0266,19.6,57,0,1022.2,12.5,NW
2024-12-28 17:00,Gurugram,28.4595,77.0266,17,63,0,1020.2,8.3,E
2024-12-28 18:00,Gurugram,28.4595,77.0266,15.1,56,0,1021.7,25.8,W
2024-12-28 19:00,Gurugram,28.4595,77.0266,14.1,73,0,1019.4,12.4,NW
2024-12-28 20:00,Gurugram,28.4595,77.0266,14.4,66,0,1021.6,8.5,WNW
2024-12-28 21:00,Gurugram,28.4595,77.0266,8.6,79,0,1022.2,5.6,NW
2024-12-28 22:00,Gurugram,28.4595,77.0266,8.3,71,0,1021.7,22.7,NW
2024-12-28 23:00,Gurugram,28.4595,77.0266,6.1,88,0,1021.1,10.1,NW
2024-12-29 00:00,Gurugram,28.4595,77.0266,3.4,87,0,1020.8,20.2,WNW
2024-12-29 01:00,Gurugram,28.4595,77.0266,3.8,83,0,1019.1,16.8,WNW
2024-12-29 02:00,Gurugram,28.4595,77.0266,5.8,93,0,1018.2,20.1,NW
2024-12-29 03:00,Gurugram,28.4595,77.0266,4.6,86,13.3,1020.8,2.8,WNW
2024-12-29 04:00,Gurugram,28.4595,77.0266,4.9,94,0,1019.1,19,NW
2024-12-29 05:00,Gurugram,28.4595,77.0266,4.7,86,0,1019.2,4.5,WNW
2024-12-29 06:00,Gurugram,28.4595,77.0266,6.4,75,0,1018.2,5.5,NW
2024-12-29 07:00,Gurugram,28.4595,77.0266,5.4,76,0,1019.3,13.3,W
2024-12-29 08:00,Gurugram,28.4595,77.0266,7.8,76,0,1021.3,12.3,NW
2024-12-29 09:00,Gurugram,28.4595,77.0266,10.4,83,0,1021.2,11.5,WNW
2024-12-29 10:00,Gurugram,28.4595,77.0266,12.2,76,0,1018.4,5.2,E
2024-12-29 11:00,Gurugram,28.4595,77.0266,13.9,77,0,1018.8,3.7,WNW
2024-12-29 12:00,Gurugram,28.4595,77.0266,14.4,74,0,1017.8,20.1,WNW
2024-12-29 13:00,Gurugram,28.4595,77.0266,15,58,0,1020.4,12.9,NW
2024-12-29 14:00,Gurugram,28.4595,77.0266,22,59,0,1020.2,9.7,W
2024-12-29 15:00,Gurugram,28.4595,77.0266,18.2,57,0,1020.3,22.8,SW
2024-12-29 16:00,Gurugram,28.4595,77.0266,17.1,56,0,1019.5,17.2,NW
2024-12-29 17:00,Gurugram,28.4595,77.0266,15.3,51,0,1020.8,18.3,WNW
2024-12-29 18:00,Gurugram,28.4595,77.0266,13.8,64,0,1019.7,11.5,W
2024-12-29 19:00,Gurugram,28.4595,77.0266,13.1,59,0,1021.2,3.2,NW
2024-12-29 20:00,Gurugram,28.4595,77.0266,12.3,71,0,1018.7,4.4,Calm
2024-12-29 21:00,Gurugram,28.4595,77.0266,6.7,87,0,1021,3.4,WNW
2024-12-29 22:00,Gurugram,28.4595,77.0266,5.5,76,0,1020.5,1.8,NW
2024-12-29 23:00,Gurugram,28.4595,77.0266,5.7,83,0,1020.8,6.9,WNW
2024-12-30 00:00,Gurugram,28.4595,77.0266,5.7,91,0,1019.4,15.1,WNW
2024-12-30 01:00,Gurugram,28.4595,77.0266,3.9,90,0,1021.9,7.3,WNW
2024-12-30 02:00,Gurugram,28.4595,77.0266,6.3,91,11.2,1018.9,12.2,ESE
2024-12-30 03:00,Gurugram,28.4595,77.0266,2,88,0,1022.5,6.4,WNW
2024-12-30 04:00,Gurugram,28.4595,77.0266,2.3,88,0,1020.3,9.3,WNW
2024-12-30 05:00,Gurugram,28.4595,77.0266,7.1,82,0,1021.2,6.2,WNW
2024-12-30 06:00,Gurugram,28.4595,77.0266,5.6,91,0,1021.5,10,SE
2024-12-30 07:00,Gurugram,28.4595,77.0266,8.3,72,0,1020.7,7.1,NW
2024-12-30 08:00,Gurugram,28.4595,77.0266,12,85,0,1022,6.5,NW
2024-12-30 09:00,Gurugram,28.4595,77.0266,8.7,67,0,1020.9,11.7,WNW
2024-12-30 10:00,Gurugram,28.4595,77.0266,11.5,77,0,1020.7,2,NW
2024-12-30 11:00,Gurugram,28.4595,77.0266,12.7,65,0,1020.3,13.4,SW
2024-12-30 12:00,Gurugram,28.4595,77.0266,11,57,0,1020.2,11.2,WNW
2024-12-30 13:00,Gurugram,28.4595,77.0266,15,65,0,1021.1,16.3,NW
2024-12-30 14:00,Gurugram,28.4595,77.0266,17.8,66,0,1018.8,10.9,Calm
2024-12-30 15:00,Gurugram,28.4595,77.0266,17.4,57,0,1019.6,16.3,NW
2024-12-30 16:00,Gurugram,28.4595,77.0266,17.4,65,0,1020.4,9.6,ESE
2024-12-30 17:00,Gurugram,28.4595,77.0266,14.9,48,0,1018.9,4.6,W
2024-12-30 18:00,Gurugram,28.4595,77.0266,13.4,56,0,1020.9,7.2,WNW
2024-12-30 19:00,Gurugram,28.4595,77.0266,15.5,75,0,1019.5,13.3,WNW
2024-12-30 20:00,Gurugram,28.4595,77.0266,10.7,70,0,1018.2,11.4,E
2024-12-30 21:00,Gurugram,28.4595,77.0266,10.5,64,0,1019.1,5.6,WNW
2024-12-30 22:00,Gurugram,28.4595,77.0266,8.6,75,0,1020.9,8.1,WNW
2024-12-30 23:00,Gurugram,28.4595,77.0266,9.3,77,0,1018.5,13.5,WNW
2024-12-31 00:00,Gurugram,28.4595,77.0266,7,85,0,1018.4,7.2,NW
2024-12-31 01:00,Gurugram,28.4595,77.0266,2,86,0,1020.2,13.9,WNW
2024-12-31 02:00,Gurugram,28.4595,77.0266,2,91,0,1018,6.6,NW
2024-12-31 03:00,Gurugram,28.4595,77.0266,4.4,90,0,1020.2,5.2,NW
2024-12-31 04:00,Gurugram,28.4595,77.0266,3.5,98,0,1017.1,3.9,W
2024-12-31 05:00,Gurugram,28.4595,77.0266,3.4,91,0,1020.1,12.9,WNW
2024-12-31 06:00,Gurugram,28.4595,77.0266,7.1,89,0,1019.4,6.1,NW
2024-12-31 07:00,Gurugram,28.4595,77.0266,7,90,0,1021.5,11.2,NW
2024-12-31 08:00,Gurugram,28.4595,77.0266,8.3,77,0,1017.2,3.9,NW
2024-12-31 09:00,Gurugram,28.4595,77.0266,11.3,68,0,1018.8,6.7,NW
2024-12-31 10:00,Gurugram,28.4595,77.0266,10.9,79,0,1020.2,8.8,WNW
2024-12-31 11:00,Gurugram,28.4595,77.0266,15.9,69,0,1019.5,14.4,NW
2024-12-31 12:00,Gurugram,28.4595,77.0266,13,65,0,1019,3.2,ESE
2024-12-31 13:00,Gurugram,28.4595,77.0266,16.7,58,0,1017.4,6.4,NW
2024-12-31 14:00,Gurugram,28.4595,77.0266,18.7,57,0,1020.1,11,NW
2024-12-31 15:00,Gurugram,28.4595,77.0266,13.9,65,0,1022.3,12.8,Calm
2024-12-31 16:00,Gurugram,28.4595,77.0266,15.5,67,0,1018.7,5.6,WNW
2024-12-31 17:00,Gurugram,28.4595,77.0266,17.6,67,0,1019.6,16,NW
2024-12-31 18:00,Gurugram,28.4595,77.0266,16.5,69,0,1020,6.9,E
2024-12-31 19:00,Gurugram,28.4595,77.0266,12.8,71,0,1019.1,5,NW
2024-12-31 20:00,Gurugram,28.4595,77.0266,10.2,72,0,1019.5,3.5,SW
2024-12-31 21:00,Gurugram,28.4595,77.0266,11.6,74,0,1018.3,13.9,NW
2024-12-31 22:00,Gurugram,28.4595,77.0266,10.3,86,0,1017.9,18.7,SE
2024-12-31 23:00,Gurugram,28.4595,77.0266,4.5,80,0,1021.4,11.3,NW
